user_id,team,org_unit,log_date,prompt_count,avg_quality_score,category
AI_USR001,Org-Delta-Team4,Org-Delta,2026-01-02,6,7.7,Data Query
AI_USR001,Org-Delta-Team4,Org-Delta,2026-01-05,11,8.1,Documentation
AI_USR001,Org-Delta-Team4,Org-Delta,2026-01-06,6,8.1,Documentation
AI_USR001,Org-Delta-Team4,Org-Delta,2026-01-07,5,8.3,Summarization
AI_USR001,Org-Delta-Team4,Org-Delta,2026-01-10,12,7.6,Code Generation
AI_USR001,Org-Delta-Team4,Org-Delta,2026-01-11,1,8.3,Planning
AI_USR001,Org-Delta-Team4,Org-Delta,2026-01-13,7,6.8,Debugging
AI_USR001,Org-Delta-Team4,Org-Delta,2026-01-14,11,7.9,Code Generation
AI_USR001,Org-Delta-Team4,Org-Delta,2026-01-15,5,6.9,Data Query
AI_USR001,Org-Delta-Team4,Org-Delta,2026-01-16,2,8.3,Summarization
AI_USR001,Org-Delta-Team4,Org-Delta,2026-01-17,1,8.1,Debugging
AI_USR001,Org-Delta-Team4,Org-Delta,2026-01-21,13,7.6,Debugging
AI_USR001,Org-Delta-Team4,Org-Delta,2026-01-22,18,8.6,Debugging
AI_USR001,Org-Delta-Team4,Org-Delta,2026-01-24,11,8.3,Code Generation
AI_USR001,Org-Delta-Team4,Org-Delta,2026-01-26,12,7.1,Summarization
AI_USR001,Org-Delta-Team4,Org-Delta,2026-01-27,18,8.4,Code Generation
AI_USR001,Org-Delta-Team4,Org-Delta,2026-02-01,20,7.1,Data Query
AI_USR001,Org-Delta-Team4,Org-Delta,2026-02-06,4,8.1,Planning
AI_USR001,Org-Delta-Team4,Org-Delta,2026-02-07,10,8.1,Documentation
AI_USR001,Org-Delta-Team4,Org-Delta,2026-02-09,5,7.8,Planning
AI_USR001,Org-Delta-Team4,Org-Delta,2026-02-10,8,9.1,Code Generation
AI_USR001,Org-Delta-Team4,Org-Delta,2026-02-11,18,9.0,Code Generation
AI_USR001,Org-Delta-Team4,Org-Delta,2026-02-12,18,8.5,Debugging
AI_USR001,Org-Delta-Team4,Org-Delta,2026-02-13,8,8.0,Planning
AI_USR001,Org-Delta-Team4,Org-Delta,2026-02-14,8,8.5,Planning
AI_USR001,Org-Delta-Team4,Org-Delta,2026-02-16,17,8.5,Debugging
AI_USR001,Org-Delta-Team4,Org-Delta,2026-02-17,14,9.4,Summarization
AI_USR001,Org-Delta-Team4,Org-Delta,2026-02-18,13,8.5,Documentation
AI_USR001,Org-Delta-Team4,Org-Delta,2026-02-19,20,9.2,Code Generation
AI_USR001,Org-Delta-Team4,Org-Delta,2026-02-20,16,8.7,Summarization
AI_USR001,Org-Delta-Team4,Org-Delta,2026-02-21,19,7.8,Planning
AI_USR001,Org-Delta-Team4,Org-Delta,2026-02-22,9,9.3,Planning
AI_USR001,Org-Delta-Team4,Org-Delta,2026-02-24,20,8.1,Debugging
AI_USR001,Org-Delta-Team4,Org-Delta,2026-02-26,11,8.6,Summarization
AI_USR001,Org-Delta-Team4,Org-Delta,2026-02-27,20,9.0,Code Generation
AI_USR001,Org-Delta-Team4,Org-Delta,2026-03-01,8,7.9,Debugging
AI_USR001,Org-Delta-Team4,Org-Delta,2026-03-02,10,9.1,Documentation
AI_USR001,Org-Delta-Team4,Org-Delta,2026-03-04,5,8.9,Code Generation
AI_USR001,Org-Delta-Team4,Org-Delta,2026-03-07,15,8.7,Summarization
AI_USR001,Org-Delta-Team4,Org-Delta,2026-03-09,3,9.5,Summarization
AI_USR001,Org-Delta-Team4,Org-Delta,2026-03-11,8,8.9,Code Generation
AI_USR001,Org-Delta-Team4,Org-Delta,2026-03-12,2,8.6,Code Generation
AI_USR001,Org-Delta-Team4,Org-Delta,2026-03-13,9,8.6,Documentation
AI_USR001,Org-Delta-Team4,Org-Delta,2026-03-14,8,9.6,Planning
AI_USR001,Org-Delta-Team4,Org-Delta,2026-03-15,13,9.0,Code Generation
AI_USR001,Org-Delta-Team4,Org-Delta,2026-03-18,11,8.3,Code Generation
AI_USR001,Org-Delta-Team4,Org-Delta,2026-03-19,9,8.9,Planning
AI_USR001,Org-Delta-Team4,Org-Delta,2026-03-21,12,10.0,Summarization
AI_USR001,Org-Delta-Team4,Org-Delta,2026-03-22,5,8.4,Documentation
AI_USR001,Org-Delta-Team4,Org-Delta,2026-03-23,10,9.9,Data Query
AI_USR001,Org-Delta-Team4,Org-Delta,2026-03-27,17,9.5,Summarization
AI_USR001,Org-Delta-Team4,Org-Delta,2026-03-30,10,10.0,Code Generation
AI_USR001,Org-Delta-Team4,Org-Delta,2026-03-31,15,10.0,Data Query
AI_USR002,Org-Alpha-Team1,Org-Alpha,2026-01-01,14,4.1,Planning
AI_USR002,Org-Alpha-Team1,Org-Alpha,2026-01-03,9,3.7,Documentation
AI_USR002,Org-Alpha-Team1,Org-Alpha,2026-01-04,18,2.7,Code Generation
AI_USR002,Org-Alpha-Team1,Org-Alpha,2026-01-06,5,3.5,Planning
AI_USR002,Org-Alpha-Team1,Org-Alpha,2026-01-08,20,4.1,Data Query
AI_USR002,Org-Alpha-Team1,Org-Alpha,2026-01-09,16,3.5,Code Generation
AI_USR002,Org-Alpha-Team1,Org-Alpha,2026-01-10,6,4.3,Documentation
AI_USR002,Org-Alpha-Team1,Org-Alpha,2026-01-12,15,4.6,Documentation
AI_USR002,Org-Alpha-Team1,Org-Alpha,2026-01-14,7,3.4,Summarization
AI_USR002,Org-Alpha-Team1,Org-Alpha,2026-01-15,12,4.0,Planning
AI_USR002,Org-Alpha-Team1,Org-Alpha,2026-01-16,9,2.8,Code Generation
AI_USR002,Org-Alpha-Team1,Org-Alpha,2026-01-17,14,4.5,Debugging
AI_USR002,Org-Alpha-Team1,Org-Alpha,2026-01-18,19,3.7,Summarization
AI_USR002,Org-Alpha-Team1,Org-Alpha,2026-01-21,3,3.0,Summarization
AI_USR002,Org-Alpha-Team1,Org-Alpha,2026-01-22,2,3.7,Planning
AI_USR002,Org-Alpha-Team1,Org-Alpha,2026-01-23,19,4.7,Documentation
AI_USR002,Org-Alpha-Team1,Org-Alpha,2026-01-24,15,4.8,Code Generation
AI_USR002,Org-Alpha-Team1,Org-Alpha,2026-01-25,12,3.3,Debugging
AI_USR002,Org-Alpha-Team1,Org-Alpha,2026-01-27,14,3.9,Data Query
AI_USR002,Org-Alpha-Team1,Org-Alpha,2026-01-28,12,4.7,Summarization
AI_USR002,Org-Alpha-Team1,Org-Alpha,2026-01-29,1,4.7,Debugging
AI_USR002,Org-Alpha-Team1,Org-Alpha,2026-01-31,16,3.4,Debugging
AI_USR002,Org-Alpha-Team1,Org-Alpha,2026-02-02,1,3.7,Code Generation
AI_USR002,Org-Alpha-Team1,Org-Alpha,2026-02-04,14,3.4,Debugging
AI_USR002,Org-Alpha-Team1,Org-Alpha,2026-02-06,6,4.0,Documentation
AI_USR002,Org-Alpha-Team1,Org-Alpha,2026-02-07,19,4.8,Planning
AI_USR002,Org-Alpha-Team1,Org-Alpha,2026-02-09,18,3.7,Planning
AI_USR002,Org-Alpha-Team1,Org-Alpha,2026-02-10,13,4.8,Planning
AI_USR002,Org-Alpha-Team1,Org-Alpha,2026-02-15,11,5.1,Summarization
AI_USR002,Org-Alpha-Team1,Org-Alpha,2026-02-16,8,5.2,Code Generation
AI_USR002,Org-Alpha-Team1,Org-Alpha,2026-02-17,8,3.6,Code Generation
AI_USR002,Org-Alpha-Team1,Org-Alpha,2026-02-19,4,4.2,Documentation
AI_USR002,Org-Alpha-Team1,Org-Alpha,2026-02-21,18,4.8,Debugging
AI_USR002,Org-Alpha-Team1,Org-Alpha,2026-02-22,12,4.8,Documentation
AI_USR002,Org-Alpha-Team1,Org-Alpha,2026-02-23,6,3.8,Documentation
AI_USR002,Org-Alpha-Team1,Org-Alpha,2026-02-26,4,4.2,Data Query
AI_USR002,Org-Alpha-Team1,Org-Alpha,2026-02-27,13,4.9,Documentation
AI_USR002,Org-Alpha-Team1,Org-Alpha,2026-03-01,2,3.5,Data Query
AI_USR002,Org-Alpha-Team1,Org-Alpha,2026-03-02,1,3.9,Debugging
AI_USR002,Org-Alpha-Team1,Org-Alpha,2026-03-03,5,3.7,Planning
AI_USR002,Org-Alpha-Team1,Org-Alpha,2026-03-05,13,3.5,Planning
AI_USR002,Org-Alpha-Team1,Org-Alpha,2026-03-07,18,5.0,Debugging
AI_USR002,Org-Alpha-Team1,Org-Alpha,2026-03-08,1,5.0,Planning
AI_USR002,Org-Alpha-Team1,Org-Alpha,2026-03-09,19,3.7,Debugging
AI_USR002,Org-Alpha-Team1,Org-Alpha,2026-03-10,17,4.6,Debugging
AI_USR002,Org-Alpha-Team1,Org-Alpha,2026-03-12,2,4.5,Data Query
AI_USR002,Org-Alpha-Team1,Org-Alpha,2026-03-13,18,5.5,Debugging
AI_USR002,Org-Alpha-Team1,Org-Alpha,2026-03-15,13,5.3,Debugging
AI_USR002,Org-Alpha-Team1,Org-Alpha,2026-03-19,20,4.3,Summarization
AI_USR002,Org-Alpha-Team1,Org-Alpha,2026-03-23,11,5.2,Code Generation
AI_USR002,Org-Alpha-Team1,Org-Alpha,2026-03-24,18,4.4,Documentation
AI_USR002,Org-Alpha-Team1,Org-Alpha,2026-03-25,10,5.2,Documentation
AI_USR002,Org-Alpha-Team1,Org-Alpha,2026-03-26,16,5.4,Summarization
AI_USR002,Org-Alpha-Team1,Org-Alpha,2026-03-27,4,4.1,Code Generation
AI_USR002,Org-Alpha-Team1,Org-Alpha,2026-03-30,13,4.0,Code Generation
AI_USR002,Org-Alpha-Team1,Org-Alpha,2026-03-31,16,4.0,Summarization
AI_USR003,Org-Gamma-Team2,Org-Gamma,2026-01-03,1,6.1,Debugging
AI_USR003,Org-Gamma-Team2,Org-Gamma,2026-01-04,11,6.0,Debugging
AI_USR003,Org-Gamma-Team2,Org-Gamma,2026-01-05,8,4.4,Documentation
AI_USR003,Org-Gamma-Team2,Org-Gamma,2026-01-06,19,5.5,Data Query
AI_USR003,Org-Gamma-Team2,Org-Gamma,2026-01-07,3,4.6,Code Generation
AI_USR003,Org-Gamma-Team2,Org-Gamma,2026-01-08,8,5.9,Data Query
AI_USR003,Org-Gamma-Team2,Org-Gamma,2026-01-10,13,5.3,Planning
AI_USR003,Org-Gamma-Team2,Org-Gamma,2026-01-11,20,5.8,Data Query
AI_USR003,Org-Gamma-Team2,Org-Gamma,2026-01-12,18,5.7,Code Generation
AI_USR003,Org-Gamma-Team2,Org-Gamma,2026-01-14,13,4.5,Documentation
AI_USR003,Org-Gamma-Team2,Org-Gamma,2026-01-15,14,4.9,Code Generation
AI_USR003,Org-Gamma-Team2,Org-Gamma,2026-01-17,3,5.3,Planning
AI_USR003,Org-Gamma-Team2,Org-Gamma,2026-01-18,3,5.7,Code Generation
AI_USR003,Org-Gamma-Team2,Org-Gamma,2026-01-19,7,5.6,Summarization
AI_USR003,Org-Gamma-Team2,Org-Gamma,2026-01-21,7,6.1,Debugging
AI_USR003,Org-Gamma-Team2,Org-Gamma,2026-01-23,1,5.5,Summarization
AI_USR003,Org-Gamma-Team2,Org-Gamma,2026-01-24,16,5.3,Code Generation
AI_USR003,Org-Gamma-Team2,Org-Gamma,2026-01-27,7,4.9,Code Generation
AI_USR003,Org-Gamma-Team2,Org-Gamma,2026-01-28,3,4.7,Planning
AI_USR003,Org-Gamma-Team2,Org-Gamma,2026-02-05,3,4.8,Planning
AI_USR003,Org-Gamma-Team2,Org-Gamma,2026-02-06,5,4.3,Planning
AI_USR003,Org-Gamma-Team2,Org-Gamma,2026-02-08,7,5.3,Data Query
AI_USR003,Org-Gamma-Team2,Org-Gamma,2026-02-09,13,4.3,Data Query
AI_USR003,Org-Gamma-Team2,Org-Gamma,2026-02-10,17,5.4,Summarization
AI_USR003,Org-Gamma-Team2,Org-Gamma,2026-02-14,15,4.9,Planning
AI_USR003,Org-Gamma-Team2,Org-Gamma,2026-02-18,1,5.3,Documentation
AI_USR003,Org-Gamma-Team2,Org-Gamma,2026-02-19,2,5.2,Documentation
AI_USR003,Org-Gamma-Team2,Org-Gamma,2026-02-20,9,5.7,Data Query
AI_USR003,Org-Gamma-Team2,Org-Gamma,2026-02-21,9,5.4,Planning
AI_USR003,Org-Gamma-Team2,Org-Gamma,2026-02-22,8,6.1,Summarization
AI_USR003,Org-Gamma-Team2,Org-Gamma,2026-02-23,9,5.7,Documentation
AI_USR003,Org-Gamma-Team2,Org-Gamma,2026-02-24,5,5.9,Documentation
AI_USR003,Org-Gamma-Team2,Org-Gamma,2026-02-25,20,5.6,Data Query
AI_USR003,Org-Gamma-Team2,Org-Gamma,2026-02-26,11,6.2,Code Generation
AI_USR003,Org-Gamma-Team2,Org-Gamma,2026-02-27,8,5.7,Planning
AI_USR003,Org-Gamma-Team2,Org-Gamma,2026-02-28,12,6.0,Summarization
AI_USR003,Org-Gamma-Team2,Org-Gamma,2026-03-03,7,6.1,Data Query
AI_USR003,Org-Gamma-Team2,Org-Gamma,2026-03-04,14,4.4,Planning
AI_USR003,Org-Gamma-Team2,Org-Gamma,2026-03-06,4,5.6,Planning
AI_USR003,Org-Gamma-Team2,Org-Gamma,2026-03-07,5,6.1,Planning
AI_USR003,Org-Gamma-Team2,Org-Gamma,2026-03-10,20,4.3,Data Query
AI_USR003,Org-Gamma-Team2,Org-Gamma,2026-03-12,7,5.7,Documentation
AI_USR003,Org-Gamma-Team2,Org-Gamma,2026-03-14,5,4.4,Code Generation
AI_USR003,Org-Gamma-Team2,Org-Gamma,2026-03-15,17,5.4,Summarization
AI_USR003,Org-Gamma-Team2,Org-Gamma,2026-03-16,2,5.3,Summarization
AI_USR003,Org-Gamma-Team2,Org-Gamma,2026-03-17,8,4.7,Summarization
AI_USR003,Org-Gamma-Team2,Org-Gamma,2026-03-19,17,5.9,Summarization
AI_USR003,Org-Gamma-Team2,Org-Gamma,2026-03-20,20,5.4,Debugging
AI_USR003,Org-Gamma-Team2,Org-Gamma,2026-03-22,1,6.0,Summarization
AI_USR003,Org-Gamma-Team2,Org-Gamma,2026-03-23,19,5.1,Planning
AI_USR003,Org-Gamma-Team2,Org-Gamma,2026-03-25,18,4.5,Data Query
AI_USR003,Org-Gamma-Team2,Org-Gamma,2026-03-26,11,6.1,Planning
AI_USR003,Org-Gamma-Team2,Org-Gamma,2026-03-29,18,4.8,Documentation
AI_USR003,Org-Gamma-Team2,Org-Gamma,2026-03-30,18,4.3,Summarization
AI_USR003,Org-Gamma-Team2,Org-Gamma,2026-03-31,15,5.2,Summarization
AI_USR004,Org-Delta-Team3,Org-Delta,2026-01-01,16,5.2,Data Query
AI_USR004,Org-Delta-Team3,Org-Delta,2026-01-02,14,4.6,Data Query
AI_USR004,Org-Delta-Team3,Org-Delta,2026-01-06,13,4.6,Documentation
AI_USR004,Org-Delta-Team3,Org-Delta,2026-01-07,19,4.4,Debugging
AI_USR004,Org-Delta-Team3,Org-Delta,2026-01-08,5,5.2,Debugging
AI_USR004,Org-Delta-Team3,Org-Delta,2026-01-10,5,5.6,Data Query
AI_USR004,Org-Delta-Team3,Org-Delta,2026-01-12,18,5.2,Code Generation
AI_USR004,Org-Delta-Team3,Org-Delta,2026-01-13,15,4.8,Summarization
AI_USR004,Org-Delta-Team3,Org-Delta,2026-01-14,7,5.6,Data Query
AI_USR004,Org-Delta-Team3,Org-Delta,2026-01-15,20,5.5,Documentation
AI_USR004,Org-Delta-Team3,Org-Delta,2026-01-17,17,4.7,Planning
AI_USR004,Org-Delta-Team3,Org-Delta,2026-01-18,4,4.5,Data Query
AI_USR004,Org-Delta-Team3,Org-Delta,2026-01-20,9,5.7,Documentation
AI_USR004,Org-Delta-Team3,Org-Delta,2026-01-21,14,4.8,Data Query
AI_USR004,Org-Delta-Team3,Org-Delta,2026-01-23,14,4.3,Documentation
AI_USR004,Org-Delta-Team3,Org-Delta,2026-01-24,15,4.0,Planning
AI_USR004,Org-Delta-Team3,Org-Delta,2026-01-25,16,4.6,Summarization
AI_USR004,Org-Delta-Team3,Org-Delta,2026-01-26,3,5.8,Documentation
AI_USR004,Org-Delta-Team3,Org-Delta,2026-01-27,14,4.7,Summarization
AI_USR004,Org-Delta-Team3,Org-Delta,2026-01-30,20,5.5,Planning
AI_USR004,Org-Delta-Team3,Org-Delta,2026-01-31,4,4.0,Code Generation
AI_USR004,Org-Delta-Team3,Org-Delta,2026-02-01,4,4.4,Code Generation
AI_USR004,Org-Delta-Team3,Org-Delta,2026-02-03,7,5.5,Documentation
AI_USR004,Org-Delta-Team3,Org-Delta,2026-02-06,13,5.6,Summarization
AI_USR004,Org-Delta-Team3,Org-Delta,2026-02-07,12,4.1,Summarization
AI_USR004,Org-Delta-Team3,Org-Delta,2026-02-10,10,4.3,Debugging
AI_USR004,Org-Delta-Team3,Org-Delta,2026-02-11,9,4.8,Documentation
AI_USR004,Org-Delta-Team3,Org-Delta,2026-02-12,13,5.2,Code Generation
AI_USR004,Org-Delta-Team3,Org-Delta,2026-02-13,16,4.3,Debugging
AI_USR004,Org-Delta-Team3,Org-Delta,2026-02-15,17,5.6,Debugging
AI_USR004,Org-Delta-Team3,Org-Delta,2026-02-18,1,5.0,Summarization
AI_USR004,Org-Delta-Team3,Org-Delta,2026-02-19,16,5.6,Data Query
AI_USR004,Org-Delta-Team3,Org-Delta,2026-02-20,2,4.1,Documentation
AI_USR004,Org-Delta-Team3,Org-Delta,2026-02-24,9,4.5,Documentation
AI_USR004,Org-Delta-Team3,Org-Delta,2026-02-25,10,5.5,Summarization
AI_USR004,Org-Delta-Team3,Org-Delta,2026-02-27,11,4.3,Code Generation
AI_USR004,Org-Delta-Team3,Org-Delta,2026-02-28,7,4.0,Documentation
AI_USR004,Org-Delta-Team3,Org-Delta,2026-03-05,5,5.5,Debugging
AI_USR004,Org-Delta-Team3,Org-Delta,2026-03-07,14,5.0,Code Generation
AI_USR004,Org-Delta-Team3,Org-Delta,2026-03-08,17,4.3,Planning
AI_USR004,Org-Delta-Team3,Org-Delta,2026-03-09,5,4.3,Code Generation
AI_USR004,Org-Delta-Team3,Org-Delta,2026-03-11,11,5.0,Documentation
AI_USR004,Org-Delta-Team3,Org-Delta,2026-03-13,7,5.3,Data Query
AI_USR004,Org-Delta-Team3,Org-Delta,2026-03-15,17,5.2,Planning
AI_USR004,Org-Delta-Team3,Org-Delta,2026-03-17,17,4.9,Documentation
AI_USR004,Org-Delta-Team3,Org-Delta,2026-03-18,2,4.2,Documentation
AI_USR004,Org-Delta-Team3,Org-Delta,2026-03-19,3,3.6,Debugging
AI_USR004,Org-Delta-Team3,Org-Delta,2026-03-20,17,3.8,Data Query
AI_USR004,Org-Delta-Team3,Org-Delta,2026-03-21,10,3.5,Summarization
AI_USR004,Org-Delta-Team3,Org-Delta,2026-03-22,10,4.6,Planning
AI_USR004,Org-Delta-Team3,Org-Delta,2026-03-23,9,3.7,Code Generation
AI_USR004,Org-Delta-Team3,Org-Delta,2026-03-26,3,4.7,Planning
AI_USR004,Org-Delta-Team3,Org-Delta,2026-03-30,17,3.7,Summarization
AI_USR004,Org-Delta-Team3,Org-Delta,2026-03-31,5,4.3,Planning
AI_USR005,Org-Alpha-Team2,Org-Alpha,2026-01-01,14,3.3,Debugging
AI_USR005,Org-Alpha-Team2,Org-Alpha,2026-01-03,17,3.6,Summarization
AI_USR005,Org-Alpha-Team2,Org-Alpha,2026-01-05,9,3.7,Data Query
AI_USR005,Org-Alpha-Team2,Org-Alpha,2026-01-07,15,3.0,Planning
AI_USR005,Org-Alpha-Team2,Org-Alpha,2026-01-09,15,3.3,Planning
AI_USR005,Org-Alpha-Team2,Org-Alpha,2026-01-11,7,3.1,Planning
AI_USR005,Org-Alpha-Team2,Org-Alpha,2026-01-13,1,3.7,Data Query
AI_USR005,Org-Alpha-Team2,Org-Alpha,2026-01-14,14,3.7,Code Generation
AI_USR005,Org-Alpha-Team2,Org-Alpha,2026-01-17,9,4.7,Data Query
AI_USR005,Org-Alpha-Team2,Org-Alpha,2026-01-19,19,4.2,Debugging
AI_USR005,Org-Alpha-Team2,Org-Alpha,2026-01-20,1,3.4,Code Generation
AI_USR005,Org-Alpha-Team2,Org-Alpha,2026-01-21,11,4.6,Summarization
AI_USR005,Org-Alpha-Team2,Org-Alpha,2026-01-22,14,3.0,Debugging
AI_USR005,Org-Alpha-Team2,Org-Alpha,2026-01-23,5,3.3,Summarization
AI_USR005,Org-Alpha-Team2,Org-Alpha,2026-01-26,8,3.1,Summarization
AI_USR005,Org-Alpha-Team2,Org-Alpha,2026-01-27,11,4.3,Documentation
AI_USR005,Org-Alpha-Team2,Org-Alpha,2026-01-29,2,4.5,Documentation
AI_USR005,Org-Alpha-Team2,Org-Alpha,2026-01-30,1,4.8,Planning
AI_USR005,Org-Alpha-Team2,Org-Alpha,2026-01-31,16,4.0,Summarization
AI_USR005,Org-Alpha-Team2,Org-Alpha,2026-02-01,15,3.6,Code Generation
AI_USR005,Org-Alpha-Team2,Org-Alpha,2026-02-02,19,3.6,Debugging
AI_USR005,Org-Alpha-Team2,Org-Alpha,2026-02-06,19,4.0,Data Query
AI_USR005,Org-Alpha-Team2,Org-Alpha,2026-02-07,18,4.2,Data Query
AI_USR005,Org-Alpha-Team2,Org-Alpha,2026-02-08,2,4.6,Planning
AI_USR005,Org-Alpha-Team2,Org-Alpha,2026-02-10,17,4.0,Planning
AI_USR005,Org-Alpha-Team2,Org-Alpha,2026-02-12,18,4.7,Planning
AI_USR005,Org-Alpha-Team2,Org-Alpha,2026-02-13,1,3.8,Planning
AI_USR005,Org-Alpha-Team2,Org-Alpha,2026-02-14,8,4.7,Planning
AI_USR005,Org-Alpha-Team2,Org-Alpha,2026-02-15,3,4.6,Code Generation
AI_USR005,Org-Alpha-Team2,Org-Alpha,2026-02-17,5,3.4,Summarization
AI_USR005,Org-Alpha-Team2,Org-Alpha,2026-02-19,11,4.4,Data Query
AI_USR005,Org-Alpha-Team2,Org-Alpha,2026-02-22,13,3.8,Documentation
AI_USR005,Org-Alpha-Team2,Org-Alpha,2026-02-24,7,4.3,Data Query
AI_USR005,Org-Alpha-Team2,Org-Alpha,2026-02-25,11,2.9,Documentation
AI_USR005,Org-Alpha-Team2,Org-Alpha,2026-02-26,15,4.3,Summarization
AI_USR005,Org-Alpha-Team2,Org-Alpha,2026-02-28,18,4.5,Code Generation
AI_USR005,Org-Alpha-Team2,Org-Alpha,2026-03-03,9,3.8,Data Query
AI_USR005,Org-Alpha-Team2,Org-Alpha,2026-03-04,5,3.9,Summarization
AI_USR005,Org-Alpha-Team2,Org-Alpha,2026-03-06,8,4.2,Code Generation
AI_USR005,Org-Alpha-Team2,Org-Alpha,2026-03-10,17,4.2,Code Generation
AI_USR005,Org-Alpha-Team2,Org-Alpha,2026-03-12,15,4.6,Data Query
AI_USR005,Org-Alpha-Team2,Org-Alpha,2026-03-14,18,3.9,Documentation
AI_USR005,Org-Alpha-Team2,Org-Alpha,2026-03-18,14,3.5,Data Query
AI_USR005,Org-Alpha-Team2,Org-Alpha,2026-03-19,11,3.3,Debugging
AI_USR005,Org-Alpha-Team2,Org-Alpha,2026-03-20,4,3.2,Data Query
AI_USR005,Org-Alpha-Team2,Org-Alpha,2026-03-21,5,3.0,Documentation
AI_USR005,Org-Alpha-Team2,Org-Alpha,2026-03-24,2,3.5,Code Generation
AI_USR005,Org-Alpha-Team2,Org-Alpha,2026-03-25,6,3.1,Debugging
AI_USR005,Org-Alpha-Team2,Org-Alpha,2026-03-27,3,3.3,Planning
AI_USR005,Org-Alpha-Team2,Org-Alpha,2026-03-29,1,3.0,Summarization
AI_USR005,Org-Alpha-Team2,Org-Alpha,2026-03-30,20,4.2,Documentation
AI_USR006,Org-Beta-Team2,Org-Beta,2026-01-01,12,3.1,Code Generation
AI_USR006,Org-Beta-Team2,Org-Beta,2026-01-02,19,2.8,Code Generation
AI_USR006,Org-Beta-Team2,Org-Beta,2026-01-03,17,2.7,Data Query
AI_USR006,Org-Beta-Team2,Org-Beta,2026-01-05,19,2.8,Code Generation
AI_USR006,Org-Beta-Team2,Org-Beta,2026-01-06,4,2.6,Documentation
AI_USR006,Org-Beta-Team2,Org-Beta,2026-01-07,16,2.7,Code Generation
AI_USR006,Org-Beta-Team2,Org-Beta,2026-01-08,14,3.1,Debugging
AI_USR006,Org-Beta-Team2,Org-Beta,2026-01-09,4,3.4,Code Generation
AI_USR006,Org-Beta-Team2,Org-Beta,2026-01-11,5,3.1,Documentation
AI_USR006,Org-Beta-Team2,Org-Beta,2026-01-12,6,4.2,Summarization
AI_USR006,Org-Beta-Team2,Org-Beta,2026-01-13,3,2.8,Data Query
AI_USR006,Org-Beta-Team2,Org-Beta,2026-01-14,6,4.2,Code Generation
AI_USR006,Org-Beta-Team2,Org-Beta,2026-01-15,19,4.1,Data Query
AI_USR006,Org-Beta-Team2,Org-Beta,2026-01-17,17,4.7,Documentation
AI_USR006,Org-Beta-Team2,Org-Beta,2026-01-19,11,3.0,Data Query
AI_USR006,Org-Beta-Team2,Org-Beta,2026-01-20,9,4.6,Summarization
AI_USR006,Org-Beta-Team2,Org-Beta,2026-01-21,3,3.1,Code Generation
AI_USR006,Org-Beta-Team2,Org-Beta,2026-01-22,19,3.7,Planning
AI_USR006,Org-Beta-Team2,Org-Beta,2026-01-23,3,3.1,Summarization
AI_USR006,Org-Beta-Team2,Org-Beta,2026-01-24,10,5.1,Data Query
AI_USR006,Org-Beta-Team2,Org-Beta,2026-01-28,10,5.1,Data Query
AI_USR006,Org-Beta-Team2,Org-Beta,2026-01-29,4,4.7,Summarization
AI_USR006,Org-Beta-Team2,Org-Beta,2026-01-30,4,4.5,Summarization
AI_USR006,Org-Beta-Team2,Org-Beta,2026-01-31,20,4.9,Code Generation
AI_USR006,Org-Beta-Team2,Org-Beta,2026-02-01,8,3.4,Code Generation
AI_USR006,Org-Beta-Team2,Org-Beta,2026-02-02,4,3.6,Documentation
AI_USR006,Org-Beta-Team2,Org-Beta,2026-02-04,4,5.1,Planning
AI_USR006,Org-Beta-Team2,Org-Beta,2026-02-05,2,3.6,Documentation
AI_USR006,Org-Beta-Team2,Org-Beta,2026-02-06,1,5.4,Documentation
AI_USR006,Org-Beta-Team2,Org-Beta,2026-02-09,5,5.2,Debugging
AI_USR006,Org-Beta-Team2,Org-Beta,2026-02-10,12,4.4,Data Query
AI_USR006,Org-Beta-Team2,Org-Beta,2026-02-11,1,4.9,Summarization
AI_USR006,Org-Beta-Team2,Org-Beta,2026-02-12,6,5.1,Data Query
AI_USR006,Org-Beta-Team2,Org-Beta,2026-02-13,12,4.0,Planning
AI_USR006,Org-Beta-Team2,Org-Beta,2026-02-16,5,4.6,Planning
AI_USR006,Org-Beta-Team2,Org-Beta,2026-02-18,11,4.6,Debugging
AI_USR006,Org-Beta-Team2,Org-Beta,2026-02-20,4,5.7,Debugging
AI_USR006,Org-Beta-Team2,Org-Beta,2026-02-21,3,5.8,Data Query
AI_USR006,Org-Beta-Team2,Org-Beta,2026-02-22,20,4.6,Documentation
AI_USR006,Org-Beta-Team2,Org-Beta,2026-02-24,1,4.8,Summarization
AI_USR006,Org-Beta-Team2,Org-Beta,2026-02-25,11,5.7,Data Query
AI_USR006,Org-Beta-Team2,Org-Beta,2026-02-26,6,4.8,Planning
AI_USR006,Org-Beta-Team2,Org-Beta,2026-02-27,2,5.1,Data Query
AI_USR006,Org-Beta-Team2,Org-Beta,2026-02-28,18,5.0,Summarization
AI_USR006,Org-Beta-Team2,Org-Beta,2026-03-01,18,5.9,Code Generation
AI_USR006,Org-Beta-Team2,Org-Beta,2026-03-02,2,5.7,Data Query
AI_USR006,Org-Beta-Team2,Org-Beta,2026-03-04,12,4.9,Documentation
AI_USR006,Org-Beta-Team2,Org-Beta,2026-03-05,13,5.9,Debugging
AI_USR006,Org-Beta-Team2,Org-Beta,2026-03-08,9,5.1,Code Generation
AI_USR006,Org-Beta-Team2,Org-Beta,2026-03-09,14,6.0,Data Query
AI_USR006,Org-Beta-Team2,Org-Beta,2026-03-10,18,5.0,Code Generation
AI_USR006,Org-Beta-Team2,Org-Beta,2026-03-11,1,5.4,Documentation
AI_USR006,Org-Beta-Team2,Org-Beta,2026-03-12,20,5.7,Planning
AI_USR006,Org-Beta-Team2,Org-Beta,2026-03-13,3,5.2,Debugging
AI_USR006,Org-Beta-Team2,Org-Beta,2026-03-15,14,5.3,Debugging
AI_USR006,Org-Beta-Team2,Org-Beta,2026-03-18,4,5.1,Summarization
AI_USR006,Org-Beta-Team2,Org-Beta,2026-03-19,11,6.4,Data Query
AI_USR006,Org-Beta-Team2,Org-Beta,2026-03-20,12,5.3,Summarization
AI_USR006,Org-Beta-Team2,Org-Beta,2026-03-21,7,4.9,Planning
AI_USR006,Org-Beta-Team2,Org-Beta,2026-03-22,20,5.8,Summarization
AI_USR006,Org-Beta-Team2,Org-Beta,2026-03-24,2,6.9,Data Query
AI_USR006,Org-Beta-Team2,Org-Beta,2026-03-27,5,5.1,Documentation
AI_USR006,Org-Beta-Team2,Org-Beta,2026-03-28,11,6.3,Code Generation
AI_USR006,Org-Beta-Team2,Org-Beta,2026-03-30,2,5.8,Documentation
AI_USR006,Org-Beta-Team2,Org-Beta,2026-03-31,20,6.8,Code Generation
AI_USR007,Org-Beta-Team3,Org-Beta,2026-01-01,8,6.6,Documentation
AI_USR007,Org-Beta-Team3,Org-Beta,2026-01-03,10,6.5,Planning
AI_USR007,Org-Beta-Team3,Org-Beta,2026-01-04,10,6.8,Planning
AI_USR007,Org-Beta-Team3,Org-Beta,2026-01-06,5,6.6,Code Generation
AI_USR007,Org-Beta-Team3,Org-Beta,2026-01-07,9,5.7,Documentation
AI_USR007,Org-Beta-Team3,Org-Beta,2026-01-09,17,5.5,Code Generation
AI_USR007,Org-Beta-Team3,Org-Beta,2026-01-12,10,7.0,Summarization
AI_USR007,Org-Beta-Team3,Org-Beta,2026-01-13,9,7.0,Data Query
AI_USR007,Org-Beta-Team3,Org-Beta,2026-01-15,20,6.5,Documentation
AI_USR007,Org-Beta-Team3,Org-Beta,2026-01-19,15,7.1,Summarization
AI_USR007,Org-Beta-Team3,Org-Beta,2026-01-21,8,5.3,Documentation
AI_USR007,Org-Beta-Team3,Org-Beta,2026-01-22,11,6.9,Documentation
AI_USR007,Org-Beta-Team3,Org-Beta,2026-01-23,10,7.2,Summarization
AI_USR007,Org-Beta-Team3,Org-Beta,2026-01-25,10,5.5,Debugging
AI_USR007,Org-Beta-Team3,Org-Beta,2026-01-26,18,7.0,Summarization
AI_USR007,Org-Beta-Team3,Org-Beta,2026-01-28,11,6.8,Summarization
AI_USR007,Org-Beta-Team3,Org-Beta,2026-01-30,6,5.6,Summarization
AI_USR007,Org-Beta-Team3,Org-Beta,2026-01-31,10,6.2,Data Query
AI_USR007,Org-Beta-Team3,Org-Beta,2026-02-03,13,6.2,Documentation
AI_USR007,Org-Beta-Team3,Org-Beta,2026-02-04,14,7.2,Code Generation
AI_USR007,Org-Beta-Team3,Org-Beta,2026-02-05,10,7.1,Data Query
AI_USR007,Org-Beta-Team3,Org-Beta,2026-02-06,19,7.2,Code Generation
AI_USR007,Org-Beta-Team3,Org-Beta,2026-02-07,13,7.1,Code Generation
AI_USR007,Org-Beta-Team3,Org-Beta,2026-02-08,12,7.2,Documentation
AI_USR007,Org-Beta-Team3,Org-Beta,2026-02-10,3,6.1,Debugging
AI_USR007,Org-Beta-Team3,Org-Beta,2026-02-14,5,7.0,Data Query
AI_USR007,Org-Beta-Team3,Org-Beta,2026-02-17,5,6.4,Debugging
AI_USR007,Org-Beta-Team3,Org-Beta,2026-02-19,4,7.0,Code Generation
AI_USR007,Org-Beta-Team3,Org-Beta,2026-02-23,13,7.2,Debugging
AI_USR007,Org-Beta-Team3,Org-Beta,2026-02-24,1,6.5,Data Query
AI_USR007,Org-Beta-Team3,Org-Beta,2026-02-25,11,6.8,Code Generation
AI_USR007,Org-Beta-Team3,Org-Beta,2026-02-26,3,5.9,Summarization
AI_USR007,Org-Beta-Team3,Org-Beta,2026-02-28,13,7.0,Summarization
AI_USR007,Org-Beta-Team3,Org-Beta,2026-03-02,19,7.1,Data Query
AI_USR007,Org-Beta-Team3,Org-Beta,2026-03-03,10,6.2,Summarization
AI_USR007,Org-Beta-Team3,Org-Beta,2026-03-05,11,6.0,Debugging
AI_USR007,Org-Beta-Team3,Org-Beta,2026-03-06,17,6.3,Debugging
AI_USR007,Org-Beta-Team3,Org-Beta,2026-03-07,10,6.8,Planning
AI_USR007,Org-Beta-Team3,Org-Beta,2026-03-08,16,7.4,Data Query
AI_USR007,Org-Beta-Team3,Org-Beta,2026-03-10,2,6.1,Debugging
AI_USR007,Org-Beta-Team3,Org-Beta,2026-03-13,2,6.7,Documentation
AI_USR007,Org-Beta-Team3,Org-Beta,2026-03-15,7,6.6,Summarization
AI_USR007,Org-Beta-Team3,Org-Beta,2026-03-18,12,7.9,Summarization
AI_USR007,Org-Beta-Team3,Org-Beta,2026-03-20,2,7.3,Debugging
AI_USR007,Org-Beta-Team3,Org-Beta,2026-03-21,10,6.8,Summarization
AI_USR007,Org-Beta-Team3,Org-Beta,2026-03-23,1,8.0,Planning
AI_USR007,Org-Beta-Team3,Org-Beta,2026-03-27,1,6.6,Debugging
AI_USR007,Org-Beta-Team3,Org-Beta,2026-03-29,6,7.9,Data Query
AI_USR007,Org-Beta-Team3,Org-Beta,2026-03-30,14,7.0,Data Query
AI_USR007,Org-Beta-Team3,Org-Beta,2026-03-31,20,8.1,Data Query
AI_USR008,Org-Delta-Team3,Org-Delta,2026-01-01,11,4.0,Debugging
AI_USR008,Org-Delta-Team3,Org-Delta,2026-01-02,20,2.1,Planning
AI_USR008,Org-Delta-Team3,Org-Delta,2026-01-04,16,3.8,Debugging
AI_USR008,Org-Delta-Team3,Org-Delta,2026-01-09,15,2.8,Documentation
AI_USR008,Org-Delta-Team3,Org-Delta,2026-01-10,14,2.8,Planning
AI_USR008,Org-Delta-Team3,Org-Delta,2026-01-13,4,2.8,Code Generation
AI_USR008,Org-Delta-Team3,Org-Delta,2026-01-15,4,3.9,Planning
AI_USR008,Org-Delta-Team3,Org-Delta,2026-01-17,7,2.5,Summarization
AI_USR008,Org-Delta-Team3,Org-Delta,2026-01-20,15,2.4,Planning
AI_USR008,Org-Delta-Team3,Org-Delta,2026-01-21,3,2.9,Documentation
AI_USR008,Org-Delta-Team3,Org-Delta,2026-01-22,6,2.9,Documentation
AI_USR008,Org-Delta-Team3,Org-Delta,2026-01-24,1,3.2,Documentation
AI_USR008,Org-Delta-Team3,Org-Delta,2026-01-26,3,4.0,Data Query
AI_USR008,Org-Delta-Team3,Org-Delta,2026-01-27,1,3.0,Code Generation
AI_USR008,Org-Delta-Team3,Org-Delta,2026-01-28,8,3.5,Documentation
AI_USR008,Org-Delta-Team3,Org-Delta,2026-01-29,14,4.0,Code Generation
AI_USR008,Org-Delta-Team3,Org-Delta,2026-01-30,8,3.3,Planning
AI_USR008,Org-Delta-Team3,Org-Delta,2026-01-31,11,2.2,Summarization
AI_USR008,Org-Delta-Team3,Org-Delta,2026-02-01,13,2.2,Summarization
AI_USR008,Org-Delta-Team3,Org-Delta,2026-02-02,6,2.7,Summarization
AI_USR008,Org-Delta-Team3,Org-Delta,2026-02-03,20,2.8,Planning
AI_USR008,Org-Delta-Team3,Org-Delta,2026-02-04,3,2.1,Data Query
AI_USR008,Org-Delta-Team3,Org-Delta,2026-02-05,18,3.7,Summarization
AI_USR008,Org-Delta-Team3,Org-Delta,2026-02-06,12,3.1,Data Query
AI_USR008,Org-Delta-Team3,Org-Delta,2026-02-07,1,3.9,Code Generation
AI_USR008,Org-Delta-Team3,Org-Delta,2026-02-10,13,2.2,Debugging
AI_USR008,Org-Delta-Team3,Org-Delta,2026-02-11,4,2.5,Code Generation
AI_USR008,Org-Delta-Team3,Org-Delta,2026-02-12,11,2.6,Documentation
AI_USR008,Org-Delta-Team3,Org-Delta,2026-02-13,14,2.2,Code Generation
AI_USR008,Org-Delta-Team3,Org-Delta,2026-02-14,17,3.6,Summarization
AI_USR008,Org-Delta-Team3,Org-Delta,2026-02-15,1,2.7,Planning
AI_USR008,Org-Delta-Team3,Org-Delta,2026-02-16,9,4.0,Planning
AI_USR008,Org-Delta-Team3,Org-Delta,2026-02-17,16,2.8,Planning
AI_USR008,Org-Delta-Team3,Org-Delta,2026-02-21,19,2.5,Debugging
AI_USR008,Org-Delta-Team3,Org-Delta,2026-02-22,7,3.1,Summarization
AI_USR008,Org-Delta-Team3,Org-Delta,2026-02-24,8,2.7,Documentation
AI_USR008,Org-Delta-Team3,Org-Delta,2026-02-28,18,3.9,Summarization
AI_USR008,Org-Delta-Team3,Org-Delta,2026-03-01,15,3.9,Data Query
AI_USR008,Org-Delta-Team3,Org-Delta,2026-03-04,20,2.7,Debugging
AI_USR008,Org-Delta-Team3,Org-Delta,2026-03-05,9,3.5,Planning
AI_USR008,Org-Delta-Team3,Org-Delta,2026-03-06,17,2.4,Documentation
AI_USR008,Org-Delta-Team3,Org-Delta,2026-03-07,13,2.9,Debugging
AI_USR008,Org-Delta-Team3,Org-Delta,2026-03-08,12,2.3,Summarization
AI_USR008,Org-Delta-Team3,Org-Delta,2026-03-10,15,3.3,Debugging
AI_USR008,Org-Delta-Team3,Org-Delta,2026-03-11,3,4.0,Data Query
AI_USR008,Org-Delta-Team3,Org-Delta,2026-03-12,7,4.1,Summarization
AI_USR008,Org-Delta-Team3,Org-Delta,2026-03-14,8,2.9,Planning
AI_USR008,Org-Delta-Team3,Org-Delta,2026-03-15,2,3.6,Planning
AI_USR008,Org-Delta-Team3,Org-Delta,2026-03-18,2,3.8,Data Query
AI_USR008,Org-Delta-Team3,Org-Delta,2026-03-19,4,4.1,Debugging
AI_USR008,Org-Delta-Team3,Org-Delta,2026-03-20,6,2.5,Documentation
AI_USR008,Org-Delta-Team3,Org-Delta,2026-03-21,4,3.8,Documentation
AI_USR008,Org-Delta-Team3,Org-Delta,2026-03-23,15,2.3,Data Query
AI_USR008,Org-Delta-Team3,Org-Delta,2026-03-24,11,3.1,Summarization
AI_USR008,Org-Delta-Team3,Org-Delta,2026-03-25,3,2.5,Summarization
AI_USR008,Org-Delta-Team3,Org-Delta,2026-03-26,13,3.1,Summarization
AI_USR008,Org-Delta-Team3,Org-Delta,2026-03-27,5,3.7,Planning
AI_USR008,Org-Delta-Team3,Org-Delta,2026-03-28,2,2.4,Documentation
AI_USR008,Org-Delta-Team3,Org-Delta,2026-03-29,10,3.7,Documentation
AI_USR008,Org-Delta-Team3,Org-Delta,2026-03-31,4,3.5,Code Generation
AI_USR009,Org-Alpha-Team4,Org-Alpha,2026-01-02,1,5.9,Planning
AI_USR009,Org-Alpha-Team4,Org-Alpha,2026-01-03,2,5.4,Debugging
AI_USR009,Org-Alpha-Team4,Org-Alpha,2026-01-04,9,4.8,Documentation
AI_USR009,Org-Alpha-Team4,Org-Alpha,2026-01-06,8,5.0,Planning
AI_USR009,Org-Alpha-Team4,Org-Alpha,2026-01-09,4,6.4,Documentation
AI_USR009,Org-Alpha-Team4,Org-Alpha,2026-01-11,14,4.9,Debugging
AI_USR009,Org-Alpha-Team4,Org-Alpha,2026-01-12,3,4.6,Planning
AI_USR009,Org-Alpha-Team4,Org-Alpha,2026-01-16,6,5.0,Data Query
AI_USR009,Org-Alpha-Team4,Org-Alpha,2026-01-18,14,5.7,Debugging
AI_USR009,Org-Alpha-Team4,Org-Alpha,2026-01-19,2,5.8,Debugging
AI_USR009,Org-Alpha-Team4,Org-Alpha,2026-01-20,2,5.1,Code Generation
AI_USR009,Org-Alpha-Team4,Org-Alpha,2026-01-21,9,6.7,Code Generation
AI_USR009,Org-Alpha-Team4,Org-Alpha,2026-01-22,17,6.2,Documentation
AI_USR009,Org-Alpha-Team4,Org-Alpha,2026-01-25,10,6.6,Summarization
AI_USR009,Org-Alpha-Team4,Org-Alpha,2026-01-26,4,6.1,Planning
AI_USR009,Org-Alpha-Team4,Org-Alpha,2026-01-27,18,6.3,Summarization
AI_USR009,Org-Alpha-Team4,Org-Alpha,2026-01-28,3,6.6,Data Query
AI_USR009,Org-Alpha-Team4,Org-Alpha,2026-01-29,16,6.0,Summarization
AI_USR009,Org-Alpha-Team4,Org-Alpha,2026-01-30,7,6.9,Planning
AI_USR009,Org-Alpha-Team4,Org-Alpha,2026-02-01,13,6.9,Debugging
AI_USR009,Org-Alpha-Team4,Org-Alpha,2026-02-02,13,6.1,Summarization
AI_USR009,Org-Alpha-Team4,Org-Alpha,2026-02-03,1,6.5,Data Query
AI_USR009,Org-Alpha-Team4,Org-Alpha,2026-02-04,8,6.8,Debugging
AI_USR009,Org-Alpha-Team4,Org-Alpha,2026-02-06,14,6.8,Documentation
AI_USR009,Org-Alpha-Team4,Org-Alpha,2026-02-07,11,5.1,Summarization
AI_USR009,Org-Alpha-Team4,Org-Alpha,2026-02-09,15,5.2,Documentation
AI_USR009,Org-Alpha-Team4,Org-Alpha,2026-02-13,18,5.7,Planning
AI_USR009,Org-Alpha-Team4,Org-Alpha,2026-02-14,16,6.5,Data Query
AI_USR009,Org-Alpha-Team4,Org-Alpha,2026-02-15,19,5.8,Summarization
AI_USR009,Org-Alpha-Team4,Org-Alpha,2026-02-16,10,6.7,Debugging
AI_USR009,Org-Alpha-Team4,Org-Alpha,2026-02-18,9,6.8,Summarization
AI_USR009,Org-Alpha-Team4,Org-Alpha,2026-02-19,1,7.1,Summarization
AI_USR009,Org-Alpha-Team4,Org-Alpha,2026-02-21,2,7.2,Code Generation
AI_USR009,Org-Alpha-Team4,Org-Alpha,2026-02-23,8,7.5,Data Query
AI_USR009,Org-Alpha-Team4,Org-Alpha,2026-02-26,12,7.1,Debugging
AI_USR009,Org-Alpha-Team4,Org-Alpha,2026-03-05,2,6.9,Data Query
AI_USR009,Org-Alpha-Team4,Org-Alpha,2026-03-06,14,7.2,Documentation
AI_USR009,Org-Alpha-Team4,Org-Alpha,2026-03-07,17,7.5,Summarization
AI_USR009,Org-Alpha-Team4,Org-Alpha,2026-03-09,7,7.1,Data Query
AI_USR009,Org-Alpha-Team4,Org-Alpha,2026-03-11,1,7.6,Documentation
AI_USR009,Org-Alpha-Team4,Org-Alpha,2026-03-12,14,6.3,Debugging
AI_USR009,Org-Alpha-Team4,Org-Alpha,2026-03-14,13,6.9,Code Generation
AI_USR009,Org-Alpha-Team4,Org-Alpha,2026-03-15,15,7.2,Summarization
AI_USR009,Org-Alpha-Team4,Org-Alpha,2026-03-16,10,6.4,Data Query
AI_USR009,Org-Alpha-Team4,Org-Alpha,2026-03-17,12,7.0,Documentation
AI_USR009,Org-Alpha-Team4,Org-Alpha,2026-03-18,10,7.1,Summarization
AI_USR009,Org-Alpha-Team4,Org-Alpha,2026-03-19,11,7.1,Code Generation
AI_USR009,Org-Alpha-Team4,Org-Alpha,2026-03-21,4,7.6,Code Generation
AI_USR009,Org-Alpha-Team4,Org-Alpha,2026-03-22,16,6.8,Summarization
AI_USR009,Org-Alpha-Team4,Org-Alpha,2026-03-23,20,7.5,Debugging
AI_USR009,Org-Alpha-Team4,Org-Alpha,2026-03-24,9,7.8,Debugging
AI_USR009,Org-Alpha-Team4,Org-Alpha,2026-03-25,16,6.3,Code Generation
AI_USR010,Org-Beta-Team2,Org-Beta,2026-01-01,7,7.6,Debugging
AI_USR010,Org-Beta-Team2,Org-Beta,2026-01-04,2,6.1,Documentation
AI_USR010,Org-Beta-Team2,Org-Beta,2026-01-07,16,6.8,Debugging
AI_USR010,Org-Beta-Team2,Org-Beta,2026-01-08,8,6.4,Summarization
AI_USR010,Org-Beta-Team2,Org-Beta,2026-01-09,13,6.7,Data Query
AI_USR010,Org-Beta-Team2,Org-Beta,2026-01-10,1,6.2,Data Query
AI_USR010,Org-Beta-Team2,Org-Beta,2026-01-12,6,6.3,Summarization
AI_USR010,Org-Beta-Team2,Org-Beta,2026-01-13,12,7.5,Debugging
AI_USR010,Org-Beta-Team2,Org-Beta,2026-01-14,17,7.4,Documentation
AI_USR010,Org-Beta-Team2,Org-Beta,2026-01-17,12,5.8,Summarization
AI_USR010,Org-Beta-Team2,Org-Beta,2026-01-18,7,7.0,Debugging
AI_USR010,Org-Beta-Team2,Org-Beta,2026-01-24,2,6.6,Data Query
AI_USR010,Org-Beta-Team2,Org-Beta,2026-01-25,1,6.3,Debugging
AI_USR010,Org-Beta-Team2,Org-Beta,2026-01-26,6,6.0,Planning
AI_USR010,Org-Beta-Team2,Org-Beta,2026-01-27,1,6.1,Planning
AI_USR010,Org-Beta-Team2,Org-Beta,2026-01-29,16,7.1,Data Query
AI_USR010,Org-Beta-Team2,Org-Beta,2026-01-30,7,7.0,Debugging
AI_USR010,Org-Beta-Team2,Org-Beta,2026-02-04,5,6.2,Debugging
AI_USR010,Org-Beta-Team2,Org-Beta,2026-02-06,15,7.4,Summarization
AI_USR010,Org-Beta-Team2,Org-Beta,2026-02-07,4,6.0,Debugging
AI_USR010,Org-Beta-Team2,Org-Beta,2026-02-08,4,6.2,Code Generation
AI_USR010,Org-Beta-Team2,Org-Beta,2026-02-10,7,6.5,Summarization
AI_USR010,Org-Beta-Team2,Org-Beta,2026-02-12,15,6.5,Debugging
AI_USR010,Org-Beta-Team2,Org-Beta,2026-02-14,17,6.9,Code Generation
AI_USR010,Org-Beta-Team2,Org-Beta,2026-02-15,18,5.9,Planning
AI_USR010,Org-Beta-Team2,Org-Beta,2026-02-16,9,5.5,Data Query
AI_USR010,Org-Beta-Team2,Org-Beta,2026-02-17,2,6.7,Data Query
AI_USR010,Org-Beta-Team2,Org-Beta,2026-02-18,18,7.2,Summarization
AI_USR010,Org-Beta-Team2,Org-Beta,2026-02-20,7,6.1,Documentation
AI_USR010,Org-Beta-Team2,Org-Beta,2026-02-21,17,7.0,Summarization
AI_USR010,Org-Beta-Team2,Org-Beta,2026-02-22,1,6.0,Documentation
AI_USR010,Org-Beta-Team2,Org-Beta,2026-02-23,20,5.7,Debugging
AI_USR010,Org-Beta-Team2,Org-Beta,2026-02-24,15,6.7,Debugging
AI_USR010,Org-Beta-Team2,Org-Beta,2026-02-25,8,6.8,Debugging
AI_USR010,Org-Beta-Team2,Org-Beta,2026-02-26,17,5.5,Documentation
AI_USR010,Org-Beta-Team2,Org-Beta,2026-02-28,19,7.0,Planning
AI_USR010,Org-Beta-Team2,Org-Beta,2026-03-01,3,7.3,Data Query
AI_USR010,Org-Beta-Team2,Org-Beta,2026-03-03,7,5.7,Data Query
AI_USR010,Org-Beta-Team2,Org-Beta,2026-03-07,20,6.5,Documentation
AI_USR010,Org-Beta-Team2,Org-Beta,2026-03-08,19,7.2,Data Query
AI_USR010,Org-Beta-Team2,Org-Beta,2026-03-09,10,5.5,Debugging
AI_USR010,Org-Beta-Team2,Org-Beta,2026-03-10,20,6.4,Summarization
AI_USR010,Org-Beta-Team2,Org-Beta,2026-03-12,16,7.2,Summarization
AI_USR010,Org-Beta-Team2,Org-Beta,2026-03-13,9,6.6,Planning
AI_USR010,Org-Beta-Team2,Org-Beta,2026-03-14,6,6.3,Debugging
AI_USR010,Org-Beta-Team2,Org-Beta,2026-03-15,6,5.2,Documentation
AI_USR010,Org-Beta-Team2,Org-Beta,2026-03-16,17,6.1,Code Generation
AI_USR010,Org-Beta-Team2,Org-Beta,2026-03-17,2,5.9,Documentation
AI_USR010,Org-Beta-Team2,Org-Beta,2026-03-18,12,5.5,Code Generation
AI_USR010,Org-Beta-Team2,Org-Beta,2026-03-19,5,6.9,Documentation
AI_USR010,Org-Beta-Team2,Org-Beta,2026-03-20,9,5.7,Debugging
AI_USR010,Org-Beta-Team2,Org-Beta,2026-03-21,5,6.8,Data Query
AI_USR010,Org-Beta-Team2,Org-Beta,2026-03-24,12,5.6,Debugging
AI_USR010,Org-Beta-Team2,Org-Beta,2026-03-27,16,5.2,Data Query
AI_USR010,Org-Beta-Team2,Org-Beta,2026-03-28,2,5.9,Code Generation
AI_USR010,Org-Beta-Team2,Org-Beta,2026-03-30,12,7.0,Documentation
AI_USR010,Org-Beta-Team2,Org-Beta,2026-03-31,12,5.5,Summarization
AI_USR011,Org-Gamma-Team4,Org-Gamma,2026-01-01,11,8.4,Debugging
AI_USR011,Org-Gamma-Team4,Org-Gamma,2026-01-02,7,7.8,Code Generation
AI_USR011,Org-Gamma-Team4,Org-Gamma,2026-01-03,3,8.6,Planning
AI_USR011,Org-Gamma-Team4,Org-Gamma,2026-01-05,13,8.2,Planning
AI_USR011,Org-Gamma-Team4,Org-Gamma,2026-01-06,16,8.7,Summarization
AI_USR011,Org-Gamma-Team4,Org-Gamma,2026-01-07,18,8.0,Documentation
AI_USR011,Org-Gamma-Team4,Org-Gamma,2026-01-09,3,7.8,Summarization
AI_USR011,Org-Gamma-Team4,Org-Gamma,2026-01-11,14,7.5,Summarization
AI_USR011,Org-Gamma-Team4,Org-Gamma,2026-01-12,17,7.7,Summarization
AI_USR011,Org-Gamma-Team4,Org-Gamma,2026-01-13,3,8.4,Debugging
AI_USR011,Org-Gamma-Team4,Org-Gamma,2026-01-14,13,9.3,Data Query
AI_USR011,Org-Gamma-Team4,Org-Gamma,2026-01-16,2,9.0,Documentation
AI_USR011,Org-Gamma-Team4,Org-Gamma,2026-01-19,19,9.0,Code Generation
AI_USR011,Org-Gamma-Team4,Org-Gamma,2026-01-20,11,9.3,Summarization
AI_USR011,Org-Gamma-Team4,Org-Gamma,2026-01-21,19,7.6,Code Generation
AI_USR011,Org-Gamma-Team4,Org-Gamma,2026-01-22,15,9.4,Summarization
AI_USR011,Org-Gamma-Team4,Org-Gamma,2026-01-27,7,9.0,Code Generation
AI_USR011,Org-Gamma-Team4,Org-Gamma,2026-01-28,15,9.1,Data Query
AI_USR011,Org-Gamma-Team4,Org-Gamma,2026-01-29,17,8.2,Planning
AI_USR011,Org-Gamma-Team4,Org-Gamma,2026-01-30,8,8.1,Documentation
AI_USR011,Org-Gamma-Team4,Org-Gamma,2026-01-31,3,9.9,Debugging
AI_USR011,Org-Gamma-Team4,Org-Gamma,2026-02-08,13,9.4,Data Query
AI_USR011,Org-Gamma-Team4,Org-Gamma,2026-02-09,2,10.0,Data Query
AI_USR011,Org-Gamma-Team4,Org-Gamma,2026-02-10,4,8.8,Summarization
AI_USR011,Org-Gamma-Team4,Org-Gamma,2026-02-12,1,8.7,Summarization
AI_USR011,Org-Gamma-Team4,Org-Gamma,2026-02-13,5,10.0,Code Generation
AI_USR011,Org-Gamma-Team4,Org-Gamma,2026-02-14,1,8.9,Summarization
AI_USR011,Org-Gamma-Team4,Org-Gamma,2026-02-15,17,9.6,Data Query
AI_USR011,Org-Gamma-Team4,Org-Gamma,2026-02-16,3,8.9,Documentation
AI_USR011,Org-Gamma-Team4,Org-Gamma,2026-02-18,14,9.1,Planning
AI_USR011,Org-Gamma-Team4,Org-Gamma,2026-02-19,17,10.0,Planning
AI_USR011,Org-Gamma-Team4,Org-Gamma,2026-02-20,5,9.3,Planning
AI_USR011,Org-Gamma-Team4,Org-Gamma,2026-02-21,4,9.9,Debugging
AI_USR011,Org-Gamma-Team4,Org-Gamma,2026-02-22,7,9.2,Code Generation
AI_USR011,Org-Gamma-Team4,Org-Gamma,2026-02-24,5,9.9,Data Query
AI_USR011,Org-Gamma-Team4,Org-Gamma,2026-02-25,8,10.0,Planning
AI_USR011,Org-Gamma-Team4,Org-Gamma,2026-02-27,10,9.1,Data Query
AI_USR011,Org-Gamma-Team4,Org-Gamma,2026-03-01,12,10.0,Documentation
AI_USR011,Org-Gamma-Team4,Org-Gamma,2026-03-03,11,10.0,Debugging
AI_USR011,Org-Gamma-Team4,Org-Gamma,2026-03-04,7,9.5,Code Generation
AI_USR011,Org-Gamma-Team4,Org-Gamma,2026-03-06,20,9.3,Debugging
AI_USR011,Org-Gamma-Team4,Org-Gamma,2026-03-07,6,10.0,Documentation
AI_USR011,Org-Gamma-Team4,Org-Gamma,2026-03-08,4,9.8,Code Generation
AI_USR011,Org-Gamma-Team4,Org-Gamma,2026-03-09,16,10.0,Debugging
AI_USR011,Org-Gamma-Team4,Org-Gamma,2026-03-11,19,10.0,Documentation
AI_USR011,Org-Gamma-Team4,Org-Gamma,2026-03-15,11,10.0,Documentation
AI_USR011,Org-Gamma-Team4,Org-Gamma,2026-03-16,20,10.0,Debugging
AI_USR011,Org-Gamma-Team4,Org-Gamma,2026-03-18,7,10.0,Data Query
AI_USR011,Org-Gamma-Team4,Org-Gamma,2026-03-23,5,10.0,Documentation
AI_USR011,Org-Gamma-Team4,Org-Gamma,2026-03-24,16,10.0,Code Generation
AI_USR011,Org-Gamma-Team4,Org-Gamma,2026-03-25,6,10.0,Summarization
AI_USR011,Org-Gamma-Team4,Org-Gamma,2026-03-26,3,10.0,Planning
AI_USR011,Org-Gamma-Team4,Org-Gamma,2026-03-28,6,10.0,Code Generation
AI_USR011,Org-Gamma-Team4,Org-Gamma,2026-03-29,4,10.0,Documentation
AI_USR011,Org-Gamma-Team4,Org-Gamma,2026-03-31,8,10.0,Planning
AI_USR012,Org-Alpha-Team1,Org-Alpha,2026-01-01,1,8.1,Summarization
AI_USR012,Org-Alpha-Team1,Org-Alpha,2026-01-02,17,9.1,Planning
AI_USR012,Org-Alpha-Team1,Org-Alpha,2026-01-03,1,9.0,Planning
AI_USR012,Org-Alpha-Team1,Org-Alpha,2026-01-04,3,7.5,Debugging
AI_USR012,Org-Alpha-Team1,Org-Alpha,2026-01-05,19,7.9,Debugging
AI_USR012,Org-Alpha-Team1,Org-Alpha,2026-01-06,5,7.9,Data Query
AI_USR012,Org-Alpha-Team1,Org-Alpha,2026-01-08,5,7.6,Code Generation
AI_USR012,Org-Alpha-Team1,Org-Alpha,2026-01-09,19,8.3,Planning
AI_USR012,Org-Alpha-Team1,Org-Alpha,2026-01-10,18,8.9,Documentation
AI_USR012,Org-Alpha-Team1,Org-Alpha,2026-01-13,1,7.7,Planning
AI_USR012,Org-Alpha-Team1,Org-Alpha,2026-01-15,4,7.7,Documentation
AI_USR012,Org-Alpha-Team1,Org-Alpha,2026-01-16,14,8.6,Data Query
AI_USR012,Org-Alpha-Team1,Org-Alpha,2026-01-18,6,8.0,Code Generation
AI_USR012,Org-Alpha-Team1,Org-Alpha,2026-01-20,12,7.1,Summarization
AI_USR012,Org-Alpha-Team1,Org-Alpha,2026-01-21,4,9.0,Summarization
AI_USR012,Org-Alpha-Team1,Org-Alpha,2026-01-22,8,7.9,Summarization
AI_USR012,Org-Alpha-Team1,Org-Alpha,2026-01-24,9,7.0,Summarization
AI_USR012,Org-Alpha-Team1,Org-Alpha,2026-01-25,10,8.0,Debugging
AI_USR012,Org-Alpha-Team1,Org-Alpha,2026-01-26,7,7.2,Planning
AI_USR012,Org-Alpha-Team1,Org-Alpha,2026-01-28,10,7.7,Planning
AI_USR012,Org-Alpha-Team1,Org-Alpha,2026-01-29,10,7.4,Data Query
AI_USR012,Org-Alpha-Team1,Org-Alpha,2026-01-31,5,8.0,Data Query
AI_USR012,Org-Alpha-Team1,Org-Alpha,2026-02-01,15,8.9,Code Generation
AI_USR012,Org-Alpha-Team1,Org-Alpha,2026-02-02,9,8.7,Summarization
AI_USR012,Org-Alpha-Team1,Org-Alpha,2026-02-03,18,8.6,Summarization
AI_USR012,Org-Alpha-Team1,Org-Alpha,2026-02-08,4,8.1,Summarization
AI_USR012,Org-Alpha-Team1,Org-Alpha,2026-02-09,6,8.2,Planning
AI_USR012,Org-Alpha-Team1,Org-Alpha,2026-02-10,15,7.6,Documentation
AI_USR012,Org-Alpha-Team1,Org-Alpha,2026-02-13,4,7.7,Summarization
AI_USR012,Org-Alpha-Team1,Org-Alpha,2026-02-14,7,8.6,Code Generation
AI_USR012,Org-Alpha-Team1,Org-Alpha,2026-02-16,6,7.3,Debugging
AI_USR012,Org-Alpha-Team1,Org-Alpha,2026-02-17,6,7.0,Planning
AI_USR012,Org-Alpha-Team1,Org-Alpha,2026-02-18,6,8.2,Summarization
AI_USR012,Org-Alpha-Team1,Org-Alpha,2026-02-19,3,8.1,Documentation
AI_USR012,Org-Alpha-Team1,Org-Alpha,2026-02-22,17,8.3,Planning
AI_USR012,Org-Alpha-Team1,Org-Alpha,2026-02-24,7,8.4,Summarization
AI_USR012,Org-Alpha-Team1,Org-Alpha,2026-02-26,10,8.4,Planning
AI_USR012,Org-Alpha-Team1,Org-Alpha,2026-03-02,3,7.6,Planning
AI_USR012,Org-Alpha-Team1,Org-Alpha,2026-03-04,14,7.5,Summarization
AI_USR012,Org-Alpha-Team1,Org-Alpha,2026-03-05,15,7.8,Summarization
AI_USR012,Org-Alpha-Team1,Org-Alpha,2026-03-07,12,7.8,Data Query
AI_USR012,Org-Alpha-Team1,Org-Alpha,2026-03-08,14,7.9,Data Query
AI_USR012,Org-Alpha-Team1,Org-Alpha,2026-03-09,11,8.3,Data Query
AI_USR012,Org-Alpha-Team1,Org-Alpha,2026-03-11,2,7.0,Planning
AI_USR012,Org-Alpha-Team1,Org-Alpha,2026-03-12,4,8.6,Data Query
AI_USR012,Org-Alpha-Team1,Org-Alpha,2026-03-14,17,7.9,Summarization
AI_USR012,Org-Alpha-Team1,Org-Alpha,2026-03-17,5,7.2,Data Query
AI_USR012,Org-Alpha-Team1,Org-Alpha,2026-03-18,7,8.3,Planning
AI_USR012,Org-Alpha-Team1,Org-Alpha,2026-03-20,5,8.7,Code Generation
AI_USR012,Org-Alpha-Team1,Org-Alpha,2026-03-21,2,7.7,Planning
AI_USR012,Org-Alpha-Team1,Org-Alpha,2026-03-22,6,8.7,Code Generation
AI_USR012,Org-Alpha-Team1,Org-Alpha,2026-03-25,19,7.0,Summarization
AI_USR012,Org-Alpha-Team1,Org-Alpha,2026-03-26,15,7.1,Summarization
AI_USR012,Org-Alpha-Team1,Org-Alpha,2026-03-27,12,8.1,Code Generation
AI_USR012,Org-Alpha-Team1,Org-Alpha,2026-03-29,11,6.9,Planning
AI_USR012,Org-Alpha-Team1,Org-Alpha,2026-03-30,6,8.5,Planning
AI_USR013,Org-Delta-Team1,Org-Delta,2026-01-03,11,2.0,Summarization
AI_USR013,Org-Delta-Team1,Org-Delta,2026-01-04,15,3.5,Data Query
AI_USR013,Org-Delta-Team1,Org-Delta,2026-01-05,19,2.8,Summarization
AI_USR013,Org-Delta-Team1,Org-Delta,2026-01-06,20,3.0,Documentation
AI_USR013,Org-Delta-Team1,Org-Delta,2026-01-07,8,2.8,Code Generation
AI_USR013,Org-Delta-Team1,Org-Delta,2026-01-08,2,2.4,Code Generation
AI_USR013,Org-Delta-Team1,Org-Delta,2026-01-09,9,2.6,Summarization
AI_USR013,Org-Delta-Team1,Org-Delta,2026-01-10,4,3.4,Documentation
AI_USR013,Org-Delta-Team1,Org-Delta,2026-01-12,19,2.5,Data Query
AI_USR013,Org-Delta-Team1,Org-Delta,2026-01-14,8,2.5,Summarization
AI_USR013,Org-Delta-Team1,Org-Delta,2026-01-15,6,2.7,Data Query
AI_USR013,Org-Delta-Team1,Org-Delta,2026-01-18,16,3.0,Summarization
AI_USR013,Org-Delta-Team1,Org-Delta,2026-01-20,8,3.1,Planning
AI_USR013,Org-Delta-Team1,Org-Delta,2026-01-22,11,1.8,Summarization
AI_USR013,Org-Delta-Team1,Org-Delta,2026-01-25,12,3.2,Data Query
AI_USR013,Org-Delta-Team1,Org-Delta,2026-01-27,9,3.4,Planning
AI_USR013,Org-Delta-Team1,Org-Delta,2026-01-30,11,2.7,Code Generation
AI_USR013,Org-Delta-Team1,Org-Delta,2026-01-31,12,2.4,Debugging
AI_USR013,Org-Delta-Team1,Org-Delta,2026-02-01,1,2.6,Debugging
AI_USR013,Org-Delta-Team1,Org-Delta,2026-02-02,14,3.7,Debugging
AI_USR013,Org-Delta-Team1,Org-Delta,2026-02-05,2,3.4,Planning
AI_USR013,Org-Delta-Team1,Org-Delta,2026-02-06,2,2.2,Code Generation
AI_USR013,Org-Delta-Team1,Org-Delta,2026-02-07,16,2.1,Planning
AI_USR013,Org-Delta-Team1,Org-Delta,2026-02-09,13,2.7,Summarization
AI_USR013,Org-Delta-Team1,Org-Delta,2026-02-10,20,3.3,Debugging
AI_USR013,Org-Delta-Team1,Org-Delta,2026-02-11,1,3.1,Planning
AI_USR013,Org-Delta-Team1,Org-Delta,2026-02-13,4,3.5,Debugging
AI_USR013,Org-Delta-Team1,Org-Delta,2026-02-14,2,3.3,Documentation
AI_USR013,Org-Delta-Team1,Org-Delta,2026-02-15,15,2.3,Code Generation
AI_USR013,Org-Delta-Team1,Org-Delta,2026-02-17,17,1.8,Documentation
AI_USR013,Org-Delta-Team1,Org-Delta,2026-02-19,19,2.1,Debugging
AI_USR013,Org-Delta-Team1,Org-Delta,2026-02-21,13,1.9,Data Query
AI_USR013,Org-Delta-Team1,Org-Delta,2026-02-22,12,1.8,Planning
AI_USR013,Org-Delta-Team1,Org-Delta,2026-02-23,8,2.6,Data Query
AI_USR013,Org-Delta-Team1,Org-Delta,2026-02-24,20,2.9,Code Generation
AI_USR013,Org-Delta-Team1,Org-Delta,2026-02-25,11,3.4,Summarization
AI_USR013,Org-Delta-Team1,Org-Delta,2026-02-28,15,2.5,Planning
AI_USR013,Org-Delta-Team1,Org-Delta,2026-03-01,7,2.3,Summarization
AI_USR013,Org-Delta-Team1,Org-Delta,2026-03-02,14,1.8,Debugging
AI_USR013,Org-Delta-Team1,Org-Delta,2026-03-03,3,1.9,Code Generation
AI_USR013,Org-Delta-Team1,Org-Delta,2026-03-04,16,2.5,Code Generation
AI_USR013,Org-Delta-Team1,Org-Delta,2026-03-06,20,3.1,Planning
AI_USR013,Org-Delta-Team1,Org-Delta,2026-03-08,19,1.8,Data Query
AI_USR013,Org-Delta-Team1,Org-Delta,2026-03-09,2,3.3,Debugging
AI_USR013,Org-Delta-Team1,Org-Delta,2026-03-11,11,2.6,Code Generation
AI_USR013,Org-Delta-Team1,Org-Delta,2026-03-13,1,3.2,Data Query
AI_USR013,Org-Delta-Team1,Org-Delta,2026-03-14,1,2.6,Documentation
AI_USR013,Org-Delta-Team1,Org-Delta,2026-03-15,13,2.8,Code Generation
AI_USR013,Org-Delta-Team1,Org-Delta,2026-03-16,1,2.3,Summarization
AI_USR013,Org-Delta-Team1,Org-Delta,2026-03-17,6,3.1,Planning
AI_USR013,Org-Delta-Team1,Org-Delta,2026-03-18,6,3.2,Summarization
AI_USR013,Org-Delta-Team1,Org-Delta,2026-03-20,7,2.3,Summarization
AI_USR013,Org-Delta-Team1,Org-Delta,2026-03-21,15,2.7,Documentation
AI_USR013,Org-Delta-Team1,Org-Delta,2026-03-23,6,3.4,Code Generation
AI_USR013,Org-Delta-Team1,Org-Delta,2026-03-24,4,2.4,Data Query
AI_USR013,Org-Delta-Team1,Org-Delta,2026-03-25,16,2.5,Debugging
AI_USR013,Org-Delta-Team1,Org-Delta,2026-03-27,1,2.0,Data Query
AI_USR013,Org-Delta-Team1,Org-Delta,2026-03-29,2,1.6,Summarization
AI_USR013,Org-Delta-Team1,Org-Delta,2026-03-30,4,3.1,Summarization
AI_USR014,Org-Epsilon-Team1,Org-Epsilon,2026-01-01,11,3.3,Data Query
AI_USR014,Org-Epsilon-Team1,Org-Epsilon,2026-01-02,15,5.1,Planning
AI_USR014,Org-Epsilon-Team1,Org-Epsilon,2026-01-03,9,4.9,Code Generation
AI_USR014,Org-Epsilon-Team1,Org-Epsilon,2026-01-06,7,4.8,Code Generation
AI_USR014,Org-Epsilon-Team1,Org-Epsilon,2026-01-07,1,3.2,Documentation
AI_USR014,Org-Epsilon-Team1,Org-Epsilon,2026-01-08,8,4.9,Data Query
AI_USR014,Org-Epsilon-Team1,Org-Epsilon,2026-01-09,5,4.8,Code Generation
AI_USR014,Org-Epsilon-Team1,Org-Epsilon,2026-01-10,5,4.6,Code Generation
AI_USR014,Org-Epsilon-Team1,Org-Epsilon,2026-01-13,6,3.2,Planning
AI_USR014,Org-Epsilon-Team1,Org-Epsilon,2026-01-17,16,3.7,Debugging
AI_USR014,Org-Epsilon-Team1,Org-Epsilon,2026-01-18,17,3.9,Summarization
AI_USR014,Org-Epsilon-Team1,Org-Epsilon,2026-01-20,12,3.1,Code Generation
AI_USR014,Org-Epsilon-Team1,Org-Epsilon,2026-01-21,20,4.0,Debugging
AI_USR014,Org-Epsilon-Team1,Org-Epsilon,2026-01-22,17,3.9,Planning
AI_USR014,Org-Epsilon-Team1,Org-Epsilon,2026-01-23,19,3.5,Planning
AI_USR014,Org-Epsilon-Team1,Org-Epsilon,2026-01-24,7,3.2,Documentation
AI_USR014,Org-Epsilon-Team1,Org-Epsilon,2026-01-25,1,4.7,Planning
AI_USR014,Org-Epsilon-Team1,Org-Epsilon,2026-01-26,16,4.0,Code Generation
AI_USR014,Org-Epsilon-Team1,Org-Epsilon,2026-01-28,15,3.1,Summarization
AI_USR014,Org-Epsilon-Team1,Org-Epsilon,2026-01-29,7,4.3,Debugging
AI_USR014,Org-Epsilon-Team1,Org-Epsilon,2026-01-30,4,3.9,Debugging
AI_USR014,Org-Epsilon-Team1,Org-Epsilon,2026-01-31,17,3.1,Summarization
AI_USR014,Org-Epsilon-Team1,Org-Epsilon,2026-02-06,15,3.0,Documentation
AI_USR014,Org-Epsilon-Team1,Org-Epsilon,2026-02-07,2,4.7,Documentation
AI_USR014,Org-Epsilon-Team1,Org-Epsilon,2026-02-08,19,3.2,Code Generation
AI_USR014,Org-Epsilon-Team1,Org-Epsilon,2026-02-10,18,3.2,Debugging
AI_USR014,Org-Epsilon-Team1,Org-Epsilon,2026-02-11,2,4.4,Data Query
AI_USR014,Org-Epsilon-Team1,Org-Epsilon,2026-02-12,9,3.4,Documentation
AI_USR014,Org-Epsilon-Team1,Org-Epsilon,2026-02-13,17,3.9,Planning
AI_USR014,Org-Epsilon-Team1,Org-Epsilon,2026-02-15,20,4.7,Code Generation
AI_USR014,Org-Epsilon-Team1,Org-Epsilon,2026-02-16,15,3.0,Documentation
AI_USR014,Org-Epsilon-Team1,Org-Epsilon,2026-02-18,8,3.4,Summarization
AI_USR014,Org-Epsilon-Team1,Org-Epsilon,2026-02-19,7,4.4,Summarization
AI_USR014,Org-Epsilon-Team1,Org-Epsilon,2026-02-20,14,4.3,Data Query
AI_USR014,Org-Epsilon-Team1,Org-Epsilon,2026-02-21,1,3.7,Planning
AI_USR014,Org-Epsilon-Team1,Org-Epsilon,2026-02-22,13,3.4,Documentation
AI_USR014,Org-Epsilon-Team1,Org-Epsilon,2026-02-23,1,2.9,Data Query
AI_USR014,Org-Epsilon-Team1,Org-Epsilon,2026-02-26,17,3.9,Planning
AI_USR014,Org-Epsilon-Team1,Org-Epsilon,2026-02-27,9,3.8,Debugging
AI_USR014,Org-Epsilon-Team1,Org-Epsilon,2026-02-28,20,4.2,Data Query
AI_USR014,Org-Epsilon-Team1,Org-Epsilon,2026-03-01,18,3.7,Planning
AI_USR014,Org-Epsilon-Team1,Org-Epsilon,2026-03-03,8,2.9,Planning
AI_USR014,Org-Epsilon-Team1,Org-Epsilon,2026-03-04,14,2.9,Documentation
AI_USR014,Org-Epsilon-Team1,Org-Epsilon,2026-03-05,4,4.5,Debugging
AI_USR014,Org-Epsilon-Team1,Org-Epsilon,2026-03-06,5,4.2,Documentation
AI_USR014,Org-Epsilon-Team1,Org-Epsilon,2026-03-07,15,2.8,Code Generation
AI_USR014,Org-Epsilon-Team1,Org-Epsilon,2026-03-08,9,3.4,Debugging
AI_USR014,Org-Epsilon-Team1,Org-Epsilon,2026-03-09,14,3.3,Documentation
AI_USR014,Org-Epsilon-Team1,Org-Epsilon,2026-03-10,6,3.9,Summarization
AI_USR014,Org-Epsilon-Team1,Org-Epsilon,2026-03-11,2,3.0,Debugging
AI_USR014,Org-Epsilon-Team1,Org-Epsilon,2026-03-12,15,3.0,Documentation
AI_USR014,Org-Epsilon-Team1,Org-Epsilon,2026-03-13,16,4.5,Data Query
AI_USR014,Org-Epsilon-Team1,Org-Epsilon,2026-03-16,18,4.0,Debugging
AI_USR014,Org-Epsilon-Team1,Org-Epsilon,2026-03-17,10,2.7,Documentation
AI_USR014,Org-Epsilon-Team1,Org-Epsilon,2026-03-18,5,2.8,Data Query
AI_USR014,Org-Epsilon-Team1,Org-Epsilon,2026-03-22,8,3.6,Debugging
AI_USR014,Org-Epsilon-Team1,Org-Epsilon,2026-03-23,8,4.1,Planning
AI_USR014,Org-Epsilon-Team1,Org-Epsilon,2026-03-25,17,2.8,Debugging
AI_USR014,Org-Epsilon-Team1,Org-Epsilon,2026-03-26,6,2.8,Code Generation
AI_USR014,Org-Epsilon-Team1,Org-Epsilon,2026-03-27,3,4.0,Planning
AI_USR014,Org-Epsilon-Team1,Org-Epsilon,2026-03-28,12,2.5,Planning
AI_USR014,Org-Epsilon-Team1,Org-Epsilon,2026-03-30,14,3.4,Summarization
AI_USR014,Org-Epsilon-Team1,Org-Epsilon,2026-03-31,20,3.0,Data Query
AI_USR015,Org-Beta-Team2,Org-Beta,2026-01-01,9,5.1,Data Query
AI_USR015,Org-Beta-Team2,Org-Beta,2026-01-02,10,5.2,Code Generation
AI_USR015,Org-Beta-Team2,Org-Beta,2026-01-04,11,6.4,Documentation
AI_USR015,Org-Beta-Team2,Org-Beta,2026-01-05,14,5.6,Debugging
AI_USR015,Org-Beta-Team2,Org-Beta,2026-01-06,15,5.9,Code Generation
AI_USR015,Org-Beta-Team2,Org-Beta,2026-01-07,6,6.3,Code Generation
AI_USR015,Org-Beta-Team2,Org-Beta,2026-01-08,4,5.5,Debugging
AI_USR015,Org-Beta-Team2,Org-Beta,2026-01-10,10,5.0,Data Query
AI_USR015,Org-Beta-Team2,Org-Beta,2026-01-11,18,4.9,Debugging
AI_USR015,Org-Beta-Team2,Org-Beta,2026-01-12,6,5.0,Code Generation
AI_USR015,Org-Beta-Team2,Org-Beta,2026-01-14,19,5.9,Documentation
AI_USR015,Org-Beta-Team2,Org-Beta,2026-01-18,16,6.4,Data Query
AI_USR015,Org-Beta-Team2,Org-Beta,2026-01-19,15,5.0,Code Generation
AI_USR015,Org-Beta-Team2,Org-Beta,2026-01-20,2,5.6,Debugging
AI_USR015,Org-Beta-Team2,Org-Beta,2026-01-22,5,5.0,Planning
AI_USR015,Org-Beta-Team2,Org-Beta,2026-01-23,15,5.3,Debugging
AI_USR015,Org-Beta-Team2,Org-Beta,2026-01-25,20,5.6,Summarization
AI_USR015,Org-Beta-Team2,Org-Beta,2026-01-26,4,5.6,Planning
AI_USR015,Org-Beta-Team2,Org-Beta,2026-01-28,2,5.2,Summarization
AI_USR015,Org-Beta-Team2,Org-Beta,2026-01-29,4,5.7,Planning
AI_USR015,Org-Beta-Team2,Org-Beta,2026-01-31,6,5.1,Documentation
AI_USR015,Org-Beta-Team2,Org-Beta,2026-02-03,17,5.6,Data Query
AI_USR015,Org-Beta-Team2,Org-Beta,2026-02-05,2,5.9,Debugging
AI_USR015,Org-Beta-Team2,Org-Beta,2026-02-06,14,5.7,Summarization
AI_USR015,Org-Beta-Team2,Org-Beta,2026-02-08,17,4.7,Planning
AI_USR015,Org-Beta-Team2,Org-Beta,2026-02-09,16,6.2,Planning
AI_USR015,Org-Beta-Team2,Org-Beta,2026-02-10,3,5.6,Code Generation
AI_USR015,Org-Beta-Team2,Org-Beta,2026-02-11,5,5.3,Debugging
AI_USR015,Org-Beta-Team2,Org-Beta,2026-02-12,2,5.2,Debugging
AI_USR015,Org-Beta-Team2,Org-Beta,2026-02-13,17,6.5,Summarization
AI_USR015,Org-Beta-Team2,Org-Beta,2026-02-14,4,5.5,Data Query
AI_USR015,Org-Beta-Team2,Org-Beta,2026-02-16,1,4.7,Documentation
AI_USR015,Org-Beta-Team2,Org-Beta,2026-02-17,10,5.7,Data Query
AI_USR015,Org-Beta-Team2,Org-Beta,2026-02-18,18,4.7,Code Generation
AI_USR015,Org-Beta-Team2,Org-Beta,2026-02-19,16,6.4,Code Generation
AI_USR015,Org-Beta-Team2,Org-Beta,2026-02-20,12,5.0,Summarization
AI_USR015,Org-Beta-Team2,Org-Beta,2026-02-21,5,5.8,Data Query
AI_USR015,Org-Beta-Team2,Org-Beta,2026-02-23,4,6.3,Data Query
AI_USR015,Org-Beta-Team2,Org-Beta,2026-02-24,4,6.0,Code Generation
AI_USR015,Org-Beta-Team2,Org-Beta,2026-02-27,2,4.6,Debugging
AI_USR015,Org-Beta-Team2,Org-Beta,2026-02-28,5,5.3,Summarization
AI_USR015,Org-Beta-Team2,Org-Beta,2026-03-02,7,4.9,Data Query
AI_USR015,Org-Beta-Team2,Org-Beta,2026-03-04,7,5.2,Debugging
AI_USR015,Org-Beta-Team2,Org-Beta,2026-03-06,9,6.3,Documentation
AI_USR015,Org-Beta-Team2,Org-Beta,2026-03-08,5,4.8,Debugging
AI_USR015,Org-Beta-Team2,Org-Beta,2026-03-09,16,4.8,Data Query
AI_USR015,Org-Beta-Team2,Org-Beta,2026-03-10,8,5.1,Data Query
AI_USR015,Org-Beta-Team2,Org-Beta,2026-03-11,13,4.6,Planning
AI_USR015,Org-Beta-Team2,Org-Beta,2026-03-13,5,5.8,Documentation
AI_USR015,Org-Beta-Team2,Org-Beta,2026-03-14,16,5.8,Documentation
AI_USR015,Org-Beta-Team2,Org-Beta,2026-03-15,10,5.9,Planning
AI_USR015,Org-Beta-Team2,Org-Beta,2026-03-18,20,6.1,Summarization
AI_USR015,Org-Beta-Team2,Org-Beta,2026-03-22,3,6.0,Summarization
AI_USR015,Org-Beta-Team2,Org-Beta,2026-03-25,5,5.1,Data Query
AI_USR015,Org-Beta-Team2,Org-Beta,2026-03-26,8,5.2,Summarization
AI_USR015,Org-Beta-Team2,Org-Beta,2026-03-27,6,4.8,Planning
AI_USR015,Org-Beta-Team2,Org-Beta,2026-03-28,5,4.6,Summarization
AI_USR015,Org-Beta-Team2,Org-Beta,2026-03-29,16,6.1,Summarization
AI_USR015,Org-Beta-Team2,Org-Beta,2026-03-30,1,6.2,Summarization
AI_USR015,Org-Beta-Team2,Org-Beta,2026-03-31,8,5.3,Debugging
AI_USR016,Org-Alpha-Team4,Org-Alpha,2026-01-01,12,5.4,Planning
AI_USR016,Org-Alpha-Team4,Org-Alpha,2026-01-02,10,5.3,Documentation
AI_USR016,Org-Alpha-Team4,Org-Alpha,2026-01-03,20,6.6,Debugging
AI_USR016,Org-Alpha-Team4,Org-Alpha,2026-01-05,14,6.0,Data Query
AI_USR016,Org-Alpha-Team4,Org-Alpha,2026-01-07,9,6.0,Data Query
AI_USR016,Org-Alpha-Team4,Org-Alpha,2026-01-08,12,5.7,Planning
AI_USR016,Org-Alpha-Team4,Org-Alpha,2026-01-09,8,5.9,Documentation
AI_USR016,Org-Alpha-Team4,Org-Alpha,2026-01-10,20,5.4,Code Generation
AI_USR016,Org-Alpha-Team4,Org-Alpha,2026-01-11,13,5.7,Code Generation
AI_USR016,Org-Alpha-Team4,Org-Alpha,2026-01-12,14,5.6,Debugging
AI_USR016,Org-Alpha-Team4,Org-Alpha,2026-01-14,15,6.9,Debugging
AI_USR016,Org-Alpha-Team4,Org-Alpha,2026-01-15,16,5.4,Debugging
AI_USR016,Org-Alpha-Team4,Org-Alpha,2026-01-16,20,6.5,Planning
AI_USR016,Org-Alpha-Team4,Org-Alpha,2026-01-17,8,6.8,Data Query
AI_USR016,Org-Alpha-Team4,Org-Alpha,2026-01-18,13,5.6,Planning
AI_USR016,Org-Alpha-Team4,Org-Alpha,2026-01-20,1,5.5,Documentation
AI_USR016,Org-Alpha-Team4,Org-Alpha,2026-01-22,2,6.8,Data Query
AI_USR016,Org-Alpha-Team4,Org-Alpha,2026-01-24,8,6.3,Planning
AI_USR016,Org-Alpha-Team4,Org-Alpha,2026-01-25,5,5.7,Code Generation
AI_USR016,Org-Alpha-Team4,Org-Alpha,2026-01-27,18,7.5,Data Query
AI_USR016,Org-Alpha-Team4,Org-Alpha,2026-01-28,2,7.5,Debugging
AI_USR016,Org-Alpha-Team4,Org-Alpha,2026-01-29,18,7.0,Planning
AI_USR016,Org-Alpha-Team4,Org-Alpha,2026-01-30,8,5.6,Debugging
AI_USR016,Org-Alpha-Team4,Org-Alpha,2026-01-31,20,7.6,Documentation
AI_USR016,Org-Alpha-Team4,Org-Alpha,2026-02-01,18,6.5,Data Query
AI_USR016,Org-Alpha-Team4,Org-Alpha,2026-02-04,15,6.4,Debugging
AI_USR016,Org-Alpha-Team4,Org-Alpha,2026-02-05,4,7.0,Summarization
AI_USR016,Org-Alpha-Team4,Org-Alpha,2026-02-06,11,7.0,Code Generation
AI_USR016,Org-Alpha-Team4,Org-Alpha,2026-02-07,1,6.1,Summarization
AI_USR016,Org-Alpha-Team4,Org-Alpha,2026-02-08,7,6.9,Data Query
AI_USR016,Org-Alpha-Team4,Org-Alpha,2026-02-09,19,6.4,Debugging
AI_USR016,Org-Alpha-Team4,Org-Alpha,2026-02-10,5,7.2,Debugging
AI_USR016,Org-Alpha-Team4,Org-Alpha,2026-02-11,17,7.5,Data Query
AI_USR016,Org-Alpha-Team4,Org-Alpha,2026-02-14,3,7.8,Planning
AI_USR016,Org-Alpha-Team4,Org-Alpha,2026-02-16,13,7.8,Data Query
AI_USR016,Org-Alpha-Team4,Org-Alpha,2026-02-17,8,7.4,Debugging
AI_USR016,Org-Alpha-Team4,Org-Alpha,2026-02-20,4,7.6,Debugging
AI_USR016,Org-Alpha-Team4,Org-Alpha,2026-02-21,4,8.3,Documentation
AI_USR016,Org-Alpha-Team4,Org-Alpha,2026-02-22,13,6.9,Planning
AI_USR016,Org-Alpha-Team4,Org-Alpha,2026-02-27,5,6.9,Debugging
AI_USR016,Org-Alpha-Team4,Org-Alpha,2026-03-02,18,6.9,Summarization
AI_USR016,Org-Alpha-Team4,Org-Alpha,2026-03-03,17,6.7,Documentation
AI_USR016,Org-Alpha-Team4,Org-Alpha,2026-03-04,7,7.0,Debugging
AI_USR016,Org-Alpha-Team4,Org-Alpha,2026-03-05,1,8.3,Summarization
AI_USR016,Org-Alpha-Team4,Org-Alpha,2026-03-07,7,8.6,Code Generation
AI_USR016,Org-Alpha-Team4,Org-Alpha,2026-03-08,9,8.0,Data Query
AI_USR016,Org-Alpha-Team4,Org-Alpha,2026-03-09,1,8.7,Data Query
AI_USR016,Org-Alpha-Team4,Org-Alpha,2026-03-10,17,8.1,Summarization
AI_USR016,Org-Alpha-Team4,Org-Alpha,2026-03-11,6,8.1,Code Generation
AI_USR016,Org-Alpha-Team4,Org-Alpha,2026-03-12,9,7.2,Data Query
AI_USR016,Org-Alpha-Team4,Org-Alpha,2026-03-13,14,7.2,Code Generation
AI_USR016,Org-Alpha-Team4,Org-Alpha,2026-03-15,20,8.8,Data Query
AI_USR016,Org-Alpha-Team4,Org-Alpha,2026-03-18,7,8.5,Data Query
AI_USR016,Org-Alpha-Team4,Org-Alpha,2026-03-19,4,7.2,Documentation
AI_USR016,Org-Alpha-Team4,Org-Alpha,2026-03-21,14,9.1,Planning
AI_USR016,Org-Alpha-Team4,Org-Alpha,2026-03-22,17,7.8,Debugging
AI_USR016,Org-Alpha-Team4,Org-Alpha,2026-03-24,5,8.7,Summarization
AI_USR016,Org-Alpha-Team4,Org-Alpha,2026-03-25,15,9.0,Debugging
AI_USR016,Org-Alpha-Team4,Org-Alpha,2026-03-27,8,7.6,Code Generation
AI_USR016,Org-Alpha-Team4,Org-Alpha,2026-03-28,10,8.1,Code Generation
AI_USR016,Org-Alpha-Team4,Org-Alpha,2026-03-29,9,7.7,Data Query
AI_USR016,Org-Alpha-Team4,Org-Alpha,2026-03-30,8,7.8,Code Generation
AI_USR016,Org-Alpha-Team4,Org-Alpha,2026-03-31,16,9.1,Data Query
AI_USR017,Org-Beta-Team1,Org-Beta,2026-01-01,13,7.0,Data Query
AI_USR017,Org-Beta-Team1,Org-Beta,2026-01-02,5,7.4,Debugging
AI_USR017,Org-Beta-Team1,Org-Beta,2026-01-04,19,6.7,Documentation
AI_USR017,Org-Beta-Team1,Org-Beta,2026-01-07,3,6.4,Planning
AI_USR017,Org-Beta-Team1,Org-Beta,2026-01-11,14,5.5,Code Generation
AI_USR017,Org-Beta-Team1,Org-Beta,2026-01-12,14,6.9,Debugging
AI_USR017,Org-Beta-Team1,Org-Beta,2026-01-16,1,7.4,Data Query
AI_USR017,Org-Beta-Team1,Org-Beta,2026-01-17,5,7.2,Planning
AI_USR017,Org-Beta-Team1,Org-Beta,2026-01-18,12,6.6,Summarization
AI_USR017,Org-Beta-Team1,Org-Beta,2026-01-19,7,6.7,Debugging
AI_USR017,Org-Beta-Team1,Org-Beta,2026-01-21,7,7.1,Summarization
AI_USR017,Org-Beta-Team1,Org-Beta,2026-01-22,4,5.6,Summarization
AI_USR017,Org-Beta-Team1,Org-Beta,2026-01-23,15,6.7,Data Query
AI_USR017,Org-Beta-Team1,Org-Beta,2026-01-24,7,7.4,Data Query
AI_USR017,Org-Beta-Team1,Org-Beta,2026-01-29,5,6.0,Data Query
AI_USR017,Org-Beta-Team1,Org-Beta,2026-01-31,10,7.4,Data Query
AI_USR017,Org-Beta-Team1,Org-Beta,2026-02-01,10,5.8,Code Generation
AI_USR017,Org-Beta-Team1,Org-Beta,2026-02-02,9,7.5,Data Query
AI_USR017,Org-Beta-Team1,Org-Beta,2026-02-03,1,6.4,Debugging
AI_USR017,Org-Beta-Team1,Org-Beta,2026-02-06,1,7.1,Debugging
AI_USR017,Org-Beta-Team1,Org-Beta,2026-02-07,5,6.4,Code Generation
AI_USR017,Org-Beta-Team1,Org-Beta,2026-02-08,8,6.3,Code Generation
AI_USR017,Org-Beta-Team1,Org-Beta,2026-02-09,10,6.2,Summarization
AI_USR017,Org-Beta-Team1,Org-Beta,2026-02-10,17,7.6,Data Query
AI_USR017,Org-Beta-Team1,Org-Beta,2026-02-12,8,7.1,Debugging
AI_USR017,Org-Beta-Team1,Org-Beta,2026-02-13,9,6.5,Summarization
AI_USR017,Org-Beta-Team1,Org-Beta,2026-02-14,5,7.4,Debugging
AI_USR017,Org-Beta-Team1,Org-Beta,2026-02-17,18,6.4,Planning
AI_USR017,Org-Beta-Team1,Org-Beta,2026-02-18,15,7.4,Debugging
AI_USR017,Org-Beta-Team1,Org-Beta,2026-02-22,9,6.8,Planning
AI_USR017,Org-Beta-Team1,Org-Beta,2026-02-23,18,6.4,Planning
AI_USR017,Org-Beta-Team1,Org-Beta,2026-02-24,13,6.6,Debugging
AI_USR017,Org-Beta-Team1,Org-Beta,2026-02-25,14,6.5,Planning
AI_USR017,Org-Beta-Team1,Org-Beta,2026-02-28,6,6.8,Debugging
AI_USR017,Org-Beta-Team1,Org-Beta,2026-03-02,9,7.8,Summarization
AI_USR017,Org-Beta-Team1,Org-Beta,2026-03-03,10,7.5,Debugging
AI_USR017,Org-Beta-Team1,Org-Beta,2026-03-04,10,6.4,Debugging
AI_USR017,Org-Beta-Team1,Org-Beta,2026-03-07,4,6.3,Planning
AI_USR017,Org-Beta-Team1,Org-Beta,2026-03-08,8,6.6,Data Query
AI_USR017,Org-Beta-Team1,Org-Beta,2026-03-11,8,6.9,Planning
AI_USR017,Org-Beta-Team1,Org-Beta,2026-03-12,2,7.8,Debugging
AI_USR017,Org-Beta-Team1,Org-Beta,2026-03-14,11,6.2,Planning
AI_USR017,Org-Beta-Team1,Org-Beta,2026-03-15,2,7.9,Debugging
AI_USR017,Org-Beta-Team1,Org-Beta,2026-03-16,16,6.8,Summarization
AI_USR017,Org-Beta-Team1,Org-Beta,2026-03-17,2,7.6,Code Generation
AI_USR017,Org-Beta-Team1,Org-Beta,2026-03-18,2,6.3,Documentation
AI_USR017,Org-Beta-Team1,Org-Beta,2026-03-19,2,7.8,Debugging
AI_USR017,Org-Beta-Team1,Org-Beta,2026-03-20,1,7.4,Planning
AI_USR017,Org-Beta-Team1,Org-Beta,2026-03-21,3,7.7,Data Query
AI_USR017,Org-Beta-Team1,Org-Beta,2026-03-22,17,7.1,Code Generation
AI_USR017,Org-Beta-Team1,Org-Beta,2026-03-24,12,6.7,Debugging
AI_USR017,Org-Beta-Team1,Org-Beta,2026-03-26,18,6.3,Debugging
AI_USR017,Org-Beta-Team1,Org-Beta,2026-03-27,20,7.1,Documentation
AI_USR017,Org-Beta-Team1,Org-Beta,2026-03-28,18,6.1,Debugging
AI_USR017,Org-Beta-Team1,Org-Beta,2026-03-29,13,6.6,Debugging
AI_USR017,Org-Beta-Team1,Org-Beta,2026-03-30,20,7.6,Code Generation
AI_USR018,Org-Alpha-Team1,Org-Alpha,2026-01-01,13,8.1,Data Query
AI_USR018,Org-Alpha-Team1,Org-Alpha,2026-01-03,9,9.3,Data Query
AI_USR018,Org-Alpha-Team1,Org-Alpha,2026-01-04,9,7.8,Planning
AI_USR018,Org-Alpha-Team1,Org-Alpha,2026-01-05,10,7.7,Data Query
AI_USR018,Org-Alpha-Team1,Org-Alpha,2026-01-06,15,8.4,Summarization
AI_USR018,Org-Alpha-Team1,Org-Alpha,2026-01-07,2,9.1,Code Generation
AI_USR018,Org-Alpha-Team1,Org-Alpha,2026-01-08,11,8.1,Documentation
AI_USR018,Org-Alpha-Team1,Org-Alpha,2026-01-09,20,8.0,Documentation
AI_USR018,Org-Alpha-Team1,Org-Alpha,2026-01-10,13,8.1,Data Query
AI_USR018,Org-Alpha-Team1,Org-Alpha,2026-01-11,4,8.0,Documentation
AI_USR018,Org-Alpha-Team1,Org-Alpha,2026-01-17,13,8.1,Data Query
AI_USR018,Org-Alpha-Team1,Org-Alpha,2026-01-18,14,7.9,Planning
AI_USR018,Org-Alpha-Team1,Org-Alpha,2026-01-20,2,8.8,Debugging
AI_USR018,Org-Alpha-Team1,Org-Alpha,2026-01-21,13,8.8,Summarization
AI_USR018,Org-Alpha-Team1,Org-Alpha,2026-01-22,3,8.8,Summarization
AI_USR018,Org-Alpha-Team1,Org-Alpha,2026-01-23,14,8.0,Planning
AI_USR018,Org-Alpha-Team1,Org-Alpha,2026-01-24,9,9.8,Planning
AI_USR018,Org-Alpha-Team1,Org-Alpha,2026-01-25,2,8.7,Summarization
AI_USR018,Org-Alpha-Team1,Org-Alpha,2026-01-28,9,9.2,Data Query
AI_USR018,Org-Alpha-Team1,Org-Alpha,2026-01-30,20,8.3,Planning
AI_USR018,Org-Alpha-Team1,Org-Alpha,2026-01-31,12,9.4,Data Query
AI_USR018,Org-Alpha-Team1,Org-Alpha,2026-02-02,18,10.0,Debugging
AI_USR018,Org-Alpha-Team1,Org-Alpha,2026-02-04,11,8.9,Documentation
AI_USR018,Org-Alpha-Team1,Org-Alpha,2026-02-05,10,10.0,Code Generation
AI_USR018,Org-Alpha-Team1,Org-Alpha,2026-02-06,9,9.8,Planning
AI_USR018,Org-Alpha-Team1,Org-Alpha,2026-02-08,20,8.4,Debugging
AI_USR018,Org-Alpha-Team1,Org-Alpha,2026-02-09,14,8.9,Code Generation
AI_USR018,Org-Alpha-Team1,Org-Alpha,2026-02-10,3,9.8,Debugging
AI_USR018,Org-Alpha-Team1,Org-Alpha,2026-02-12,14,9.6,Code Generation
AI_USR018,Org-Alpha-Team1,Org-Alpha,2026-02-13,7,9.0,Data Query
AI_USR018,Org-Alpha-Team1,Org-Alpha,2026-02-14,6,9.6,Documentation
AI_USR018,Org-Alpha-Team1,Org-Alpha,2026-02-16,13,9.1,Documentation
AI_USR018,Org-Alpha-Team1,Org-Alpha,2026-02-19,10,9.8,Documentation
AI_USR018,Org-Alpha-Team1,Org-Alpha,2026-02-20,4,10.0,Data Query
AI_USR018,Org-Alpha-Team1,Org-Alpha,2026-02-21,14,9.8,Documentation
AI_USR018,Org-Alpha-Team1,Org-Alpha,2026-02-23,12,9.6,Documentation
AI_USR018,Org-Alpha-Team1,Org-Alpha,2026-02-25,16,10.0,Summarization
AI_USR018,Org-Alpha-Team1,Org-Alpha,2026-02-26,4,9.7,Planning
AI_USR018,Org-Alpha-Team1,Org-Alpha,2026-03-01,1,10.0,Summarization
AI_USR018,Org-Alpha-Team1,Org-Alpha,2026-03-03,12,9.8,Code Generation
AI_USR018,Org-Alpha-Team1,Org-Alpha,2026-03-04,5,10.0,Summarization
AI_USR018,Org-Alpha-Team1,Org-Alpha,2026-03-07,18,10.0,Planning
AI_USR018,Org-Alpha-Team1,Org-Alpha,2026-03-08,10,10.0,Debugging
AI_USR018,Org-Alpha-Team1,Org-Alpha,2026-03-09,20,9.9,Documentation
AI_USR018,Org-Alpha-Team1,Org-Alpha,2026-03-10,1,10.0,Planning
AI_USR018,Org-Alpha-Team1,Org-Alpha,2026-03-11,4,10.0,Planning
AI_USR018,Org-Alpha-Team1,Org-Alpha,2026-03-12,15,10.0,Planning
AI_USR018,Org-Alpha-Team1,Org-Alpha,2026-03-13,15,9.2,Documentation
AI_USR018,Org-Alpha-Team1,Org-Alpha,2026-03-15,1,9.4,Documentation
AI_USR018,Org-Alpha-Team1,Org-Alpha,2026-03-16,5,9.9,Debugging
AI_USR018,Org-Alpha-Team1,Org-Alpha,2026-03-17,14,10.0,Documentation
AI_USR018,Org-Alpha-Team1,Org-Alpha,2026-03-18,12,9.5,Data Query
AI_USR018,Org-Alpha-Team1,Org-Alpha,2026-03-19,1,9.7,Code Generation
AI_USR018,Org-Alpha-Team1,Org-Alpha,2026-03-22,5,10.0,Planning
AI_USR018,Org-Alpha-Team1,Org-Alpha,2026-03-23,10,10.0,Debugging
AI_USR018,Org-Alpha-Team1,Org-Alpha,2026-03-24,4,9.9,Summarization
AI_USR018,Org-Alpha-Team1,Org-Alpha,2026-03-25,9,10.0,Summarization
AI_USR018,Org-Alpha-Team1,Org-Alpha,2026-03-26,9,10.0,Debugging
AI_USR018,Org-Alpha-Team1,Org-Alpha,2026-03-27,11,10.0,Code Generation
AI_USR018,Org-Alpha-Team1,Org-Alpha,2026-03-30,15,10.0,Data Query
AI_USR018,Org-Alpha-Team1,Org-Alpha,2026-03-31,15,9.9,Code Generation
AI_USR019,Org-Beta-Team4,Org-Beta,2026-01-01,2,4.1,Documentation
AI_USR019,Org-Beta-Team4,Org-Beta,2026-01-02,17,2.7,Summarization
AI_USR019,Org-Beta-Team4,Org-Beta,2026-01-05,6,2.8,Planning
AI_USR019,Org-Beta-Team4,Org-Beta,2026-01-06,8,4.1,Documentation
AI_USR019,Org-Beta-Team4,Org-Beta,2026-01-07,14,2.1,Summarization
AI_USR019,Org-Beta-Team4,Org-Beta,2026-01-08,17,2.4,Documentation
AI_USR019,Org-Beta-Team4,Org-Beta,2026-01-11,19,3.4,Summarization
AI_USR019,Org-Beta-Team4,Org-Beta,2026-01-13,6,3.9,Data Query
AI_USR019,Org-Beta-Team4,Org-Beta,2026-01-14,3,2.7,Data Query
AI_USR019,Org-Beta-Team4,Org-Beta,2026-01-16,12,3.8,Documentation
AI_USR019,Org-Beta-Team4,Org-Beta,2026-01-17,19,3.4,Planning
AI_USR019,Org-Beta-Team4,Org-Beta,2026-01-20,20,3.5,Planning
AI_USR019,Org-Beta-Team4,Org-Beta,2026-01-21,18,3.3,Planning
AI_USR019,Org-Beta-Team4,Org-Beta,2026-01-23,6,2.0,Planning
AI_USR019,Org-Beta-Team4,Org-Beta,2026-01-24,8,3.2,Documentation
AI_USR019,Org-Beta-Team4,Org-Beta,2026-01-25,6,3.8,Documentation
AI_USR019,Org-Beta-Team4,Org-Beta,2026-01-26,3,3.8,Summarization
AI_USR019,Org-Beta-Team4,Org-Beta,2026-01-28,18,2.9,Summarization
AI_USR019,Org-Beta-Team4,Org-Beta,2026-01-30,3,2.0,Documentation
AI_USR019,Org-Beta-Team4,Org-Beta,2026-01-31,3,2.5,Summarization
AI_USR019,Org-Beta-Team4,Org-Beta,2026-02-01,9,2.3,Data Query
AI_USR019,Org-Beta-Team4,Org-Beta,2026-02-02,1,3.1,Code Generation
AI_USR019,Org-Beta-Team4,Org-Beta,2026-02-04,18,3.7,Code Generation
AI_USR019,Org-Beta-Team4,Org-Beta,2026-02-06,20,3.4,Summarization
AI_USR019,Org-Beta-Team4,Org-Beta,2026-02-07,19,2.2,Documentation
AI_USR019,Org-Beta-Team4,Org-Beta,2026-02-08,4,2.7,Summarization
AI_USR019,Org-Beta-Team4,Org-Beta,2026-02-10,14,3.0,Code Generation
AI_USR019,Org-Beta-Team4,Org-Beta,2026-02-12,6,3.7,Code Generation
AI_USR019,Org-Beta-Team4,Org-Beta,2026-02-14,12,3.2,Planning
AI_USR019,Org-Beta-Team4,Org-Beta,2026-02-16,5,2.0,Summarization
AI_USR019,Org-Beta-Team4,Org-Beta,2026-02-17,1,2.8,Documentation
AI_USR019,Org-Beta-Team4,Org-Beta,2026-02-18,11,2.7,Documentation
AI_USR019,Org-Beta-Team4,Org-Beta,2026-02-19,1,2.0,Data Query
AI_USR019,Org-Beta-Team4,Org-Beta,2026-02-20,16,2.0,Code Generation
AI_USR019,Org-Beta-Team4,Org-Beta,2026-02-21,15,2.8,Data Query
AI_USR019,Org-Beta-Team4,Org-Beta,2026-02-25,7,3.2,Planning
AI_USR019,Org-Beta-Team4,Org-Beta,2026-02-26,14,2.0,Code Generation
AI_USR019,Org-Beta-Team4,Org-Beta,2026-02-27,19,2.9,Documentation
AI_USR019,Org-Beta-Team4,Org-Beta,2026-03-03,12,3.0,Summarization
AI_USR019,Org-Beta-Team4,Org-Beta,2026-03-05,1,3.6,Planning
AI_USR019,Org-Beta-Team4,Org-Beta,2026-03-07,6,3.6,Documentation
AI_USR019,Org-Beta-Team4,Org-Beta,2026-03-08,18,3.1,Debugging
AI_USR019,Org-Beta-Team4,Org-Beta,2026-03-09,14,3.4,Code Generation
AI_USR019,Org-Beta-Team4,Org-Beta,2026-03-10,12,2.7,Planning
AI_USR019,Org-Beta-Team4,Org-Beta,2026-03-11,1,3.5,Data Query
AI_USR019,Org-Beta-Team4,Org-Beta,2026-03-12,16,2.2,Summarization
AI_USR019,Org-Beta-Team4,Org-Beta,2026-03-14,11,2.5,Debugging
AI_USR019,Org-Beta-Team4,Org-Beta,2026-03-16,11,2.7,Summarization
AI_USR019,Org-Beta-Team4,Org-Beta,2026-03-17,9,1.9,Data Query
AI_USR019,Org-Beta-Team4,Org-Beta,2026-03-18,11,1.9,Debugging
AI_USR019,Org-Beta-Team4,Org-Beta,2026-03-23,8,3.0,Data Query
AI_USR019,Org-Beta-Team4,Org-Beta,2026-03-25,19,3.3,Code Generation
AI_USR019,Org-Beta-Team4,Org-Beta,2026-03-26,7,2.4,Planning
AI_USR019,Org-Beta-Team4,Org-Beta,2026-03-27,6,3.3,Planning
AI_USR019,Org-Beta-Team4,Org-Beta,2026-03-28,2,1.8,Summarization
AI_USR019,Org-Beta-Team4,Org-Beta,2026-03-30,20,3.4,Summarization
AI_USR019,Org-Beta-Team4,Org-Beta,2026-03-31,9,2.7,Debugging
AI_USR020,Org-Gamma-Team4,Org-Gamma,2026-01-01,7,3.9,Summarization
AI_USR020,Org-Gamma-Team4,Org-Gamma,2026-01-02,15,3.9,Code Generation
AI_USR020,Org-Gamma-Team4,Org-Gamma,2026-01-03,19,2.3,Code Generation
AI_USR020,Org-Gamma-Team4,Org-Gamma,2026-01-05,11,3.9,Summarization
AI_USR020,Org-Gamma-Team4,Org-Gamma,2026-01-06,16,3.4,Summarization
AI_USR020,Org-Gamma-Team4,Org-Gamma,2026-01-08,17,3.6,Documentation
AI_USR020,Org-Gamma-Team4,Org-Gamma,2026-01-09,9,4.0,Summarization
AI_USR020,Org-Gamma-Team4,Org-Gamma,2026-01-11,13,2.7,Data Query
AI_USR020,Org-Gamma-Team4,Org-Gamma,2026-01-14,7,4.1,Data Query
AI_USR020,Org-Gamma-Team4,Org-Gamma,2026-01-15,15,4.0,Planning
AI_USR020,Org-Gamma-Team4,Org-Gamma,2026-01-17,2,3.5,Documentation
AI_USR020,Org-Gamma-Team4,Org-Gamma,2026-01-18,18,4.2,Planning
AI_USR020,Org-Gamma-Team4,Org-Gamma,2026-01-19,15,3.5,Summarization
AI_USR020,Org-Gamma-Team4,Org-Gamma,2026-01-20,14,3.6,Debugging
AI_USR020,Org-Gamma-Team4,Org-Gamma,2026-01-21,10,3.4,Documentation
AI_USR020,Org-Gamma-Team4,Org-Gamma,2026-01-23,8,2.8,Code Generation
AI_USR020,Org-Gamma-Team4,Org-Gamma,2026-01-28,15,3.4,Data Query
AI_USR020,Org-Gamma-Team4,Org-Gamma,2026-01-29,15,4.6,Documentation
AI_USR020,Org-Gamma-Team4,Org-Gamma,2026-01-30,3,3.2,Documentation
AI_USR020,Org-Gamma-Team4,Org-Gamma,2026-01-31,20,3.0,Debugging
AI_USR020,Org-Gamma-Team4,Org-Gamma,2026-02-01,20,4.5,Summarization
AI_USR020,Org-Gamma-Team4,Org-Gamma,2026-02-02,15,3.4,Code Generation
AI_USR020,Org-Gamma-Team4,Org-Gamma,2026-02-05,14,4.6,Debugging
AI_USR020,Org-Gamma-Team4,Org-Gamma,2026-02-06,10,4.8,Data Query
AI_USR020,Org-Gamma-Team4,Org-Gamma,2026-02-07,6,3.7,Documentation
AI_USR020,Org-Gamma-Team4,Org-Gamma,2026-02-09,17,3.4,Planning
AI_USR020,Org-Gamma-Team4,Org-Gamma,2026-02-11,1,4.7,Data Query
AI_USR020,Org-Gamma-Team4,Org-Gamma,2026-02-12,17,4.6,Planning
AI_USR020,Org-Gamma-Team4,Org-Gamma,2026-02-13,6,4.9,Planning
AI_USR020,Org-Gamma-Team4,Org-Gamma,2026-02-14,7,4.4,Code Generation
AI_USR020,Org-Gamma-Team4,Org-Gamma,2026-02-18,5,4.9,Planning
AI_USR020,Org-Gamma-Team4,Org-Gamma,2026-02-19,10,3.5,Planning
AI_USR020,Org-Gamma-Team4,Org-Gamma,2026-02-20,19,3.4,Summarization
AI_USR020,Org-Gamma-Team4,Org-Gamma,2026-02-21,4,4.2,Debugging
AI_USR020,Org-Gamma-Team4,Org-Gamma,2026-02-23,4,4.5,Summarization
AI_USR020,Org-Gamma-Team4,Org-Gamma,2026-02-24,10,4.5,Code Generation
AI_USR020,Org-Gamma-Team4,Org-Gamma,2026-02-25,19,4.9,Planning
AI_USR020,Org-Gamma-Team4,Org-Gamma,2026-02-27,6,5.3,Summarization
AI_USR020,Org-Gamma-Team4,Org-Gamma,2026-02-28,14,4.7,Summarization
AI_USR020,Org-Gamma-Team4,Org-Gamma,2026-03-01,10,5.0,Planning
AI_USR020,Org-Gamma-Team4,Org-Gamma,2026-03-02,15,4.5,Data Query
AI_USR020,Org-Gamma-Team4,Org-Gamma,2026-03-03,16,4.1,Debugging
AI_USR020,Org-Gamma-Team4,Org-Gamma,2026-03-04,7,5.4,Planning
AI_USR020,Org-Gamma-Team4,Org-Gamma,2026-03-06,16,5.3,Data Query
AI_USR020,Org-Gamma-Team4,Org-Gamma,2026-03-07,19,5.1,Data Query
AI_USR020,Org-Gamma-Team4,Org-Gamma,2026-03-08,1,5.1,Code Generation
AI_USR020,Org-Gamma-Team4,Org-Gamma,2026-03-09,17,5.0,Debugging
AI_USR020,Org-Gamma-Team4,Org-Gamma,2026-03-10,18,4.7,Data Query
AI_USR020,Org-Gamma-Team4,Org-Gamma,2026-03-11,15,5.6,Data Query
AI_USR020,Org-Gamma-Team4,Org-Gamma,2026-03-13,15,4.2,Code Generation
AI_USR020,Org-Gamma-Team4,Org-Gamma,2026-03-14,7,4.6,Planning
AI_USR020,Org-Gamma-Team4,Org-Gamma,2026-03-15,11,5.0,Debugging
AI_USR020,Org-Gamma-Team4,Org-Gamma,2026-03-16,14,5.5,Documentation
AI_USR020,Org-Gamma-Team4,Org-Gamma,2026-03-17,8,4.2,Data Query
AI_USR020,Org-Gamma-Team4,Org-Gamma,2026-03-19,12,5.8,Code Generation
AI_USR020,Org-Gamma-Team4,Org-Gamma,2026-03-20,17,4.4,Data Query
AI_USR020,Org-Gamma-Team4,Org-Gamma,2026-03-23,2,5.5,Debugging
AI_USR020,Org-Gamma-Team4,Org-Gamma,2026-03-24,17,6.0,Debugging
AI_USR020,Org-Gamma-Team4,Org-Gamma,2026-03-28,5,4.8,Summarization
AI_USR021,Org-Epsilon-Team1,Org-Epsilon,2026-01-01,16,2.4,Debugging
AI_USR021,Org-Epsilon-Team1,Org-Epsilon,2026-01-04,9,3.4,Documentation
AI_USR021,Org-Epsilon-Team1,Org-Epsilon,2026-01-07,4,2.4,Planning
AI_USR021,Org-Epsilon-Team1,Org-Epsilon,2026-01-09,1,3.2,Planning
AI_USR021,Org-Epsilon-Team1,Org-Epsilon,2026-01-12,8,2.7,Documentation
AI_USR021,Org-Epsilon-Team1,Org-Epsilon,2026-01-13,13,4.0,Data Query
AI_USR021,Org-Epsilon-Team1,Org-Epsilon,2026-01-15,6,3.7,Code Generation
AI_USR021,Org-Epsilon-Team1,Org-Epsilon,2026-01-16,19,4.0,Debugging
AI_USR021,Org-Epsilon-Team1,Org-Epsilon,2026-01-17,3,4.0,Code Generation
AI_USR021,Org-Epsilon-Team1,Org-Epsilon,2026-01-18,16,2.9,Debugging
AI_USR021,Org-Epsilon-Team1,Org-Epsilon,2026-01-19,20,3.9,Debugging
AI_USR021,Org-Epsilon-Team1,Org-Epsilon,2026-01-21,19,4.4,Debugging
AI_USR021,Org-Epsilon-Team1,Org-Epsilon,2026-01-23,17,2.6,Data Query
AI_USR021,Org-Epsilon-Team1,Org-Epsilon,2026-01-24,16,2.7,Documentation
AI_USR021,Org-Epsilon-Team1,Org-Epsilon,2026-01-25,18,2.9,Planning
AI_USR021,Org-Epsilon-Team1,Org-Epsilon,2026-01-27,2,2.7,Data Query
AI_USR021,Org-Epsilon-Team1,Org-Epsilon,2026-02-01,3,4.0,Data Query
AI_USR021,Org-Epsilon-Team1,Org-Epsilon,2026-02-02,12,2.9,Summarization
AI_USR021,Org-Epsilon-Team1,Org-Epsilon,2026-02-06,13,4.2,Debugging
AI_USR021,Org-Epsilon-Team1,Org-Epsilon,2026-02-07,14,3.7,Documentation
AI_USR021,Org-Epsilon-Team1,Org-Epsilon,2026-02-09,18,4.4,Data Query
AI_USR021,Org-Epsilon-Team1,Org-Epsilon,2026-02-10,17,3.6,Code Generation
AI_USR021,Org-Epsilon-Team1,Org-Epsilon,2026-02-12,9,2.8,Documentation
AI_USR021,Org-Epsilon-Team1,Org-Epsilon,2026-02-13,4,3.1,Debugging
AI_USR021,Org-Epsilon-Team1,Org-Epsilon,2026-02-14,13,3.8,Debugging
AI_USR021,Org-Epsilon-Team1,Org-Epsilon,2026-02-16,4,3.4,Summarization
AI_USR021,Org-Epsilon-Team1,Org-Epsilon,2026-02-19,16,3.1,Planning
AI_USR021,Org-Epsilon-Team1,Org-Epsilon,2026-02-21,20,4.4,Data Query
AI_USR021,Org-Epsilon-Team1,Org-Epsilon,2026-02-25,4,4.9,Data Query
AI_USR021,Org-Epsilon-Team1,Org-Epsilon,2026-02-27,8,3.4,Summarization
AI_USR021,Org-Epsilon-Team1,Org-Epsilon,2026-03-01,16,4.8,Planning
AI_USR021,Org-Epsilon-Team1,Org-Epsilon,2026-03-02,14,4.0,Documentation
AI_USR021,Org-Epsilon-Team1,Org-Epsilon,2026-03-03,11,3.2,Planning
AI_USR021,Org-Epsilon-Team1,Org-Epsilon,2026-03-04,13,3.2,Code Generation
AI_USR021,Org-Epsilon-Team1,Org-Epsilon,2026-03-05,3,4.5,Summarization
AI_USR021,Org-Epsilon-Team1,Org-Epsilon,2026-03-07,11,3.9,Documentation
AI_USR021,Org-Epsilon-Team1,Org-Epsilon,2026-03-08,19,4.7,Planning
AI_USR021,Org-Epsilon-Team1,Org-Epsilon,2026-03-09,16,4.0,Planning
AI_USR021,Org-Epsilon-Team1,Org-Epsilon,2026-03-10,8,5.0,Data Query
AI_USR021,Org-Epsilon-Team1,Org-Epsilon,2026-03-11,10,5.1,Data Query
AI_USR021,Org-Epsilon-Team1,Org-Epsilon,2026-03-12,14,4.7,Debugging
AI_USR021,Org-Epsilon-Team1,Org-Epsilon,2026-03-13,3,3.7,Data Query
AI_USR021,Org-Epsilon-Team1,Org-Epsilon,2026-03-15,5,4.2,Summarization
AI_USR021,Org-Epsilon-Team1,Org-Epsilon,2026-03-17,2,5.2,Debugging
AI_USR021,Org-Epsilon-Team1,Org-Epsilon,2026-03-18,13,3.5,Planning
AI_USR021,Org-Epsilon-Team1,Org-Epsilon,2026-03-19,14,3.8,Summarization
AI_USR021,Org-Epsilon-Team1,Org-Epsilon,2026-03-22,1,4.6,Debugging
AI_USR021,Org-Epsilon-Team1,Org-Epsilon,2026-03-23,4,3.8,Planning
AI_USR021,Org-Epsilon-Team1,Org-Epsilon,2026-03-24,13,4.1,Code Generation
AI_USR021,Org-Epsilon-Team1,Org-Epsilon,2026-03-26,16,3.7,Documentation
AI_USR021,Org-Epsilon-Team1,Org-Epsilon,2026-03-27,7,5.3,Documentation
AI_USR021,Org-Epsilon-Team1,Org-Epsilon,2026-03-29,19,3.5,Planning
AI_USR021,Org-Epsilon-Team1,Org-Epsilon,2026-03-30,17,3.5,Summarization
AI_USR021,Org-Epsilon-Team1,Org-Epsilon,2026-03-31,14,4.7,Summarization
AI_USR022,Org-Alpha-Team4,Org-Alpha,2026-01-01,7,7.8,Data Query
AI_USR022,Org-Alpha-Team4,Org-Alpha,2026-01-03,6,8.5,Debugging
AI_USR022,Org-Alpha-Team4,Org-Alpha,2026-01-04,11,8.5,Planning
AI_USR022,Org-Alpha-Team4,Org-Alpha,2026-01-05,5,8.4,Planning
AI_USR022,Org-Alpha-Team4,Org-Alpha,2026-01-06,6,7.5,Documentation
AI_USR022,Org-Alpha-Team4,Org-Alpha,2026-01-10,2,7.3,Planning
AI_USR022,Org-Alpha-Team4,Org-Alpha,2026-01-11,15,8.2,Summarization
AI_USR022,Org-Alpha-Team4,Org-Alpha,2026-01-13,12,7.6,Planning
AI_USR022,Org-Alpha-Team4,Org-Alpha,2026-01-14,5,7.0,Code Generation
AI_USR022,Org-Alpha-Team4,Org-Alpha,2026-01-15,3,6.7,Documentation
AI_USR022,Org-Alpha-Team4,Org-Alpha,2026-01-16,2,8.1,Debugging
AI_USR022,Org-Alpha-Team4,Org-Alpha,2026-01-17,10,6.8,Summarization
AI_USR022,Org-Alpha-Team4,Org-Alpha,2026-01-18,20,7.3,Data Query
AI_USR022,Org-Alpha-Team4,Org-Alpha,2026-01-19,1,7.9,Debugging
AI_USR022,Org-Alpha-Team4,Org-Alpha,2026-01-22,12,8.7,Code Generation
AI_USR022,Org-Alpha-Team4,Org-Alpha,2026-01-23,16,8.6,Documentation
AI_USR022,Org-Alpha-Team4,Org-Alpha,2026-01-24,13,7.9,Summarization
AI_USR022,Org-Alpha-Team4,Org-Alpha,2026-01-25,10,7.8,Code Generation
AI_USR022,Org-Alpha-Team4,Org-Alpha,2026-01-26,10,7.0,Documentation
AI_USR022,Org-Alpha-Team4,Org-Alpha,2026-01-28,10,8.3,Debugging
AI_USR022,Org-Alpha-Team4,Org-Alpha,2026-01-29,11,6.9,Code Generation
AI_USR022,Org-Alpha-Team4,Org-Alpha,2026-02-01,6,8.2,Data Query
AI_USR022,Org-Alpha-Team4,Org-Alpha,2026-02-02,11,8.6,Debugging
AI_USR022,Org-Alpha-Team4,Org-Alpha,2026-02-03,20,8.0,Debugging
AI_USR022,Org-Alpha-Team4,Org-Alpha,2026-02-04,10,7.2,Documentation
AI_USR022,Org-Alpha-Team4,Org-Alpha,2026-02-07,15,8.4,Planning
AI_USR022,Org-Alpha-Team4,Org-Alpha,2026-02-08,10,7.9,Planning
AI_USR022,Org-Alpha-Team4,Org-Alpha,2026-02-09,20,8.2,Debugging
AI_USR022,Org-Alpha-Team4,Org-Alpha,2026-02-10,18,7.6,Documentation
AI_USR022,Org-Alpha-Team4,Org-Alpha,2026-02-11,5,8.2,Code Generation
AI_USR022,Org-Alpha-Team4,Org-Alpha,2026-02-14,13,7.9,Documentation
AI_USR022,Org-Alpha-Team4,Org-Alpha,2026-02-15,3,7.2,Data Query
AI_USR022,Org-Alpha-Team4,Org-Alpha,2026-02-17,16,6.9,Documentation
AI_USR022,Org-Alpha-Team4,Org-Alpha,2026-02-18,16,8.5,Summarization
AI_USR022,Org-Alpha-Team4,Org-Alpha,2026-02-19,10,8.2,Data Query
AI_USR022,Org-Alpha-Team4,Org-Alpha,2026-02-21,2,8.0,Summarization
AI_USR022,Org-Alpha-Team4,Org-Alpha,2026-02-23,17,8.5,Planning
AI_USR022,Org-Alpha-Team4,Org-Alpha,2026-02-24,11,8.2,Code Generation
AI_USR022,Org-Alpha-Team4,Org-Alpha,2026-02-25,15,7.0,Data Query
AI_USR022,Org-Alpha-Team4,Org-Alpha,2026-02-27,6,8.8,Code Generation
AI_USR022,Org-Alpha-Team4,Org-Alpha,2026-02-28,19,8.6,Data Query
AI_USR022,Org-Alpha-Team4,Org-Alpha,2026-03-02,5,8.4,Documentation
AI_USR022,Org-Alpha-Team4,Org-Alpha,2026-03-03,14,7.8,Planning
AI_USR022,Org-Alpha-Team4,Org-Alpha,2026-03-04,2,7.9,Documentation
AI_USR022,Org-Alpha-Team4,Org-Alpha,2026-03-05,2,8.7,Summarization
AI_USR022,Org-Alpha-Team4,Org-Alpha,2026-03-06,5,8.1,Documentation
AI_USR022,Org-Alpha-Team4,Org-Alpha,2026-03-08,3,8.5,Planning
AI_USR022,Org-Alpha-Team4,Org-Alpha,2026-03-09,3,7.8,Data Query
AI_USR022,Org-Alpha-Team4,Org-Alpha,2026-03-13,9,8.5,Debugging
AI_USR022,Org-Alpha-Team4,Org-Alpha,2026-03-17,9,7.2,Code Generation
AI_USR022,Org-Alpha-Team4,Org-Alpha,2026-03-18,12,7.4,Summarization
AI_USR022,Org-Alpha-Team4,Org-Alpha,2026-03-19,14,7.7,Debugging
AI_USR022,Org-Alpha-Team4,Org-Alpha,2026-03-20,17,7.2,Summarization
AI_USR022,Org-Alpha-Team4,Org-Alpha,2026-03-21,9,9.0,Planning
AI_USR022,Org-Alpha-Team4,Org-Alpha,2026-03-22,13,7.2,Planning
AI_USR022,Org-Alpha-Team4,Org-Alpha,2026-03-29,4,8.9,Debugging
AI_USR022,Org-Alpha-Team4,Org-Alpha,2026-03-30,18,7.4,Data Query
AI_USR022,Org-Alpha-Team4,Org-Alpha,2026-03-31,3,7.8,Summarization
AI_USR023,Org-Beta-Team4,Org-Beta,2026-01-01,17,4.8,Summarization
AI_USR023,Org-Beta-Team4,Org-Beta,2026-01-02,9,6.6,Documentation
AI_USR023,Org-Beta-Team4,Org-Beta,2026-01-09,6,6.7,Documentation
AI_USR023,Org-Beta-Team4,Org-Beta,2026-01-12,2,5.8,Data Query
AI_USR023,Org-Beta-Team4,Org-Beta,2026-01-13,10,5.7,Data Query
AI_USR023,Org-Beta-Team4,Org-Beta,2026-01-16,2,6.7,Summarization
AI_USR023,Org-Beta-Team4,Org-Beta,2026-01-17,3,6.1,Planning
AI_USR023,Org-Beta-Team4,Org-Beta,2026-01-20,8,6.5,Documentation
AI_USR023,Org-Beta-Team4,Org-Beta,2026-01-23,3,5.9,Code Generation
AI_USR023,Org-Beta-Team4,Org-Beta,2026-01-24,4,5.6,Code Generation
AI_USR023,Org-Beta-Team4,Org-Beta,2026-01-25,9,6.9,Summarization
AI_USR023,Org-Beta-Team4,Org-Beta,2026-01-27,5,7.7,Summarization
AI_USR023,Org-Beta-Team4,Org-Beta,2026-01-28,20,7.6,Debugging
AI_USR023,Org-Beta-Team4,Org-Beta,2026-01-29,16,6.7,Planning
AI_USR023,Org-Beta-Team4,Org-Beta,2026-01-30,3,6.5,Documentation
AI_USR023,Org-Beta-Team4,Org-Beta,2026-01-31,7,7.0,Documentation
AI_USR023,Org-Beta-Team4,Org-Beta,2026-02-01,10,7.6,Planning
AI_USR023,Org-Beta-Team4,Org-Beta,2026-02-02,10,7.6,Debugging
AI_USR023,Org-Beta-Team4,Org-Beta,2026-02-03,12,7.2,Planning
AI_USR023,Org-Beta-Team4,Org-Beta,2026-02-06,11,6.3,Planning
AI_USR023,Org-Beta-Team4,Org-Beta,2026-02-07,1,7.3,Summarization
AI_USR023,Org-Beta-Team4,Org-Beta,2026-02-08,2,6.8,Code Generation
AI_USR023,Org-Beta-Team4,Org-Beta,2026-02-11,13,7.8,Data Query
AI_USR023,Org-Beta-Team4,Org-Beta,2026-02-13,4,6.4,Code Generation
AI_USR023,Org-Beta-Team4,Org-Beta,2026-02-14,8,6.4,Debugging
AI_USR023,Org-Beta-Team4,Org-Beta,2026-02-16,1,8.1,Data Query
AI_USR023,Org-Beta-Team4,Org-Beta,2026-02-17,16,8.3,Debugging
AI_USR023,Org-Beta-Team4,Org-Beta,2026-02-20,18,8.4,Debugging
AI_USR023,Org-Beta-Team4,Org-Beta,2026-02-22,10,6.8,Summarization
AI_USR023,Org-Beta-Team4,Org-Beta,2026-02-23,20,8.0,Code Generation
AI_USR023,Org-Beta-Team4,Org-Beta,2026-02-24,5,8.5,Summarization
AI_USR023,Org-Beta-Team4,Org-Beta,2026-02-26,6,7.4,Summarization
AI_USR023,Org-Beta-Team4,Org-Beta,2026-02-27,4,7.5,Planning
AI_USR023,Org-Beta-Team4,Org-Beta,2026-02-28,7,7.4,Documentation
AI_USR023,Org-Beta-Team4,Org-Beta,2026-03-02,3,8.3,Code Generation
AI_USR023,Org-Beta-Team4,Org-Beta,2026-03-03,11,8.6,Planning
AI_USR023,Org-Beta-Team4,Org-Beta,2026-03-04,18,7.5,Data Query
AI_USR023,Org-Beta-Team4,Org-Beta,2026-03-06,10,8.8,Documentation
AI_USR023,Org-Beta-Team4,Org-Beta,2026-03-07,16,7.7,Documentation
AI_USR023,Org-Beta-Team4,Org-Beta,2026-03-08,7,8.0,Summarization
AI_USR023,Org-Beta-Team4,Org-Beta,2026-03-10,20,9.0,Planning
AI_USR023,Org-Beta-Team4,Org-Beta,2026-03-12,7,8.1,Summarization
AI_USR023,Org-Beta-Team4,Org-Beta,2026-03-15,3,9.4,Documentation
AI_USR023,Org-Beta-Team4,Org-Beta,2026-03-16,14,8.0,Code Generation
AI_USR023,Org-Beta-Team4,Org-Beta,2026-03-17,12,9.4,Debugging
AI_USR023,Org-Beta-Team4,Org-Beta,2026-03-19,8,9.2,Code Generation
AI_USR023,Org-Beta-Team4,Org-Beta,2026-03-20,2,9.1,Debugging
AI_USR023,Org-Beta-Team4,Org-Beta,2026-03-21,12,7.8,Summarization
AI_USR023,Org-Beta-Team4,Org-Beta,2026-03-22,18,8.0,Data Query
AI_USR023,Org-Beta-Team4,Org-Beta,2026-03-23,8,9.6,Data Query
AI_USR023,Org-Beta-Team4,Org-Beta,2026-03-24,19,9.4,Data Query
AI_USR023,Org-Beta-Team4,Org-Beta,2026-03-26,3,8.0,Debugging
AI_USR023,Org-Beta-Team4,Org-Beta,2026-03-27,12,9.3,Debugging
AI_USR023,Org-Beta-Team4,Org-Beta,2026-03-29,16,9.5,Data Query
AI_USR023,Org-Beta-Team4,Org-Beta,2026-03-31,5,8.2,Planning
AI_USR024,Org-Epsilon-Team4,Org-Epsilon,2026-01-01,14,7.8,Data Query
AI_USR024,Org-Epsilon-Team4,Org-Epsilon,2026-01-02,19,7.5,Code Generation
AI_USR024,Org-Epsilon-Team4,Org-Epsilon,2026-01-03,20,7.6,Documentation
AI_USR024,Org-Epsilon-Team4,Org-Epsilon,2026-01-04,3,6.4,Data Query
AI_USR024,Org-Epsilon-Team4,Org-Epsilon,2026-01-05,19,7.5,Summarization
AI_USR024,Org-Epsilon-Team4,Org-Epsilon,2026-01-06,14,6.8,Summarization
AI_USR024,Org-Epsilon-Team4,Org-Epsilon,2026-01-07,5,6.9,Planning
AI_USR024,Org-Epsilon-Team4,Org-Epsilon,2026-01-10,15,7.1,Data Query
AI_USR024,Org-Epsilon-Team4,Org-Epsilon,2026-01-11,16,6.6,Debugging
AI_USR024,Org-Epsilon-Team4,Org-Epsilon,2026-01-12,5,6.8,Debugging
AI_USR024,Org-Epsilon-Team4,Org-Epsilon,2026-01-13,12,6.7,Code Generation
AI_USR024,Org-Epsilon-Team4,Org-Epsilon,2026-01-15,3,8.1,Code Generation
AI_USR024,Org-Epsilon-Team4,Org-Epsilon,2026-01-16,5,8.1,Summarization
AI_USR024,Org-Epsilon-Team4,Org-Epsilon,2026-01-18,9,6.7,Data Query
AI_USR024,Org-Epsilon-Team4,Org-Epsilon,2026-01-19,9,6.8,Documentation
AI_USR024,Org-Epsilon-Team4,Org-Epsilon,2026-01-20,6,7.0,Documentation
AI_USR024,Org-Epsilon-Team4,Org-Epsilon,2026-01-21,5,7.7,Summarization
AI_USR024,Org-Epsilon-Team4,Org-Epsilon,2026-01-22,1,7.6,Documentation
AI_USR024,Org-Epsilon-Team4,Org-Epsilon,2026-01-23,4,7.3,Summarization
AI_USR024,Org-Epsilon-Team4,Org-Epsilon,2026-01-24,20,8.4,Planning
AI_USR024,Org-Epsilon-Team4,Org-Epsilon,2026-01-25,7,8.7,Planning
AI_USR024,Org-Epsilon-Team4,Org-Epsilon,2026-01-26,10,7.4,Summarization
AI_USR024,Org-Epsilon-Team4,Org-Epsilon,2026-01-27,6,8.3,Planning
AI_USR024,Org-Epsilon-Team4,Org-Epsilon,2026-01-28,14,7.7,Code Generation
AI_USR024,Org-Epsilon-Team4,Org-Epsilon,2026-02-03,19,8.0,Data Query
AI_USR024,Org-Epsilon-Team4,Org-Epsilon,2026-02-05,15,7.0,Debugging
AI_USR024,Org-Epsilon-Team4,Org-Epsilon,2026-02-06,12,8.4,Summarization
AI_USR024,Org-Epsilon-Team4,Org-Epsilon,2026-02-08,15,8.9,Documentation
AI_USR024,Org-Epsilon-Team4,Org-Epsilon,2026-02-09,2,7.2,Documentation
AI_USR024,Org-Epsilon-Team4,Org-Epsilon,2026-02-10,8,8.3,Planning
AI_USR024,Org-Epsilon-Team4,Org-Epsilon,2026-02-11,6,8.5,Debugging
AI_USR024,Org-Epsilon-Team4,Org-Epsilon,2026-02-12,6,7.5,Debugging
AI_USR024,Org-Epsilon-Team4,Org-Epsilon,2026-02-13,10,8.7,Planning
AI_USR024,Org-Epsilon-Team4,Org-Epsilon,2026-02-17,19,9.0,Documentation
AI_USR024,Org-Epsilon-Team4,Org-Epsilon,2026-02-18,9,9.1,Summarization
AI_USR024,Org-Epsilon-Team4,Org-Epsilon,2026-02-19,7,7.5,Documentation
AI_USR024,Org-Epsilon-Team4,Org-Epsilon,2026-02-20,16,8.2,Documentation
AI_USR024,Org-Epsilon-Team4,Org-Epsilon,2026-02-22,14,8.8,Code Generation
AI_USR024,Org-Epsilon-Team4,Org-Epsilon,2026-02-23,18,7.8,Documentation
AI_USR024,Org-Epsilon-Team4,Org-Epsilon,2026-02-24,12,9.1,Planning
AI_USR024,Org-Epsilon-Team4,Org-Epsilon,2026-02-26,2,8.0,Data Query
AI_USR024,Org-Epsilon-Team4,Org-Epsilon,2026-02-27,12,9.2,Documentation
AI_USR024,Org-Epsilon-Team4,Org-Epsilon,2026-02-28,11,9.4,Summarization
AI_USR024,Org-Epsilon-Team4,Org-Epsilon,2026-03-01,17,8.6,Code Generation
AI_USR024,Org-Epsilon-Team4,Org-Epsilon,2026-03-02,9,8.4,Planning
AI_USR024,Org-Epsilon-Team4,Org-Epsilon,2026-03-04,20,8.6,Summarization
AI_USR024,Org-Epsilon-Team4,Org-Epsilon,2026-03-05,20,9.0,Code Generation
AI_USR024,Org-Epsilon-Team4,Org-Epsilon,2026-03-06,3,8.0,Code Generation
AI_USR024,Org-Epsilon-Team4,Org-Epsilon,2026-03-09,3,9.4,Code Generation
AI_USR024,Org-Epsilon-Team4,Org-Epsilon,2026-03-12,15,8.5,Documentation
AI_USR024,Org-Epsilon-Team4,Org-Epsilon,2026-03-15,7,9.4,Code Generation
AI_USR024,Org-Epsilon-Team4,Org-Epsilon,2026-03-16,5,9.3,Planning
AI_USR024,Org-Epsilon-Team4,Org-Epsilon,2026-03-17,8,8.2,Code Generation
AI_USR024,Org-Epsilon-Team4,Org-Epsilon,2026-03-18,11,9.6,Data Query
AI_USR024,Org-Epsilon-Team4,Org-Epsilon,2026-03-20,2,9.6,Documentation
AI_USR024,Org-Epsilon-Team4,Org-Epsilon,2026-03-23,18,9.2,Summarization
AI_USR024,Org-Epsilon-Team4,Org-Epsilon,2026-03-24,1,8.6,Summarization
AI_USR024,Org-Epsilon-Team4,Org-Epsilon,2026-03-25,9,9.4,Summarization
AI_USR024,Org-Epsilon-Team4,Org-Epsilon,2026-03-27,13,8.7,Documentation
AI_USR024,Org-Epsilon-Team4,Org-Epsilon,2026-03-28,3,8.6,Data Query
AI_USR024,Org-Epsilon-Team4,Org-Epsilon,2026-03-29,13,8.3,Data Query
AI_USR025,Org-Delta-Team3,Org-Delta,2026-01-02,9,8.5,Documentation
AI_USR025,Org-Delta-Team3,Org-Delta,2026-01-03,12,8.8,Summarization
AI_USR025,Org-Delta-Team3,Org-Delta,2026-01-05,12,8.0,Summarization
AI_USR025,Org-Delta-Team3,Org-Delta,2026-01-06,2,8.4,Data Query
AI_USR025,Org-Delta-Team3,Org-Delta,2026-01-07,15,8.7,Debugging
AI_USR025,Org-Delta-Team3,Org-Delta,2026-01-08,20,8.8,Debugging
AI_USR025,Org-Delta-Team3,Org-Delta,2026-01-10,20,7.7,Data Query
AI_USR025,Org-Delta-Team3,Org-Delta,2026-01-11,5,7.6,Summarization
AI_USR025,Org-Delta-Team3,Org-Delta,2026-01-13,15,9.5,Data Query
AI_USR025,Org-Delta-Team3,Org-Delta,2026-01-14,2,8.5,Code Generation
AI_USR025,Org-Delta-Team3,Org-Delta,2026-01-15,2,7.6,Summarization
AI_USR025,Org-Delta-Team3,Org-Delta,2026-01-16,16,8.3,Summarization
AI_USR025,Org-Delta-Team3,Org-Delta,2026-01-17,5,7.8,Data Query
AI_USR025,Org-Delta-Team3,Org-Delta,2026-01-19,19,8.8,Code Generation
AI_USR025,Org-Delta-Team3,Org-Delta,2026-01-20,11,8.6,Summarization
AI_USR025,Org-Delta-Team3,Org-Delta,2026-01-23,2,9.6,Data Query
AI_USR025,Org-Delta-Team3,Org-Delta,2026-01-24,16,9.6,Debugging
AI_USR025,Org-Delta-Team3,Org-Delta,2026-01-25,1,9.0,Debugging
AI_USR025,Org-Delta-Team3,Org-Delta,2026-01-28,13,9.5,Data Query
AI_USR025,Org-Delta-Team3,Org-Delta,2026-01-29,2,8.1,Debugging
AI_USR025,Org-Delta-Team3,Org-Delta,2026-02-01,19,8.8,Planning
AI_USR025,Org-Delta-Team3,Org-Delta,2026-02-02,12,9.3,Code Generation
AI_USR025,Org-Delta-Team3,Org-Delta,2026-02-03,11,8.7,Data Query
AI_USR025,Org-Delta-Team3,Org-Delta,2026-02-05,20,8.3,Summarization
AI_USR025,Org-Delta-Team3,Org-Delta,2026-02-09,2,8.6,Debugging
AI_USR025,Org-Delta-Team3,Org-Delta,2026-02-10,12,9.1,Debugging
AI_USR025,Org-Delta-Team3,Org-Delta,2026-02-11,3,8.3,Debugging
AI_USR025,Org-Delta-Team3,Org-Delta,2026-02-13,10,8.5,Planning
AI_USR025,Org-Delta-Team3,Org-Delta,2026-02-14,4,8.8,Data Query
AI_USR025,Org-Delta-Team3,Org-Delta,2026-02-15,1,8.9,Summarization
AI_USR025,Org-Delta-Team3,Org-Delta,2026-02-17,2,9.0,Data Query
AI_USR025,Org-Delta-Team3,Org-Delta,2026-02-18,15,9.0,Documentation
AI_USR025,Org-Delta-Team3,Org-Delta,2026-02-19,17,9.4,Code Generation
AI_USR025,Org-Delta-Team3,Org-Delta,2026-02-20,12,9.8,Documentation
AI_USR025,Org-Delta-Team3,Org-Delta,2026-02-24,3,9.1,Documentation
AI_USR025,Org-Delta-Team3,Org-Delta,2026-02-25,11,8.0,Code Generation
AI_USR025,Org-Delta-Team3,Org-Delta,2026-02-27,18,9.1,Debugging
AI_USR025,Org-Delta-Team3,Org-Delta,2026-03-02,14,8.1,Data Query
AI_USR025,Org-Delta-Team3,Org-Delta,2026-03-03,17,8.9,Data Query
AI_USR025,Org-Delta-Team3,Org-Delta,2026-03-05,4,9.7,Documentation
AI_USR025,Org-Delta-Team3,Org-Delta,2026-03-07,7,9.3,Data Query
AI_USR025,Org-Delta-Team3,Org-Delta,2026-03-08,20,8.3,Documentation
AI_USR025,Org-Delta-Team3,Org-Delta,2026-03-09,14,8.9,Documentation
AI_USR025,Org-Delta-Team3,Org-Delta,2026-03-10,13,8.1,Summarization
AI_USR025,Org-Delta-Team3,Org-Delta,2026-03-12,8,8.5,Data Query
AI_USR025,Org-Delta-Team3,Org-Delta,2026-03-15,15,9.5,Documentation
AI_USR025,Org-Delta-Team3,Org-Delta,2026-03-16,2,9.5,Documentation
AI_USR025,Org-Delta-Team3,Org-Delta,2026-03-18,3,9.2,Summarization
AI_USR025,Org-Delta-Team3,Org-Delta,2026-03-19,13,9.5,Planning
AI_USR025,Org-Delta-Team3,Org-Delta,2026-03-21,8,8.3,Code Generation
AI_USR025,Org-Delta-Team3,Org-Delta,2026-03-23,19,9.0,Data Query
AI_USR025,Org-Delta-Team3,Org-Delta,2026-03-25,13,9.8,Summarization
AI_USR025,Org-Delta-Team3,Org-Delta,2026-03-28,13,8.8,Code Generation
AI_USR025,Org-Delta-Team3,Org-Delta,2026-03-29,15,9.3,Code Generation
AI_USR025,Org-Delta-Team3,Org-Delta,2026-03-30,15,9.9,Documentation
AI_USR025,Org-Delta-Team3,Org-Delta,2026-03-31,16,9.1,Documentation
AI_USR026,Org-Epsilon-Team4,Org-Epsilon,2026-01-01,5,7.6,Summarization
AI_USR026,Org-Epsilon-Team4,Org-Epsilon,2026-01-02,5,8.2,Documentation
AI_USR026,Org-Epsilon-Team4,Org-Epsilon,2026-01-03,10,9.2,Code Generation
AI_USR026,Org-Epsilon-Team4,Org-Epsilon,2026-01-04,12,8.1,Data Query
AI_USR026,Org-Epsilon-Team4,Org-Epsilon,2026-01-05,7,8.4,Planning
AI_USR026,Org-Epsilon-Team4,Org-Epsilon,2026-01-06,13,8.4,Summarization
AI_USR026,Org-Epsilon-Team4,Org-Epsilon,2026-01-07,8,8.3,Planning
AI_USR026,Org-Epsilon-Team4,Org-Epsilon,2026-01-08,16,9.2,Planning
AI_USR026,Org-Epsilon-Team4,Org-Epsilon,2026-01-11,20,9.5,Code Generation
AI_USR026,Org-Epsilon-Team4,Org-Epsilon,2026-01-12,16,8.2,Documentation
AI_USR026,Org-Epsilon-Team4,Org-Epsilon,2026-01-13,20,7.7,Code Generation
AI_USR026,Org-Epsilon-Team4,Org-Epsilon,2026-01-14,20,9.4,Planning
AI_USR026,Org-Epsilon-Team4,Org-Epsilon,2026-01-15,12,9.5,Planning
AI_USR026,Org-Epsilon-Team4,Org-Epsilon,2026-01-17,18,8.1,Planning
AI_USR026,Org-Epsilon-Team4,Org-Epsilon,2026-01-18,5,8.6,Planning
AI_USR026,Org-Epsilon-Team4,Org-Epsilon,2026-01-19,7,7.9,Summarization
AI_USR026,Org-Epsilon-Team4,Org-Epsilon,2026-01-21,16,8.0,Planning
AI_USR026,Org-Epsilon-Team4,Org-Epsilon,2026-01-22,9,8.2,Summarization
AI_USR026,Org-Epsilon-Team4,Org-Epsilon,2026-01-23,13,8.2,Planning
AI_USR026,Org-Epsilon-Team4,Org-Epsilon,2026-01-25,16,9.3,Summarization
AI_USR026,Org-Epsilon-Team4,Org-Epsilon,2026-01-27,6,8.5,Code Generation
AI_USR026,Org-Epsilon-Team4,Org-Epsilon,2026-01-31,20,9.4,Planning
AI_USR026,Org-Epsilon-Team4,Org-Epsilon,2026-02-02,8,10.0,Code Generation
AI_USR026,Org-Epsilon-Team4,Org-Epsilon,2026-02-04,1,10.0,Planning
AI_USR026,Org-Epsilon-Team4,Org-Epsilon,2026-02-05,7,10.0,Summarization
AI_USR026,Org-Epsilon-Team4,Org-Epsilon,2026-02-08,15,10.0,Code Generation
AI_USR026,Org-Epsilon-Team4,Org-Epsilon,2026-02-09,16,9.6,Code Generation
AI_USR026,Org-Epsilon-Team4,Org-Epsilon,2026-02-10,17,9.8,Data Query
AI_USR026,Org-Epsilon-Team4,Org-Epsilon,2026-02-11,9,10.0,Documentation
AI_USR026,Org-Epsilon-Team4,Org-Epsilon,2026-02-12,5,10.0,Data Query
AI_USR026,Org-Epsilon-Team4,Org-Epsilon,2026-02-14,16,10.0,Summarization
AI_USR026,Org-Epsilon-Team4,Org-Epsilon,2026-02-15,13,9.1,Code Generation
AI_USR026,Org-Epsilon-Team4,Org-Epsilon,2026-02-18,12,10.0,Documentation
AI_USR026,Org-Epsilon-Team4,Org-Epsilon,2026-02-19,1,9.9,Data Query
AI_USR026,Org-Epsilon-Team4,Org-Epsilon,2026-02-20,9,10.0,Debugging
AI_USR026,Org-Epsilon-Team4,Org-Epsilon,2026-02-21,11,9.1,Data Query
AI_USR026,Org-Epsilon-Team4,Org-Epsilon,2026-02-22,6,9.2,Code Generation
AI_USR026,Org-Epsilon-Team4,Org-Epsilon,2026-02-23,4,9.3,Documentation
AI_USR026,Org-Epsilon-Team4,Org-Epsilon,2026-02-27,10,9.8,Summarization
AI_USR026,Org-Epsilon-Team4,Org-Epsilon,2026-02-28,1,10.0,Documentation
AI_USR026,Org-Epsilon-Team4,Org-Epsilon,2026-03-04,4,10.0,Summarization
AI_USR026,Org-Epsilon-Team4,Org-Epsilon,2026-03-05,14,10.0,Debugging
AI_USR026,Org-Epsilon-Team4,Org-Epsilon,2026-03-06,5,9.8,Summarization
AI_USR026,Org-Epsilon-Team4,Org-Epsilon,2026-03-08,17,10.0,Data Query
AI_USR026,Org-Epsilon-Team4,Org-Epsilon,2026-03-09,6,10.0,Data Query
AI_USR026,Org-Epsilon-Team4,Org-Epsilon,2026-03-12,1,10.0,Summarization
AI_USR026,Org-Epsilon-Team4,Org-Epsilon,2026-03-14,10,10.0,Documentation
AI_USR026,Org-Epsilon-Team4,Org-Epsilon,2026-03-16,2,10.0,Planning
AI_USR026,Org-Epsilon-Team4,Org-Epsilon,2026-03-17,18,10.0,Planning
AI_USR026,Org-Epsilon-Team4,Org-Epsilon,2026-03-18,12,10.0,Documentation
AI_USR026,Org-Epsilon-Team4,Org-Epsilon,2026-03-20,19,10.0,Code Generation
AI_USR026,Org-Epsilon-Team4,Org-Epsilon,2026-03-22,4,10.0,Code Generation
AI_USR026,Org-Epsilon-Team4,Org-Epsilon,2026-03-23,18,10.0,Code Generation
AI_USR026,Org-Epsilon-Team4,Org-Epsilon,2026-03-24,3,10.0,Data Query
AI_USR026,Org-Epsilon-Team4,Org-Epsilon,2026-03-26,5,10.0,Code Generation
AI_USR026,Org-Epsilon-Team4,Org-Epsilon,2026-03-27,1,10.0,Code Generation
AI_USR026,Org-Epsilon-Team4,Org-Epsilon,2026-03-28,5,10.0,Debugging
AI_USR026,Org-Epsilon-Team4,Org-Epsilon,2026-03-29,14,10.0,Summarization
AI_USR026,Org-Epsilon-Team4,Org-Epsilon,2026-03-30,17,10.0,Documentation
AI_USR026,Org-Epsilon-Team4,Org-Epsilon,2026-03-31,7,10.0,Data Query
AI_USR027,Org-Gamma-Team3,Org-Gamma,2026-01-02,8,6.6,Debugging
AI_USR027,Org-Gamma-Team3,Org-Gamma,2026-01-03,1,7.0,Debugging
AI_USR027,Org-Gamma-Team3,Org-Gamma,2026-01-04,16,6.1,Debugging
AI_USR027,Org-Gamma-Team3,Org-Gamma,2026-01-05,11,6.8,Summarization
AI_USR027,Org-Gamma-Team3,Org-Gamma,2026-01-06,13,6.5,Data Query
AI_USR027,Org-Gamma-Team3,Org-Gamma,2026-01-07,9,7.6,Summarization
AI_USR027,Org-Gamma-Team3,Org-Gamma,2026-01-08,4,7.7,Planning
AI_USR027,Org-Gamma-Team3,Org-Gamma,2026-01-09,18,7.3,Debugging
AI_USR027,Org-Gamma-Team3,Org-Gamma,2026-01-10,20,6.5,Planning
AI_USR027,Org-Gamma-Team3,Org-Gamma,2026-01-11,13,6.6,Data Query
AI_USR027,Org-Gamma-Team3,Org-Gamma,2026-01-12,5,7.1,Code Generation
AI_USR027,Org-Gamma-Team3,Org-Gamma,2026-01-14,9,6.3,Documentation
AI_USR027,Org-Gamma-Team3,Org-Gamma,2026-01-15,15,7.9,Summarization
AI_USR027,Org-Gamma-Team3,Org-Gamma,2026-01-16,3,7.7,Summarization
AI_USR027,Org-Gamma-Team3,Org-Gamma,2026-01-18,7,7.8,Data Query
AI_USR027,Org-Gamma-Team3,Org-Gamma,2026-01-19,16,6.7,Planning
AI_USR027,Org-Gamma-Team3,Org-Gamma,2026-01-20,18,8.4,Summarization
AI_USR027,Org-Gamma-Team3,Org-Gamma,2026-01-21,20,8.0,Debugging
AI_USR027,Org-Gamma-Team3,Org-Gamma,2026-01-24,2,7.1,Debugging
AI_USR027,Org-Gamma-Team3,Org-Gamma,2026-01-25,6,8.4,Code Generation
AI_USR027,Org-Gamma-Team3,Org-Gamma,2026-01-28,18,7.3,Debugging
AI_USR027,Org-Gamma-Team3,Org-Gamma,2026-01-29,10,7.3,Summarization
AI_USR027,Org-Gamma-Team3,Org-Gamma,2026-01-30,18,7.6,Debugging
AI_USR027,Org-Gamma-Team3,Org-Gamma,2026-02-01,20,8.9,Summarization
AI_USR027,Org-Gamma-Team3,Org-Gamma,2026-02-03,15,7.8,Summarization
AI_USR027,Org-Gamma-Team3,Org-Gamma,2026-02-05,3,9.1,Planning
AI_USR027,Org-Gamma-Team3,Org-Gamma,2026-02-07,5,9.0,Data Query
AI_USR027,Org-Gamma-Team3,Org-Gamma,2026-02-09,2,8.6,Planning
AI_USR027,Org-Gamma-Team3,Org-Gamma,2026-02-11,15,9.1,Data Query
AI_USR027,Org-Gamma-Team3,Org-Gamma,2026-02-12,2,8.9,Planning
AI_USR027,Org-Gamma-Team3,Org-Gamma,2026-02-13,18,9.1,Planning
AI_USR027,Org-Gamma-Team3,Org-Gamma,2026-02-15,19,8.4,Data Query
AI_USR027,Org-Gamma-Team3,Org-Gamma,2026-02-16,8,9.3,Data Query
AI_USR027,Org-Gamma-Team3,Org-Gamma,2026-02-17,18,8.6,Debugging
AI_USR027,Org-Gamma-Team3,Org-Gamma,2026-02-18,3,8.0,Summarization
AI_USR027,Org-Gamma-Team3,Org-Gamma,2026-02-19,9,9.2,Code Generation
AI_USR027,Org-Gamma-Team3,Org-Gamma,2026-02-20,1,9.7,Code Generation
AI_USR027,Org-Gamma-Team3,Org-Gamma,2026-02-21,16,9.2,Debugging
AI_USR027,Org-Gamma-Team3,Org-Gamma,2026-02-22,13,8.6,Code Generation
AI_USR027,Org-Gamma-Team3,Org-Gamma,2026-02-24,5,8.9,Documentation
AI_USR027,Org-Gamma-Team3,Org-Gamma,2026-02-26,1,9.6,Summarization
AI_USR027,Org-Gamma-Team3,Org-Gamma,2026-03-01,12,8.1,Code Generation
AI_USR027,Org-Gamma-Team3,Org-Gamma,2026-03-02,8,9.3,Documentation
AI_USR027,Org-Gamma-Team3,Org-Gamma,2026-03-03,12,9.5,Documentation
AI_USR027,Org-Gamma-Team3,Org-Gamma,2026-03-04,15,10.0,Debugging
AI_USR027,Org-Gamma-Team3,Org-Gamma,2026-03-05,17,8.5,Data Query
AI_USR027,Org-Gamma-Team3,Org-Gamma,2026-03-08,12,9.2,Documentation
AI_USR027,Org-Gamma-Team3,Org-Gamma,2026-03-10,8,8.5,Planning
AI_USR027,Org-Gamma-Team3,Org-Gamma,2026-03-11,16,10.0,Documentation
AI_USR027,Org-Gamma-Team3,Org-Gamma,2026-03-12,20,8.9,Debugging
AI_USR027,Org-Gamma-Team3,Org-Gamma,2026-03-13,15,10.0,Debugging
AI_USR027,Org-Gamma-Team3,Org-Gamma,2026-03-15,7,9.1,Summarization
AI_USR027,Org-Gamma-Team3,Org-Gamma,2026-03-17,6,9.1,Documentation
AI_USR027,Org-Gamma-Team3,Org-Gamma,2026-03-18,5,9.2,Data Query
AI_USR027,Org-Gamma-Team3,Org-Gamma,2026-03-19,1,9.0,Debugging
AI_USR027,Org-Gamma-Team3,Org-Gamma,2026-03-20,13,9.2,Summarization
AI_USR027,Org-Gamma-Team3,Org-Gamma,2026-03-24,17,10.0,Data Query
AI_USR027,Org-Gamma-Team3,Org-Gamma,2026-03-25,19,10.0,Planning
AI_USR027,Org-Gamma-Team3,Org-Gamma,2026-03-26,9,9.4,Planning
AI_USR027,Org-Gamma-Team3,Org-Gamma,2026-03-27,16,10.0,Code Generation
AI_USR027,Org-Gamma-Team3,Org-Gamma,2026-03-28,18,9.7,Data Query
AI_USR027,Org-Gamma-Team3,Org-Gamma,2026-03-30,2,10.0,Summarization
AI_USR028,Org-Alpha-Team3,Org-Alpha,2026-01-04,4,5.4,Debugging
AI_USR028,Org-Alpha-Team3,Org-Alpha,2026-01-05,8,5.7,Documentation
AI_USR028,Org-Alpha-Team3,Org-Alpha,2026-01-06,11,4.4,Debugging
AI_USR028,Org-Alpha-Team3,Org-Alpha,2026-01-08,8,4.8,Code Generation
AI_USR028,Org-Alpha-Team3,Org-Alpha,2026-01-12,8,6.1,Summarization
AI_USR028,Org-Alpha-Team3,Org-Alpha,2026-01-14,8,6.1,Data Query
AI_USR028,Org-Alpha-Team3,Org-Alpha,2026-01-15,17,5.1,Planning
AI_USR028,Org-Alpha-Team3,Org-Alpha,2026-01-17,17,4.3,Summarization
AI_USR028,Org-Alpha-Team3,Org-Alpha,2026-01-18,19,6.0,Summarization
AI_USR028,Org-Alpha-Team3,Org-Alpha,2026-01-20,17,4.3,Summarization
AI_USR028,Org-Alpha-Team3,Org-Alpha,2026-01-21,11,6.0,Documentation
AI_USR028,Org-Alpha-Team3,Org-Alpha,2026-01-22,11,4.9,Documentation
AI_USR028,Org-Alpha-Team3,Org-Alpha,2026-01-23,5,5.8,Data Query
AI_USR028,Org-Alpha-Team3,Org-Alpha,2026-01-24,2,4.2,Data Query
AI_USR028,Org-Alpha-Team3,Org-Alpha,2026-01-25,15,4.1,Summarization
AI_USR028,Org-Alpha-Team3,Org-Alpha,2026-01-26,10,5.7,Summarization
AI_USR028,Org-Alpha-Team3,Org-Alpha,2026-01-28,9,5.9,Summarization
AI_USR028,Org-Alpha-Team3,Org-Alpha,2026-01-30,20,4.3,Documentation
AI_USR028,Org-Alpha-Team3,Org-Alpha,2026-02-01,14,4.4,Planning
AI_USR028,Org-Alpha-Team3,Org-Alpha,2026-02-03,20,5.1,Data Query
AI_USR028,Org-Alpha-Team3,Org-Alpha,2026-02-04,9,5.5,Code Generation
AI_USR028,Org-Alpha-Team3,Org-Alpha,2026-02-05,1,4.4,Debugging
AI_USR028,Org-Alpha-Team3,Org-Alpha,2026-02-06,1,5.8,Summarization
AI_USR028,Org-Alpha-Team3,Org-Alpha,2026-02-07,4,5.4,Summarization
AI_USR028,Org-Alpha-Team3,Org-Alpha,2026-02-08,1,5.5,Debugging
AI_USR028,Org-Alpha-Team3,Org-Alpha,2026-02-09,15,4.4,Code Generation
AI_USR028,Org-Alpha-Team3,Org-Alpha,2026-02-10,6,4.9,Code Generation
AI_USR028,Org-Alpha-Team3,Org-Alpha,2026-02-13,6,5.7,Documentation
AI_USR028,Org-Alpha-Team3,Org-Alpha,2026-02-14,10,4.0,Summarization
AI_USR028,Org-Alpha-Team3,Org-Alpha,2026-02-15,5,4.1,Code Generation
AI_USR028,Org-Alpha-Team3,Org-Alpha,2026-02-16,17,4.9,Summarization
AI_USR028,Org-Alpha-Team3,Org-Alpha,2026-02-17,3,5.0,Debugging
AI_USR028,Org-Alpha-Team3,Org-Alpha,2026-02-20,10,4.0,Summarization
AI_USR028,Org-Alpha-Team3,Org-Alpha,2026-02-21,16,4.1,Documentation
AI_USR028,Org-Alpha-Team3,Org-Alpha,2026-02-22,14,4.9,Planning
AI_USR028,Org-Alpha-Team3,Org-Alpha,2026-02-23,9,4.5,Data Query
AI_USR028,Org-Alpha-Team3,Org-Alpha,2026-02-25,17,5.7,Code Generation
AI_USR028,Org-Alpha-Team3,Org-Alpha,2026-02-26,12,4.2,Documentation
AI_USR028,Org-Alpha-Team3,Org-Alpha,2026-02-27,8,4.3,Documentation
AI_USR028,Org-Alpha-Team3,Org-Alpha,2026-02-28,7,3.8,Summarization
AI_USR028,Org-Alpha-Team3,Org-Alpha,2026-03-01,2,4.7,Summarization
AI_USR028,Org-Alpha-Team3,Org-Alpha,2026-03-02,8,4.3,Debugging
AI_USR028,Org-Alpha-Team3,Org-Alpha,2026-03-03,8,4.9,Code Generation
AI_USR028,Org-Alpha-Team3,Org-Alpha,2026-03-06,15,5.3,Planning
AI_USR028,Org-Alpha-Team3,Org-Alpha,2026-03-10,5,4.3,Summarization
AI_USR028,Org-Alpha-Team3,Org-Alpha,2026-03-11,3,4.5,Summarization
AI_USR028,Org-Alpha-Team3,Org-Alpha,2026-03-15,11,4.0,Data Query
AI_USR028,Org-Alpha-Team3,Org-Alpha,2026-03-16,16,5.3,Planning
AI_USR028,Org-Alpha-Team3,Org-Alpha,2026-03-17,5,5.4,Data Query
AI_USR028,Org-Alpha-Team3,Org-Alpha,2026-03-21,15,3.8,Summarization
AI_USR028,Org-Alpha-Team3,Org-Alpha,2026-03-22,18,5.2,Documentation
AI_USR028,Org-Alpha-Team3,Org-Alpha,2026-03-23,16,4.5,Code Generation
AI_USR028,Org-Alpha-Team3,Org-Alpha,2026-03-25,11,3.5,Documentation
AI_USR028,Org-Alpha-Team3,Org-Alpha,2026-03-26,18,3.9,Documentation
AI_USR028,Org-Alpha-Team3,Org-Alpha,2026-03-27,4,5.3,Data Query
AI_USR028,Org-Alpha-Team3,Org-Alpha,2026-03-30,16,4.7,Debugging
AI_USR028,Org-Alpha-Team3,Org-Alpha,2026-03-31,9,4.0,Code Generation
AI_USR029,Org-Epsilon-Team4,Org-Epsilon,2026-01-01,18,4.1,Code Generation
AI_USR029,Org-Epsilon-Team4,Org-Epsilon,2026-01-03,16,5.0,Summarization
AI_USR029,Org-Epsilon-Team4,Org-Epsilon,2026-01-04,1,4.9,Documentation
AI_USR029,Org-Epsilon-Team4,Org-Epsilon,2026-01-05,11,5.5,Debugging
AI_USR029,Org-Epsilon-Team4,Org-Epsilon,2026-01-06,8,3.6,Planning
AI_USR029,Org-Epsilon-Team4,Org-Epsilon,2026-01-08,14,4.7,Debugging
AI_USR029,Org-Epsilon-Team4,Org-Epsilon,2026-01-11,2,4.3,Code Generation
AI_USR029,Org-Epsilon-Team4,Org-Epsilon,2026-01-12,6,4.0,Documentation
AI_USR029,Org-Epsilon-Team4,Org-Epsilon,2026-01-13,1,4.3,Summarization
AI_USR029,Org-Epsilon-Team4,Org-Epsilon,2026-01-16,11,3.9,Code Generation
AI_USR029,Org-Epsilon-Team4,Org-Epsilon,2026-01-17,16,4.1,Documentation
AI_USR029,Org-Epsilon-Team4,Org-Epsilon,2026-01-18,20,4.3,Planning
AI_USR029,Org-Epsilon-Team4,Org-Epsilon,2026-01-19,1,4.9,Planning
AI_USR029,Org-Epsilon-Team4,Org-Epsilon,2026-01-23,3,5.7,Data Query
AI_USR029,Org-Epsilon-Team4,Org-Epsilon,2026-01-24,20,4.5,Planning
AI_USR029,Org-Epsilon-Team4,Org-Epsilon,2026-01-25,8,4.2,Data Query
AI_USR029,Org-Epsilon-Team4,Org-Epsilon,2026-01-26,5,4.0,Debugging
AI_USR029,Org-Epsilon-Team4,Org-Epsilon,2026-01-27,11,5.8,Data Query
AI_USR029,Org-Epsilon-Team4,Org-Epsilon,2026-01-28,16,4.2,Planning
AI_USR029,Org-Epsilon-Team4,Org-Epsilon,2026-02-02,17,5.6,Data Query
AI_USR029,Org-Epsilon-Team4,Org-Epsilon,2026-02-03,19,5.1,Data Query
AI_USR029,Org-Epsilon-Team4,Org-Epsilon,2026-02-04,7,4.5,Documentation
AI_USR029,Org-Epsilon-Team4,Org-Epsilon,2026-02-05,16,4.7,Debugging
AI_USR029,Org-Epsilon-Team4,Org-Epsilon,2026-02-06,1,4.4,Documentation
AI_USR029,Org-Epsilon-Team4,Org-Epsilon,2026-02-07,15,5.2,Documentation
AI_USR029,Org-Epsilon-Team4,Org-Epsilon,2026-02-08,12,4.3,Planning
AI_USR029,Org-Epsilon-Team4,Org-Epsilon,2026-02-09,14,6.0,Planning
AI_USR029,Org-Epsilon-Team4,Org-Epsilon,2026-02-11,12,5.2,Debugging
AI_USR029,Org-Epsilon-Team4,Org-Epsilon,2026-02-12,1,5.6,Summarization
AI_USR029,Org-Epsilon-Team4,Org-Epsilon,2026-02-14,4,4.7,Code Generation
AI_USR029,Org-Epsilon-Team4,Org-Epsilon,2026-02-15,1,6.3,Summarization
AI_USR029,Org-Epsilon-Team4,Org-Epsilon,2026-02-17,20,5.3,Code Generation
AI_USR029,Org-Epsilon-Team4,Org-Epsilon,2026-02-19,11,6.4,Documentation
AI_USR029,Org-Epsilon-Team4,Org-Epsilon,2026-02-20,10,6.3,Summarization
AI_USR029,Org-Epsilon-Team4,Org-Epsilon,2026-02-21,17,5.1,Code Generation
AI_USR029,Org-Epsilon-Team4,Org-Epsilon,2026-02-22,16,4.8,Summarization
AI_USR029,Org-Epsilon-Team4,Org-Epsilon,2026-02-23,10,6.2,Summarization
AI_USR029,Org-Epsilon-Team4,Org-Epsilon,2026-02-25,10,5.7,Summarization
AI_USR029,Org-Epsilon-Team4,Org-Epsilon,2026-02-27,10,5.4,Code Generation
AI_USR029,Org-Epsilon-Team4,Org-Epsilon,2026-03-01,8,6.3,Documentation
AI_USR029,Org-Epsilon-Team4,Org-Epsilon,2026-03-02,6,4.9,Debugging
AI_USR029,Org-Epsilon-Team4,Org-Epsilon,2026-03-03,10,6.5,Summarization
AI_USR029,Org-Epsilon-Team4,Org-Epsilon,2026-03-05,17,5.0,Documentation
AI_USR029,Org-Epsilon-Team4,Org-Epsilon,2026-03-06,8,5.7,Documentation
AI_USR029,Org-Epsilon-Team4,Org-Epsilon,2026-03-08,7,6.2,Planning
AI_USR029,Org-Epsilon-Team4,Org-Epsilon,2026-03-09,12,6.7,Debugging
AI_USR029,Org-Epsilon-Team4,Org-Epsilon,2026-03-10,8,6.4,Summarization
AI_USR029,Org-Epsilon-Team4,Org-Epsilon,2026-03-11,1,5.7,Documentation
AI_USR029,Org-Epsilon-Team4,Org-Epsilon,2026-03-13,7,6.4,Code Generation
AI_USR029,Org-Epsilon-Team4,Org-Epsilon,2026-03-15,9,6.6,Data Query
AI_USR029,Org-Epsilon-Team4,Org-Epsilon,2026-03-16,16,6.1,Planning
AI_USR029,Org-Epsilon-Team4,Org-Epsilon,2026-03-18,5,6.8,Code Generation
AI_USR029,Org-Epsilon-Team4,Org-Epsilon,2026-03-20,15,6.8,Code Generation
AI_USR029,Org-Epsilon-Team4,Org-Epsilon,2026-03-22,5,6.1,Summarization
AI_USR029,Org-Epsilon-Team4,Org-Epsilon,2026-03-23,16,6.6,Planning
AI_USR029,Org-Epsilon-Team4,Org-Epsilon,2026-03-24,14,5.1,Planning
AI_USR029,Org-Epsilon-Team4,Org-Epsilon,2026-03-25,2,5.9,Code Generation
AI_USR029,Org-Epsilon-Team4,Org-Epsilon,2026-03-26,17,5.7,Code Generation
AI_USR029,Org-Epsilon-Team4,Org-Epsilon,2026-03-28,19,7.0,Planning
AI_USR029,Org-Epsilon-Team4,Org-Epsilon,2026-03-29,15,5.8,Data Query
AI_USR029,Org-Epsilon-Team4,Org-Epsilon,2026-03-30,13,5.6,Planning
AI_USR029,Org-Epsilon-Team4,Org-Epsilon,2026-03-31,7,7.1,Planning
AI_USR030,Org-Delta-Team2,Org-Delta,2026-01-01,16,3.6,Data Query
AI_USR030,Org-Delta-Team2,Org-Delta,2026-01-02,1,4.9,Documentation
AI_USR030,Org-Delta-Team2,Org-Delta,2026-01-04,20,3.5,Planning
AI_USR030,Org-Delta-Team2,Org-Delta,2026-01-05,6,4.8,Summarization
AI_USR030,Org-Delta-Team2,Org-Delta,2026-01-08,14,4.5,Code Generation
AI_USR030,Org-Delta-Team2,Org-Delta,2026-01-09,3,4.3,Summarization
AI_USR030,Org-Delta-Team2,Org-Delta,2026-01-11,16,3.9,Documentation
AI_USR030,Org-Delta-Team2,Org-Delta,2026-01-15,16,5.0,Code Generation
AI_USR030,Org-Delta-Team2,Org-Delta,2026-01-16,4,5.1,Data Query
AI_USR030,Org-Delta-Team2,Org-Delta,2026-01-18,13,4.8,Summarization
AI_USR030,Org-Delta-Team2,Org-Delta,2026-01-19,3,3.4,Summarization
AI_USR030,Org-Delta-Team2,Org-Delta,2026-01-20,16,4.5,Data Query
AI_USR030,Org-Delta-Team2,Org-Delta,2026-01-22,3,4.6,Planning
AI_USR030,Org-Delta-Team2,Org-Delta,2026-01-26,8,4.1,Documentation
AI_USR030,Org-Delta-Team2,Org-Delta,2026-01-27,14,4.2,Summarization
AI_USR030,Org-Delta-Team2,Org-Delta,2026-01-28,19,4.5,Code Generation
AI_USR030,Org-Delta-Team2,Org-Delta,2026-01-29,3,3.3,Code Generation
AI_USR030,Org-Delta-Team2,Org-Delta,2026-01-30,12,3.7,Documentation
AI_USR030,Org-Delta-Team2,Org-Delta,2026-02-02,16,4.9,Data Query
AI_USR030,Org-Delta-Team2,Org-Delta,2026-02-04,16,3.4,Documentation
AI_USR030,Org-Delta-Team2,Org-Delta,2026-02-05,20,4.9,Code Generation
AI_USR030,Org-Delta-Team2,Org-Delta,2026-02-08,8,3.4,Documentation
AI_USR030,Org-Delta-Team2,Org-Delta,2026-02-09,16,3.6,Data Query
AI_USR030,Org-Delta-Team2,Org-Delta,2026-02-10,11,4.7,Debugging
AI_USR030,Org-Delta-Team2,Org-Delta,2026-02-11,2,4.5,Debugging
AI_USR030,Org-Delta-Team2,Org-Delta,2026-02-12,14,4.8,Summarization
AI_USR030,Org-Delta-Team2,Org-Delta,2026-02-13,18,4.6,Summarization
AI_USR030,Org-Delta-Team2,Org-Delta,2026-02-15,4,5.0,Debugging
AI_USR030,Org-Delta-Team2,Org-Delta,2026-02-16,8,4.3,Debugging
AI_USR030,Org-Delta-Team2,Org-Delta,2026-02-17,9,5.0,Summarization
AI_USR030,Org-Delta-Team2,Org-Delta,2026-02-18,6,3.4,Data Query
AI_USR030,Org-Delta-Team2,Org-Delta,2026-02-20,19,4.8,Data Query
AI_USR030,Org-Delta-Team2,Org-Delta,2026-02-22,19,4.6,Debugging
AI_USR030,Org-Delta-Team2,Org-Delta,2026-02-23,10,3.6,Summarization
AI_USR030,Org-Delta-Team2,Org-Delta,2026-02-24,9,3.3,Code Generation
AI_USR030,Org-Delta-Team2,Org-Delta,2026-02-27,17,4.3,Code Generation
AI_USR030,Org-Delta-Team2,Org-Delta,2026-02-28,8,4.3,Debugging
AI_USR030,Org-Delta-Team2,Org-Delta,2026-03-02,13,5.0,Documentation
AI_USR030,Org-Delta-Team2,Org-Delta,2026-03-03,14,3.9,Summarization
AI_USR030,Org-Delta-Team2,Org-Delta,2026-03-06,11,4.4,Planning
AI_USR030,Org-Delta-Team2,Org-Delta,2026-03-09,4,3.9,Code Generation
AI_USR030,Org-Delta-Team2,Org-Delta,2026-03-10,12,3.7,Code Generation
AI_USR030,Org-Delta-Team2,Org-Delta,2026-03-11,10,4.0,Data Query
AI_USR030,Org-Delta-Team2,Org-Delta,2026-03-12,9,4.8,Planning
AI_USR030,Org-Delta-Team2,Org-Delta,2026-03-13,5,3.1,Code Generation
AI_USR030,Org-Delta-Team2,Org-Delta,2026-03-15,16,4.1,Debugging
AI_USR030,Org-Delta-Team2,Org-Delta,2026-03-17,3,4.4,Documentation
AI_USR030,Org-Delta-Team2,Org-Delta,2026-03-18,10,4.4,Debugging
AI_USR030,Org-Delta-Team2,Org-Delta,2026-03-20,13,4.5,Data Query
AI_USR030,Org-Delta-Team2,Org-Delta,2026-03-21,19,3.7,Planning
AI_USR030,Org-Delta-Team2,Org-Delta,2026-03-22,18,4.8,Debugging
AI_USR030,Org-Delta-Team2,Org-Delta,2026-03-23,1,4.6,Documentation
AI_USR030,Org-Delta-Team2,Org-Delta,2026-03-25,14,3.9,Planning
AI_USR030,Org-Delta-Team2,Org-Delta,2026-03-26,9,3.1,Summarization
AI_USR030,Org-Delta-Team2,Org-Delta,2026-03-27,1,3.7,Planning
AI_USR030,Org-Delta-Team2,Org-Delta,2026-03-28,12,4.6,Planning
AI_USR031,Org-Beta-Team2,Org-Beta,2026-01-01,6,3.2,Data Query
AI_USR031,Org-Beta-Team2,Org-Beta,2026-01-02,18,2.3,Data Query
AI_USR031,Org-Beta-Team2,Org-Beta,2026-01-03,9,3.4,Code Generation
AI_USR031,Org-Beta-Team2,Org-Beta,2026-01-05,16,3.0,Summarization
AI_USR031,Org-Beta-Team2,Org-Beta,2026-01-06,7,3.2,Summarization
AI_USR031,Org-Beta-Team2,Org-Beta,2026-01-07,2,2.4,Debugging
AI_USR031,Org-Beta-Team2,Org-Beta,2026-01-08,6,3.5,Debugging
AI_USR031,Org-Beta-Team2,Org-Beta,2026-01-09,4,2.7,Code Generation
AI_USR031,Org-Beta-Team2,Org-Beta,2026-01-10,2,2.6,Summarization
AI_USR031,Org-Beta-Team2,Org-Beta,2026-01-11,11,2.4,Code Generation
AI_USR031,Org-Beta-Team2,Org-Beta,2026-01-12,3,2.4,Summarization
AI_USR031,Org-Beta-Team2,Org-Beta,2026-01-13,16,4.2,Data Query
AI_USR031,Org-Beta-Team2,Org-Beta,2026-01-15,6,3.7,Debugging
AI_USR031,Org-Beta-Team2,Org-Beta,2026-01-17,10,4.2,Debugging
AI_USR031,Org-Beta-Team2,Org-Beta,2026-01-18,4,3.1,Summarization
AI_USR031,Org-Beta-Team2,Org-Beta,2026-01-20,16,4.0,Summarization
AI_USR031,Org-Beta-Team2,Org-Beta,2026-01-22,17,2.7,Code Generation
AI_USR031,Org-Beta-Team2,Org-Beta,2026-01-23,5,2.7,Documentation
AI_USR031,Org-Beta-Team2,Org-Beta,2026-01-24,16,3.4,Debugging
AI_USR031,Org-Beta-Team2,Org-Beta,2026-01-25,13,4.0,Code Generation
AI_USR031,Org-Beta-Team2,Org-Beta,2026-01-26,13,4.1,Debugging
AI_USR031,Org-Beta-Team2,Org-Beta,2026-01-27,7,3.1,Data Query
AI_USR031,Org-Beta-Team2,Org-Beta,2026-01-28,7,2.9,Debugging
AI_USR031,Org-Beta-Team2,Org-Beta,2026-01-31,1,4.7,Code Generation
AI_USR031,Org-Beta-Team2,Org-Beta,2026-02-01,15,3.6,Planning
AI_USR031,Org-Beta-Team2,Org-Beta,2026-02-02,8,3.9,Documentation
AI_USR031,Org-Beta-Team2,Org-Beta,2026-02-03,10,2.9,Debugging
AI_USR031,Org-Beta-Team2,Org-Beta,2026-02-05,19,3.9,Code Generation
AI_USR031,Org-Beta-Team2,Org-Beta,2026-02-06,5,2.9,Summarization
AI_USR031,Org-Beta-Team2,Org-Beta,2026-02-08,6,4.7,Code Generation
AI_USR031,Org-Beta-Team2,Org-Beta,2026-02-09,20,4.0,Documentation
AI_USR031,Org-Beta-Team2,Org-Beta,2026-02-10,13,3.9,Planning
AI_USR031,Org-Beta-Team2,Org-Beta,2026-02-11,10,3.9,Planning
AI_USR031,Org-Beta-Team2,Org-Beta,2026-02-12,2,4.6,Code Generation
AI_USR031,Org-Beta-Team2,Org-Beta,2026-02-15,18,4.0,Data Query
AI_USR031,Org-Beta-Team2,Org-Beta,2026-02-16,4,3.8,Summarization
AI_USR031,Org-Beta-Team2,Org-Beta,2026-02-17,2,3.3,Summarization
AI_USR031,Org-Beta-Team2,Org-Beta,2026-02-18,4,3.8,Documentation
AI_USR031,Org-Beta-Team2,Org-Beta,2026-02-21,15,5.1,Code Generation
AI_USR031,Org-Beta-Team2,Org-Beta,2026-02-22,11,4.0,Code Generation
AI_USR031,Org-Beta-Team2,Org-Beta,2026-02-23,14,3.6,Summarization
AI_USR031,Org-Beta-Team2,Org-Beta,2026-02-26,13,3.6,Summarization
AI_USR031,Org-Beta-Team2,Org-Beta,2026-02-27,4,4.9,Documentation
AI_USR031,Org-Beta-Team2,Org-Beta,2026-02-28,10,4.1,Code Generation
AI_USR031,Org-Beta-Team2,Org-Beta,2026-03-02,6,3.9,Planning
AI_USR031,Org-Beta-Team2,Org-Beta,2026-03-05,11,4.4,Planning
AI_USR031,Org-Beta-Team2,Org-Beta,2026-03-06,12,3.9,Summarization
AI_USR031,Org-Beta-Team2,Org-Beta,2026-03-07,11,4.2,Planning
AI_USR031,Org-Beta-Team2,Org-Beta,2026-03-08,20,4.2,Debugging
AI_USR031,Org-Beta-Team2,Org-Beta,2026-03-10,8,3.8,Planning
AI_USR031,Org-Beta-Team2,Org-Beta,2026-03-11,6,4.5,Debugging
AI_USR031,Org-Beta-Team2,Org-Beta,2026-03-12,18,4.9,Debugging
AI_USR031,Org-Beta-Team2,Org-Beta,2026-03-13,19,4.4,Planning
AI_USR031,Org-Beta-Team2,Org-Beta,2026-03-14,7,4.6,Summarization
AI_USR031,Org-Beta-Team2,Org-Beta,2026-03-16,13,4.8,Code Generation
AI_USR031,Org-Beta-Team2,Org-Beta,2026-03-18,20,5.1,Debugging
AI_USR031,Org-Beta-Team2,Org-Beta,2026-03-19,5,4.0,Debugging
AI_USR031,Org-Beta-Team2,Org-Beta,2026-03-21,10,4.9,Summarization
AI_USR031,Org-Beta-Team2,Org-Beta,2026-03-23,9,5.9,Summarization
AI_USR031,Org-Beta-Team2,Org-Beta,2026-03-24,2,4.5,Code Generation
AI_USR031,Org-Beta-Team2,Org-Beta,2026-03-25,17,4.5,Data Query
AI_USR031,Org-Beta-Team2,Org-Beta,2026-03-29,1,4.3,Code Generation
AI_USR031,Org-Beta-Team2,Org-Beta,2026-03-30,8,4.7,Documentation
AI_USR031,Org-Beta-Team2,Org-Beta,2026-03-31,18,5.1,Planning
AI_USR032,Org-Gamma-Team1,Org-Gamma,2026-01-01,6,6.2,Debugging
AI_USR032,Org-Gamma-Team1,Org-Gamma,2026-01-02,18,5.1,Debugging
AI_USR032,Org-Gamma-Team1,Org-Gamma,2026-01-04,15,4.8,Data Query
AI_USR032,Org-Gamma-Team1,Org-Gamma,2026-01-05,1,6.6,Code Generation
AI_USR032,Org-Gamma-Team1,Org-Gamma,2026-01-07,20,5.1,Debugging
AI_USR032,Org-Gamma-Team1,Org-Gamma,2026-01-09,18,6.2,Code Generation
AI_USR032,Org-Gamma-Team1,Org-Gamma,2026-01-10,11,6.6,Planning
AI_USR032,Org-Gamma-Team1,Org-Gamma,2026-01-11,13,6.1,Summarization
AI_USR032,Org-Gamma-Team1,Org-Gamma,2026-01-12,6,5.3,Planning
AI_USR032,Org-Gamma-Team1,Org-Gamma,2026-01-13,16,6.2,Data Query
AI_USR032,Org-Gamma-Team1,Org-Gamma,2026-01-14,11,6.2,Planning
AI_USR032,Org-Gamma-Team1,Org-Gamma,2026-01-16,19,6.8,Debugging
AI_USR032,Org-Gamma-Team1,Org-Gamma,2026-01-17,3,5.0,Data Query
AI_USR032,Org-Gamma-Team1,Org-Gamma,2026-01-18,5,6.6,Data Query
AI_USR032,Org-Gamma-Team1,Org-Gamma,2026-01-19,13,5.3,Code Generation
AI_USR032,Org-Gamma-Team1,Org-Gamma,2026-01-20,4,6.1,Data Query
AI_USR032,Org-Gamma-Team1,Org-Gamma,2026-01-22,15,5.3,Documentation
AI_USR032,Org-Gamma-Team1,Org-Gamma,2026-01-24,11,5.9,Data Query
AI_USR032,Org-Gamma-Team1,Org-Gamma,2026-01-25,14,6.0,Data Query
AI_USR032,Org-Gamma-Team1,Org-Gamma,2026-01-27,14,5.2,Data Query
AI_USR032,Org-Gamma-Team1,Org-Gamma,2026-01-28,19,6.9,Planning
AI_USR032,Org-Gamma-Team1,Org-Gamma,2026-01-29,13,6.5,Summarization
AI_USR032,Org-Gamma-Team1,Org-Gamma,2026-01-30,15,5.5,Planning
AI_USR032,Org-Gamma-Team1,Org-Gamma,2026-01-31,7,5.3,Planning
AI_USR032,Org-Gamma-Team1,Org-Gamma,2026-02-01,6,5.2,Code Generation
AI_USR032,Org-Gamma-Team1,Org-Gamma,2026-02-02,8,6.2,Code Generation
AI_USR032,Org-Gamma-Team1,Org-Gamma,2026-02-03,14,5.0,Planning
AI_USR032,Org-Gamma-Team1,Org-Gamma,2026-02-04,10,5.1,Planning
AI_USR032,Org-Gamma-Team1,Org-Gamma,2026-02-05,8,5.7,Data Query
AI_USR032,Org-Gamma-Team1,Org-Gamma,2026-02-06,7,5.4,Code Generation
AI_USR032,Org-Gamma-Team1,Org-Gamma,2026-02-07,9,5.7,Planning
AI_USR032,Org-Gamma-Team1,Org-Gamma,2026-02-08,19,6.8,Documentation
AI_USR032,Org-Gamma-Team1,Org-Gamma,2026-02-12,8,6.6,Planning
AI_USR032,Org-Gamma-Team1,Org-Gamma,2026-02-13,19,5.9,Documentation
AI_USR032,Org-Gamma-Team1,Org-Gamma,2026-02-14,13,5.9,Code Generation
AI_USR032,Org-Gamma-Team1,Org-Gamma,2026-02-15,5,6.8,Data Query
AI_USR032,Org-Gamma-Team1,Org-Gamma,2026-02-16,1,6.2,Data Query
AI_USR032,Org-Gamma-Team1,Org-Gamma,2026-02-17,10,6.9,Documentation
AI_USR032,Org-Gamma-Team1,Org-Gamma,2026-02-18,8,6.3,Planning
AI_USR032,Org-Gamma-Team1,Org-Gamma,2026-02-19,8,5.5,Documentation
AI_USR032,Org-Gamma-Team1,Org-Gamma,2026-02-20,7,6.4,Planning
AI_USR032,Org-Gamma-Team1,Org-Gamma,2026-02-21,2,6.7,Code Generation
AI_USR032,Org-Gamma-Team1,Org-Gamma,2026-02-22,17,5.2,Documentation
AI_USR032,Org-Gamma-Team1,Org-Gamma,2026-02-24,8,6.4,Documentation
AI_USR032,Org-Gamma-Team1,Org-Gamma,2026-02-25,2,5.6,Planning
AI_USR032,Org-Gamma-Team1,Org-Gamma,2026-02-26,2,5.9,Summarization
AI_USR032,Org-Gamma-Team1,Org-Gamma,2026-02-27,7,5.7,Summarization
AI_USR032,Org-Gamma-Team1,Org-Gamma,2026-03-01,1,5.9,Debugging
AI_USR032,Org-Gamma-Team1,Org-Gamma,2026-03-02,4,6.5,Debugging
AI_USR032,Org-Gamma-Team1,Org-Gamma,2026-03-04,14,6.1,Data Query
AI_USR032,Org-Gamma-Team1,Org-Gamma,2026-03-05,2,7.1,Summarization
AI_USR032,Org-Gamma-Team1,Org-Gamma,2026-03-06,15,6.2,Debugging
AI_USR032,Org-Gamma-Team1,Org-Gamma,2026-03-08,7,6.3,Debugging
AI_USR032,Org-Gamma-Team1,Org-Gamma,2026-03-09,16,6.6,Debugging
AI_USR032,Org-Gamma-Team1,Org-Gamma,2026-03-10,10,6.5,Data Query
AI_USR032,Org-Gamma-Team1,Org-Gamma,2026-03-11,1,6.7,Summarization
AI_USR032,Org-Gamma-Team1,Org-Gamma,2026-03-12,7,5.4,Summarization
AI_USR032,Org-Gamma-Team1,Org-Gamma,2026-03-13,7,6.7,Summarization
AI_USR032,Org-Gamma-Team1,Org-Gamma,2026-03-15,12,5.7,Planning
AI_USR032,Org-Gamma-Team1,Org-Gamma,2026-03-16,1,5.9,Debugging
AI_USR032,Org-Gamma-Team1,Org-Gamma,2026-03-17,15,5.7,Documentation
AI_USR032,Org-Gamma-Team1,Org-Gamma,2026-03-19,15,5.9,Debugging
AI_USR032,Org-Gamma-Team1,Org-Gamma,2026-03-20,6,6.5,Planning
AI_USR032,Org-Gamma-Team1,Org-Gamma,2026-03-23,2,6.9,Debugging
AI_USR032,Org-Gamma-Team1,Org-Gamma,2026-03-24,1,7.1,Planning
AI_USR032,Org-Gamma-Team1,Org-Gamma,2026-03-25,1,7.0,Documentation
AI_USR032,Org-Gamma-Team1,Org-Gamma,2026-03-26,1,5.5,Summarization
AI_USR032,Org-Gamma-Team1,Org-Gamma,2026-03-28,2,6.6,Summarization
AI_USR032,Org-Gamma-Team1,Org-Gamma,2026-03-30,9,7.1,Data Query
AI_USR032,Org-Gamma-Team1,Org-Gamma,2026-03-31,14,7.2,Documentation
AI_USR033,Org-Gamma-Team4,Org-Gamma,2026-01-01,8,8.1,Planning
AI_USR033,Org-Gamma-Team4,Org-Gamma,2026-01-03,9,6.5,Debugging
AI_USR033,Org-Gamma-Team4,Org-Gamma,2026-01-05,16,6.9,Documentation
AI_USR033,Org-Gamma-Team4,Org-Gamma,2026-01-08,11,7.6,Code Generation
AI_USR033,Org-Gamma-Team4,Org-Gamma,2026-01-09,19,8.0,Summarization
AI_USR033,Org-Gamma-Team4,Org-Gamma,2026-01-11,10,7.5,Documentation
AI_USR033,Org-Gamma-Team4,Org-Gamma,2026-01-12,18,7.2,Planning
AI_USR033,Org-Gamma-Team4,Org-Gamma,2026-01-14,4,8.3,Code Generation
AI_USR033,Org-Gamma-Team4,Org-Gamma,2026-01-16,18,8.1,Summarization
AI_USR033,Org-Gamma-Team4,Org-Gamma,2026-01-17,9,8.2,Summarization
AI_USR033,Org-Gamma-Team4,Org-Gamma,2026-01-18,20,7.5,Planning
AI_USR033,Org-Gamma-Team4,Org-Gamma,2026-01-20,14,8.4,Planning
AI_USR033,Org-Gamma-Team4,Org-Gamma,2026-01-22,18,7.3,Summarization
AI_USR033,Org-Gamma-Team4,Org-Gamma,2026-01-23,17,7.3,Data Query
AI_USR033,Org-Gamma-Team4,Org-Gamma,2026-01-24,7,9.0,Planning
AI_USR033,Org-Gamma-Team4,Org-Gamma,2026-01-25,5,7.8,Code Generation
AI_USR033,Org-Gamma-Team4,Org-Gamma,2026-01-26,5,8.7,Summarization
AI_USR033,Org-Gamma-Team4,Org-Gamma,2026-01-29,10,7.5,Debugging
AI_USR033,Org-Gamma-Team4,Org-Gamma,2026-01-30,18,7.3,Debugging
AI_USR033,Org-Gamma-Team4,Org-Gamma,2026-01-31,11,7.7,Debugging
AI_USR033,Org-Gamma-Team4,Org-Gamma,2026-02-01,1,8.5,Debugging
AI_USR033,Org-Gamma-Team4,Org-Gamma,2026-02-03,11,8.7,Debugging
AI_USR033,Org-Gamma-Team4,Org-Gamma,2026-02-04,3,7.9,Planning
AI_USR033,Org-Gamma-Team4,Org-Gamma,2026-02-05,4,8.4,Summarization
AI_USR033,Org-Gamma-Team4,Org-Gamma,2026-02-06,18,8.9,Planning
AI_USR033,Org-Gamma-Team4,Org-Gamma,2026-02-08,6,8.3,Debugging
AI_USR033,Org-Gamma-Team4,Org-Gamma,2026-02-09,16,8.1,Data Query
AI_USR033,Org-Gamma-Team4,Org-Gamma,2026-02-10,8,9.4,Data Query
AI_USR033,Org-Gamma-Team4,Org-Gamma,2026-02-12,10,8.3,Documentation
AI_USR033,Org-Gamma-Team4,Org-Gamma,2026-02-13,3,8.6,Planning
AI_USR033,Org-Gamma-Team4,Org-Gamma,2026-02-15,20,9.2,Planning
AI_USR033,Org-Gamma-Team4,Org-Gamma,2026-02-16,3,9.2,Code Generation
AI_USR033,Org-Gamma-Team4,Org-Gamma,2026-02-17,1,8.4,Documentation
AI_USR033,Org-Gamma-Team4,Org-Gamma,2026-02-18,10,9.2,Code Generation
AI_USR033,Org-Gamma-Team4,Org-Gamma,2026-02-19,7,8.7,Code Generation
AI_USR033,Org-Gamma-Team4,Org-Gamma,2026-02-20,3,9.3,Planning
AI_USR033,Org-Gamma-Team4,Org-Gamma,2026-02-24,8,8.4,Planning
AI_USR033,Org-Gamma-Team4,Org-Gamma,2026-02-25,13,9.7,Code Generation
AI_USR033,Org-Gamma-Team4,Org-Gamma,2026-02-26,19,8.3,Documentation
AI_USR033,Org-Gamma-Team4,Org-Gamma,2026-02-27,4,8.2,Code Generation
AI_USR033,Org-Gamma-Team4,Org-Gamma,2026-03-01,2,9.1,Debugging
AI_USR033,Org-Gamma-Team4,Org-Gamma,2026-03-02,12,8.4,Documentation
AI_USR033,Org-Gamma-Team4,Org-Gamma,2026-03-05,14,8.9,Code Generation
AI_USR033,Org-Gamma-Team4,Org-Gamma,2026-03-06,10,10.0,Documentation
AI_USR033,Org-Gamma-Team4,Org-Gamma,2026-03-07,5,9.4,Data Query
AI_USR033,Org-Gamma-Team4,Org-Gamma,2026-03-10,9,10.0,Summarization
AI_USR033,Org-Gamma-Team4,Org-Gamma,2026-03-11,3,8.8,Debugging
AI_USR033,Org-Gamma-Team4,Org-Gamma,2026-03-13,10,10.0,Summarization
AI_USR033,Org-Gamma-Team4,Org-Gamma,2026-03-14,9,9.7,Data Query
AI_USR033,Org-Gamma-Team4,Org-Gamma,2026-03-16,20,9.3,Documentation
AI_USR033,Org-Gamma-Team4,Org-Gamma,2026-03-18,4,10.0,Data Query
AI_USR033,Org-Gamma-Team4,Org-Gamma,2026-03-19,16,9.5,Summarization
AI_USR033,Org-Gamma-Team4,Org-Gamma,2026-03-21,12,10.0,Data Query
AI_USR033,Org-Gamma-Team4,Org-Gamma,2026-03-23,18,9.1,Debugging
AI_USR033,Org-Gamma-Team4,Org-Gamma,2026-03-24,19,9.5,Planning
AI_USR033,Org-Gamma-Team4,Org-Gamma,2026-03-25,12,9.9,Summarization
AI_USR033,Org-Gamma-Team4,Org-Gamma,2026-03-27,20,10.0,Data Query
AI_USR033,Org-Gamma-Team4,Org-Gamma,2026-03-28,15,9.9,Code Generation
AI_USR033,Org-Gamma-Team4,Org-Gamma,2026-03-29,11,10.0,Summarization
AI_USR033,Org-Gamma-Team4,Org-Gamma,2026-03-30,3,9.5,Documentation
AI_USR034,Org-Beta-Team1,Org-Beta,2026-01-03,14,5.7,Debugging
AI_USR034,Org-Beta-Team1,Org-Beta,2026-01-04,10,5.7,Summarization
AI_USR034,Org-Beta-Team1,Org-Beta,2026-01-05,9,5.0,Data Query
AI_USR034,Org-Beta-Team1,Org-Beta,2026-01-07,12,4.7,Debugging
AI_USR034,Org-Beta-Team1,Org-Beta,2026-01-08,19,5.2,Debugging
AI_USR034,Org-Beta-Team1,Org-Beta,2026-01-09,4,5.3,Summarization
AI_USR034,Org-Beta-Team1,Org-Beta,2026-01-10,8,5.4,Planning
AI_USR034,Org-Beta-Team1,Org-Beta,2026-01-11,7,5.3,Debugging
AI_USR034,Org-Beta-Team1,Org-Beta,2026-01-14,9,5.1,Documentation
AI_USR034,Org-Beta-Team1,Org-Beta,2026-01-17,15,5.2,Code Generation
AI_USR034,Org-Beta-Team1,Org-Beta,2026-01-18,9,4.8,Documentation
AI_USR034,Org-Beta-Team1,Org-Beta,2026-01-20,3,4.7,Summarization
AI_USR034,Org-Beta-Team1,Org-Beta,2026-01-22,10,4.4,Summarization
AI_USR034,Org-Beta-Team1,Org-Beta,2026-01-23,5,6.1,Documentation
AI_USR034,Org-Beta-Team1,Org-Beta,2026-01-25,8,6.2,Data Query
AI_USR034,Org-Beta-Team1,Org-Beta,2026-01-27,6,4.6,Debugging
AI_USR034,Org-Beta-Team1,Org-Beta,2026-01-28,16,4.7,Planning
AI_USR034,Org-Beta-Team1,Org-Beta,2026-01-29,15,4.7,Summarization
AI_USR034,Org-Beta-Team1,Org-Beta,2026-01-30,11,6.0,Planning
AI_USR034,Org-Beta-Team1,Org-Beta,2026-01-31,14,4.5,Debugging
AI_USR034,Org-Beta-Team1,Org-Beta,2026-02-01,15,6.3,Documentation
AI_USR034,Org-Beta-Team1,Org-Beta,2026-02-02,8,5.6,Summarization
AI_USR034,Org-Beta-Team1,Org-Beta,2026-02-03,6,4.7,Planning
AI_USR034,Org-Beta-Team1,Org-Beta,2026-02-06,1,5.1,Documentation
AI_USR034,Org-Beta-Team1,Org-Beta,2026-02-08,14,6.3,Summarization
AI_USR034,Org-Beta-Team1,Org-Beta,2026-02-09,8,6.0,Code Generation
AI_USR034,Org-Beta-Team1,Org-Beta,2026-02-10,19,5.3,Data Query
AI_USR034,Org-Beta-Team1,Org-Beta,2026-02-11,12,5.9,Planning
AI_USR034,Org-Beta-Team1,Org-Beta,2026-02-12,13,6.2,Code Generation
AI_USR034,Org-Beta-Team1,Org-Beta,2026-02-14,5,6.0,Data Query
AI_USR034,Org-Beta-Team1,Org-Beta,2026-02-15,6,6.0,Summarization
AI_USR034,Org-Beta-Team1,Org-Beta,2026-02-16,14,5.0,Code Generation
AI_USR034,Org-Beta-Team1,Org-Beta,2026-02-18,18,5.4,Data Query
AI_USR034,Org-Beta-Team1,Org-Beta,2026-02-19,10,4.6,Debugging
AI_USR034,Org-Beta-Team1,Org-Beta,2026-02-21,17,6.0,Code Generation
AI_USR034,Org-Beta-Team1,Org-Beta,2026-02-24,17,4.9,Code Generation
AI_USR034,Org-Beta-Team1,Org-Beta,2026-02-25,6,6.3,Code Generation
AI_USR034,Org-Beta-Team1,Org-Beta,2026-02-26,15,5.6,Code Generation
AI_USR034,Org-Beta-Team1,Org-Beta,2026-03-01,6,6.0,Summarization
AI_USR034,Org-Beta-Team1,Org-Beta,2026-03-02,9,5.1,Summarization
AI_USR034,Org-Beta-Team1,Org-Beta,2026-03-04,9,5.0,Documentation
AI_USR034,Org-Beta-Team1,Org-Beta,2026-03-05,3,5.3,Planning
AI_USR034,Org-Beta-Team1,Org-Beta,2026-03-06,2,6.2,Summarization
AI_USR034,Org-Beta-Team1,Org-Beta,2026-03-07,19,6.0,Data Query
AI_USR034,Org-Beta-Team1,Org-Beta,2026-03-08,10,5.6,Documentation
AI_USR034,Org-Beta-Team1,Org-Beta,2026-03-09,9,5.9,Summarization
AI_USR034,Org-Beta-Team1,Org-Beta,2026-03-11,7,6.2,Code Generation
AI_USR034,Org-Beta-Team1,Org-Beta,2026-03-12,7,5.1,Planning
AI_USR034,Org-Beta-Team1,Org-Beta,2026-03-13,13,6.4,Summarization
AI_USR034,Org-Beta-Team1,Org-Beta,2026-03-15,5,6.5,Summarization
AI_USR034,Org-Beta-Team1,Org-Beta,2026-03-16,16,5.0,Code Generation
AI_USR034,Org-Beta-Team1,Org-Beta,2026-03-17,5,6.7,Summarization
AI_USR034,Org-Beta-Team1,Org-Beta,2026-03-18,9,5.0,Data Query
AI_USR034,Org-Beta-Team1,Org-Beta,2026-03-19,16,5.8,Planning
AI_USR034,Org-Beta-Team1,Org-Beta,2026-03-20,8,5.3,Debugging
AI_USR034,Org-Beta-Team1,Org-Beta,2026-03-22,17,6.0,Documentation
AI_USR034,Org-Beta-Team1,Org-Beta,2026-03-23,19,5.0,Summarization
AI_USR034,Org-Beta-Team1,Org-Beta,2026-03-24,17,5.1,Summarization
AI_USR034,Org-Beta-Team1,Org-Beta,2026-03-29,4,6.2,Planning
AI_USR034,Org-Beta-Team1,Org-Beta,2026-03-30,13,6.3,Debugging
AI_USR034,Org-Beta-Team1,Org-Beta,2026-03-31,17,6.5,Data Query
AI_USR035,Org-Gamma-Team1,Org-Gamma,2026-01-01,17,7.8,Data Query
AI_USR035,Org-Gamma-Team1,Org-Gamma,2026-01-03,15,6.8,Debugging
AI_USR035,Org-Gamma-Team1,Org-Gamma,2026-01-06,16,7.8,Debugging
AI_USR035,Org-Gamma-Team1,Org-Gamma,2026-01-07,18,8.5,Data Query
AI_USR035,Org-Gamma-Team1,Org-Gamma,2026-01-08,17,7.5,Code Generation
AI_USR035,Org-Gamma-Team1,Org-Gamma,2026-01-09,15,6.9,Data Query
AI_USR035,Org-Gamma-Team1,Org-Gamma,2026-01-10,18,7.0,Code Generation
AI_USR035,Org-Gamma-Team1,Org-Gamma,2026-01-12,14,8.5,Debugging
AI_USR035,Org-Gamma-Team1,Org-Gamma,2026-01-14,1,7.1,Documentation
AI_USR035,Org-Gamma-Team1,Org-Gamma,2026-01-16,5,7.1,Planning
AI_USR035,Org-Gamma-Team1,Org-Gamma,2026-01-17,3,8.4,Planning
AI_USR035,Org-Gamma-Team1,Org-Gamma,2026-01-18,14,8.3,Data Query
AI_USR035,Org-Gamma-Team1,Org-Gamma,2026-01-19,19,7.5,Code Generation
AI_USR035,Org-Gamma-Team1,Org-Gamma,2026-01-25,11,8.3,Code Generation
AI_USR035,Org-Gamma-Team1,Org-Gamma,2026-01-26,17,7.1,Data Query
AI_USR035,Org-Gamma-Team1,Org-Gamma,2026-01-27,7,7.2,Planning
AI_USR035,Org-Gamma-Team1,Org-Gamma,2026-01-29,18,7.0,Debugging
AI_USR035,Org-Gamma-Team1,Org-Gamma,2026-01-30,10,8.9,Data Query
AI_USR035,Org-Gamma-Team1,Org-Gamma,2026-01-31,4,8.1,Documentation
AI_USR035,Org-Gamma-Team1,Org-Gamma,2026-02-02,20,8.0,Data Query
AI_USR035,Org-Gamma-Team1,Org-Gamma,2026-02-03,20,8.1,Debugging
AI_USR035,Org-Gamma-Team1,Org-Gamma,2026-02-04,5,8.0,Data Query
AI_USR035,Org-Gamma-Team1,Org-Gamma,2026-02-05,4,7.9,Documentation
AI_USR035,Org-Gamma-Team1,Org-Gamma,2026-02-06,12,7.9,Data Query
AI_USR035,Org-Gamma-Team1,Org-Gamma,2026-02-09,1,8.6,Data Query
AI_USR035,Org-Gamma-Team1,Org-Gamma,2026-02-10,13,7.8,Summarization
AI_USR035,Org-Gamma-Team1,Org-Gamma,2026-02-11,11,7.6,Code Generation
AI_USR035,Org-Gamma-Team1,Org-Gamma,2026-02-13,12,8.5,Code Generation
AI_USR035,Org-Gamma-Team1,Org-Gamma,2026-02-14,16,7.5,Summarization
AI_USR035,Org-Gamma-Team1,Org-Gamma,2026-02-15,5,8.3,Data Query
AI_USR035,Org-Gamma-Team1,Org-Gamma,2026-02-17,14,8.1,Summarization
AI_USR035,Org-Gamma-Team1,Org-Gamma,2026-02-18,14,7.3,Debugging
AI_USR035,Org-Gamma-Team1,Org-Gamma,2026-02-19,15,7.8,Code Generation
AI_USR035,Org-Gamma-Team1,Org-Gamma,2026-02-21,13,8.1,Planning
AI_USR035,Org-Gamma-Team1,Org-Gamma,2026-02-22,1,9.1,Code Generation
AI_USR035,Org-Gamma-Team1,Org-Gamma,2026-02-23,10,8.1,Planning
AI_USR035,Org-Gamma-Team1,Org-Gamma,2026-02-25,13,8.4,Planning
AI_USR035,Org-Gamma-Team1,Org-Gamma,2026-02-26,12,8.4,Code Generation
AI_USR035,Org-Gamma-Team1,Org-Gamma,2026-02-27,3,7.5,Code Generation
AI_USR035,Org-Gamma-Team1,Org-Gamma,2026-02-28,9,8.6,Debugging
AI_USR035,Org-Gamma-Team1,Org-Gamma,2026-03-01,5,9.0,Planning
AI_USR035,Org-Gamma-Team1,Org-Gamma,2026-03-02,6,7.6,Documentation
AI_USR035,Org-Gamma-Team1,Org-Gamma,2026-03-04,2,7.7,Planning
AI_USR035,Org-Gamma-Team1,Org-Gamma,2026-03-06,3,8.9,Documentation
AI_USR035,Org-Gamma-Team1,Org-Gamma,2026-03-07,8,8.2,Code Generation
AI_USR035,Org-Gamma-Team1,Org-Gamma,2026-03-10,17,7.7,Code Generation
AI_USR035,Org-Gamma-Team1,Org-Gamma,2026-03-11,2,9.1,Code Generation
AI_USR035,Org-Gamma-Team1,Org-Gamma,2026-03-13,15,8.7,Summarization
AI_USR035,Org-Gamma-Team1,Org-Gamma,2026-03-14,5,7.7,Code Generation
AI_USR035,Org-Gamma-Team1,Org-Gamma,2026-03-15,1,8.2,Debugging
AI_USR035,Org-Gamma-Team1,Org-Gamma,2026-03-16,10,9.1,Code Generation
AI_USR035,Org-Gamma-Team1,Org-Gamma,2026-03-17,7,7.4,Planning
AI_USR035,Org-Gamma-Team1,Org-Gamma,2026-03-18,7,8.8,Debugging
AI_USR035,Org-Gamma-Team1,Org-Gamma,2026-03-19,9,7.7,Debugging
AI_USR035,Org-Gamma-Team1,Org-Gamma,2026-03-23,18,9.1,Code Generation
AI_USR035,Org-Gamma-Team1,Org-Gamma,2026-03-25,20,9.2,Planning
AI_USR035,Org-Gamma-Team1,Org-Gamma,2026-03-26,15,7.8,Data Query
AI_USR035,Org-Gamma-Team1,Org-Gamma,2026-03-27,18,7.7,Planning
AI_USR035,Org-Gamma-Team1,Org-Gamma,2026-03-28,9,8.8,Planning
AI_USR035,Org-Gamma-Team1,Org-Gamma,2026-03-29,15,8.2,Planning
AI_USR035,Org-Gamma-Team1,Org-Gamma,2026-03-30,2,7.8,Debugging
AI_USR035,Org-Gamma-Team1,Org-Gamma,2026-03-31,20,8.1,Code Generation
AI_USR036,Org-Alpha-Team2,Org-Alpha,2026-01-01,14,6.6,Documentation
AI_USR036,Org-Alpha-Team2,Org-Alpha,2026-01-02,4,5.3,Debugging
AI_USR036,Org-Alpha-Team2,Org-Alpha,2026-01-03,19,6.0,Data Query
AI_USR036,Org-Alpha-Team2,Org-Alpha,2026-01-04,8,5.7,Data Query
AI_USR036,Org-Alpha-Team2,Org-Alpha,2026-01-06,1,6.7,Planning
AI_USR036,Org-Alpha-Team2,Org-Alpha,2026-01-07,15,6.1,Summarization
AI_USR036,Org-Alpha-Team2,Org-Alpha,2026-01-08,3,5.3,Documentation
AI_USR036,Org-Alpha-Team2,Org-Alpha,2026-01-09,2,6.8,Debugging
AI_USR036,Org-Alpha-Team2,Org-Alpha,2026-01-10,8,6.0,Debugging
AI_USR036,Org-Alpha-Team2,Org-Alpha,2026-01-11,12,5.1,Debugging
AI_USR036,Org-Alpha-Team2,Org-Alpha,2026-01-12,15,6.6,Debugging
AI_USR036,Org-Alpha-Team2,Org-Alpha,2026-01-14,20,6.7,Data Query
AI_USR036,Org-Alpha-Team2,Org-Alpha,2026-01-15,20,6.9,Code Generation
AI_USR036,Org-Alpha-Team2,Org-Alpha,2026-01-16,18,5.5,Debugging
AI_USR036,Org-Alpha-Team2,Org-Alpha,2026-01-19,8,5.1,Planning
AI_USR036,Org-Alpha-Team2,Org-Alpha,2026-01-20,13,6.6,Code Generation
AI_USR036,Org-Alpha-Team2,Org-Alpha,2026-01-22,16,6.9,Documentation
AI_USR036,Org-Alpha-Team2,Org-Alpha,2026-01-23,18,6.4,Summarization
AI_USR036,Org-Alpha-Team2,Org-Alpha,2026-01-24,6,6.9,Code Generation
AI_USR036,Org-Alpha-Team2,Org-Alpha,2026-01-25,6,5.7,Summarization
AI_USR036,Org-Alpha-Team2,Org-Alpha,2026-01-26,8,5.9,Documentation
AI_USR036,Org-Alpha-Team2,Org-Alpha,2026-01-28,12,5.9,Planning
AI_USR036,Org-Alpha-Team2,Org-Alpha,2026-01-29,8,6.3,Documentation
AI_USR036,Org-Alpha-Team2,Org-Alpha,2026-01-30,3,6.3,Data Query
AI_USR036,Org-Alpha-Team2,Org-Alpha,2026-01-31,17,6.8,Documentation
AI_USR036,Org-Alpha-Team2,Org-Alpha,2026-02-03,12,6.4,Debugging
AI_USR036,Org-Alpha-Team2,Org-Alpha,2026-02-04,6,6.2,Code Generation
AI_USR036,Org-Alpha-Team2,Org-Alpha,2026-02-05,19,5.6,Planning
AI_USR036,Org-Alpha-Team2,Org-Alpha,2026-02-06,12,6.5,Debugging
AI_USR036,Org-Alpha-Team2,Org-Alpha,2026-02-08,7,5.8,Code Generation
AI_USR036,Org-Alpha-Team2,Org-Alpha,2026-02-11,7,6.0,Debugging
AI_USR036,Org-Alpha-Team2,Org-Alpha,2026-02-12,18,6.3,Code Generation
AI_USR036,Org-Alpha-Team2,Org-Alpha,2026-02-13,2,6.4,Code Generation
AI_USR036,Org-Alpha-Team2,Org-Alpha,2026-02-14,7,7.0,Debugging
AI_USR036,Org-Alpha-Team2,Org-Alpha,2026-02-15,7,6.0,Documentation
AI_USR036,Org-Alpha-Team2,Org-Alpha,2026-02-16,4,6.3,Documentation
AI_USR036,Org-Alpha-Team2,Org-Alpha,2026-02-17,18,5.9,Documentation
AI_USR036,Org-Alpha-Team2,Org-Alpha,2026-02-18,15,5.7,Documentation
AI_USR036,Org-Alpha-Team2,Org-Alpha,2026-02-19,15,6.1,Data Query
AI_USR036,Org-Alpha-Team2,Org-Alpha,2026-02-22,19,6.9,Data Query
AI_USR036,Org-Alpha-Team2,Org-Alpha,2026-02-24,17,5.8,Summarization
AI_USR036,Org-Alpha-Team2,Org-Alpha,2026-02-25,16,6.7,Data Query
AI_USR036,Org-Alpha-Team2,Org-Alpha,2026-02-26,19,7.0,Planning
AI_USR036,Org-Alpha-Team2,Org-Alpha,2026-02-27,18,6.4,Planning
AI_USR036,Org-Alpha-Team2,Org-Alpha,2026-02-28,13,6.4,Code Generation
AI_USR036,Org-Alpha-Team2,Org-Alpha,2026-03-02,12,6.3,Debugging
AI_USR036,Org-Alpha-Team2,Org-Alpha,2026-03-03,3,6.3,Code Generation
AI_USR036,Org-Alpha-Team2,Org-Alpha,2026-03-04,12,6.4,Code Generation
AI_USR036,Org-Alpha-Team2,Org-Alpha,2026-03-06,2,7.0,Planning
AI_USR036,Org-Alpha-Team2,Org-Alpha,2026-03-08,13,7.0,Documentation
AI_USR036,Org-Alpha-Team2,Org-Alpha,2026-03-09,16,6.6,Data Query
AI_USR036,Org-Alpha-Team2,Org-Alpha,2026-03-10,7,7.6,Code Generation
AI_USR036,Org-Alpha-Team2,Org-Alpha,2026-03-11,9,7.2,Data Query
AI_USR036,Org-Alpha-Team2,Org-Alpha,2026-03-12,1,7.5,Debugging
AI_USR036,Org-Alpha-Team2,Org-Alpha,2026-03-15,8,6.7,Data Query
AI_USR036,Org-Alpha-Team2,Org-Alpha,2026-03-18,4,5.8,Planning
AI_USR036,Org-Alpha-Team2,Org-Alpha,2026-03-19,16,7.1,Debugging
AI_USR036,Org-Alpha-Team2,Org-Alpha,2026-03-20,3,7.0,Debugging
AI_USR036,Org-Alpha-Team2,Org-Alpha,2026-03-21,1,7.2,Summarization
AI_USR036,Org-Alpha-Team2,Org-Alpha,2026-03-23,3,6.7,Code Generation
AI_USR036,Org-Alpha-Team2,Org-Alpha,2026-03-24,16,6.2,Documentation
AI_USR036,Org-Alpha-Team2,Org-Alpha,2026-03-25,16,7.7,Code Generation
AI_USR036,Org-Alpha-Team2,Org-Alpha,2026-03-26,7,6.6,Debugging
AI_USR036,Org-Alpha-Team2,Org-Alpha,2026-03-28,2,7.7,Code Generation
AI_USR036,Org-Alpha-Team2,Org-Alpha,2026-03-29,12,7.8,Planning
AI_USR036,Org-Alpha-Team2,Org-Alpha,2026-03-30,4,7.5,Debugging
AI_USR037,Org-Gamma-Team4,Org-Gamma,2026-01-01,11,6.9,Summarization
AI_USR037,Org-Gamma-Team4,Org-Gamma,2026-01-02,9,5.3,Data Query
AI_USR037,Org-Gamma-Team4,Org-Gamma,2026-01-03,9,6.8,Data Query
AI_USR037,Org-Gamma-Team4,Org-Gamma,2026-01-04,9,6.3,Planning
AI_USR037,Org-Gamma-Team4,Org-Gamma,2026-01-06,3,7.0,Planning
AI_USR037,Org-Gamma-Team4,Org-Gamma,2026-01-07,1,5.5,Summarization
AI_USR037,Org-Gamma-Team4,Org-Gamma,2026-01-10,1,5.8,Planning
AI_USR037,Org-Gamma-Team4,Org-Gamma,2026-01-11,5,5.6,Debugging
AI_USR037,Org-Gamma-Team4,Org-Gamma,2026-01-14,9,7.1,Planning
AI_USR037,Org-Gamma-Team4,Org-Gamma,2026-01-17,16,7.4,Data Query
AI_USR037,Org-Gamma-Team4,Org-Gamma,2026-01-18,17,5.8,Code Generation
AI_USR037,Org-Gamma-Team4,Org-Gamma,2026-01-20,18,5.7,Planning
AI_USR037,Org-Gamma-Team4,Org-Gamma,2026-01-22,13,6.7,Documentation
AI_USR037,Org-Gamma-Team4,Org-Gamma,2026-01-23,7,6.4,Planning
AI_USR037,Org-Gamma-Team4,Org-Gamma,2026-01-24,8,6.5,Debugging
AI_USR037,Org-Gamma-Team4,Org-Gamma,2026-01-25,8,6.8,Code Generation
AI_USR037,Org-Gamma-Team4,Org-Gamma,2026-01-27,2,6.3,Planning
AI_USR037,Org-Gamma-Team4,Org-Gamma,2026-01-30,7,7.0,Documentation
AI_USR037,Org-Gamma-Team4,Org-Gamma,2026-01-31,1,6.7,Data Query
AI_USR037,Org-Gamma-Team4,Org-Gamma,2026-02-01,12,6.3,Code Generation
AI_USR037,Org-Gamma-Team4,Org-Gamma,2026-02-02,16,7.2,Documentation
AI_USR037,Org-Gamma-Team4,Org-Gamma,2026-02-04,15,7.5,Data Query
AI_USR037,Org-Gamma-Team4,Org-Gamma,2026-02-05,6,6.9,Data Query
AI_USR037,Org-Gamma-Team4,Org-Gamma,2026-02-06,9,7.6,Data Query
AI_USR037,Org-Gamma-Team4,Org-Gamma,2026-02-09,15,8.1,Data Query
AI_USR037,Org-Gamma-Team4,Org-Gamma,2026-02-11,20,7.7,Debugging
AI_USR037,Org-Gamma-Team4,Org-Gamma,2026-02-12,17,7.4,Data Query
AI_USR037,Org-Gamma-Team4,Org-Gamma,2026-02-13,10,8.0,Code Generation
AI_USR037,Org-Gamma-Team4,Org-Gamma,2026-02-14,16,7.2,Code Generation
AI_USR037,Org-Gamma-Team4,Org-Gamma,2026-02-15,6,7.7,Summarization
AI_USR037,Org-Gamma-Team4,Org-Gamma,2026-02-16,9,8.6,Summarization
AI_USR037,Org-Gamma-Team4,Org-Gamma,2026-02-18,12,7.5,Summarization
AI_USR037,Org-Gamma-Team4,Org-Gamma,2026-02-19,12,8.0,Documentation
AI_USR037,Org-Gamma-Team4,Org-Gamma,2026-02-21,17,8.1,Debugging
AI_USR037,Org-Gamma-Team4,Org-Gamma,2026-02-22,2,7.3,Summarization
AI_USR037,Org-Gamma-Team4,Org-Gamma,2026-02-23,18,7.5,Data Query
AI_USR037,Org-Gamma-Team4,Org-Gamma,2026-02-25,18,7.5,Data Query
AI_USR037,Org-Gamma-Team4,Org-Gamma,2026-02-26,3,8.5,Data Query
AI_USR037,Org-Gamma-Team4,Org-Gamma,2026-03-01,10,8.6,Data Query
AI_USR037,Org-Gamma-Team4,Org-Gamma,2026-03-02,13,7.1,Code Generation
AI_USR037,Org-Gamma-Team4,Org-Gamma,2026-03-04,1,8.4,Summarization
AI_USR037,Org-Gamma-Team4,Org-Gamma,2026-03-05,6,7.3,Code Generation
AI_USR037,Org-Gamma-Team4,Org-Gamma,2026-03-07,2,7.3,Planning
AI_USR037,Org-Gamma-Team4,Org-Gamma,2026-03-08,12,8.1,Data Query
AI_USR037,Org-Gamma-Team4,Org-Gamma,2026-03-09,14,7.4,Planning
AI_USR037,Org-Gamma-Team4,Org-Gamma,2026-03-10,4,7.9,Summarization
AI_USR037,Org-Gamma-Team4,Org-Gamma,2026-03-11,10,7.9,Data Query
AI_USR037,Org-Gamma-Team4,Org-Gamma,2026-03-12,8,9.4,Summarization
AI_USR037,Org-Gamma-Team4,Org-Gamma,2026-03-13,16,8.3,Code Generation
AI_USR037,Org-Gamma-Team4,Org-Gamma,2026-03-14,19,9.5,Debugging
AI_USR037,Org-Gamma-Team4,Org-Gamma,2026-03-15,8,9.4,Planning
AI_USR037,Org-Gamma-Team4,Org-Gamma,2026-03-16,5,8.5,Data Query
AI_USR037,Org-Gamma-Team4,Org-Gamma,2026-03-17,13,8.6,Documentation
AI_USR037,Org-Gamma-Team4,Org-Gamma,2026-03-18,3,8.2,Summarization
AI_USR037,Org-Gamma-Team4,Org-Gamma,2026-03-19,5,9.5,Data Query
AI_USR037,Org-Gamma-Team4,Org-Gamma,2026-03-21,13,9.0,Documentation
AI_USR037,Org-Gamma-Team4,Org-Gamma,2026-03-22,10,8.3,Documentation
AI_USR037,Org-Gamma-Team4,Org-Gamma,2026-03-23,8,9.0,Summarization
AI_USR037,Org-Gamma-Team4,Org-Gamma,2026-03-24,18,8.5,Summarization
AI_USR037,Org-Gamma-Team4,Org-Gamma,2026-03-25,7,9.4,Debugging
AI_USR037,Org-Gamma-Team4,Org-Gamma,2026-03-26,19,8.5,Data Query
AI_USR037,Org-Gamma-Team4,Org-Gamma,2026-03-27,10,8.0,Summarization
AI_USR037,Org-Gamma-Team4,Org-Gamma,2026-03-29,17,8.8,Planning
AI_USR037,Org-Gamma-Team4,Org-Gamma,2026-03-30,1,8.5,Summarization
AI_USR038,Org-Gamma-Team4,Org-Gamma,2026-01-01,10,3.7,Debugging
AI_USR038,Org-Gamma-Team4,Org-Gamma,2026-01-02,18,4.2,Planning
AI_USR038,Org-Gamma-Team4,Org-Gamma,2026-01-03,3,4.1,Documentation
AI_USR038,Org-Gamma-Team4,Org-Gamma,2026-01-04,13,2.9,Debugging
AI_USR038,Org-Gamma-Team4,Org-Gamma,2026-01-06,5,4.3,Summarization
AI_USR038,Org-Gamma-Team4,Org-Gamma,2026-01-07,8,3.6,Planning
AI_USR038,Org-Gamma-Team4,Org-Gamma,2026-01-08,18,3.9,Summarization
AI_USR038,Org-Gamma-Team4,Org-Gamma,2026-01-09,9,2.7,Data Query
AI_USR038,Org-Gamma-Team4,Org-Gamma,2026-01-11,9,2.4,Planning
AI_USR038,Org-Gamma-Team4,Org-Gamma,2026-01-13,18,3.8,Debugging
AI_USR038,Org-Gamma-Team4,Org-Gamma,2026-01-14,8,3.1,Debugging
AI_USR038,Org-Gamma-Team4,Org-Gamma,2026-01-15,13,4.1,Data Query
AI_USR038,Org-Gamma-Team4,Org-Gamma,2026-01-16,10,3.2,Data Query
AI_USR038,Org-Gamma-Team4,Org-Gamma,2026-01-18,14,2.6,Planning
AI_USR038,Org-Gamma-Team4,Org-Gamma,2026-01-19,15,2.6,Data Query
AI_USR038,Org-Gamma-Team4,Org-Gamma,2026-01-20,12,4.1,Debugging
AI_USR038,Org-Gamma-Team4,Org-Gamma,2026-01-21,9,4.3,Summarization
AI_USR038,Org-Gamma-Team4,Org-Gamma,2026-01-22,20,3.7,Debugging
AI_USR038,Org-Gamma-Team4,Org-Gamma,2026-01-23,12,3.5,Documentation
AI_USR038,Org-Gamma-Team4,Org-Gamma,2026-01-26,15,2.8,Data Query
AI_USR038,Org-Gamma-Team4,Org-Gamma,2026-01-27,14,3.8,Documentation
AI_USR038,Org-Gamma-Team4,Org-Gamma,2026-01-29,1,3.2,Planning
AI_USR038,Org-Gamma-Team4,Org-Gamma,2026-01-30,1,3.5,Code Generation
AI_USR038,Org-Gamma-Team4,Org-Gamma,2026-02-01,5,3.6,Debugging
AI_USR038,Org-Gamma-Team4,Org-Gamma,2026-02-03,15,3.8,Code Generation
AI_USR038,Org-Gamma-Team4,Org-Gamma,2026-02-04,10,3.3,Data Query
AI_USR038,Org-Gamma-Team4,Org-Gamma,2026-02-06,12,3.7,Summarization
AI_USR038,Org-Gamma-Team4,Org-Gamma,2026-02-07,20,3.9,Summarization
AI_USR038,Org-Gamma-Team4,Org-Gamma,2026-02-09,18,3.4,Code Generation
AI_USR038,Org-Gamma-Team4,Org-Gamma,2026-02-10,10,3.4,Summarization
AI_USR038,Org-Gamma-Team4,Org-Gamma,2026-02-11,11,2.8,Planning
AI_USR038,Org-Gamma-Team4,Org-Gamma,2026-02-12,9,4.3,Data Query
AI_USR038,Org-Gamma-Team4,Org-Gamma,2026-02-14,2,3.1,Summarization
AI_USR038,Org-Gamma-Team4,Org-Gamma,2026-02-15,18,2.7,Planning
AI_USR038,Org-Gamma-Team4,Org-Gamma,2026-02-16,6,3.8,Summarization
AI_USR038,Org-Gamma-Team4,Org-Gamma,2026-02-17,5,3.7,Summarization
AI_USR038,Org-Gamma-Team4,Org-Gamma,2026-02-18,15,3.3,Data Query
AI_USR038,Org-Gamma-Team4,Org-Gamma,2026-02-19,19,3.1,Documentation
AI_USR038,Org-Gamma-Team4,Org-Gamma,2026-02-20,15,3.1,Documentation
AI_USR038,Org-Gamma-Team4,Org-Gamma,2026-02-21,18,3.1,Debugging
AI_USR038,Org-Gamma-Team4,Org-Gamma,2026-02-22,17,3.0,Summarization
AI_USR038,Org-Gamma-Team4,Org-Gamma,2026-02-28,16,3.7,Documentation
AI_USR038,Org-Gamma-Team4,Org-Gamma,2026-03-03,15,2.3,Debugging
AI_USR038,Org-Gamma-Team4,Org-Gamma,2026-03-04,16,3.5,Debugging
AI_USR038,Org-Gamma-Team4,Org-Gamma,2026-03-05,15,2.6,Debugging
AI_USR038,Org-Gamma-Team4,Org-Gamma,2026-03-07,7,2.6,Debugging
AI_USR038,Org-Gamma-Team4,Org-Gamma,2026-03-09,14,2.4,Planning
AI_USR038,Org-Gamma-Team4,Org-Gamma,2026-03-11,10,2.3,Planning
AI_USR038,Org-Gamma-Team4,Org-Gamma,2026-03-12,2,3.6,Planning
AI_USR038,Org-Gamma-Team4,Org-Gamma,2026-03-15,1,3.2,Planning
AI_USR038,Org-Gamma-Team4,Org-Gamma,2026-03-18,20,3.0,Planning
AI_USR038,Org-Gamma-Team4,Org-Gamma,2026-03-20,8,4.1,Data Query
AI_USR038,Org-Gamma-Team4,Org-Gamma,2026-03-21,20,4.1,Code Generation
AI_USR038,Org-Gamma-Team4,Org-Gamma,2026-03-23,3,2.8,Planning
AI_USR038,Org-Gamma-Team4,Org-Gamma,2026-03-24,6,2.4,Documentation
AI_USR038,Org-Gamma-Team4,Org-Gamma,2026-03-25,11,3.9,Documentation
AI_USR038,Org-Gamma-Team4,Org-Gamma,2026-03-27,4,2.7,Documentation
AI_USR038,Org-Gamma-Team4,Org-Gamma,2026-03-28,5,2.9,Code Generation
AI_USR038,Org-Gamma-Team4,Org-Gamma,2026-03-29,13,4.1,Summarization
AI_USR038,Org-Gamma-Team4,Org-Gamma,2026-03-31,2,2.9,Code Generation
AI_USR039,Org-Epsilon-Team1,Org-Epsilon,2026-01-01,19,3.3,Summarization
AI_USR039,Org-Epsilon-Team1,Org-Epsilon,2026-01-04,18,3.1,Summarization
AI_USR039,Org-Epsilon-Team1,Org-Epsilon,2026-01-05,17,3.3,Data Query
AI_USR039,Org-Epsilon-Team1,Org-Epsilon,2026-01-06,14,2.8,Debugging
AI_USR039,Org-Epsilon-Team1,Org-Epsilon,2026-01-07,3,3.4,Debugging
AI_USR039,Org-Epsilon-Team1,Org-Epsilon,2026-01-08,5,3.3,Summarization
AI_USR039,Org-Epsilon-Team1,Org-Epsilon,2026-01-09,2,3.4,Data Query
AI_USR039,Org-Epsilon-Team1,Org-Epsilon,2026-01-10,6,3.4,Code Generation
AI_USR039,Org-Epsilon-Team1,Org-Epsilon,2026-01-13,5,4.5,Planning
AI_USR039,Org-Epsilon-Team1,Org-Epsilon,2026-01-14,4,3.9,Code Generation
AI_USR039,Org-Epsilon-Team1,Org-Epsilon,2026-01-15,10,3.7,Summarization
AI_USR039,Org-Epsilon-Team1,Org-Epsilon,2026-01-16,20,3.1,Data Query
AI_USR039,Org-Epsilon-Team1,Org-Epsilon,2026-01-19,2,4.3,Summarization
AI_USR039,Org-Epsilon-Team1,Org-Epsilon,2026-01-20,1,3.5,Code Generation
AI_USR039,Org-Epsilon-Team1,Org-Epsilon,2026-01-21,19,3.7,Code Generation
AI_USR039,Org-Epsilon-Team1,Org-Epsilon,2026-01-22,4,3.4,Summarization
AI_USR039,Org-Epsilon-Team1,Org-Epsilon,2026-01-24,16,3.5,Summarization
AI_USR039,Org-Epsilon-Team1,Org-Epsilon,2026-01-27,13,4.7,Code Generation
AI_USR039,Org-Epsilon-Team1,Org-Epsilon,2026-01-28,8,4.2,Summarization
AI_USR039,Org-Epsilon-Team1,Org-Epsilon,2026-01-30,13,4.7,Documentation
AI_USR039,Org-Epsilon-Team1,Org-Epsilon,2026-01-31,10,5.0,Debugging
AI_USR039,Org-Epsilon-Team1,Org-Epsilon,2026-02-01,1,5.0,Debugging
AI_USR039,Org-Epsilon-Team1,Org-Epsilon,2026-02-03,12,4.0,Planning
AI_USR039,Org-Epsilon-Team1,Org-Epsilon,2026-02-05,10,4.8,Summarization
AI_USR039,Org-Epsilon-Team1,Org-Epsilon,2026-02-06,3,4.6,Debugging
AI_USR039,Org-Epsilon-Team1,Org-Epsilon,2026-02-09,7,5.5,Debugging
AI_USR039,Org-Epsilon-Team1,Org-Epsilon,2026-02-10,10,4.1,Code Generation
AI_USR039,Org-Epsilon-Team1,Org-Epsilon,2026-02-11,4,3.9,Data Query
AI_USR039,Org-Epsilon-Team1,Org-Epsilon,2026-02-13,2,4.6,Documentation
AI_USR039,Org-Epsilon-Team1,Org-Epsilon,2026-02-14,16,5.6,Summarization
AI_USR039,Org-Epsilon-Team1,Org-Epsilon,2026-02-16,19,5.3,Summarization
AI_USR039,Org-Epsilon-Team1,Org-Epsilon,2026-02-18,19,4.8,Planning
AI_USR039,Org-Epsilon-Team1,Org-Epsilon,2026-02-19,8,4.0,Data Query
AI_USR039,Org-Epsilon-Team1,Org-Epsilon,2026-02-20,16,5.1,Code Generation
AI_USR039,Org-Epsilon-Team1,Org-Epsilon,2026-02-21,17,4.6,Code Generation
AI_USR039,Org-Epsilon-Team1,Org-Epsilon,2026-02-22,15,4.8,Code Generation
AI_USR039,Org-Epsilon-Team1,Org-Epsilon,2026-02-24,1,5.2,Code Generation
AI_USR039,Org-Epsilon-Team1,Org-Epsilon,2026-02-26,15,4.9,Planning
AI_USR039,Org-Epsilon-Team1,Org-Epsilon,2026-02-27,10,6.0,Debugging
AI_USR039,Org-Epsilon-Team1,Org-Epsilon,2026-02-28,5,4.9,Code Generation
AI_USR039,Org-Epsilon-Team1,Org-Epsilon,2026-03-01,5,5.3,Data Query
AI_USR039,Org-Epsilon-Team1,Org-Epsilon,2026-03-02,16,4.7,Summarization
AI_USR039,Org-Epsilon-Team1,Org-Epsilon,2026-03-03,11,4.4,Documentation
AI_USR039,Org-Epsilon-Team1,Org-Epsilon,2026-03-04,10,6.2,Data Query
AI_USR039,Org-Epsilon-Team1,Org-Epsilon,2026-03-06,18,6.0,Documentation
AI_USR039,Org-Epsilon-Team1,Org-Epsilon,2026-03-07,6,5.7,Planning
AI_USR039,Org-Epsilon-Team1,Org-Epsilon,2026-03-08,5,5.1,Debugging
AI_USR039,Org-Epsilon-Team1,Org-Epsilon,2026-03-09,18,5.9,Debugging
AI_USR039,Org-Epsilon-Team1,Org-Epsilon,2026-03-11,20,5.6,Summarization
AI_USR039,Org-Epsilon-Team1,Org-Epsilon,2026-03-12,7,5.5,Code Generation
AI_USR039,Org-Epsilon-Team1,Org-Epsilon,2026-03-14,7,4.7,Documentation
AI_USR039,Org-Epsilon-Team1,Org-Epsilon,2026-03-16,12,4.6,Debugging
AI_USR039,Org-Epsilon-Team1,Org-Epsilon,2026-03-17,1,5.9,Summarization
AI_USR039,Org-Epsilon-Team1,Org-Epsilon,2026-03-18,15,4.8,Planning
AI_USR039,Org-Epsilon-Team1,Org-Epsilon,2026-03-19,2,5.6,Data Query
AI_USR039,Org-Epsilon-Team1,Org-Epsilon,2026-03-21,5,6.3,Code Generation
AI_USR039,Org-Epsilon-Team1,Org-Epsilon,2026-03-22,2,4.8,Code Generation
AI_USR039,Org-Epsilon-Team1,Org-Epsilon,2026-03-23,20,6.1,Summarization
AI_USR039,Org-Epsilon-Team1,Org-Epsilon,2026-03-24,13,5.8,Code Generation
AI_USR039,Org-Epsilon-Team1,Org-Epsilon,2026-03-25,17,6.4,Documentation
AI_USR039,Org-Epsilon-Team1,Org-Epsilon,2026-03-26,7,6.0,Planning
AI_USR039,Org-Epsilon-Team1,Org-Epsilon,2026-03-27,13,6.6,Documentation
AI_USR039,Org-Epsilon-Team1,Org-Epsilon,2026-03-29,14,6.1,Code Generation
AI_USR039,Org-Epsilon-Team1,Org-Epsilon,2026-03-30,2,5.3,Data Query
AI_USR039,Org-Epsilon-Team1,Org-Epsilon,2026-03-31,5,6.7,Data Query
AI_USR040,Org-Epsilon-Team3,Org-Epsilon,2026-01-01,6,6.0,Documentation
AI_USR040,Org-Epsilon-Team3,Org-Epsilon,2026-01-02,11,6.3,Debugging
AI_USR040,Org-Epsilon-Team3,Org-Epsilon,2026-01-04,2,6.3,Data Query
AI_USR040,Org-Epsilon-Team3,Org-Epsilon,2026-01-06,3,7.5,Planning
AI_USR040,Org-Epsilon-Team3,Org-Epsilon,2026-01-08,2,6.4,Debugging
AI_USR040,Org-Epsilon-Team3,Org-Epsilon,2026-01-09,15,6.6,Debugging
AI_USR040,Org-Epsilon-Team3,Org-Epsilon,2026-01-12,17,6.5,Data Query
AI_USR040,Org-Epsilon-Team3,Org-Epsilon,2026-01-14,9,7.2,Summarization
AI_USR040,Org-Epsilon-Team3,Org-Epsilon,2026-01-15,16,5.9,Code Generation
AI_USR040,Org-Epsilon-Team3,Org-Epsilon,2026-01-16,14,6.0,Summarization
AI_USR040,Org-Epsilon-Team3,Org-Epsilon,2026-01-17,17,6.7,Debugging
AI_USR040,Org-Epsilon-Team3,Org-Epsilon,2026-01-18,10,6.6,Summarization
AI_USR040,Org-Epsilon-Team3,Org-Epsilon,2026-01-21,1,6.5,Code Generation
AI_USR040,Org-Epsilon-Team3,Org-Epsilon,2026-01-22,16,7.4,Code Generation
AI_USR040,Org-Epsilon-Team3,Org-Epsilon,2026-01-23,17,5.8,Planning
AI_USR040,Org-Epsilon-Team3,Org-Epsilon,2026-01-25,9,6.0,Summarization
AI_USR040,Org-Epsilon-Team3,Org-Epsilon,2026-01-26,3,6.3,Data Query
AI_USR040,Org-Epsilon-Team3,Org-Epsilon,2026-01-27,1,5.6,Documentation
AI_USR040,Org-Epsilon-Team3,Org-Epsilon,2026-01-29,7,6.2,Summarization
AI_USR040,Org-Epsilon-Team3,Org-Epsilon,2026-01-30,18,6.2,Data Query
AI_USR040,Org-Epsilon-Team3,Org-Epsilon,2026-01-31,13,5.8,Code Generation
AI_USR040,Org-Epsilon-Team3,Org-Epsilon,2026-02-02,17,6.2,Debugging
AI_USR040,Org-Epsilon-Team3,Org-Epsilon,2026-02-03,4,7.2,Planning
AI_USR040,Org-Epsilon-Team3,Org-Epsilon,2026-02-05,12,6.6,Summarization
AI_USR040,Org-Epsilon-Team3,Org-Epsilon,2026-02-06,4,7.5,Debugging
AI_USR040,Org-Epsilon-Team3,Org-Epsilon,2026-02-07,8,6.9,Documentation
AI_USR040,Org-Epsilon-Team3,Org-Epsilon,2026-02-08,14,7.1,Summarization
AI_USR040,Org-Epsilon-Team3,Org-Epsilon,2026-02-09,14,5.7,Planning
AI_USR040,Org-Epsilon-Team3,Org-Epsilon,2026-02-10,19,7.5,Code Generation
AI_USR040,Org-Epsilon-Team3,Org-Epsilon,2026-02-11,1,5.8,Data Query
AI_USR040,Org-Epsilon-Team3,Org-Epsilon,2026-02-15,17,5.8,Planning
AI_USR040,Org-Epsilon-Team3,Org-Epsilon,2026-02-16,10,6.1,Data Query
AI_USR040,Org-Epsilon-Team3,Org-Epsilon,2026-02-17,10,7.4,Documentation
AI_USR040,Org-Epsilon-Team3,Org-Epsilon,2026-02-18,10,7.3,Documentation
AI_USR040,Org-Epsilon-Team3,Org-Epsilon,2026-02-19,11,6.8,Planning
AI_USR040,Org-Epsilon-Team3,Org-Epsilon,2026-02-20,5,6.7,Summarization
AI_USR040,Org-Epsilon-Team3,Org-Epsilon,2026-02-21,19,7.2,Data Query
AI_USR040,Org-Epsilon-Team3,Org-Epsilon,2026-02-25,4,7.6,Debugging
AI_USR040,Org-Epsilon-Team3,Org-Epsilon,2026-02-26,13,6.7,Documentation
AI_USR040,Org-Epsilon-Team3,Org-Epsilon,2026-02-27,2,5.7,Debugging
AI_USR040,Org-Epsilon-Team3,Org-Epsilon,2026-02-28,20,5.7,Data Query
AI_USR040,Org-Epsilon-Team3,Org-Epsilon,2026-03-01,12,7.3,Debugging
AI_USR040,Org-Epsilon-Team3,Org-Epsilon,2026-03-02,10,6.2,Code Generation
AI_USR040,Org-Epsilon-Team3,Org-Epsilon,2026-03-04,5,6.2,Data Query
AI_USR040,Org-Epsilon-Team3,Org-Epsilon,2026-03-06,11,6.9,Summarization
AI_USR040,Org-Epsilon-Team3,Org-Epsilon,2026-03-07,12,7.4,Documentation
AI_USR040,Org-Epsilon-Team3,Org-Epsilon,2026-03-09,8,6.8,Documentation
AI_USR040,Org-Epsilon-Team3,Org-Epsilon,2026-03-10,13,5.6,Documentation
AI_USR040,Org-Epsilon-Team3,Org-Epsilon,2026-03-11,5,7.6,Debugging
AI_USR040,Org-Epsilon-Team3,Org-Epsilon,2026-03-12,12,7.2,Summarization
AI_USR040,Org-Epsilon-Team3,Org-Epsilon,2026-03-13,9,7.2,Data Query
AI_USR040,Org-Epsilon-Team3,Org-Epsilon,2026-03-15,19,7.3,Summarization
AI_USR040,Org-Epsilon-Team3,Org-Epsilon,2026-03-17,4,6.6,Data Query
AI_USR040,Org-Epsilon-Team3,Org-Epsilon,2026-03-19,8,6.5,Debugging
AI_USR040,Org-Epsilon-Team3,Org-Epsilon,2026-03-20,17,6.8,Data Query
AI_USR040,Org-Epsilon-Team3,Org-Epsilon,2026-03-21,13,6.1,Code Generation
AI_USR040,Org-Epsilon-Team3,Org-Epsilon,2026-03-22,6,6.6,Debugging
AI_USR040,Org-Epsilon-Team3,Org-Epsilon,2026-03-24,18,7.2,Code Generation
AI_USR040,Org-Epsilon-Team3,Org-Epsilon,2026-03-25,10,6.2,Debugging
AI_USR040,Org-Epsilon-Team3,Org-Epsilon,2026-03-26,1,6.4,Summarization
AI_USR040,Org-Epsilon-Team3,Org-Epsilon,2026-03-27,10,6.2,Summarization
AI_USR040,Org-Epsilon-Team3,Org-Epsilon,2026-03-28,6,6.3,Documentation
AI_USR040,Org-Epsilon-Team3,Org-Epsilon,2026-03-30,5,6.3,Debugging
AI_USR040,Org-Epsilon-Team3,Org-Epsilon,2026-03-31,4,7.6,Code Generation
AI_USR041,Org-Delta-Team3,Org-Delta,2026-01-01,8,3.5,Data Query
AI_USR041,Org-Delta-Team3,Org-Delta,2026-01-03,2,4.4,Documentation
AI_USR041,Org-Delta-Team3,Org-Delta,2026-01-04,7,4.1,Documentation
AI_USR041,Org-Delta-Team3,Org-Delta,2026-01-06,4,3.6,Planning
AI_USR041,Org-Delta-Team3,Org-Delta,2026-01-07,12,4.1,Planning
AI_USR041,Org-Delta-Team3,Org-Delta,2026-01-08,2,4.1,Planning
AI_USR041,Org-Delta-Team3,Org-Delta,2026-01-09,16,3.0,Summarization
AI_USR041,Org-Delta-Team3,Org-Delta,2026-01-10,17,4.7,Code Generation
AI_USR041,Org-Delta-Team3,Org-Delta,2026-01-11,3,4.6,Documentation
AI_USR041,Org-Delta-Team3,Org-Delta,2026-01-12,9,4.0,Code Generation
AI_USR041,Org-Delta-Team3,Org-Delta,2026-01-13,7,3.3,Data Query
AI_USR041,Org-Delta-Team3,Org-Delta,2026-01-15,13,4.9,Code Generation
AI_USR041,Org-Delta-Team3,Org-Delta,2026-01-16,11,4.8,Code Generation
AI_USR041,Org-Delta-Team3,Org-Delta,2026-01-17,3,4.0,Summarization
AI_USR041,Org-Delta-Team3,Org-Delta,2026-01-20,1,4.9,Documentation
AI_USR041,Org-Delta-Team3,Org-Delta,2026-01-21,2,3.3,Debugging
AI_USR041,Org-Delta-Team3,Org-Delta,2026-01-22,11,4.9,Code Generation
AI_USR041,Org-Delta-Team3,Org-Delta,2026-01-23,15,5.0,Documentation
AI_USR041,Org-Delta-Team3,Org-Delta,2026-01-24,15,4.7,Summarization
AI_USR041,Org-Delta-Team3,Org-Delta,2026-01-25,2,5.4,Data Query
AI_USR041,Org-Delta-Team3,Org-Delta,2026-01-26,19,5.0,Data Query
AI_USR041,Org-Delta-Team3,Org-Delta,2026-01-27,1,4.9,Planning
AI_USR041,Org-Delta-Team3,Org-Delta,2026-01-28,1,4.4,Planning
AI_USR041,Org-Delta-Team3,Org-Delta,2026-01-30,14,3.7,Documentation
AI_USR041,Org-Delta-Team3,Org-Delta,2026-01-31,13,5.4,Data Query
AI_USR041,Org-Delta-Team3,Org-Delta,2026-02-01,19,5.3,Summarization
AI_USR041,Org-Delta-Team3,Org-Delta,2026-02-02,3,5.1,Data Query
AI_USR041,Org-Delta-Team3,Org-Delta,2026-02-04,17,5.5,Data Query
AI_USR041,Org-Delta-Team3,Org-Delta,2026-02-06,20,4.9,Code Generation
AI_USR041,Org-Delta-Team3,Org-Delta,2026-02-07,5,5.2,Planning
AI_USR041,Org-Delta-Team3,Org-Delta,2026-02-08,12,4.0,Summarization
AI_USR041,Org-Delta-Team3,Org-Delta,2026-02-10,16,4.0,Documentation
AI_USR041,Org-Delta-Team3,Org-Delta,2026-02-11,18,5.3,Summarization
AI_USR041,Org-Delta-Team3,Org-Delta,2026-02-12,11,4.4,Documentation
AI_USR041,Org-Delta-Team3,Org-Delta,2026-02-15,15,5.4,Data Query
AI_USR041,Org-Delta-Team3,Org-Delta,2026-02-16,20,5.6,Code Generation
AI_USR041,Org-Delta-Team3,Org-Delta,2026-02-18,13,4.9,Documentation
AI_USR041,Org-Delta-Team3,Org-Delta,2026-02-19,18,4.3,Data Query
AI_USR041,Org-Delta-Team3,Org-Delta,2026-02-20,11,5.9,Planning
AI_USR041,Org-Delta-Team3,Org-Delta,2026-02-22,17,6.2,Debugging
AI_USR041,Org-Delta-Team3,Org-Delta,2026-02-23,6,5.1,Summarization
AI_USR041,Org-Delta-Team3,Org-Delta,2026-02-24,8,6.0,Code Generation
AI_USR041,Org-Delta-Team3,Org-Delta,2026-02-25,14,6.0,Data Query
AI_USR041,Org-Delta-Team3,Org-Delta,2026-02-27,7,6.1,Summarization
AI_USR041,Org-Delta-Team3,Org-Delta,2026-02-28,6,5.6,Data Query
AI_USR041,Org-Delta-Team3,Org-Delta,2026-03-01,15,5.6,Debugging
AI_USR041,Org-Delta-Team3,Org-Delta,2026-03-06,13,4.9,Code Generation
AI_USR041,Org-Delta-Team3,Org-Delta,2026-03-07,5,5.0,Summarization
AI_USR041,Org-Delta-Team3,Org-Delta,2026-03-08,1,6.3,Code Generation
AI_USR041,Org-Delta-Team3,Org-Delta,2026-03-10,11,5.0,Code Generation
AI_USR041,Org-Delta-Team3,Org-Delta,2026-03-13,13,6.6,Summarization
AI_USR041,Org-Delta-Team3,Org-Delta,2026-03-14,14,5.6,Summarization
AI_USR041,Org-Delta-Team3,Org-Delta,2026-03-15,16,5.1,Code Generation
AI_USR041,Org-Delta-Team3,Org-Delta,2026-03-16,11,5.8,Code Generation
AI_USR041,Org-Delta-Team3,Org-Delta,2026-03-17,11,5.4,Documentation
AI_USR041,Org-Delta-Team3,Org-Delta,2026-03-18,4,5.9,Code Generation
AI_USR041,Org-Delta-Team3,Org-Delta,2026-03-19,12,6.7,Documentation
AI_USR041,Org-Delta-Team3,Org-Delta,2026-03-22,19,6.7,Documentation
AI_USR041,Org-Delta-Team3,Org-Delta,2026-03-23,19,5.4,Documentation
AI_USR041,Org-Delta-Team3,Org-Delta,2026-03-24,16,6.4,Data Query
AI_USR041,Org-Delta-Team3,Org-Delta,2026-03-25,10,5.5,Summarization
AI_USR041,Org-Delta-Team3,Org-Delta,2026-03-26,13,7.0,Debugging
AI_USR041,Org-Delta-Team3,Org-Delta,2026-03-27,4,7.2,Debugging
AI_USR041,Org-Delta-Team3,Org-Delta,2026-03-30,20,7.1,Summarization
AI_USR041,Org-Delta-Team3,Org-Delta,2026-03-31,1,5.6,Code Generation
AI_USR042,Org-Beta-Team2,Org-Beta,2026-01-01,7,5.0,Documentation
AI_USR042,Org-Beta-Team2,Org-Beta,2026-01-02,15,5.7,Documentation
AI_USR042,Org-Beta-Team2,Org-Beta,2026-01-03,14,5.2,Summarization
AI_USR042,Org-Beta-Team2,Org-Beta,2026-01-05,9,6.3,Documentation
AI_USR042,Org-Beta-Team2,Org-Beta,2026-01-07,1,5.7,Documentation
AI_USR042,Org-Beta-Team2,Org-Beta,2026-01-08,17,6.8,Summarization
AI_USR042,Org-Beta-Team2,Org-Beta,2026-01-09,11,6.4,Summarization
AI_USR042,Org-Beta-Team2,Org-Beta,2026-01-10,18,5.9,Debugging
AI_USR042,Org-Beta-Team2,Org-Beta,2026-01-16,17,4.8,Planning
AI_USR042,Org-Beta-Team2,Org-Beta,2026-01-17,6,5.0,Code Generation
AI_USR042,Org-Beta-Team2,Org-Beta,2026-01-23,4,5.4,Data Query
AI_USR042,Org-Beta-Team2,Org-Beta,2026-01-25,5,6.3,Code Generation
AI_USR042,Org-Beta-Team2,Org-Beta,2026-01-27,2,5.3,Code Generation
AI_USR042,Org-Beta-Team2,Org-Beta,2026-01-28,7,6.2,Documentation
AI_USR042,Org-Beta-Team2,Org-Beta,2026-01-29,10,5.1,Debugging
AI_USR042,Org-Beta-Team2,Org-Beta,2026-01-30,17,5.3,Debugging
AI_USR042,Org-Beta-Team2,Org-Beta,2026-01-31,1,5.2,Documentation
AI_USR042,Org-Beta-Team2,Org-Beta,2026-02-01,9,5.9,Planning
AI_USR042,Org-Beta-Team2,Org-Beta,2026-02-02,8,6.7,Data Query
AI_USR042,Org-Beta-Team2,Org-Beta,2026-02-03,13,6.2,Documentation
AI_USR042,Org-Beta-Team2,Org-Beta,2026-02-05,2,6.1,Data Query
AI_USR042,Org-Beta-Team2,Org-Beta,2026-02-06,12,6.4,Planning
AI_USR042,Org-Beta-Team2,Org-Beta,2026-02-07,14,6.1,Data Query
AI_USR042,Org-Beta-Team2,Org-Beta,2026-02-08,14,5.4,Data Query
AI_USR042,Org-Beta-Team2,Org-Beta,2026-02-09,1,6.3,Planning
AI_USR042,Org-Beta-Team2,Org-Beta,2026-02-10,3,5.7,Data Query
AI_USR042,Org-Beta-Team2,Org-Beta,2026-02-11,7,5.7,Summarization
AI_USR042,Org-Beta-Team2,Org-Beta,2026-02-13,13,5.1,Documentation
AI_USR042,Org-Beta-Team2,Org-Beta,2026-02-14,12,5.3,Debugging
AI_USR042,Org-Beta-Team2,Org-Beta,2026-02-15,3,5.4,Planning
AI_USR042,Org-Beta-Team2,Org-Beta,2026-02-16,17,5.1,Data Query
AI_USR042,Org-Beta-Team2,Org-Beta,2026-02-17,19,4.8,Summarization
AI_USR042,Org-Beta-Team2,Org-Beta,2026-02-19,1,5.9,Code Generation
AI_USR042,Org-Beta-Team2,Org-Beta,2026-02-21,3,5.6,Planning
AI_USR042,Org-Beta-Team2,Org-Beta,2026-02-22,19,6.4,Summarization
AI_USR042,Org-Beta-Team2,Org-Beta,2026-02-23,16,5.6,Code Generation
AI_USR042,Org-Beta-Team2,Org-Beta,2026-02-24,11,5.5,Summarization
AI_USR042,Org-Beta-Team2,Org-Beta,2026-02-25,18,5.5,Debugging
AI_USR042,Org-Beta-Team2,Org-Beta,2026-02-26,5,4.8,Debugging
AI_USR042,Org-Beta-Team2,Org-Beta,2026-02-27,10,6.7,Documentation
AI_USR042,Org-Beta-Team2,Org-Beta,2026-02-28,12,6.3,Documentation
AI_USR042,Org-Beta-Team2,Org-Beta,2026-03-01,7,6.6,Debugging
AI_USR042,Org-Beta-Team2,Org-Beta,2026-03-03,20,5.7,Documentation
AI_USR042,Org-Beta-Team2,Org-Beta,2026-03-05,5,6.5,Code Generation
AI_USR042,Org-Beta-Team2,Org-Beta,2026-03-06,1,6.2,Data Query
AI_USR042,Org-Beta-Team2,Org-Beta,2026-03-07,12,5.3,Documentation
AI_USR042,Org-Beta-Team2,Org-Beta,2026-03-09,7,5.3,Debugging
AI_USR042,Org-Beta-Team2,Org-Beta,2026-03-10,15,4.9,Planning
AI_USR042,Org-Beta-Team2,Org-Beta,2026-03-14,4,4.7,Debugging
AI_USR042,Org-Beta-Team2,Org-Beta,2026-03-16,16,5.2,Planning
AI_USR042,Org-Beta-Team2,Org-Beta,2026-03-17,14,5.1,Documentation
AI_USR042,Org-Beta-Team2,Org-Beta,2026-03-19,6,5.8,Data Query
AI_USR042,Org-Beta-Team2,Org-Beta,2026-03-20,6,5.5,Code Generation
AI_USR042,Org-Beta-Team2,Org-Beta,2026-03-21,19,5.1,Data Query
AI_USR042,Org-Beta-Team2,Org-Beta,2026-03-22,5,5.4,Data Query
AI_USR042,Org-Beta-Team2,Org-Beta,2026-03-23,2,6.4,Code Generation
AI_USR042,Org-Beta-Team2,Org-Beta,2026-03-24,4,4.7,Planning
AI_USR042,Org-Beta-Team2,Org-Beta,2026-03-25,3,6.0,Data Query
AI_USR042,Org-Beta-Team2,Org-Beta,2026-03-27,14,4.8,Summarization
AI_USR042,Org-Beta-Team2,Org-Beta,2026-03-28,5,5.3,Code Generation
AI_USR042,Org-Beta-Team2,Org-Beta,2026-03-29,18,6.1,Debugging
AI_USR043,Org-Beta-Team4,Org-Beta,2026-01-01,7,4.4,Planning
AI_USR043,Org-Beta-Team4,Org-Beta,2026-01-03,16,3.1,Code Generation
AI_USR043,Org-Beta-Team4,Org-Beta,2026-01-04,1,3.6,Code Generation
AI_USR043,Org-Beta-Team4,Org-Beta,2026-01-07,18,3.1,Data Query
AI_USR043,Org-Beta-Team4,Org-Beta,2026-01-09,15,4.3,Documentation
AI_USR043,Org-Beta-Team4,Org-Beta,2026-01-10,4,3.5,Data Query
AI_USR043,Org-Beta-Team4,Org-Beta,2026-01-11,18,4.1,Documentation
AI_USR043,Org-Beta-Team4,Org-Beta,2026-01-12,16,3.2,Data Query
AI_USR043,Org-Beta-Team4,Org-Beta,2026-01-14,13,3.4,Code Generation
AI_USR043,Org-Beta-Team4,Org-Beta,2026-01-15,13,2.5,Planning
AI_USR043,Org-Beta-Team4,Org-Beta,2026-01-20,20,2.6,Planning
AI_USR043,Org-Beta-Team4,Org-Beta,2026-01-22,20,2.4,Planning
AI_USR043,Org-Beta-Team4,Org-Beta,2026-01-23,20,4.0,Debugging
AI_USR043,Org-Beta-Team4,Org-Beta,2026-01-24,5,3.3,Code Generation
AI_USR043,Org-Beta-Team4,Org-Beta,2026-01-27,10,2.3,Planning
AI_USR043,Org-Beta-Team4,Org-Beta,2026-01-29,16,2.7,Documentation
AI_USR043,Org-Beta-Team4,Org-Beta,2026-01-30,12,2.6,Planning
AI_USR043,Org-Beta-Team4,Org-Beta,2026-02-02,16,4.1,Summarization
AI_USR043,Org-Beta-Team4,Org-Beta,2026-02-05,3,3.1,Data Query
AI_USR043,Org-Beta-Team4,Org-Beta,2026-02-07,19,2.9,Code Generation
AI_USR043,Org-Beta-Team4,Org-Beta,2026-02-10,4,3.4,Planning
AI_USR043,Org-Beta-Team4,Org-Beta,2026-02-12,9,2.4,Debugging
AI_USR043,Org-Beta-Team4,Org-Beta,2026-02-13,2,3.0,Summarization
AI_USR043,Org-Beta-Team4,Org-Beta,2026-02-14,18,4.2,Planning
AI_USR043,Org-Beta-Team4,Org-Beta,2026-02-16,10,3.8,Documentation
AI_USR043,Org-Beta-Team4,Org-Beta,2026-02-17,5,2.8,Code Generation
AI_USR043,Org-Beta-Team4,Org-Beta,2026-02-21,10,3.9,Data Query
AI_USR043,Org-Beta-Team4,Org-Beta,2026-02-22,18,4.2,Planning
AI_USR043,Org-Beta-Team4,Org-Beta,2026-02-23,4,2.5,Documentation
AI_USR043,Org-Beta-Team4,Org-Beta,2026-02-25,14,3.0,Debugging
AI_USR043,Org-Beta-Team4,Org-Beta,2026-02-27,4,2.9,Data Query
AI_USR043,Org-Beta-Team4,Org-Beta,2026-02-28,9,2.4,Debugging
AI_USR043,Org-Beta-Team4,Org-Beta,2026-03-04,5,2.9,Summarization
AI_USR043,Org-Beta-Team4,Org-Beta,2026-03-06,17,2.9,Debugging
AI_USR043,Org-Beta-Team4,Org-Beta,2026-03-07,11,4.1,Summarization
AI_USR043,Org-Beta-Team4,Org-Beta,2026-03-09,19,3.1,Debugging
AI_USR043,Org-Beta-Team4,Org-Beta,2026-03-10,10,2.9,Debugging
AI_USR043,Org-Beta-Team4,Org-Beta,2026-03-11,18,2.5,Planning
AI_USR043,Org-Beta-Team4,Org-Beta,2026-03-12,6,3.8,Data Query
AI_USR043,Org-Beta-Team4,Org-Beta,2026-03-13,20,2.5,Summarization
AI_USR043,Org-Beta-Team4,Org-Beta,2026-03-14,1,3.9,Documentation
AI_USR043,Org-Beta-Team4,Org-Beta,2026-03-15,3,3.7,Debugging
AI_USR043,Org-Beta-Team4,Org-Beta,2026-03-16,6,2.8,Debugging
AI_USR043,Org-Beta-Team4,Org-Beta,2026-03-17,6,2.3,Planning
AI_USR043,Org-Beta-Team4,Org-Beta,2026-03-18,18,2.6,Planning
AI_USR043,Org-Beta-Team4,Org-Beta,2026-03-19,9,2.4,Code Generation
AI_USR043,Org-Beta-Team4,Org-Beta,2026-03-20,10,3.0,Data Query
AI_USR043,Org-Beta-Team4,Org-Beta,2026-03-21,13,4.0,Debugging
AI_USR043,Org-Beta-Team4,Org-Beta,2026-03-22,7,2.6,Planning
AI_USR043,Org-Beta-Team4,Org-Beta,2026-03-23,2,2.1,Code Generation
AI_USR043,Org-Beta-Team4,Org-Beta,2026-03-24,20,3.6,Debugging
AI_USR043,Org-Beta-Team4,Org-Beta,2026-03-25,12,3.9,Summarization
AI_USR043,Org-Beta-Team4,Org-Beta,2026-03-31,7,2.5,Documentation
AI_USR044,Org-Gamma-Team4,Org-Gamma,2026-01-01,9,3.9,Summarization
AI_USR044,Org-Gamma-Team4,Org-Gamma,2026-01-02,18,2.9,Planning
AI_USR044,Org-Gamma-Team4,Org-Gamma,2026-01-04,2,3.4,Summarization
AI_USR044,Org-Gamma-Team4,Org-Gamma,2026-01-06,20,3.6,Code Generation
AI_USR044,Org-Gamma-Team4,Org-Gamma,2026-01-07,11,3.4,Data Query
AI_USR044,Org-Gamma-Team4,Org-Gamma,2026-01-09,2,4.1,Documentation
AI_USR044,Org-Gamma-Team4,Org-Gamma,2026-01-10,11,4.4,Code Generation
AI_USR044,Org-Gamma-Team4,Org-Gamma,2026-01-12,6,3.1,Data Query
AI_USR044,Org-Gamma-Team4,Org-Gamma,2026-01-13,18,3.1,Documentation
AI_USR044,Org-Gamma-Team4,Org-Gamma,2026-01-14,19,3.7,Data Query
AI_USR044,Org-Gamma-Team4,Org-Gamma,2026-01-15,11,3.5,Debugging
AI_USR044,Org-Gamma-Team4,Org-Gamma,2026-01-17,12,3.0,Documentation
AI_USR044,Org-Gamma-Team4,Org-Gamma,2026-01-18,9,2.6,Planning
AI_USR044,Org-Gamma-Team4,Org-Gamma,2026-01-21,5,3.6,Debugging
AI_USR044,Org-Gamma-Team4,Org-Gamma,2026-01-22,1,3.9,Data Query
AI_USR044,Org-Gamma-Team4,Org-Gamma,2026-01-23,15,4.1,Code Generation
AI_USR044,Org-Gamma-Team4,Org-Gamma,2026-01-24,1,4.5,Planning
AI_USR044,Org-Gamma-Team4,Org-Gamma,2026-01-25,13,4.5,Code Generation
AI_USR044,Org-Gamma-Team4,Org-Gamma,2026-01-26,20,3.7,Debugging
AI_USR044,Org-Gamma-Team4,Org-Gamma,2026-01-27,4,3.7,Summarization
AI_USR044,Org-Gamma-Team4,Org-Gamma,2026-01-28,11,3.0,Documentation
AI_USR044,Org-Gamma-Team4,Org-Gamma,2026-01-29,4,3.4,Data Query
AI_USR044,Org-Gamma-Team4,Org-Gamma,2026-01-30,3,2.9,Summarization
AI_USR044,Org-Gamma-Team4,Org-Gamma,2026-01-31,6,4.2,Planning
AI_USR044,Org-Gamma-Team4,Org-Gamma,2026-02-01,9,3.9,Planning
AI_USR044,Org-Gamma-Team4,Org-Gamma,2026-02-02,3,4.2,Code Generation
AI_USR044,Org-Gamma-Team4,Org-Gamma,2026-02-04,12,3.9,Documentation
AI_USR044,Org-Gamma-Team4,Org-Gamma,2026-02-06,8,3.8,Planning
AI_USR044,Org-Gamma-Team4,Org-Gamma,2026-02-07,19,4.1,Documentation
AI_USR044,Org-Gamma-Team4,Org-Gamma,2026-02-08,14,4.5,Code Generation
AI_USR044,Org-Gamma-Team4,Org-Gamma,2026-02-09,15,2.8,Debugging
AI_USR044,Org-Gamma-Team4,Org-Gamma,2026-02-10,2,4.1,Documentation
AI_USR044,Org-Gamma-Team4,Org-Gamma,2026-02-13,4,4.0,Data Query
AI_USR044,Org-Gamma-Team4,Org-Gamma,2026-02-14,20,4.3,Summarization
AI_USR044,Org-Gamma-Team4,Org-Gamma,2026-02-15,14,4.2,Code Generation
AI_USR044,Org-Gamma-Team4,Org-Gamma,2026-02-17,7,3.6,Debugging
AI_USR044,Org-Gamma-Team4,Org-Gamma,2026-02-18,13,4.2,Summarization
AI_USR044,Org-Gamma-Team4,Org-Gamma,2026-02-19,10,4.2,Data Query
AI_USR044,Org-Gamma-Team4,Org-Gamma,2026-02-20,2,4.4,Data Query
AI_USR044,Org-Gamma-Team4,Org-Gamma,2026-02-21,4,3.2,Documentation
AI_USR044,Org-Gamma-Team4,Org-Gamma,2026-02-22,9,2.8,Debugging
AI_USR044,Org-Gamma-Team4,Org-Gamma,2026-02-23,2,3.8,Planning
AI_USR044,Org-Gamma-Team4,Org-Gamma,2026-02-24,1,3.7,Documentation
AI_USR044,Org-Gamma-Team4,Org-Gamma,2026-02-26,1,4.3,Summarization
AI_USR044,Org-Gamma-Team4,Org-Gamma,2026-02-27,9,3.0,Debugging
AI_USR044,Org-Gamma-Team4,Org-Gamma,2026-03-01,12,4.4,Documentation
AI_USR044,Org-Gamma-Team4,Org-Gamma,2026-03-02,20,4.2,Documentation
AI_USR044,Org-Gamma-Team4,Org-Gamma,2026-03-05,9,3.9,Summarization
AI_USR044,Org-Gamma-Team4,Org-Gamma,2026-03-06,11,3.5,Summarization
AI_USR044,Org-Gamma-Team4,Org-Gamma,2026-03-07,5,3.2,Code Generation
AI_USR044,Org-Gamma-Team4,Org-Gamma,2026-03-09,9,3.7,Data Query
AI_USR044,Org-Gamma-Team4,Org-Gamma,2026-03-10,16,4.7,Documentation
AI_USR044,Org-Gamma-Team4,Org-Gamma,2026-03-12,19,3.8,Planning
AI_USR044,Org-Gamma-Team4,Org-Gamma,2026-03-14,5,4.6,Data Query
AI_USR044,Org-Gamma-Team4,Org-Gamma,2026-03-15,4,4.7,Data Query
AI_USR044,Org-Gamma-Team4,Org-Gamma,2026-03-16,8,3.5,Data Query
AI_USR044,Org-Gamma-Team4,Org-Gamma,2026-03-17,16,3.0,Debugging
AI_USR044,Org-Gamma-Team4,Org-Gamma,2026-03-18,13,4.7,Debugging
AI_USR044,Org-Gamma-Team4,Org-Gamma,2026-03-19,16,3.7,Summarization
AI_USR044,Org-Gamma-Team4,Org-Gamma,2026-03-20,20,3.2,Summarization
AI_USR044,Org-Gamma-Team4,Org-Gamma,2026-03-21,18,4.5,Data Query
AI_USR044,Org-Gamma-Team4,Org-Gamma,2026-03-22,16,3.8,Code Generation
AI_USR044,Org-Gamma-Team4,Org-Gamma,2026-03-23,7,4.2,Documentation
AI_USR044,Org-Gamma-Team4,Org-Gamma,2026-03-24,4,3.9,Data Query
AI_USR044,Org-Gamma-Team4,Org-Gamma,2026-03-25,6,4.6,Debugging
AI_USR044,Org-Gamma-Team4,Org-Gamma,2026-03-26,4,4.7,Data Query
AI_USR044,Org-Gamma-Team4,Org-Gamma,2026-03-27,14,4.3,Planning
AI_USR044,Org-Gamma-Team4,Org-Gamma,2026-03-28,8,4.2,Code Generation
AI_USR044,Org-Gamma-Team4,Org-Gamma,2026-03-29,1,4.1,Documentation
AI_USR044,Org-Gamma-Team4,Org-Gamma,2026-03-30,2,4.6,Code Generation
AI_USR044,Org-Gamma-Team4,Org-Gamma,2026-03-31,20,4.5,Summarization
AI_USR045,Org-Epsilon-Team4,Org-Epsilon,2026-01-01,16,7.4,Planning
AI_USR045,Org-Epsilon-Team4,Org-Epsilon,2026-01-02,7,7.0,Code Generation
AI_USR045,Org-Epsilon-Team4,Org-Epsilon,2026-01-03,16,7.3,Data Query
AI_USR045,Org-Epsilon-Team4,Org-Epsilon,2026-01-05,15,7.1,Code Generation
AI_USR045,Org-Epsilon-Team4,Org-Epsilon,2026-01-06,18,8.0,Documentation
AI_USR045,Org-Epsilon-Team4,Org-Epsilon,2026-01-08,18,6.8,Data Query
AI_USR045,Org-Epsilon-Team4,Org-Epsilon,2026-01-09,5,6.9,Code Generation
AI_USR045,Org-Epsilon-Team4,Org-Epsilon,2026-01-10,8,8.0,Summarization
AI_USR045,Org-Epsilon-Team4,Org-Epsilon,2026-01-11,20,8.0,Planning
AI_USR045,Org-Epsilon-Team4,Org-Epsilon,2026-01-14,3,7.0,Planning
AI_USR045,Org-Epsilon-Team4,Org-Epsilon,2026-01-15,9,6.8,Code Generation
AI_USR045,Org-Epsilon-Team4,Org-Epsilon,2026-01-17,10,7.3,Summarization
AI_USR045,Org-Epsilon-Team4,Org-Epsilon,2026-01-18,10,7.0,Summarization
AI_USR045,Org-Epsilon-Team4,Org-Epsilon,2026-01-19,15,8.3,Data Query
AI_USR045,Org-Epsilon-Team4,Org-Epsilon,2026-01-20,2,8.7,Debugging
AI_USR045,Org-Epsilon-Team4,Org-Epsilon,2026-01-23,12,9.0,Code Generation
AI_USR045,Org-Epsilon-Team4,Org-Epsilon,2026-01-25,12,8.0,Data Query
AI_USR045,Org-Epsilon-Team4,Org-Epsilon,2026-01-26,7,7.5,Summarization
AI_USR045,Org-Epsilon-Team4,Org-Epsilon,2026-01-27,6,7.6,Code Generation
AI_USR045,Org-Epsilon-Team4,Org-Epsilon,2026-01-28,4,8.0,Data Query
AI_USR045,Org-Epsilon-Team4,Org-Epsilon,2026-01-29,19,8.1,Planning
AI_USR045,Org-Epsilon-Team4,Org-Epsilon,2026-01-31,15,8.8,Documentation
AI_USR045,Org-Epsilon-Team4,Org-Epsilon,2026-02-01,3,7.9,Data Query
AI_USR045,Org-Epsilon-Team4,Org-Epsilon,2026-02-02,8,7.8,Data Query
AI_USR045,Org-Epsilon-Team4,Org-Epsilon,2026-02-04,2,7.7,Planning
AI_USR045,Org-Epsilon-Team4,Org-Epsilon,2026-02-05,6,8.1,Debugging
AI_USR045,Org-Epsilon-Team4,Org-Epsilon,2026-02-06,13,9.4,Summarization
AI_USR045,Org-Epsilon-Team4,Org-Epsilon,2026-02-08,19,7.8,Debugging
AI_USR045,Org-Epsilon-Team4,Org-Epsilon,2026-02-09,12,8.3,Code Generation
AI_USR045,Org-Epsilon-Team4,Org-Epsilon,2026-02-10,2,8.0,Documentation
AI_USR045,Org-Epsilon-Team4,Org-Epsilon,2026-02-13,20,8.6,Summarization
AI_USR045,Org-Epsilon-Team4,Org-Epsilon,2026-02-16,17,9.1,Documentation
AI_USR045,Org-Epsilon-Team4,Org-Epsilon,2026-02-17,17,9.8,Debugging
AI_USR045,Org-Epsilon-Team4,Org-Epsilon,2026-02-18,8,9.1,Data Query
AI_USR045,Org-Epsilon-Team4,Org-Epsilon,2026-02-19,8,9.1,Planning
AI_USR045,Org-Epsilon-Team4,Org-Epsilon,2026-02-21,11,9.6,Data Query
AI_USR045,Org-Epsilon-Team4,Org-Epsilon,2026-02-22,2,8.4,Documentation
AI_USR045,Org-Epsilon-Team4,Org-Epsilon,2026-02-23,2,8.7,Code Generation
AI_USR045,Org-Epsilon-Team4,Org-Epsilon,2026-02-24,9,10.0,Summarization
AI_USR045,Org-Epsilon-Team4,Org-Epsilon,2026-02-25,8,9.9,Summarization
AI_USR045,Org-Epsilon-Team4,Org-Epsilon,2026-02-27,3,8.6,Debugging
AI_USR045,Org-Epsilon-Team4,Org-Epsilon,2026-02-28,10,9.4,Data Query
AI_USR045,Org-Epsilon-Team4,Org-Epsilon,2026-03-04,9,9.6,Debugging
AI_USR045,Org-Epsilon-Team4,Org-Epsilon,2026-03-06,9,8.6,Debugging
AI_USR045,Org-Epsilon-Team4,Org-Epsilon,2026-03-07,18,10.0,Planning
AI_USR045,Org-Epsilon-Team4,Org-Epsilon,2026-03-11,1,10.0,Code Generation
AI_USR045,Org-Epsilon-Team4,Org-Epsilon,2026-03-12,2,10.0,Code Generation
AI_USR045,Org-Epsilon-Team4,Org-Epsilon,2026-03-13,20,10.0,Planning
AI_USR045,Org-Epsilon-Team4,Org-Epsilon,2026-03-14,4,8.9,Summarization
AI_USR045,Org-Epsilon-Team4,Org-Epsilon,2026-03-15,20,8.8,Data Query
AI_USR045,Org-Epsilon-Team4,Org-Epsilon,2026-03-17,3,9.0,Planning
AI_USR045,Org-Epsilon-Team4,Org-Epsilon,2026-03-18,3,10.0,Summarization
AI_USR045,Org-Epsilon-Team4,Org-Epsilon,2026-03-20,13,9.2,Documentation
AI_USR045,Org-Epsilon-Team4,Org-Epsilon,2026-03-22,11,10.0,Code Generation
AI_USR045,Org-Epsilon-Team4,Org-Epsilon,2026-03-24,14,10.0,Planning
AI_USR045,Org-Epsilon-Team4,Org-Epsilon,2026-03-25,1,10.0,Documentation
AI_USR045,Org-Epsilon-Team4,Org-Epsilon,2026-03-29,3,9.3,Data Query
AI_USR045,Org-Epsilon-Team4,Org-Epsilon,2026-03-30,3,9.9,Data Query
AI_USR045,Org-Epsilon-Team4,Org-Epsilon,2026-03-31,4,9.8,Data Query
AI_USR046,Org-Alpha-Team3,Org-Alpha,2026-01-01,5,6.7,Data Query
AI_USR046,Org-Alpha-Team3,Org-Alpha,2026-01-02,20,6.8,Data Query
AI_USR046,Org-Alpha-Team3,Org-Alpha,2026-01-03,16,6.8,Data Query
AI_USR046,Org-Alpha-Team3,Org-Alpha,2026-01-05,9,6.9,Code Generation
AI_USR046,Org-Alpha-Team3,Org-Alpha,2026-01-08,4,6.2,Data Query
AI_USR046,Org-Alpha-Team3,Org-Alpha,2026-01-09,15,7.1,Data Query
AI_USR046,Org-Alpha-Team3,Org-Alpha,2026-01-10,16,6.8,Planning
AI_USR046,Org-Alpha-Team3,Org-Alpha,2026-01-11,1,5.9,Documentation
AI_USR046,Org-Alpha-Team3,Org-Alpha,2026-01-12,2,5.5,Planning
AI_USR046,Org-Alpha-Team3,Org-Alpha,2026-01-13,12,7.2,Planning
AI_USR046,Org-Alpha-Team3,Org-Alpha,2026-01-14,14,7.0,Planning
AI_USR046,Org-Alpha-Team3,Org-Alpha,2026-01-17,15,6.5,Code Generation
AI_USR046,Org-Alpha-Team3,Org-Alpha,2026-01-18,16,7.2,Planning
AI_USR046,Org-Alpha-Team3,Org-Alpha,2026-01-19,8,6.0,Code Generation
AI_USR046,Org-Alpha-Team3,Org-Alpha,2026-01-21,13,6.4,Documentation
AI_USR046,Org-Alpha-Team3,Org-Alpha,2026-01-22,9,6.0,Summarization
AI_USR046,Org-Alpha-Team3,Org-Alpha,2026-01-23,1,6.0,Documentation
AI_USR046,Org-Alpha-Team3,Org-Alpha,2026-01-24,7,7.8,Data Query
AI_USR046,Org-Alpha-Team3,Org-Alpha,2026-01-25,1,6.4,Summarization
AI_USR046,Org-Alpha-Team3,Org-Alpha,2026-01-26,17,6.4,Documentation
AI_USR046,Org-Alpha-Team3,Org-Alpha,2026-01-27,9,7.9,Documentation
AI_USR046,Org-Alpha-Team3,Org-Alpha,2026-01-28,7,6.1,Planning
AI_USR046,Org-Alpha-Team3,Org-Alpha,2026-01-29,14,7.2,Summarization
AI_USR046,Org-Alpha-Team3,Org-Alpha,2026-01-30,10,7.7,Documentation
AI_USR046,Org-Alpha-Team3,Org-Alpha,2026-01-31,13,8.1,Documentation
AI_USR046,Org-Alpha-Team3,Org-Alpha,2026-02-01,12,6.3,Debugging
AI_USR046,Org-Alpha-Team3,Org-Alpha,2026-02-02,19,6.5,Data Query
AI_USR046,Org-Alpha-Team3,Org-Alpha,2026-02-04,5,7.3,Data Query
AI_USR046,Org-Alpha-Team3,Org-Alpha,2026-02-06,5,8.2,Documentation
AI_USR046,Org-Alpha-Team3,Org-Alpha,2026-02-08,2,7.4,Planning
AI_USR046,Org-Alpha-Team3,Org-Alpha,2026-02-12,18,6.6,Planning
AI_USR046,Org-Alpha-Team3,Org-Alpha,2026-02-13,19,8.0,Documentation
AI_USR046,Org-Alpha-Team3,Org-Alpha,2026-02-14,2,6.6,Code Generation
AI_USR046,Org-Alpha-Team3,Org-Alpha,2026-02-16,17,8.7,Summarization
AI_USR046,Org-Alpha-Team3,Org-Alpha,2026-02-18,2,7.2,Planning
AI_USR046,Org-Alpha-Team3,Org-Alpha,2026-02-19,9,8.6,Summarization
AI_USR046,Org-Alpha-Team3,Org-Alpha,2026-02-20,10,7.1,Planning
AI_USR046,Org-Alpha-Team3,Org-Alpha,2026-02-21,4,8.5,Summarization
AI_USR046,Org-Alpha-Team3,Org-Alpha,2026-02-22,17,8.1,Data Query
AI_USR046,Org-Alpha-Team3,Org-Alpha,2026-02-24,16,8.1,Debugging
AI_USR046,Org-Alpha-Team3,Org-Alpha,2026-02-26,10,8.0,Documentation
AI_USR046,Org-Alpha-Team3,Org-Alpha,2026-02-27,7,8.8,Debugging
AI_USR046,Org-Alpha-Team3,Org-Alpha,2026-02-28,7,8.6,Documentation
AI_USR046,Org-Alpha-Team3,Org-Alpha,2026-03-01,13,7.2,Planning
AI_USR046,Org-Alpha-Team3,Org-Alpha,2026-03-03,18,7.4,Debugging
AI_USR046,Org-Alpha-Team3,Org-Alpha,2026-03-04,4,9.2,Code Generation
AI_USR046,Org-Alpha-Team3,Org-Alpha,2026-03-05,12,7.9,Debugging
AI_USR046,Org-Alpha-Team3,Org-Alpha,2026-03-06,6,7.8,Documentation
AI_USR046,Org-Alpha-Team3,Org-Alpha,2026-03-07,16,8.7,Planning
AI_USR046,Org-Alpha-Team3,Org-Alpha,2026-03-08,17,9.0,Planning
AI_USR046,Org-Alpha-Team3,Org-Alpha,2026-03-09,1,9.0,Data Query
AI_USR046,Org-Alpha-Team3,Org-Alpha,2026-03-10,17,8.4,Planning
AI_USR046,Org-Alpha-Team3,Org-Alpha,2026-03-12,17,9.1,Debugging
AI_USR046,Org-Alpha-Team3,Org-Alpha,2026-03-14,8,9.2,Planning
AI_USR046,Org-Alpha-Team3,Org-Alpha,2026-03-16,2,8.9,Code Generation
AI_USR046,Org-Alpha-Team3,Org-Alpha,2026-03-19,8,8.1,Data Query
AI_USR046,Org-Alpha-Team3,Org-Alpha,2026-03-20,5,8.6,Code Generation
AI_USR046,Org-Alpha-Team3,Org-Alpha,2026-03-21,12,8.4,Debugging
AI_USR046,Org-Alpha-Team3,Org-Alpha,2026-03-22,17,8.9,Data Query
AI_USR046,Org-Alpha-Team3,Org-Alpha,2026-03-23,20,9.1,Planning
AI_USR046,Org-Alpha-Team3,Org-Alpha,2026-03-24,9,8.2,Documentation
AI_USR046,Org-Alpha-Team3,Org-Alpha,2026-03-25,20,9.3,Code Generation
AI_USR046,Org-Alpha-Team3,Org-Alpha,2026-03-27,17,8.6,Documentation
AI_USR046,Org-Alpha-Team3,Org-Alpha,2026-03-28,16,8.4,Summarization
AI_USR046,Org-Alpha-Team3,Org-Alpha,2026-03-29,7,8.2,Planning
AI_USR046,Org-Alpha-Team3,Org-Alpha,2026-03-31,19,9.8,Summarization
AI_USR047,Org-Epsilon-Team3,Org-Epsilon,2026-01-01,13,4.1,Data Query
AI_USR047,Org-Epsilon-Team3,Org-Epsilon,2026-01-02,2,4.5,Code Generation
AI_USR047,Org-Epsilon-Team3,Org-Epsilon,2026-01-03,15,3.3,Summarization
AI_USR047,Org-Epsilon-Team3,Org-Epsilon,2026-01-04,6,4.2,Code Generation
AI_USR047,Org-Epsilon-Team3,Org-Epsilon,2026-01-08,10,4.7,Planning
AI_USR047,Org-Epsilon-Team3,Org-Epsilon,2026-01-09,9,3.9,Code Generation
AI_USR047,Org-Epsilon-Team3,Org-Epsilon,2026-01-10,4,5.3,Documentation
AI_USR047,Org-Epsilon-Team3,Org-Epsilon,2026-01-12,14,5.1,Documentation
AI_USR047,Org-Epsilon-Team3,Org-Epsilon,2026-01-14,2,3.8,Summarization
AI_USR047,Org-Epsilon-Team3,Org-Epsilon,2026-01-15,9,5.4,Summarization
AI_USR047,Org-Epsilon-Team3,Org-Epsilon,2026-01-16,3,4.7,Code Generation
AI_USR047,Org-Epsilon-Team3,Org-Epsilon,2026-01-17,16,4.4,Data Query
AI_USR047,Org-Epsilon-Team3,Org-Epsilon,2026-01-18,3,4.7,Summarization
AI_USR047,Org-Epsilon-Team3,Org-Epsilon,2026-01-19,12,4.3,Code Generation
AI_USR047,Org-Epsilon-Team3,Org-Epsilon,2026-01-20,8,5.4,Data Query
AI_USR047,Org-Epsilon-Team3,Org-Epsilon,2026-01-21,12,4.1,Documentation
AI_USR047,Org-Epsilon-Team3,Org-Epsilon,2026-01-22,20,5.2,Data Query
AI_USR047,Org-Epsilon-Team3,Org-Epsilon,2026-01-23,6,3.8,Planning
AI_USR047,Org-Epsilon-Team3,Org-Epsilon,2026-01-25,14,3.8,Planning
AI_USR047,Org-Epsilon-Team3,Org-Epsilon,2026-01-26,10,5.5,Code Generation
AI_USR047,Org-Epsilon-Team3,Org-Epsilon,2026-01-27,5,5.5,Summarization
AI_USR047,Org-Epsilon-Team3,Org-Epsilon,2026-01-28,8,5.1,Debugging
AI_USR047,Org-Epsilon-Team3,Org-Epsilon,2026-01-29,2,4.8,Code Generation
AI_USR047,Org-Epsilon-Team3,Org-Epsilon,2026-01-30,1,5.8,Planning
AI_USR047,Org-Epsilon-Team3,Org-Epsilon,2026-02-02,1,4.4,Data Query
AI_USR047,Org-Epsilon-Team3,Org-Epsilon,2026-02-03,6,4.5,Planning
AI_USR047,Org-Epsilon-Team3,Org-Epsilon,2026-02-04,7,5.4,Planning
AI_USR047,Org-Epsilon-Team3,Org-Epsilon,2026-02-06,14,5.5,Documentation
AI_USR047,Org-Epsilon-Team3,Org-Epsilon,2026-02-07,5,4.9,Planning
AI_USR047,Org-Epsilon-Team3,Org-Epsilon,2026-02-08,4,5.9,Code Generation
AI_USR047,Org-Epsilon-Team3,Org-Epsilon,2026-02-10,17,4.5,Documentation
AI_USR047,Org-Epsilon-Team3,Org-Epsilon,2026-02-11,13,6.1,Data Query
AI_USR047,Org-Epsilon-Team3,Org-Epsilon,2026-02-13,20,5.5,Data Query
AI_USR047,Org-Epsilon-Team3,Org-Epsilon,2026-02-14,18,5.9,Data Query
AI_USR047,Org-Epsilon-Team3,Org-Epsilon,2026-02-15,2,5.5,Summarization
AI_USR047,Org-Epsilon-Team3,Org-Epsilon,2026-02-16,2,5.9,Summarization
AI_USR047,Org-Epsilon-Team3,Org-Epsilon,2026-02-17,3,4.4,Code Generation
AI_USR047,Org-Epsilon-Team3,Org-Epsilon,2026-02-18,1,5.9,Code Generation
AI_USR047,Org-Epsilon-Team3,Org-Epsilon,2026-02-19,2,6.3,Summarization
AI_USR047,Org-Epsilon-Team3,Org-Epsilon,2026-02-21,12,4.9,Documentation
AI_USR047,Org-Epsilon-Team3,Org-Epsilon,2026-02-22,18,5.2,Planning
AI_USR047,Org-Epsilon-Team3,Org-Epsilon,2026-02-23,12,5.8,Data Query
AI_USR047,Org-Epsilon-Team3,Org-Epsilon,2026-02-24,5,4.7,Summarization
AI_USR047,Org-Epsilon-Team3,Org-Epsilon,2026-02-25,8,5.9,Data Query
AI_USR047,Org-Epsilon-Team3,Org-Epsilon,2026-02-26,9,5.9,Documentation
AI_USR047,Org-Epsilon-Team3,Org-Epsilon,2026-02-27,3,5.3,Data Query
AI_USR047,Org-Epsilon-Team3,Org-Epsilon,2026-03-03,14,5.2,Summarization
AI_USR047,Org-Epsilon-Team3,Org-Epsilon,2026-03-05,11,5.7,Debugging
AI_USR047,Org-Epsilon-Team3,Org-Epsilon,2026-03-07,6,5.4,Planning
AI_USR047,Org-Epsilon-Team3,Org-Epsilon,2026-03-08,13,6.2,Summarization
AI_USR047,Org-Epsilon-Team3,Org-Epsilon,2026-03-12,17,6.2,Summarization
AI_USR047,Org-Epsilon-Team3,Org-Epsilon,2026-03-13,17,5.0,Data Query
AI_USR047,Org-Epsilon-Team3,Org-Epsilon,2026-03-15,20,5.4,Code Generation
AI_USR047,Org-Epsilon-Team3,Org-Epsilon,2026-03-16,10,5.9,Documentation
AI_USR047,Org-Epsilon-Team3,Org-Epsilon,2026-03-20,10,5.4,Summarization
AI_USR047,Org-Epsilon-Team3,Org-Epsilon,2026-03-21,18,5.3,Summarization
AI_USR047,Org-Epsilon-Team3,Org-Epsilon,2026-03-23,12,5.4,Data Query
AI_USR047,Org-Epsilon-Team3,Org-Epsilon,2026-03-24,20,5.4,Planning
AI_USR047,Org-Epsilon-Team3,Org-Epsilon,2026-03-25,15,5.6,Debugging
AI_USR047,Org-Epsilon-Team3,Org-Epsilon,2026-03-27,14,6.5,Code Generation
AI_USR047,Org-Epsilon-Team3,Org-Epsilon,2026-03-28,14,5.4,Data Query
AI_USR047,Org-Epsilon-Team3,Org-Epsilon,2026-03-29,8,5.5,Documentation
AI_USR047,Org-Epsilon-Team3,Org-Epsilon,2026-03-31,6,6.0,Code Generation
AI_USR048,Org-Epsilon-Team4,Org-Epsilon,2026-01-02,4,5.1,Debugging
AI_USR048,Org-Epsilon-Team4,Org-Epsilon,2026-01-03,20,4.3,Data Query
AI_USR048,Org-Epsilon-Team4,Org-Epsilon,2026-01-05,20,3.8,Debugging
AI_USR048,Org-Epsilon-Team4,Org-Epsilon,2026-01-06,9,4.3,Code Generation
AI_USR048,Org-Epsilon-Team4,Org-Epsilon,2026-01-07,5,3.5,Summarization
AI_USR048,Org-Epsilon-Team4,Org-Epsilon,2026-01-09,13,4.9,Debugging
AI_USR048,Org-Epsilon-Team4,Org-Epsilon,2026-01-11,12,4.9,Planning
AI_USR048,Org-Epsilon-Team4,Org-Epsilon,2026-01-12,1,5.0,Code Generation
AI_USR048,Org-Epsilon-Team4,Org-Epsilon,2026-01-14,20,4.2,Documentation
AI_USR048,Org-Epsilon-Team4,Org-Epsilon,2026-01-15,11,4.1,Data Query
AI_USR048,Org-Epsilon-Team4,Org-Epsilon,2026-01-16,16,5.3,Code Generation
AI_USR048,Org-Epsilon-Team4,Org-Epsilon,2026-01-17,12,5.2,Summarization
AI_USR048,Org-Epsilon-Team4,Org-Epsilon,2026-01-18,6,5.5,Code Generation
AI_USR048,Org-Epsilon-Team4,Org-Epsilon,2026-01-24,6,4.4,Planning
AI_USR048,Org-Epsilon-Team4,Org-Epsilon,2026-01-27,10,5.2,Planning
AI_USR048,Org-Epsilon-Team4,Org-Epsilon,2026-01-28,19,4.3,Data Query
AI_USR048,Org-Epsilon-Team4,Org-Epsilon,2026-01-29,3,4.8,Data Query
AI_USR048,Org-Epsilon-Team4,Org-Epsilon,2026-01-31,5,5.0,Documentation
AI_USR048,Org-Epsilon-Team4,Org-Epsilon,2026-02-01,1,4.3,Code Generation
AI_USR048,Org-Epsilon-Team4,Org-Epsilon,2026-02-03,5,5.0,Code Generation
AI_USR048,Org-Epsilon-Team4,Org-Epsilon,2026-02-05,6,5.7,Summarization
AI_USR048,Org-Epsilon-Team4,Org-Epsilon,2026-02-06,14,5.7,Summarization
AI_USR048,Org-Epsilon-Team4,Org-Epsilon,2026-02-08,7,6.0,Summarization
AI_USR048,Org-Epsilon-Team4,Org-Epsilon,2026-02-09,11,5.7,Data Query
AI_USR048,Org-Epsilon-Team4,Org-Epsilon,2026-02-10,17,5.1,Planning
AI_USR048,Org-Epsilon-Team4,Org-Epsilon,2026-02-11,4,5.3,Code Generation
AI_USR048,Org-Epsilon-Team4,Org-Epsilon,2026-02-12,8,5.9,Code Generation
AI_USR048,Org-Epsilon-Team4,Org-Epsilon,2026-02-13,13,5.5,Planning
AI_USR048,Org-Epsilon-Team4,Org-Epsilon,2026-02-14,13,4.7,Documentation
AI_USR048,Org-Epsilon-Team4,Org-Epsilon,2026-02-15,16,4.8,Planning
AI_USR048,Org-Epsilon-Team4,Org-Epsilon,2026-02-16,18,5.0,Summarization
AI_USR048,Org-Epsilon-Team4,Org-Epsilon,2026-02-17,15,5.3,Data Query
AI_USR048,Org-Epsilon-Team4,Org-Epsilon,2026-02-18,20,5.8,Documentation
AI_USR048,Org-Epsilon-Team4,Org-Epsilon,2026-02-19,19,6.4,Documentation
AI_USR048,Org-Epsilon-Team4,Org-Epsilon,2026-02-26,8,6.6,Data Query
AI_USR048,Org-Epsilon-Team4,Org-Epsilon,2026-02-28,1,5.4,Summarization
AI_USR048,Org-Epsilon-Team4,Org-Epsilon,2026-03-03,17,6.0,Data Query
AI_USR048,Org-Epsilon-Team4,Org-Epsilon,2026-03-04,9,5.7,Code Generation
AI_USR048,Org-Epsilon-Team4,Org-Epsilon,2026-03-06,18,4.8,Debugging
AI_USR048,Org-Epsilon-Team4,Org-Epsilon,2026-03-07,10,5.9,Planning
AI_USR048,Org-Epsilon-Team4,Org-Epsilon,2026-03-12,20,5.3,Planning
AI_USR048,Org-Epsilon-Team4,Org-Epsilon,2026-03-14,11,5.2,Debugging
AI_USR048,Org-Epsilon-Team4,Org-Epsilon,2026-03-16,4,5.2,Planning
AI_USR048,Org-Epsilon-Team4,Org-Epsilon,2026-03-17,2,5.8,Data Query
AI_USR048,Org-Epsilon-Team4,Org-Epsilon,2026-03-21,11,5.8,Documentation
AI_USR048,Org-Epsilon-Team4,Org-Epsilon,2026-03-22,11,5.4,Documentation
AI_USR048,Org-Epsilon-Team4,Org-Epsilon,2026-03-23,9,5.5,Data Query
AI_USR048,Org-Epsilon-Team4,Org-Epsilon,2026-03-25,3,7.2,Documentation
AI_USR048,Org-Epsilon-Team4,Org-Epsilon,2026-03-26,10,5.5,Planning
AI_USR048,Org-Epsilon-Team4,Org-Epsilon,2026-03-28,12,6.8,Code Generation
AI_USR048,Org-Epsilon-Team4,Org-Epsilon,2026-03-29,2,5.5,Code Generation
AI_USR049,Org-Epsilon-Team1,Org-Epsilon,2026-01-05,10,6.9,Summarization
AI_USR049,Org-Epsilon-Team1,Org-Epsilon,2026-01-08,17,5.3,Planning
AI_USR049,Org-Epsilon-Team1,Org-Epsilon,2026-01-12,19,6.1,Data Query
AI_USR049,Org-Epsilon-Team1,Org-Epsilon,2026-01-13,10,6.5,Documentation
AI_USR049,Org-Epsilon-Team1,Org-Epsilon,2026-01-14,12,6.8,Data Query
AI_USR049,Org-Epsilon-Team1,Org-Epsilon,2026-01-15,14,6.2,Planning
AI_USR049,Org-Epsilon-Team1,Org-Epsilon,2026-01-17,18,6.8,Documentation
AI_USR049,Org-Epsilon-Team1,Org-Epsilon,2026-01-18,5,5.4,Documentation
AI_USR049,Org-Epsilon-Team1,Org-Epsilon,2026-01-19,3,5.9,Code Generation
AI_USR049,Org-Epsilon-Team1,Org-Epsilon,2026-01-21,10,6.5,Debugging
AI_USR049,Org-Epsilon-Team1,Org-Epsilon,2026-01-22,16,6.0,Code Generation
AI_USR049,Org-Epsilon-Team1,Org-Epsilon,2026-01-23,2,5.4,Debugging
AI_USR049,Org-Epsilon-Team1,Org-Epsilon,2026-01-24,15,6.1,Documentation
AI_USR049,Org-Epsilon-Team1,Org-Epsilon,2026-01-27,10,6.6,Code Generation
AI_USR049,Org-Epsilon-Team1,Org-Epsilon,2026-01-29,13,7.2,Debugging
AI_USR049,Org-Epsilon-Team1,Org-Epsilon,2026-01-31,6,6.8,Data Query
AI_USR049,Org-Epsilon-Team1,Org-Epsilon,2026-02-01,5,7.2,Data Query
AI_USR049,Org-Epsilon-Team1,Org-Epsilon,2026-02-03,6,7.0,Summarization
AI_USR049,Org-Epsilon-Team1,Org-Epsilon,2026-02-05,19,5.7,Planning
AI_USR049,Org-Epsilon-Team1,Org-Epsilon,2026-02-08,20,6.8,Planning
AI_USR049,Org-Epsilon-Team1,Org-Epsilon,2026-02-09,5,6.2,Code Generation
AI_USR049,Org-Epsilon-Team1,Org-Epsilon,2026-02-10,11,6.3,Debugging
AI_USR049,Org-Epsilon-Team1,Org-Epsilon,2026-02-11,1,6.2,Data Query
AI_USR049,Org-Epsilon-Team1,Org-Epsilon,2026-02-13,9,6.3,Debugging
AI_USR049,Org-Epsilon-Team1,Org-Epsilon,2026-02-15,10,6.6,Code Generation
AI_USR049,Org-Epsilon-Team1,Org-Epsilon,2026-02-16,9,7.1,Data Query
AI_USR049,Org-Epsilon-Team1,Org-Epsilon,2026-02-17,9,5.5,Data Query
AI_USR049,Org-Epsilon-Team1,Org-Epsilon,2026-02-20,14,6.7,Planning
AI_USR049,Org-Epsilon-Team1,Org-Epsilon,2026-02-22,13,6.5,Debugging
AI_USR049,Org-Epsilon-Team1,Org-Epsilon,2026-02-25,9,6.3,Code Generation
AI_USR049,Org-Epsilon-Team1,Org-Epsilon,2026-02-27,1,5.9,Documentation
AI_USR049,Org-Epsilon-Team1,Org-Epsilon,2026-02-28,14,5.4,Documentation
AI_USR049,Org-Epsilon-Team1,Org-Epsilon,2026-03-01,2,6.0,Debugging
AI_USR049,Org-Epsilon-Team1,Org-Epsilon,2026-03-02,15,6.8,Data Query
AI_USR049,Org-Epsilon-Team1,Org-Epsilon,2026-03-03,6,6.6,Planning
AI_USR049,Org-Epsilon-Team1,Org-Epsilon,2026-03-04,16,6.2,Summarization
AI_USR049,Org-Epsilon-Team1,Org-Epsilon,2026-03-05,9,5.8,Debugging
AI_USR049,Org-Epsilon-Team1,Org-Epsilon,2026-03-06,20,7.2,Planning
AI_USR049,Org-Epsilon-Team1,Org-Epsilon,2026-03-07,20,6.1,Debugging
AI_USR049,Org-Epsilon-Team1,Org-Epsilon,2026-03-08,15,7.1,Planning
AI_USR049,Org-Epsilon-Team1,Org-Epsilon,2026-03-09,17,6.3,Documentation
AI_USR049,Org-Epsilon-Team1,Org-Epsilon,2026-03-11,20,6.3,Planning
AI_USR049,Org-Epsilon-Team1,Org-Epsilon,2026-03-13,4,6.8,Debugging
AI_USR049,Org-Epsilon-Team1,Org-Epsilon,2026-03-14,18,5.5,Documentation
AI_USR049,Org-Epsilon-Team1,Org-Epsilon,2026-03-16,18,6.0,Documentation
AI_USR049,Org-Epsilon-Team1,Org-Epsilon,2026-03-19,14,6.9,Debugging
AI_USR049,Org-Epsilon-Team1,Org-Epsilon,2026-03-20,15,6.8,Code Generation
AI_USR049,Org-Epsilon-Team1,Org-Epsilon,2026-03-21,9,7.1,Documentation
AI_USR049,Org-Epsilon-Team1,Org-Epsilon,2026-03-22,2,6.9,Planning
AI_USR049,Org-Epsilon-Team1,Org-Epsilon,2026-03-23,7,6.1,Documentation
AI_USR049,Org-Epsilon-Team1,Org-Epsilon,2026-03-24,9,7.1,Data Query
AI_USR049,Org-Epsilon-Team1,Org-Epsilon,2026-03-27,8,6.0,Code Generation
AI_USR049,Org-Epsilon-Team1,Org-Epsilon,2026-03-28,10,6.1,Summarization
AI_USR049,Org-Epsilon-Team1,Org-Epsilon,2026-03-29,18,7.4,Summarization
AI_USR050,Org-Epsilon-Team1,Org-Epsilon,2026-01-02,6,5.0,Code Generation
AI_USR050,Org-Epsilon-Team1,Org-Epsilon,2026-01-03,6,5.5,Debugging
AI_USR050,Org-Epsilon-Team1,Org-Epsilon,2026-01-04,15,4.1,Planning
AI_USR050,Org-Epsilon-Team1,Org-Epsilon,2026-01-06,17,4.7,Planning
AI_USR050,Org-Epsilon-Team1,Org-Epsilon,2026-01-08,1,4.4,Documentation
AI_USR050,Org-Epsilon-Team1,Org-Epsilon,2026-01-09,15,4.6,Planning
AI_USR050,Org-Epsilon-Team1,Org-Epsilon,2026-01-13,7,5.1,Debugging
AI_USR050,Org-Epsilon-Team1,Org-Epsilon,2026-01-14,11,3.9,Code Generation
AI_USR050,Org-Epsilon-Team1,Org-Epsilon,2026-01-15,18,4.2,Summarization
AI_USR050,Org-Epsilon-Team1,Org-Epsilon,2026-01-16,1,3.9,Documentation
AI_USR050,Org-Epsilon-Team1,Org-Epsilon,2026-01-17,15,5.1,Debugging
AI_USR050,Org-Epsilon-Team1,Org-Epsilon,2026-01-20,10,4.4,Data Query
AI_USR050,Org-Epsilon-Team1,Org-Epsilon,2026-01-21,1,5.1,Documentation
AI_USR050,Org-Epsilon-Team1,Org-Epsilon,2026-01-23,12,5.0,Debugging
AI_USR050,Org-Epsilon-Team1,Org-Epsilon,2026-01-24,3,4.0,Data Query
AI_USR050,Org-Epsilon-Team1,Org-Epsilon,2026-01-27,14,4.1,Documentation
AI_USR050,Org-Epsilon-Team1,Org-Epsilon,2026-01-29,18,4.1,Planning
AI_USR050,Org-Epsilon-Team1,Org-Epsilon,2026-01-31,11,5.4,Planning
AI_USR050,Org-Epsilon-Team1,Org-Epsilon,2026-02-02,1,4.4,Summarization
AI_USR050,Org-Epsilon-Team1,Org-Epsilon,2026-02-09,1,5.4,Data Query
AI_USR050,Org-Epsilon-Team1,Org-Epsilon,2026-02-10,20,4.5,Code Generation
AI_USR050,Org-Epsilon-Team1,Org-Epsilon,2026-02-11,9,4.0,Debugging
AI_USR050,Org-Epsilon-Team1,Org-Epsilon,2026-02-12,3,4.5,Planning
AI_USR050,Org-Epsilon-Team1,Org-Epsilon,2026-02-13,12,3.8,Documentation
AI_USR050,Org-Epsilon-Team1,Org-Epsilon,2026-02-14,17,4.2,Code Generation
AI_USR050,Org-Epsilon-Team1,Org-Epsilon,2026-02-15,19,4.7,Code Generation
AI_USR050,Org-Epsilon-Team1,Org-Epsilon,2026-02-16,1,5.4,Code Generation
AI_USR050,Org-Epsilon-Team1,Org-Epsilon,2026-02-17,8,5.3,Summarization
AI_USR050,Org-Epsilon-Team1,Org-Epsilon,2026-02-19,4,4.8,Code Generation
AI_USR050,Org-Epsilon-Team1,Org-Epsilon,2026-02-20,8,4.7,Documentation
AI_USR050,Org-Epsilon-Team1,Org-Epsilon,2026-02-21,18,4.1,Code Generation
AI_USR050,Org-Epsilon-Team1,Org-Epsilon,2026-02-23,14,4.9,Debugging
AI_USR050,Org-Epsilon-Team1,Org-Epsilon,2026-03-01,20,4.5,Data Query
AI_USR050,Org-Epsilon-Team1,Org-Epsilon,2026-03-02,2,4.9,Summarization
AI_USR050,Org-Epsilon-Team1,Org-Epsilon,2026-03-05,6,4.9,Data Query
AI_USR050,Org-Epsilon-Team1,Org-Epsilon,2026-03-06,13,4.9,Summarization
AI_USR050,Org-Epsilon-Team1,Org-Epsilon,2026-03-07,7,4.8,Debugging
AI_USR050,Org-Epsilon-Team1,Org-Epsilon,2026-03-08,5,4.2,Debugging
AI_USR050,Org-Epsilon-Team1,Org-Epsilon,2026-03-09,17,4.0,Documentation
AI_USR050,Org-Epsilon-Team1,Org-Epsilon,2026-03-11,9,4.2,Summarization
AI_USR050,Org-Epsilon-Team1,Org-Epsilon,2026-03-12,7,4.0,Code Generation
AI_USR050,Org-Epsilon-Team1,Org-Epsilon,2026-03-13,2,3.7,Summarization
AI_USR050,Org-Epsilon-Team1,Org-Epsilon,2026-03-14,13,5.3,Planning
AI_USR050,Org-Epsilon-Team1,Org-Epsilon,2026-03-15,6,3.8,Debugging
AI_USR050,Org-Epsilon-Team1,Org-Epsilon,2026-03-17,14,3.8,Summarization
AI_USR050,Org-Epsilon-Team1,Org-Epsilon,2026-03-19,4,4.1,Documentation
AI_USR050,Org-Epsilon-Team1,Org-Epsilon,2026-03-20,19,4.4,Summarization
AI_USR050,Org-Epsilon-Team1,Org-Epsilon,2026-03-21,12,4.2,Data Query
AI_USR050,Org-Epsilon-Team1,Org-Epsilon,2026-03-25,9,4.1,Documentation
AI_USR050,Org-Epsilon-Team1,Org-Epsilon,2026-03-27,2,4.1,Summarization
AI_USR050,Org-Epsilon-Team1,Org-Epsilon,2026-03-28,13,3.9,Documentation
AI_USR050,Org-Epsilon-Team1,Org-Epsilon,2026-03-29,14,4.7,Summarization
AI_USR050,Org-Epsilon-Team1,Org-Epsilon,2026-03-30,16,4.5,Code Generation
AI_USR051,Org-Gamma-Team3,Org-Gamma,2026-01-01,9,6.0,Documentation
AI_USR051,Org-Gamma-Team3,Org-Gamma,2026-01-03,7,6.7,Planning
AI_USR051,Org-Gamma-Team3,Org-Gamma,2026-01-04,3,6.6,Code Generation
AI_USR051,Org-Gamma-Team3,Org-Gamma,2026-01-05,4,7.7,Data Query
AI_USR051,Org-Gamma-Team3,Org-Gamma,2026-01-06,1,6.7,Data Query
AI_USR051,Org-Gamma-Team3,Org-Gamma,2026-01-07,3,6.5,Code Generation
AI_USR051,Org-Gamma-Team3,Org-Gamma,2026-01-08,9,8.0,Summarization
AI_USR051,Org-Gamma-Team3,Org-Gamma,2026-01-09,19,7.4,Data Query
AI_USR051,Org-Gamma-Team3,Org-Gamma,2026-01-10,2,7.7,Summarization
AI_USR051,Org-Gamma-Team3,Org-Gamma,2026-01-12,18,8.1,Planning
AI_USR051,Org-Gamma-Team3,Org-Gamma,2026-01-13,11,7.6,Planning
AI_USR051,Org-Gamma-Team3,Org-Gamma,2026-01-14,20,6.8,Summarization
AI_USR051,Org-Gamma-Team3,Org-Gamma,2026-01-16,15,7.4,Summarization
AI_USR051,Org-Gamma-Team3,Org-Gamma,2026-01-20,18,8.4,Documentation
AI_USR051,Org-Gamma-Team3,Org-Gamma,2026-01-21,17,7.6,Debugging
AI_USR051,Org-Gamma-Team3,Org-Gamma,2026-01-22,3,8.2,Code Generation
AI_USR051,Org-Gamma-Team3,Org-Gamma,2026-01-23,2,6.9,Debugging
AI_USR051,Org-Gamma-Team3,Org-Gamma,2026-01-24,1,7.3,Code Generation
AI_USR051,Org-Gamma-Team3,Org-Gamma,2026-01-28,16,8.0,Debugging
AI_USR051,Org-Gamma-Team3,Org-Gamma,2026-01-29,4,8.4,Documentation
AI_USR051,Org-Gamma-Team3,Org-Gamma,2026-01-30,15,7.9,Code Generation
AI_USR051,Org-Gamma-Team3,Org-Gamma,2026-01-31,15,7.1,Summarization
AI_USR051,Org-Gamma-Team3,Org-Gamma,2026-02-01,7,8.1,Documentation
AI_USR051,Org-Gamma-Team3,Org-Gamma,2026-02-04,5,8.6,Documentation
AI_USR051,Org-Gamma-Team3,Org-Gamma,2026-02-05,15,7.8,Debugging
AI_USR051,Org-Gamma-Team3,Org-Gamma,2026-02-06,19,8.4,Summarization
AI_USR051,Org-Gamma-Team3,Org-Gamma,2026-02-09,7,8.9,Documentation
AI_USR051,Org-Gamma-Team3,Org-Gamma,2026-02-10,1,7.6,Summarization
AI_USR051,Org-Gamma-Team3,Org-Gamma,2026-02-12,2,8.4,Summarization
AI_USR051,Org-Gamma-Team3,Org-Gamma,2026-02-13,12,8.6,Code Generation
AI_USR051,Org-Gamma-Team3,Org-Gamma,2026-02-14,3,8.1,Planning
AI_USR051,Org-Gamma-Team3,Org-Gamma,2026-02-15,7,8.2,Summarization
AI_USR051,Org-Gamma-Team3,Org-Gamma,2026-02-17,13,8.6,Planning
AI_USR051,Org-Gamma-Team3,Org-Gamma,2026-02-18,4,9.3,Code Generation
AI_USR051,Org-Gamma-Team3,Org-Gamma,2026-02-19,13,7.8,Data Query
AI_USR051,Org-Gamma-Team3,Org-Gamma,2026-02-20,3,9.2,Debugging
AI_USR051,Org-Gamma-Team3,Org-Gamma,2026-02-21,9,8.0,Summarization
AI_USR051,Org-Gamma-Team3,Org-Gamma,2026-02-22,12,8.8,Code Generation
AI_USR051,Org-Gamma-Team3,Org-Gamma,2026-02-23,19,9.8,Documentation
AI_USR051,Org-Gamma-Team3,Org-Gamma,2026-02-24,2,8.2,Data Query
AI_USR051,Org-Gamma-Team3,Org-Gamma,2026-02-25,11,8.5,Summarization
AI_USR051,Org-Gamma-Team3,Org-Gamma,2026-02-26,16,8.7,Data Query
AI_USR051,Org-Gamma-Team3,Org-Gamma,2026-02-27,14,8.9,Summarization
AI_USR051,Org-Gamma-Team3,Org-Gamma,2026-02-28,3,8.9,Planning
AI_USR051,Org-Gamma-Team3,Org-Gamma,2026-03-06,15,9.8,Summarization
AI_USR051,Org-Gamma-Team3,Org-Gamma,2026-03-08,15,9.7,Summarization
AI_USR051,Org-Gamma-Team3,Org-Gamma,2026-03-09,8,9.8,Debugging
AI_USR051,Org-Gamma-Team3,Org-Gamma,2026-03-11,17,8.8,Planning
AI_USR051,Org-Gamma-Team3,Org-Gamma,2026-03-13,16,8.9,Code Generation
AI_USR051,Org-Gamma-Team3,Org-Gamma,2026-03-14,11,10.0,Data Query
AI_USR051,Org-Gamma-Team3,Org-Gamma,2026-03-15,18,9.4,Data Query
AI_USR051,Org-Gamma-Team3,Org-Gamma,2026-03-16,6,9.0,Planning
AI_USR051,Org-Gamma-Team3,Org-Gamma,2026-03-17,6,9.1,Summarization
AI_USR051,Org-Gamma-Team3,Org-Gamma,2026-03-20,6,10.0,Documentation
AI_USR051,Org-Gamma-Team3,Org-Gamma,2026-03-21,15,9.1,Planning
AI_USR051,Org-Gamma-Team3,Org-Gamma,2026-03-22,10,10.0,Data Query
AI_USR051,Org-Gamma-Team3,Org-Gamma,2026-03-23,5,9.7,Planning
AI_USR051,Org-Gamma-Team3,Org-Gamma,2026-03-24,10,9.5,Planning
AI_USR051,Org-Gamma-Team3,Org-Gamma,2026-03-25,7,10.0,Data Query
AI_USR051,Org-Gamma-Team3,Org-Gamma,2026-03-26,15,10.0,Planning
AI_USR051,Org-Gamma-Team3,Org-Gamma,2026-03-27,1,9.9,Code Generation
AI_USR051,Org-Gamma-Team3,Org-Gamma,2026-03-29,20,10.0,Planning
AI_USR052,Org-Gamma-Team4,Org-Gamma,2026-01-01,15,5.9,Data Query
AI_USR052,Org-Gamma-Team4,Org-Gamma,2026-01-02,8,6.3,Planning
AI_USR052,Org-Gamma-Team4,Org-Gamma,2026-01-04,17,6.3,Documentation
AI_USR052,Org-Gamma-Team4,Org-Gamma,2026-01-06,7,6.3,Debugging
AI_USR052,Org-Gamma-Team4,Org-Gamma,2026-01-08,3,6.2,Planning
AI_USR052,Org-Gamma-Team4,Org-Gamma,2026-01-09,20,6.2,Code Generation
AI_USR052,Org-Gamma-Team4,Org-Gamma,2026-01-10,12,6.2,Data Query
AI_USR052,Org-Gamma-Team4,Org-Gamma,2026-01-12,2,5.8,Debugging
AI_USR052,Org-Gamma-Team4,Org-Gamma,2026-01-15,1,5.5,Data Query
AI_USR052,Org-Gamma-Team4,Org-Gamma,2026-01-16,19,6.3,Code Generation
AI_USR052,Org-Gamma-Team4,Org-Gamma,2026-01-17,19,7.4,Data Query
AI_USR052,Org-Gamma-Team4,Org-Gamma,2026-01-18,5,6.9,Data Query
AI_USR052,Org-Gamma-Team4,Org-Gamma,2026-01-20,18,7.0,Documentation
AI_USR052,Org-Gamma-Team4,Org-Gamma,2026-01-21,15,6.4,Documentation
AI_USR052,Org-Gamma-Team4,Org-Gamma,2026-01-23,17,6.9,Documentation
AI_USR052,Org-Gamma-Team4,Org-Gamma,2026-01-24,19,6.9,Planning
AI_USR052,Org-Gamma-Team4,Org-Gamma,2026-01-25,10,6.4,Documentation
AI_USR052,Org-Gamma-Team4,Org-Gamma,2026-01-26,1,7.0,Data Query
AI_USR052,Org-Gamma-Team4,Org-Gamma,2026-01-28,1,5.7,Data Query
AI_USR052,Org-Gamma-Team4,Org-Gamma,2026-01-29,1,7.1,Code Generation
AI_USR052,Org-Gamma-Team4,Org-Gamma,2026-02-02,9,5.6,Documentation
AI_USR052,Org-Gamma-Team4,Org-Gamma,2026-02-06,6,7.1,Documentation
AI_USR052,Org-Gamma-Team4,Org-Gamma,2026-02-07,2,6.5,Code Generation
AI_USR052,Org-Gamma-Team4,Org-Gamma,2026-02-09,11,7.2,Debugging
AI_USR052,Org-Gamma-Team4,Org-Gamma,2026-02-10,12,6.6,Planning
AI_USR052,Org-Gamma-Team4,Org-Gamma,2026-02-12,4,6.8,Code Generation
AI_USR052,Org-Gamma-Team4,Org-Gamma,2026-02-13,4,5.9,Documentation
AI_USR052,Org-Gamma-Team4,Org-Gamma,2026-02-14,18,6.1,Debugging
AI_USR052,Org-Gamma-Team4,Org-Gamma,2026-02-15,5,6.9,Debugging
AI_USR052,Org-Gamma-Team4,Org-Gamma,2026-02-17,1,7.2,Documentation
AI_USR052,Org-Gamma-Team4,Org-Gamma,2026-02-18,11,5.7,Documentation
AI_USR052,Org-Gamma-Team4,Org-Gamma,2026-02-19,20,5.8,Summarization
AI_USR052,Org-Gamma-Team4,Org-Gamma,2026-02-20,19,6.2,Data Query
AI_USR052,Org-Gamma-Team4,Org-Gamma,2026-02-21,13,5.4,Debugging
AI_USR052,Org-Gamma-Team4,Org-Gamma,2026-02-22,10,5.5,Debugging
AI_USR052,Org-Gamma-Team4,Org-Gamma,2026-02-23,18,6.2,Planning
AI_USR052,Org-Gamma-Team4,Org-Gamma,2026-02-25,20,6.0,Debugging
AI_USR052,Org-Gamma-Team4,Org-Gamma,2026-02-26,11,5.9,Planning
AI_USR052,Org-Gamma-Team4,Org-Gamma,2026-03-02,17,7.2,Documentation
AI_USR052,Org-Gamma-Team4,Org-Gamma,2026-03-03,9,5.8,Debugging
AI_USR052,Org-Gamma-Team4,Org-Gamma,2026-03-04,12,6.5,Summarization
AI_USR052,Org-Gamma-Team4,Org-Gamma,2026-03-08,13,5.7,Data Query
AI_USR052,Org-Gamma-Team4,Org-Gamma,2026-03-09,7,7.2,Documentation
AI_USR052,Org-Gamma-Team4,Org-Gamma,2026-03-10,18,7.1,Documentation
AI_USR052,Org-Gamma-Team4,Org-Gamma,2026-03-11,4,5.4,Debugging
AI_USR052,Org-Gamma-Team4,Org-Gamma,2026-03-12,17,7.0,Planning
AI_USR052,Org-Gamma-Team4,Org-Gamma,2026-03-13,5,6.0,Summarization
AI_USR052,Org-Gamma-Team4,Org-Gamma,2026-03-14,6,7.0,Code Generation
AI_USR052,Org-Gamma-Team4,Org-Gamma,2026-03-15,14,5.2,Planning
AI_USR052,Org-Gamma-Team4,Org-Gamma,2026-03-16,19,6.6,Data Query
AI_USR052,Org-Gamma-Team4,Org-Gamma,2026-03-17,3,6.3,Documentation
AI_USR052,Org-Gamma-Team4,Org-Gamma,2026-03-18,13,5.6,Planning
AI_USR052,Org-Gamma-Team4,Org-Gamma,2026-03-19,12,6.0,Code Generation
AI_USR052,Org-Gamma-Team4,Org-Gamma,2026-03-20,17,6.0,Debugging
AI_USR052,Org-Gamma-Team4,Org-Gamma,2026-03-21,20,6.0,Planning
AI_USR052,Org-Gamma-Team4,Org-Gamma,2026-03-22,18,5.3,Summarization
AI_USR052,Org-Gamma-Team4,Org-Gamma,2026-03-23,4,5.2,Planning
AI_USR052,Org-Gamma-Team4,Org-Gamma,2026-03-24,16,6.5,Code Generation
AI_USR052,Org-Gamma-Team4,Org-Gamma,2026-03-25,18,6.3,Data Query
AI_USR052,Org-Gamma-Team4,Org-Gamma,2026-03-27,1,5.2,Planning
AI_USR052,Org-Gamma-Team4,Org-Gamma,2026-03-30,1,6.1,Debugging
AI_USR052,Org-Gamma-Team4,Org-Gamma,2026-03-31,18,5.4,Summarization
AI_USR053,Org-Beta-Team2,Org-Beta,2026-01-01,13,3.8,Code Generation
AI_USR053,Org-Beta-Team2,Org-Beta,2026-01-02,10,4.8,Debugging
AI_USR053,Org-Beta-Team2,Org-Beta,2026-01-03,12,4.6,Data Query
AI_USR053,Org-Beta-Team2,Org-Beta,2026-01-04,17,5.0,Code Generation
AI_USR053,Org-Beta-Team2,Org-Beta,2026-01-07,19,3.2,Summarization
AI_USR053,Org-Beta-Team2,Org-Beta,2026-01-08,15,3.6,Planning
AI_USR053,Org-Beta-Team2,Org-Beta,2026-01-09,12,4.8,Debugging
AI_USR053,Org-Beta-Team2,Org-Beta,2026-01-11,16,3.6,Documentation
AI_USR053,Org-Beta-Team2,Org-Beta,2026-01-13,12,3.4,Data Query
AI_USR053,Org-Beta-Team2,Org-Beta,2026-01-14,3,5.0,Summarization
AI_USR053,Org-Beta-Team2,Org-Beta,2026-01-15,5,3.9,Code Generation
AI_USR053,Org-Beta-Team2,Org-Beta,2026-01-16,16,3.9,Data Query
AI_USR053,Org-Beta-Team2,Org-Beta,2026-01-18,20,4.6,Debugging
AI_USR053,Org-Beta-Team2,Org-Beta,2026-01-19,6,4.7,Documentation
AI_USR053,Org-Beta-Team2,Org-Beta,2026-01-20,20,4.0,Planning
AI_USR053,Org-Beta-Team2,Org-Beta,2026-01-22,2,3.6,Summarization
AI_USR053,Org-Beta-Team2,Org-Beta,2026-01-23,17,4.4,Data Query
AI_USR053,Org-Beta-Team2,Org-Beta,2026-01-24,19,4.1,Debugging
AI_USR053,Org-Beta-Team2,Org-Beta,2026-01-27,20,3.7,Code Generation
AI_USR053,Org-Beta-Team2,Org-Beta,2026-01-28,16,3.2,Debugging
AI_USR053,Org-Beta-Team2,Org-Beta,2026-01-29,19,3.8,Data Query
AI_USR053,Org-Beta-Team2,Org-Beta,2026-02-01,16,3.9,Documentation
AI_USR053,Org-Beta-Team2,Org-Beta,2026-02-02,11,4.8,Documentation
AI_USR053,Org-Beta-Team2,Org-Beta,2026-02-03,12,4.2,Summarization
AI_USR053,Org-Beta-Team2,Org-Beta,2026-02-04,9,3.4,Code Generation
AI_USR053,Org-Beta-Team2,Org-Beta,2026-02-05,20,4.9,Data Query
AI_USR053,Org-Beta-Team2,Org-Beta,2026-02-06,18,4.1,Data Query
AI_USR053,Org-Beta-Team2,Org-Beta,2026-02-07,12,5.0,Data Query
AI_USR053,Org-Beta-Team2,Org-Beta,2026-02-08,17,4.4,Debugging
AI_USR053,Org-Beta-Team2,Org-Beta,2026-02-10,18,3.4,Data Query
AI_USR053,Org-Beta-Team2,Org-Beta,2026-02-12,14,4.0,Summarization
AI_USR053,Org-Beta-Team2,Org-Beta,2026-02-13,10,3.3,Code Generation
AI_USR053,Org-Beta-Team2,Org-Beta,2026-02-14,14,4.2,Planning
AI_USR053,Org-Beta-Team2,Org-Beta,2026-02-15,14,3.7,Debugging
AI_USR053,Org-Beta-Team2,Org-Beta,2026-02-16,15,4.3,Planning
AI_USR053,Org-Beta-Team2,Org-Beta,2026-02-17,2,4.2,Planning
AI_USR053,Org-Beta-Team2,Org-Beta,2026-02-18,13,3.2,Data Query
AI_USR053,Org-Beta-Team2,Org-Beta,2026-02-22,16,3.5,Planning
AI_USR053,Org-Beta-Team2,Org-Beta,2026-02-23,2,4.9,Documentation
AI_USR053,Org-Beta-Team2,Org-Beta,2026-02-24,3,4.0,Documentation
AI_USR053,Org-Beta-Team2,Org-Beta,2026-02-25,1,4.4,Debugging
AI_USR053,Org-Beta-Team2,Org-Beta,2026-02-26,1,4.9,Planning
AI_USR053,Org-Beta-Team2,Org-Beta,2026-02-28,8,4.4,Data Query
AI_USR053,Org-Beta-Team2,Org-Beta,2026-03-02,3,3.6,Debugging
AI_USR053,Org-Beta-Team2,Org-Beta,2026-03-03,17,4.8,Summarization
AI_USR053,Org-Beta-Team2,Org-Beta,2026-03-05,1,4.7,Documentation
AI_USR053,Org-Beta-Team2,Org-Beta,2026-03-06,20,4.8,Data Query
AI_USR053,Org-Beta-Team2,Org-Beta,2026-03-07,9,3.0,Debugging
AI_USR053,Org-Beta-Team2,Org-Beta,2026-03-08,17,3.8,Data Query
AI_USR053,Org-Beta-Team2,Org-Beta,2026-03-10,2,4.4,Code Generation
AI_USR053,Org-Beta-Team2,Org-Beta,2026-03-11,4,3.9,Debugging
AI_USR053,Org-Beta-Team2,Org-Beta,2026-03-12,14,4.3,Debugging
AI_USR053,Org-Beta-Team2,Org-Beta,2026-03-13,3,3.8,Debugging
AI_USR053,Org-Beta-Team2,Org-Beta,2026-03-15,13,3.9,Documentation
AI_USR053,Org-Beta-Team2,Org-Beta,2026-03-19,2,4.2,Summarization
AI_USR053,Org-Beta-Team2,Org-Beta,2026-03-20,1,4.8,Code Generation
AI_USR053,Org-Beta-Team2,Org-Beta,2026-03-21,5,3.7,Code Generation
AI_USR053,Org-Beta-Team2,Org-Beta,2026-03-23,4,3.1,Summarization
AI_USR053,Org-Beta-Team2,Org-Beta,2026-03-24,13,4.5,Summarization
AI_USR053,Org-Beta-Team2,Org-Beta,2026-03-25,1,4.4,Summarization
AI_USR053,Org-Beta-Team2,Org-Beta,2026-03-26,2,4.4,Data Query
AI_USR053,Org-Beta-Team2,Org-Beta,2026-03-27,14,4.3,Debugging
AI_USR053,Org-Beta-Team2,Org-Beta,2026-03-28,9,3.5,Documentation
AI_USR053,Org-Beta-Team2,Org-Beta,2026-03-29,9,4.4,Planning
AI_USR053,Org-Beta-Team2,Org-Beta,2026-03-30,10,4.4,Planning
AI_USR053,Org-Beta-Team2,Org-Beta,2026-03-31,20,3.1,Code Generation
AI_USR054,Org-Beta-Team2,Org-Beta,2026-01-01,11,4.1,Code Generation
AI_USR054,Org-Beta-Team2,Org-Beta,2026-01-02,14,4.3,Planning
AI_USR054,Org-Beta-Team2,Org-Beta,2026-01-04,7,2.9,Debugging
AI_USR054,Org-Beta-Team2,Org-Beta,2026-01-07,7,4.1,Debugging
AI_USR054,Org-Beta-Team2,Org-Beta,2026-01-08,11,3.7,Debugging
AI_USR054,Org-Beta-Team2,Org-Beta,2026-01-09,3,4.1,Debugging
AI_USR054,Org-Beta-Team2,Org-Beta,2026-01-10,10,4.2,Planning
AI_USR054,Org-Beta-Team2,Org-Beta,2026-01-11,10,4.2,Summarization
AI_USR054,Org-Beta-Team2,Org-Beta,2026-01-13,9,3.9,Code Generation
AI_USR054,Org-Beta-Team2,Org-Beta,2026-01-14,19,4.4,Debugging
AI_USR054,Org-Beta-Team2,Org-Beta,2026-01-16,11,3.8,Data Query
AI_USR054,Org-Beta-Team2,Org-Beta,2026-01-18,18,4.8,Code Generation
AI_USR054,Org-Beta-Team2,Org-Beta,2026-01-20,4,5.1,Documentation
AI_USR054,Org-Beta-Team2,Org-Beta,2026-01-23,11,5.1,Code Generation
AI_USR054,Org-Beta-Team2,Org-Beta,2026-01-24,1,5.1,Debugging
AI_USR054,Org-Beta-Team2,Org-Beta,2026-01-26,15,4.1,Code Generation
AI_USR054,Org-Beta-Team2,Org-Beta,2026-01-27,6,4.5,Debugging
AI_USR054,Org-Beta-Team2,Org-Beta,2026-01-29,17,4.6,Summarization
AI_USR054,Org-Beta-Team2,Org-Beta,2026-01-30,15,3.7,Debugging
AI_USR054,Org-Beta-Team2,Org-Beta,2026-01-31,14,3.8,Summarization
AI_USR054,Org-Beta-Team2,Org-Beta,2026-02-01,12,5.3,Documentation
AI_USR054,Org-Beta-Team2,Org-Beta,2026-02-03,8,4.4,Data Query
AI_USR054,Org-Beta-Team2,Org-Beta,2026-02-05,1,5.1,Data Query
AI_USR054,Org-Beta-Team2,Org-Beta,2026-02-06,13,4.6,Summarization
AI_USR054,Org-Beta-Team2,Org-Beta,2026-02-07,11,5.2,Documentation
AI_USR054,Org-Beta-Team2,Org-Beta,2026-02-09,1,5.4,Summarization
AI_USR054,Org-Beta-Team2,Org-Beta,2026-02-10,20,4.3,Planning
AI_USR054,Org-Beta-Team2,Org-Beta,2026-02-11,4,5.3,Documentation
AI_USR054,Org-Beta-Team2,Org-Beta,2026-02-13,14,4.5,Code Generation
AI_USR054,Org-Beta-Team2,Org-Beta,2026-02-14,20,5.6,Debugging
AI_USR054,Org-Beta-Team2,Org-Beta,2026-02-16,11,4.5,Summarization
AI_USR054,Org-Beta-Team2,Org-Beta,2026-02-18,18,6.2,Summarization
AI_USR054,Org-Beta-Team2,Org-Beta,2026-02-19,10,6.0,Code Generation
AI_USR054,Org-Beta-Team2,Org-Beta,2026-02-21,13,4.9,Summarization
AI_USR054,Org-Beta-Team2,Org-Beta,2026-02-23,8,5.2,Documentation
AI_USR054,Org-Beta-Team2,Org-Beta,2026-02-24,16,4.6,Documentation
AI_USR054,Org-Beta-Team2,Org-Beta,2026-02-26,7,5.7,Data Query
AI_USR054,Org-Beta-Team2,Org-Beta,2026-02-27,9,4.7,Code Generation
AI_USR054,Org-Beta-Team2,Org-Beta,2026-02-28,17,6.7,Summarization
AI_USR054,Org-Beta-Team2,Org-Beta,2026-03-01,16,6.7,Documentation
AI_USR054,Org-Beta-Team2,Org-Beta,2026-03-04,16,5.9,Summarization
AI_USR054,Org-Beta-Team2,Org-Beta,2026-03-05,12,6.0,Summarization
AI_USR054,Org-Beta-Team2,Org-Beta,2026-03-07,2,5.9,Summarization
AI_USR054,Org-Beta-Team2,Org-Beta,2026-03-09,12,5.3,Data Query
AI_USR054,Org-Beta-Team2,Org-Beta,2026-03-10,14,6.2,Data Query
AI_USR054,Org-Beta-Team2,Org-Beta,2026-03-11,20,5.6,Planning
AI_USR054,Org-Beta-Team2,Org-Beta,2026-03-12,7,5.7,Summarization
AI_USR054,Org-Beta-Team2,Org-Beta,2026-03-13,8,6.0,Data Query
AI_USR054,Org-Beta-Team2,Org-Beta,2026-03-15,11,6.8,Summarization
AI_USR054,Org-Beta-Team2,Org-Beta,2026-03-16,19,6.4,Code Generation
AI_USR054,Org-Beta-Team2,Org-Beta,2026-03-18,12,6.4,Summarization
AI_USR054,Org-Beta-Team2,Org-Beta,2026-03-20,18,7.2,Summarization
AI_USR054,Org-Beta-Team2,Org-Beta,2026-03-21,12,5.6,Debugging
AI_USR054,Org-Beta-Team2,Org-Beta,2026-03-22,4,5.8,Data Query
AI_USR054,Org-Beta-Team2,Org-Beta,2026-03-23,3,7.5,Planning
AI_USR054,Org-Beta-Team2,Org-Beta,2026-03-24,3,7.2,Code Generation
AI_USR054,Org-Beta-Team2,Org-Beta,2026-03-26,7,5.7,Code Generation
AI_USR054,Org-Beta-Team2,Org-Beta,2026-03-27,5,7.4,Debugging
AI_USR054,Org-Beta-Team2,Org-Beta,2026-03-28,4,6.7,Data Query
AI_USR054,Org-Beta-Team2,Org-Beta,2026-03-29,8,6.1,Summarization
AI_USR054,Org-Beta-Team2,Org-Beta,2026-03-30,18,6.8,Planning
AI_USR054,Org-Beta-Team2,Org-Beta,2026-03-31,8,6.7,Code Generation
AI_USR055,Org-Epsilon-Team4,Org-Epsilon,2026-01-01,17,6.4,Planning
AI_USR055,Org-Epsilon-Team4,Org-Epsilon,2026-01-03,18,6.2,Summarization
AI_USR055,Org-Epsilon-Team4,Org-Epsilon,2026-01-04,13,7.0,Debugging
AI_USR055,Org-Epsilon-Team4,Org-Epsilon,2026-01-08,3,6.9,Code Generation
AI_USR055,Org-Epsilon-Team4,Org-Epsilon,2026-01-09,18,6.7,Data Query
AI_USR055,Org-Epsilon-Team4,Org-Epsilon,2026-01-10,5,7.1,Data Query
AI_USR055,Org-Epsilon-Team4,Org-Epsilon,2026-01-11,14,6.9,Debugging
AI_USR055,Org-Epsilon-Team4,Org-Epsilon,2026-01-15,9,6.8,Summarization
AI_USR055,Org-Epsilon-Team4,Org-Epsilon,2026-01-16,8,5.9,Data Query
AI_USR055,Org-Epsilon-Team4,Org-Epsilon,2026-01-17,5,5.9,Debugging
AI_USR055,Org-Epsilon-Team4,Org-Epsilon,2026-01-19,18,5.7,Data Query
AI_USR055,Org-Epsilon-Team4,Org-Epsilon,2026-01-21,11,7.3,Planning
AI_USR055,Org-Epsilon-Team4,Org-Epsilon,2026-01-22,19,6.1,Data Query
AI_USR055,Org-Epsilon-Team4,Org-Epsilon,2026-01-23,16,7.1,Documentation
AI_USR055,Org-Epsilon-Team4,Org-Epsilon,2026-01-25,10,5.9,Code Generation
AI_USR055,Org-Epsilon-Team4,Org-Epsilon,2026-01-27,6,6.2,Summarization
AI_USR055,Org-Epsilon-Team4,Org-Epsilon,2026-01-29,18,6.8,Planning
AI_USR055,Org-Epsilon-Team4,Org-Epsilon,2026-02-01,7,7.3,Debugging
AI_USR055,Org-Epsilon-Team4,Org-Epsilon,2026-02-03,20,5.9,Planning
AI_USR055,Org-Epsilon-Team4,Org-Epsilon,2026-02-04,19,5.9,Planning
AI_USR055,Org-Epsilon-Team4,Org-Epsilon,2026-02-07,14,5.6,Documentation
AI_USR055,Org-Epsilon-Team4,Org-Epsilon,2026-02-08,9,5.7,Summarization
AI_USR055,Org-Epsilon-Team4,Org-Epsilon,2026-02-11,17,6.4,Code Generation
AI_USR055,Org-Epsilon-Team4,Org-Epsilon,2026-02-12,7,6.3,Planning
AI_USR055,Org-Epsilon-Team4,Org-Epsilon,2026-02-13,20,6.6,Data Query
AI_USR055,Org-Epsilon-Team4,Org-Epsilon,2026-02-14,7,6.6,Summarization
AI_USR055,Org-Epsilon-Team4,Org-Epsilon,2026-02-17,10,6.1,Data Query
AI_USR055,Org-Epsilon-Team4,Org-Epsilon,2026-02-18,14,6.7,Planning
AI_USR055,Org-Epsilon-Team4,Org-Epsilon,2026-02-19,15,7.0,Debugging
AI_USR055,Org-Epsilon-Team4,Org-Epsilon,2026-02-20,15,7.3,Debugging
AI_USR055,Org-Epsilon-Team4,Org-Epsilon,2026-02-21,5,6.9,Debugging
AI_USR055,Org-Epsilon-Team4,Org-Epsilon,2026-02-22,16,5.6,Planning
AI_USR055,Org-Epsilon-Team4,Org-Epsilon,2026-02-23,19,6.6,Planning
AI_USR055,Org-Epsilon-Team4,Org-Epsilon,2026-02-24,8,5.5,Summarization
AI_USR055,Org-Epsilon-Team4,Org-Epsilon,2026-02-25,17,6.0,Code Generation
AI_USR055,Org-Epsilon-Team4,Org-Epsilon,2026-02-26,14,6.8,Code Generation
AI_USR055,Org-Epsilon-Team4,Org-Epsilon,2026-02-27,5,5.7,Code Generation
AI_USR055,Org-Epsilon-Team4,Org-Epsilon,2026-03-02,5,6.0,Debugging
AI_USR055,Org-Epsilon-Team4,Org-Epsilon,2026-03-03,17,7.3,Documentation
AI_USR055,Org-Epsilon-Team4,Org-Epsilon,2026-03-04,16,5.9,Planning
AI_USR055,Org-Epsilon-Team4,Org-Epsilon,2026-03-05,1,6.0,Documentation
AI_USR055,Org-Epsilon-Team4,Org-Epsilon,2026-03-07,8,5.8,Documentation
AI_USR055,Org-Epsilon-Team4,Org-Epsilon,2026-03-08,5,6.5,Planning
AI_USR055,Org-Epsilon-Team4,Org-Epsilon,2026-03-09,18,6.0,Code Generation
AI_USR055,Org-Epsilon-Team4,Org-Epsilon,2026-03-10,10,6.8,Documentation
AI_USR055,Org-Epsilon-Team4,Org-Epsilon,2026-03-11,12,7.0,Code Generation
AI_USR055,Org-Epsilon-Team4,Org-Epsilon,2026-03-13,12,5.7,Data Query
AI_USR055,Org-Epsilon-Team4,Org-Epsilon,2026-03-14,5,7.2,Summarization
AI_USR055,Org-Epsilon-Team4,Org-Epsilon,2026-03-15,8,6.6,Debugging
AI_USR055,Org-Epsilon-Team4,Org-Epsilon,2026-03-16,19,6.2,Planning
AI_USR055,Org-Epsilon-Team4,Org-Epsilon,2026-03-19,18,5.2,Documentation
AI_USR055,Org-Epsilon-Team4,Org-Epsilon,2026-03-20,14,6.6,Planning
AI_USR055,Org-Epsilon-Team4,Org-Epsilon,2026-03-21,7,7.0,Documentation
AI_USR055,Org-Epsilon-Team4,Org-Epsilon,2026-03-22,4,6.2,Summarization
AI_USR055,Org-Epsilon-Team4,Org-Epsilon,2026-03-23,3,5.3,Planning
AI_USR055,Org-Epsilon-Team4,Org-Epsilon,2026-03-25,14,7.1,Code Generation
AI_USR055,Org-Epsilon-Team4,Org-Epsilon,2026-03-26,17,6.9,Debugging
AI_USR055,Org-Epsilon-Team4,Org-Epsilon,2026-03-27,12,5.6,Planning
AI_USR055,Org-Epsilon-Team4,Org-Epsilon,2026-03-29,19,6.8,Documentation
AI_USR056,Org-Beta-Team1,Org-Beta,2026-01-01,3,5.7,Debugging
AI_USR056,Org-Beta-Team1,Org-Beta,2026-01-02,6,6.5,Summarization
AI_USR056,Org-Beta-Team1,Org-Beta,2026-01-04,4,6.5,Code Generation
AI_USR056,Org-Beta-Team1,Org-Beta,2026-01-05,19,5.7,Documentation
AI_USR056,Org-Beta-Team1,Org-Beta,2026-01-06,15,5.6,Summarization
AI_USR056,Org-Beta-Team1,Org-Beta,2026-01-09,1,6.2,Data Query
AI_USR056,Org-Beta-Team1,Org-Beta,2026-01-12,16,6.5,Debugging
AI_USR056,Org-Beta-Team1,Org-Beta,2026-01-13,3,6.7,Code Generation
AI_USR056,Org-Beta-Team1,Org-Beta,2026-01-14,14,5.6,Planning
AI_USR056,Org-Beta-Team1,Org-Beta,2026-01-15,3,5.2,Summarization
AI_USR056,Org-Beta-Team1,Org-Beta,2026-01-16,12,5.8,Planning
AI_USR056,Org-Beta-Team1,Org-Beta,2026-01-17,7,6.8,Planning
AI_USR056,Org-Beta-Team1,Org-Beta,2026-01-21,5,5.6,Code Generation
AI_USR056,Org-Beta-Team1,Org-Beta,2026-01-23,13,6.3,Debugging
AI_USR056,Org-Beta-Team1,Org-Beta,2026-01-24,9,6.0,Documentation
AI_USR056,Org-Beta-Team1,Org-Beta,2026-01-25,1,5.3,Documentation
AI_USR056,Org-Beta-Team1,Org-Beta,2026-01-26,19,6.9,Planning
AI_USR056,Org-Beta-Team1,Org-Beta,2026-01-28,7,6.6,Documentation
AI_USR056,Org-Beta-Team1,Org-Beta,2026-01-29,4,6.9,Code Generation
AI_USR056,Org-Beta-Team1,Org-Beta,2026-01-30,15,6.8,Code Generation
AI_USR056,Org-Beta-Team1,Org-Beta,2026-02-01,1,6.5,Planning
AI_USR056,Org-Beta-Team1,Org-Beta,2026-02-03,16,5.5,Planning
AI_USR056,Org-Beta-Team1,Org-Beta,2026-02-04,20,6.3,Code Generation
AI_USR056,Org-Beta-Team1,Org-Beta,2026-02-06,6,6.8,Debugging
AI_USR056,Org-Beta-Team1,Org-Beta,2026-02-07,10,5.1,Code Generation
AI_USR056,Org-Beta-Team1,Org-Beta,2026-02-10,11,5.4,Documentation
AI_USR056,Org-Beta-Team1,Org-Beta,2026-02-11,15,6.2,Debugging
AI_USR056,Org-Beta-Team1,Org-Beta,2026-02-12,1,6.0,Summarization
AI_USR056,Org-Beta-Team1,Org-Beta,2026-02-14,5,5.6,Documentation
AI_USR056,Org-Beta-Team1,Org-Beta,2026-02-16,13,6.4,Summarization
AI_USR056,Org-Beta-Team1,Org-Beta,2026-02-18,16,6.3,Code Generation
AI_USR056,Org-Beta-Team1,Org-Beta,2026-02-19,18,6.8,Planning
AI_USR056,Org-Beta-Team1,Org-Beta,2026-02-20,6,6.0,Planning
AI_USR056,Org-Beta-Team1,Org-Beta,2026-02-21,9,6.4,Documentation
AI_USR056,Org-Beta-Team1,Org-Beta,2026-02-23,3,6.4,Code Generation
AI_USR056,Org-Beta-Team1,Org-Beta,2026-02-24,5,6.6,Data Query
AI_USR056,Org-Beta-Team1,Org-Beta,2026-02-25,16,6.6,Documentation
AI_USR056,Org-Beta-Team1,Org-Beta,2026-02-28,16,6.0,Planning
AI_USR056,Org-Beta-Team1,Org-Beta,2026-03-01,11,5.3,Planning
AI_USR056,Org-Beta-Team1,Org-Beta,2026-03-02,10,6.0,Summarization
AI_USR056,Org-Beta-Team1,Org-Beta,2026-03-04,17,6.7,Data Query
AI_USR056,Org-Beta-Team1,Org-Beta,2026-03-05,18,6.4,Debugging
AI_USR056,Org-Beta-Team1,Org-Beta,2026-03-06,13,6.7,Documentation
AI_USR056,Org-Beta-Team1,Org-Beta,2026-03-07,3,5.5,Documentation
AI_USR056,Org-Beta-Team1,Org-Beta,2026-03-08,8,5.2,Data Query
AI_USR056,Org-Beta-Team1,Org-Beta,2026-03-09,9,6.2,Planning
AI_USR056,Org-Beta-Team1,Org-Beta,2026-03-11,4,6.4,Data Query
AI_USR056,Org-Beta-Team1,Org-Beta,2026-03-12,5,6.7,Documentation
AI_USR056,Org-Beta-Team1,Org-Beta,2026-03-13,4,5.6,Summarization
AI_USR056,Org-Beta-Team1,Org-Beta,2026-03-14,10,5.5,Planning
AI_USR056,Org-Beta-Team1,Org-Beta,2026-03-15,16,6.7,Debugging
AI_USR056,Org-Beta-Team1,Org-Beta,2026-03-17,4,5.7,Summarization
AI_USR056,Org-Beta-Team1,Org-Beta,2026-03-18,9,5.2,Code Generation
AI_USR056,Org-Beta-Team1,Org-Beta,2026-03-19,11,6.7,Documentation
AI_USR056,Org-Beta-Team1,Org-Beta,2026-03-20,2,4.9,Code Generation
AI_USR056,Org-Beta-Team1,Org-Beta,2026-03-21,1,6.5,Planning
AI_USR056,Org-Beta-Team1,Org-Beta,2026-03-22,13,6.8,Documentation
AI_USR056,Org-Beta-Team1,Org-Beta,2026-03-23,5,5.9,Data Query
AI_USR056,Org-Beta-Team1,Org-Beta,2026-03-24,2,4.9,Summarization
AI_USR056,Org-Beta-Team1,Org-Beta,2026-03-25,7,5.3,Documentation
AI_USR056,Org-Beta-Team1,Org-Beta,2026-03-26,20,6.5,Documentation
AI_USR056,Org-Beta-Team1,Org-Beta,2026-03-27,5,6.2,Debugging
AI_USR056,Org-Beta-Team1,Org-Beta,2026-03-29,18,5.1,Debugging
AI_USR056,Org-Beta-Team1,Org-Beta,2026-03-31,12,5.7,Data Query
AI_USR057,Org-Epsilon-Team4,Org-Epsilon,2026-01-01,13,6.3,Debugging
AI_USR057,Org-Epsilon-Team4,Org-Epsilon,2026-01-02,13,7.1,Code Generation
AI_USR057,Org-Epsilon-Team4,Org-Epsilon,2026-01-03,4,7.5,Summarization
AI_USR057,Org-Epsilon-Team4,Org-Epsilon,2026-01-05,14,7.0,Data Query
AI_USR057,Org-Epsilon-Team4,Org-Epsilon,2026-01-07,7,8.0,Debugging
AI_USR057,Org-Epsilon-Team4,Org-Epsilon,2026-01-08,19,6.7,Code Generation
AI_USR057,Org-Epsilon-Team4,Org-Epsilon,2026-01-09,7,6.1,Planning
AI_USR057,Org-Epsilon-Team4,Org-Epsilon,2026-01-10,12,6.9,Documentation
AI_USR057,Org-Epsilon-Team4,Org-Epsilon,2026-01-11,18,7.4,Summarization
AI_USR057,Org-Epsilon-Team4,Org-Epsilon,2026-01-12,16,7.9,Summarization
AI_USR057,Org-Epsilon-Team4,Org-Epsilon,2026-01-13,18,7.2,Planning
AI_USR057,Org-Epsilon-Team4,Org-Epsilon,2026-01-14,7,8.1,Planning
AI_USR057,Org-Epsilon-Team4,Org-Epsilon,2026-01-15,4,8.3,Planning
AI_USR057,Org-Epsilon-Team4,Org-Epsilon,2026-01-16,20,6.4,Planning
AI_USR057,Org-Epsilon-Team4,Org-Epsilon,2026-01-17,3,7.1,Debugging
AI_USR057,Org-Epsilon-Team4,Org-Epsilon,2026-01-18,5,8.3,Code Generation
AI_USR057,Org-Epsilon-Team4,Org-Epsilon,2026-01-19,7,7.9,Code Generation
AI_USR057,Org-Epsilon-Team4,Org-Epsilon,2026-01-21,6,6.8,Debugging
AI_USR057,Org-Epsilon-Team4,Org-Epsilon,2026-01-22,16,7.1,Code Generation
AI_USR057,Org-Epsilon-Team4,Org-Epsilon,2026-01-25,5,6.8,Documentation
AI_USR057,Org-Epsilon-Team4,Org-Epsilon,2026-01-26,4,7.6,Code Generation
AI_USR057,Org-Epsilon-Team4,Org-Epsilon,2026-01-27,14,8.8,Summarization
AI_USR057,Org-Epsilon-Team4,Org-Epsilon,2026-01-28,12,7.8,Planning
AI_USR057,Org-Epsilon-Team4,Org-Epsilon,2026-01-29,12,7.9,Summarization
AI_USR057,Org-Epsilon-Team4,Org-Epsilon,2026-01-31,4,8.1,Documentation
AI_USR057,Org-Epsilon-Team4,Org-Epsilon,2026-02-01,14,8.3,Planning
AI_USR057,Org-Epsilon-Team4,Org-Epsilon,2026-02-02,14,8.8,Debugging
AI_USR057,Org-Epsilon-Team4,Org-Epsilon,2026-02-03,2,8.6,Data Query
AI_USR057,Org-Epsilon-Team4,Org-Epsilon,2026-02-04,15,8.5,Data Query
AI_USR057,Org-Epsilon-Team4,Org-Epsilon,2026-02-05,19,8.6,Debugging
AI_USR057,Org-Epsilon-Team4,Org-Epsilon,2026-02-06,19,7.2,Code Generation
AI_USR057,Org-Epsilon-Team4,Org-Epsilon,2026-02-07,10,7.3,Data Query
AI_USR057,Org-Epsilon-Team4,Org-Epsilon,2026-02-08,7,8.7,Planning
AI_USR057,Org-Epsilon-Team4,Org-Epsilon,2026-02-09,15,8.0,Debugging
AI_USR057,Org-Epsilon-Team4,Org-Epsilon,2026-02-10,11,7.4,Summarization
AI_USR057,Org-Epsilon-Team4,Org-Epsilon,2026-02-11,1,9.0,Documentation
AI_USR057,Org-Epsilon-Team4,Org-Epsilon,2026-02-12,8,7.4,Summarization
AI_USR057,Org-Epsilon-Team4,Org-Epsilon,2026-02-13,19,8.8,Debugging
AI_USR057,Org-Epsilon-Team4,Org-Epsilon,2026-02-14,17,9.4,Data Query
AI_USR057,Org-Epsilon-Team4,Org-Epsilon,2026-02-15,18,9.5,Planning
AI_USR057,Org-Epsilon-Team4,Org-Epsilon,2026-02-17,15,7.9,Debugging
AI_USR057,Org-Epsilon-Team4,Org-Epsilon,2026-02-21,4,8.3,Debugging
AI_USR057,Org-Epsilon-Team4,Org-Epsilon,2026-02-22,9,9.2,Data Query
AI_USR057,Org-Epsilon-Team4,Org-Epsilon,2026-02-23,6,7.9,Summarization
AI_USR057,Org-Epsilon-Team4,Org-Epsilon,2026-02-25,1,9.1,Planning
AI_USR057,Org-Epsilon-Team4,Org-Epsilon,2026-02-26,3,8.8,Documentation
AI_USR057,Org-Epsilon-Team4,Org-Epsilon,2026-03-01,14,8.3,Code Generation
AI_USR057,Org-Epsilon-Team4,Org-Epsilon,2026-03-03,14,9.1,Debugging
AI_USR057,Org-Epsilon-Team4,Org-Epsilon,2026-03-05,18,9.4,Code Generation
AI_USR057,Org-Epsilon-Team4,Org-Epsilon,2026-03-07,12,9.4,Data Query
AI_USR057,Org-Epsilon-Team4,Org-Epsilon,2026-03-10,5,10.0,Summarization
AI_USR057,Org-Epsilon-Team4,Org-Epsilon,2026-03-11,3,10.0,Planning
AI_USR057,Org-Epsilon-Team4,Org-Epsilon,2026-03-13,4,9.2,Debugging
AI_USR057,Org-Epsilon-Team4,Org-Epsilon,2026-03-14,15,10.0,Data Query
AI_USR057,Org-Epsilon-Team4,Org-Epsilon,2026-03-15,10,9.0,Planning
AI_USR057,Org-Epsilon-Team4,Org-Epsilon,2026-03-16,14,9.2,Summarization
AI_USR057,Org-Epsilon-Team4,Org-Epsilon,2026-03-17,10,9.9,Documentation
AI_USR057,Org-Epsilon-Team4,Org-Epsilon,2026-03-19,8,9.4,Documentation
AI_USR057,Org-Epsilon-Team4,Org-Epsilon,2026-03-20,2,10.0,Code Generation
AI_USR057,Org-Epsilon-Team4,Org-Epsilon,2026-03-21,5,9.7,Debugging
AI_USR057,Org-Epsilon-Team4,Org-Epsilon,2026-03-22,20,10.0,Code Generation
AI_USR057,Org-Epsilon-Team4,Org-Epsilon,2026-03-23,15,10.0,Documentation
AI_USR057,Org-Epsilon-Team4,Org-Epsilon,2026-03-25,14,10.0,Data Query
AI_USR057,Org-Epsilon-Team4,Org-Epsilon,2026-03-28,14,10.0,Data Query
AI_USR057,Org-Epsilon-Team4,Org-Epsilon,2026-03-30,20,10.0,Summarization
AI_USR057,Org-Epsilon-Team4,Org-Epsilon,2026-03-31,11,10.0,Debugging
AI_USR058,Org-Delta-Team3,Org-Delta,2026-01-01,8,4.1,Debugging
AI_USR058,Org-Delta-Team3,Org-Delta,2026-01-02,8,3.8,Code Generation
AI_USR058,Org-Delta-Team3,Org-Delta,2026-01-03,20,3.4,Debugging
AI_USR058,Org-Delta-Team3,Org-Delta,2026-01-06,2,3.9,Summarization
AI_USR058,Org-Delta-Team3,Org-Delta,2026-01-07,16,4.9,Planning
AI_USR058,Org-Delta-Team3,Org-Delta,2026-01-08,3,4.3,Planning
AI_USR058,Org-Delta-Team3,Org-Delta,2026-01-09,13,4.5,Summarization
AI_USR058,Org-Delta-Team3,Org-Delta,2026-01-11,3,3.4,Documentation
AI_USR058,Org-Delta-Team3,Org-Delta,2026-01-12,6,3.9,Debugging
AI_USR058,Org-Delta-Team3,Org-Delta,2026-01-14,15,5.2,Summarization
AI_USR058,Org-Delta-Team3,Org-Delta,2026-01-16,15,3.7,Debugging
AI_USR058,Org-Delta-Team3,Org-Delta,2026-01-18,15,5.2,Debugging
AI_USR058,Org-Delta-Team3,Org-Delta,2026-01-20,14,5.3,Planning
AI_USR058,Org-Delta-Team3,Org-Delta,2026-01-22,8,4.5,Summarization
AI_USR058,Org-Delta-Team3,Org-Delta,2026-01-23,8,5.4,Code Generation
AI_USR058,Org-Delta-Team3,Org-Delta,2026-01-25,20,5.7,Summarization
AI_USR058,Org-Delta-Team3,Org-Delta,2026-01-26,16,5.2,Code Generation
AI_USR058,Org-Delta-Team3,Org-Delta,2026-01-27,5,4.6,Summarization
AI_USR058,Org-Delta-Team3,Org-Delta,2026-01-28,6,5.1,Debugging
AI_USR058,Org-Delta-Team3,Org-Delta,2026-01-29,11,5.8,Data Query
AI_USR058,Org-Delta-Team3,Org-Delta,2026-01-30,3,5.7,Code Generation
AI_USR058,Org-Delta-Team3,Org-Delta,2026-02-01,2,4.2,Summarization
AI_USR058,Org-Delta-Team3,Org-Delta,2026-02-02,14,4.2,Summarization
AI_USR058,Org-Delta-Team3,Org-Delta,2026-02-04,17,6.0,Summarization
AI_USR058,Org-Delta-Team3,Org-Delta,2026-02-06,20,5.7,Debugging
AI_USR058,Org-Delta-Team3,Org-Delta,2026-02-09,5,5.5,Data Query
AI_USR058,Org-Delta-Team3,Org-Delta,2026-02-11,1,4.8,Data Query
AI_USR058,Org-Delta-Team3,Org-Delta,2026-02-12,11,4.8,Data Query
AI_USR058,Org-Delta-Team3,Org-Delta,2026-02-13,2,5.3,Data Query
AI_USR058,Org-Delta-Team3,Org-Delta,2026-02-14,4,5.6,Documentation
AI_USR058,Org-Delta-Team3,Org-Delta,2026-02-16,1,5.5,Summarization
AI_USR058,Org-Delta-Team3,Org-Delta,2026-02-18,6,5.2,Planning
AI_USR058,Org-Delta-Team3,Org-Delta,2026-02-19,1,6.1,Data Query
AI_USR058,Org-Delta-Team3,Org-Delta,2026-02-20,6,5.7,Summarization
AI_USR058,Org-Delta-Team3,Org-Delta,2026-02-22,9,6.7,Code Generation
AI_USR058,Org-Delta-Team3,Org-Delta,2026-02-24,1,6.6,Data Query
AI_USR058,Org-Delta-Team3,Org-Delta,2026-03-01,18,5.5,Planning
AI_USR058,Org-Delta-Team3,Org-Delta,2026-03-02,6,6.9,Documentation
AI_USR058,Org-Delta-Team3,Org-Delta,2026-03-03,17,5.6,Debugging
AI_USR058,Org-Delta-Team3,Org-Delta,2026-03-04,8,6.2,Code Generation
AI_USR058,Org-Delta-Team3,Org-Delta,2026-03-05,6,6.1,Documentation
AI_USR058,Org-Delta-Team3,Org-Delta,2026-03-07,18,6.1,Documentation
AI_USR058,Org-Delta-Team3,Org-Delta,2026-03-08,1,6.3,Documentation
AI_USR058,Org-Delta-Team3,Org-Delta,2026-03-11,5,7.5,Summarization
AI_USR058,Org-Delta-Team3,Org-Delta,2026-03-12,18,7.4,Data Query
AI_USR058,Org-Delta-Team3,Org-Delta,2026-03-14,13,6.9,Documentation
AI_USR058,Org-Delta-Team3,Org-Delta,2026-03-17,15,6.3,Planning
AI_USR058,Org-Delta-Team3,Org-Delta,2026-03-18,11,6.4,Data Query
AI_USR058,Org-Delta-Team3,Org-Delta,2026-03-20,14,6.7,Code Generation
AI_USR058,Org-Delta-Team3,Org-Delta,2026-03-21,12,6.3,Code Generation
AI_USR058,Org-Delta-Team3,Org-Delta,2026-03-25,15,6.5,Planning
AI_USR058,Org-Delta-Team3,Org-Delta,2026-03-26,9,7.4,Documentation
AI_USR058,Org-Delta-Team3,Org-Delta,2026-03-27,1,6.7,Data Query
AI_USR058,Org-Delta-Team3,Org-Delta,2026-03-28,2,6.9,Debugging
AI_USR058,Org-Delta-Team3,Org-Delta,2026-03-30,17,7.5,Code Generation
AI_USR058,Org-Delta-Team3,Org-Delta,2026-03-31,13,7.8,Data Query
AI_USR059,Org-Delta-Team4,Org-Delta,2026-01-03,20,2.9,Planning
AI_USR059,Org-Delta-Team4,Org-Delta,2026-01-04,6,3.9,Code Generation
AI_USR059,Org-Delta-Team4,Org-Delta,2026-01-09,18,4.0,Summarization
AI_USR059,Org-Delta-Team4,Org-Delta,2026-01-10,6,3.4,Code Generation
AI_USR059,Org-Delta-Team4,Org-Delta,2026-01-12,6,3.4,Planning
AI_USR059,Org-Delta-Team4,Org-Delta,2026-01-13,8,3.5,Data Query
AI_USR059,Org-Delta-Team4,Org-Delta,2026-01-15,1,3.9,Data Query
AI_USR059,Org-Delta-Team4,Org-Delta,2026-01-16,3,2.8,Summarization
AI_USR059,Org-Delta-Team4,Org-Delta,2026-01-17,19,4.5,Summarization
AI_USR059,Org-Delta-Team4,Org-Delta,2026-01-19,1,3.0,Summarization
AI_USR059,Org-Delta-Team4,Org-Delta,2026-01-21,17,2.9,Code Generation
AI_USR059,Org-Delta-Team4,Org-Delta,2026-01-23,17,3.9,Data Query
AI_USR059,Org-Delta-Team4,Org-Delta,2026-01-24,10,4.7,Code Generation
AI_USR059,Org-Delta-Team4,Org-Delta,2026-01-27,10,4.6,Summarization
AI_USR059,Org-Delta-Team4,Org-Delta,2026-01-28,12,3.6,Data Query
AI_USR059,Org-Delta-Team4,Org-Delta,2026-01-29,2,4.0,Summarization
AI_USR059,Org-Delta-Team4,Org-Delta,2026-01-30,10,3.2,Data Query
AI_USR059,Org-Delta-Team4,Org-Delta,2026-02-02,18,4.3,Data Query
AI_USR059,Org-Delta-Team4,Org-Delta,2026-02-04,3,4.4,Summarization
AI_USR059,Org-Delta-Team4,Org-Delta,2026-02-06,9,4.7,Debugging
AI_USR059,Org-Delta-Team4,Org-Delta,2026-02-07,9,4.8,Documentation
AI_USR059,Org-Delta-Team4,Org-Delta,2026-02-09,2,3.8,Data Query
AI_USR059,Org-Delta-Team4,Org-Delta,2026-02-10,17,3.7,Data Query
AI_USR059,Org-Delta-Team4,Org-Delta,2026-02-13,4,4.8,Data Query
AI_USR059,Org-Delta-Team4,Org-Delta,2026-02-15,2,5.2,Debugging
AI_USR059,Org-Delta-Team4,Org-Delta,2026-02-16,20,4.2,Code Generation
AI_USR059,Org-Delta-Team4,Org-Delta,2026-02-18,2,3.9,Data Query
AI_USR059,Org-Delta-Team4,Org-Delta,2026-02-19,9,3.6,Summarization
AI_USR059,Org-Delta-Team4,Org-Delta,2026-02-20,12,3.5,Planning
AI_USR059,Org-Delta-Team4,Org-Delta,2026-02-22,6,3.9,Documentation
AI_USR059,Org-Delta-Team4,Org-Delta,2026-02-23,3,4.2,Summarization
AI_USR059,Org-Delta-Team4,Org-Delta,2026-02-26,8,5.5,Documentation
AI_USR059,Org-Delta-Team4,Org-Delta,2026-03-01,4,4.4,Planning
AI_USR059,Org-Delta-Team4,Org-Delta,2026-03-02,8,4.8,Summarization
AI_USR059,Org-Delta-Team4,Org-Delta,2026-03-03,8,4.6,Planning
AI_USR059,Org-Delta-Team4,Org-Delta,2026-03-05,4,5.2,Planning
AI_USR059,Org-Delta-Team4,Org-Delta,2026-03-08,16,4.6,Documentation
AI_USR059,Org-Delta-Team4,Org-Delta,2026-03-09,4,4.9,Code Generation
AI_USR059,Org-Delta-Team4,Org-Delta,2026-03-10,18,4.3,Code Generation
AI_USR059,Org-Delta-Team4,Org-Delta,2026-03-12,13,4.2,Data Query
AI_USR059,Org-Delta-Team4,Org-Delta,2026-03-13,4,5.1,Debugging
AI_USR059,Org-Delta-Team4,Org-Delta,2026-03-16,19,4.7,Data Query
AI_USR059,Org-Delta-Team4,Org-Delta,2026-03-17,12,5.8,Documentation
AI_USR059,Org-Delta-Team4,Org-Delta,2026-03-20,11,4.7,Planning
AI_USR059,Org-Delta-Team4,Org-Delta,2026-03-21,5,4.3,Data Query
AI_USR059,Org-Delta-Team4,Org-Delta,2026-03-22,1,5.9,Debugging
AI_USR059,Org-Delta-Team4,Org-Delta,2026-03-27,14,4.5,Code Generation
AI_USR059,Org-Delta-Team4,Org-Delta,2026-03-28,10,4.9,Debugging
AI_USR059,Org-Delta-Team4,Org-Delta,2026-03-29,2,5.6,Debugging
AI_USR059,Org-Delta-Team4,Org-Delta,2026-03-30,19,6.3,Summarization
AI_USR059,Org-Delta-Team4,Org-Delta,2026-03-31,6,5.4,Debugging
AI_USR060,Org-Alpha-Team2,Org-Alpha,2026-01-01,20,8.4,Summarization
AI_USR060,Org-Alpha-Team2,Org-Alpha,2026-01-04,11,8.7,Data Query
AI_USR060,Org-Alpha-Team2,Org-Alpha,2026-01-05,18,8.1,Documentation
AI_USR060,Org-Alpha-Team2,Org-Alpha,2026-01-06,13,8.5,Documentation
AI_USR060,Org-Alpha-Team2,Org-Alpha,2026-01-07,11,8.9,Code Generation
AI_USR060,Org-Alpha-Team2,Org-Alpha,2026-01-11,11,8.7,Code Generation
AI_USR060,Org-Alpha-Team2,Org-Alpha,2026-01-13,7,7.8,Data Query
AI_USR060,Org-Alpha-Team2,Org-Alpha,2026-01-14,17,7.8,Debugging
AI_USR060,Org-Alpha-Team2,Org-Alpha,2026-01-16,9,7.6,Code Generation
AI_USR060,Org-Alpha-Team2,Org-Alpha,2026-01-17,6,9.0,Planning
AI_USR060,Org-Alpha-Team2,Org-Alpha,2026-01-18,3,8.9,Debugging
AI_USR060,Org-Alpha-Team2,Org-Alpha,2026-01-21,12,8.0,Debugging
AI_USR060,Org-Alpha-Team2,Org-Alpha,2026-01-23,11,9.0,Planning
AI_USR060,Org-Alpha-Team2,Org-Alpha,2026-01-24,13,7.1,Code Generation
AI_USR060,Org-Alpha-Team2,Org-Alpha,2026-01-25,9,9.1,Planning
AI_USR060,Org-Alpha-Team2,Org-Alpha,2026-01-26,14,7.1,Code Generation
AI_USR060,Org-Alpha-Team2,Org-Alpha,2026-01-28,11,8.9,Documentation
AI_USR060,Org-Alpha-Team2,Org-Alpha,2026-01-29,18,9.0,Debugging
AI_USR060,Org-Alpha-Team2,Org-Alpha,2026-01-30,11,7.2,Summarization
AI_USR060,Org-Alpha-Team2,Org-Alpha,2026-01-31,4,7.3,Planning
AI_USR060,Org-Alpha-Team2,Org-Alpha,2026-02-02,1,8.9,Data Query
AI_USR060,Org-Alpha-Team2,Org-Alpha,2026-02-03,4,7.8,Debugging
AI_USR060,Org-Alpha-Team2,Org-Alpha,2026-02-04,11,8.1,Debugging
AI_USR060,Org-Alpha-Team2,Org-Alpha,2026-02-06,15,7.3,Code Generation
AI_USR060,Org-Alpha-Team2,Org-Alpha,2026-02-07,19,7.8,Data Query
AI_USR060,Org-Alpha-Team2,Org-Alpha,2026-02-10,2,7.3,Debugging
AI_USR060,Org-Alpha-Team2,Org-Alpha,2026-02-14,7,7.4,Planning
AI_USR060,Org-Alpha-Team2,Org-Alpha,2026-02-16,18,7.3,Documentation
AI_USR060,Org-Alpha-Team2,Org-Alpha,2026-02-17,11,8.0,Planning
AI_USR060,Org-Alpha-Team2,Org-Alpha,2026-02-18,19,8.4,Documentation
AI_USR060,Org-Alpha-Team2,Org-Alpha,2026-02-20,19,8.3,Code Generation
AI_USR060,Org-Alpha-Team2,Org-Alpha,2026-02-21,9,7.5,Planning
AI_USR060,Org-Alpha-Team2,Org-Alpha,2026-02-22,2,8.4,Code Generation
AI_USR060,Org-Alpha-Team2,Org-Alpha,2026-02-23,4,7.8,Planning
AI_USR060,Org-Alpha-Team2,Org-Alpha,2026-02-26,8,8.7,Debugging
AI_USR060,Org-Alpha-Team2,Org-Alpha,2026-02-27,1,9.1,Data Query
AI_USR060,Org-Alpha-Team2,Org-Alpha,2026-02-28,10,8.5,Planning
AI_USR060,Org-Alpha-Team2,Org-Alpha,2026-03-01,2,8.2,Data Query
AI_USR060,Org-Alpha-Team2,Org-Alpha,2026-03-02,1,8.9,Summarization
AI_USR060,Org-Alpha-Team2,Org-Alpha,2026-03-03,18,9.1,Summarization
AI_USR060,Org-Alpha-Team2,Org-Alpha,2026-03-05,8,7.3,Documentation
AI_USR060,Org-Alpha-Team2,Org-Alpha,2026-03-06,7,8.5,Debugging
AI_USR060,Org-Alpha-Team2,Org-Alpha,2026-03-07,18,7.7,Documentation
AI_USR060,Org-Alpha-Team2,Org-Alpha,2026-03-08,5,7.4,Summarization
AI_USR060,Org-Alpha-Team2,Org-Alpha,2026-03-10,2,7.9,Data Query
AI_USR060,Org-Alpha-Team2,Org-Alpha,2026-03-11,16,8.2,Summarization
AI_USR060,Org-Alpha-Team2,Org-Alpha,2026-03-12,14,8.6,Data Query
AI_USR060,Org-Alpha-Team2,Org-Alpha,2026-03-13,1,8.7,Data Query
AI_USR060,Org-Alpha-Team2,Org-Alpha,2026-03-15,20,8.9,Documentation
AI_USR060,Org-Alpha-Team2,Org-Alpha,2026-03-16,12,8.4,Planning
AI_USR060,Org-Alpha-Team2,Org-Alpha,2026-03-17,8,8.7,Planning
AI_USR060,Org-Alpha-Team2,Org-Alpha,2026-03-18,4,7.5,Code Generation
AI_USR060,Org-Alpha-Team2,Org-Alpha,2026-03-19,16,8.9,Code Generation
AI_USR060,Org-Alpha-Team2,Org-Alpha,2026-03-20,9,8.5,Data Query
AI_USR060,Org-Alpha-Team2,Org-Alpha,2026-03-22,1,8.6,Documentation
AI_USR060,Org-Alpha-Team2,Org-Alpha,2026-03-23,8,9.1,Data Query
AI_USR060,Org-Alpha-Team2,Org-Alpha,2026-03-25,15,7.4,Data Query
AI_USR060,Org-Alpha-Team2,Org-Alpha,2026-03-27,20,9.2,Documentation
AI_USR060,Org-Alpha-Team2,Org-Alpha,2026-03-30,7,7.7,Debugging
AI_USR061,Org-Beta-Team2,Org-Beta,2026-01-01,4,5.9,Code Generation
AI_USR061,Org-Beta-Team2,Org-Beta,2026-01-02,13,6.9,Documentation
AI_USR061,Org-Beta-Team2,Org-Beta,2026-01-04,19,5.7,Planning
AI_USR061,Org-Beta-Team2,Org-Beta,2026-01-05,20,5.4,Summarization
AI_USR061,Org-Beta-Team2,Org-Beta,2026-01-07,11,6.2,Debugging
AI_USR061,Org-Beta-Team2,Org-Beta,2026-01-08,3,5.9,Data Query
AI_USR061,Org-Beta-Team2,Org-Beta,2026-01-09,8,5.8,Documentation
AI_USR061,Org-Beta-Team2,Org-Beta,2026-01-11,1,6.9,Debugging
AI_USR061,Org-Beta-Team2,Org-Beta,2026-01-12,6,6.5,Planning
AI_USR061,Org-Beta-Team2,Org-Beta,2026-01-14,7,6.7,Documentation
AI_USR061,Org-Beta-Team2,Org-Beta,2026-01-15,4,6.1,Code Generation
AI_USR061,Org-Beta-Team2,Org-Beta,2026-01-18,3,5.7,Summarization
AI_USR061,Org-Beta-Team2,Org-Beta,2026-01-19,11,7.4,Debugging
AI_USR061,Org-Beta-Team2,Org-Beta,2026-01-20,20,6.4,Data Query
AI_USR061,Org-Beta-Team2,Org-Beta,2026-01-23,18,6.5,Documentation
AI_USR061,Org-Beta-Team2,Org-Beta,2026-01-24,7,6.6,Data Query
AI_USR061,Org-Beta-Team2,Org-Beta,2026-01-25,20,5.7,Documentation
AI_USR061,Org-Beta-Team2,Org-Beta,2026-01-26,1,7.5,Documentation
AI_USR061,Org-Beta-Team2,Org-Beta,2026-01-28,1,6.2,Documentation
AI_USR061,Org-Beta-Team2,Org-Beta,2026-01-29,20,6.3,Code Generation
AI_USR061,Org-Beta-Team2,Org-Beta,2026-01-31,20,7.7,Summarization
AI_USR061,Org-Beta-Team2,Org-Beta,2026-02-03,16,7.4,Planning
AI_USR061,Org-Beta-Team2,Org-Beta,2026-02-04,3,7.9,Debugging
AI_USR061,Org-Beta-Team2,Org-Beta,2026-02-05,17,7.3,Code Generation
AI_USR061,Org-Beta-Team2,Org-Beta,2026-02-07,6,6.2,Summarization
AI_USR061,Org-Beta-Team2,Org-Beta,2026-02-08,3,7.8,Summarization
AI_USR061,Org-Beta-Team2,Org-Beta,2026-02-09,14,6.3,Documentation
AI_USR061,Org-Beta-Team2,Org-Beta,2026-02-10,1,6.7,Code Generation
AI_USR061,Org-Beta-Team2,Org-Beta,2026-02-12,11,7.8,Code Generation
AI_USR061,Org-Beta-Team2,Org-Beta,2026-02-14,12,7.5,Data Query
AI_USR061,Org-Beta-Team2,Org-Beta,2026-02-17,18,7.6,Code Generation
AI_USR061,Org-Beta-Team2,Org-Beta,2026-02-18,14,7.7,Documentation
AI_USR061,Org-Beta-Team2,Org-Beta,2026-02-20,9,7.6,Data Query
AI_USR061,Org-Beta-Team2,Org-Beta,2026-02-21,6,6.8,Planning
AI_USR061,Org-Beta-Team2,Org-Beta,2026-02-24,4,7.3,Summarization
AI_USR061,Org-Beta-Team2,Org-Beta,2026-02-25,10,6.9,Debugging
AI_USR061,Org-Beta-Team2,Org-Beta,2026-02-26,6,7.4,Data Query
AI_USR061,Org-Beta-Team2,Org-Beta,2026-02-27,18,7.7,Documentation
AI_USR061,Org-Beta-Team2,Org-Beta,2026-03-03,5,6.6,Debugging
AI_USR061,Org-Beta-Team2,Org-Beta,2026-03-07,19,7.1,Code Generation
AI_USR061,Org-Beta-Team2,Org-Beta,2026-03-08,2,6.9,Data Query
AI_USR061,Org-Beta-Team2,Org-Beta,2026-03-10,20,7.4,Code Generation
AI_USR061,Org-Beta-Team2,Org-Beta,2026-03-11,20,7.2,Code Generation
AI_USR061,Org-Beta-Team2,Org-Beta,2026-03-12,1,8.2,Summarization
AI_USR061,Org-Beta-Team2,Org-Beta,2026-03-13,10,6.6,Data Query
AI_USR061,Org-Beta-Team2,Org-Beta,2026-03-14,16,7.0,Code Generation
AI_USR061,Org-Beta-Team2,Org-Beta,2026-03-17,19,7.0,Data Query
AI_USR061,Org-Beta-Team2,Org-Beta,2026-03-19,17,8.3,Planning
AI_USR061,Org-Beta-Team2,Org-Beta,2026-03-20,11,7.8,Documentation
AI_USR061,Org-Beta-Team2,Org-Beta,2026-03-22,13,7.4,Planning
AI_USR061,Org-Beta-Team2,Org-Beta,2026-03-24,3,8.0,Summarization
AI_USR061,Org-Beta-Team2,Org-Beta,2026-03-25,19,6.9,Planning
AI_USR061,Org-Beta-Team2,Org-Beta,2026-03-26,16,7.2,Data Query
AI_USR061,Org-Beta-Team2,Org-Beta,2026-03-28,12,7.0,Planning
AI_USR061,Org-Beta-Team2,Org-Beta,2026-03-30,7,7.4,Summarization
AI_USR061,Org-Beta-Team2,Org-Beta,2026-03-31,15,8.2,Code Generation
AI_USR062,Org-Gamma-Team4,Org-Gamma,2026-01-01,12,5.7,Code Generation
AI_USR062,Org-Gamma-Team4,Org-Gamma,2026-01-02,12,6.1,Debugging
AI_USR062,Org-Gamma-Team4,Org-Gamma,2026-01-03,14,5.4,Documentation
AI_USR062,Org-Gamma-Team4,Org-Gamma,2026-01-05,19,4.4,Planning
AI_USR062,Org-Gamma-Team4,Org-Gamma,2026-01-06,7,5.5,Planning
AI_USR062,Org-Gamma-Team4,Org-Gamma,2026-01-07,19,5.2,Summarization
AI_USR062,Org-Gamma-Team4,Org-Gamma,2026-01-08,3,5.5,Code Generation
AI_USR062,Org-Gamma-Team4,Org-Gamma,2026-01-09,6,4.5,Debugging
AI_USR062,Org-Gamma-Team4,Org-Gamma,2026-01-10,11,5.6,Documentation
AI_USR062,Org-Gamma-Team4,Org-Gamma,2026-01-11,19,5.2,Documentation
AI_USR062,Org-Gamma-Team4,Org-Gamma,2026-01-13,15,5.9,Data Query
AI_USR062,Org-Gamma-Team4,Org-Gamma,2026-01-15,13,5.8,Summarization
AI_USR062,Org-Gamma-Team4,Org-Gamma,2026-01-16,8,6.1,Data Query
AI_USR062,Org-Gamma-Team4,Org-Gamma,2026-01-17,12,6.1,Documentation
AI_USR062,Org-Gamma-Team4,Org-Gamma,2026-01-18,1,5.4,Documentation
AI_USR062,Org-Gamma-Team4,Org-Gamma,2026-01-19,1,5.3,Code Generation
AI_USR062,Org-Gamma-Team4,Org-Gamma,2026-01-20,8,6.3,Planning
AI_USR062,Org-Gamma-Team4,Org-Gamma,2026-01-23,18,6.6,Summarization
AI_USR062,Org-Gamma-Team4,Org-Gamma,2026-01-26,7,5.7,Planning
AI_USR062,Org-Gamma-Team4,Org-Gamma,2026-01-27,5,6.1,Code Generation
AI_USR062,Org-Gamma-Team4,Org-Gamma,2026-01-28,16,6.7,Summarization
AI_USR062,Org-Gamma-Team4,Org-Gamma,2026-01-29,7,5.3,Data Query
AI_USR062,Org-Gamma-Team4,Org-Gamma,2026-01-30,1,5.4,Summarization
AI_USR062,Org-Gamma-Team4,Org-Gamma,2026-01-31,20,5.5,Data Query
AI_USR062,Org-Gamma-Team4,Org-Gamma,2026-02-01,11,5.8,Documentation
AI_USR062,Org-Gamma-Team4,Org-Gamma,2026-02-03,17,6.6,Debugging
AI_USR062,Org-Gamma-Team4,Org-Gamma,2026-02-05,1,6.2,Planning
AI_USR062,Org-Gamma-Team4,Org-Gamma,2026-02-06,13,5.2,Debugging
AI_USR062,Org-Gamma-Team4,Org-Gamma,2026-02-07,5,5.7,Code Generation
AI_USR062,Org-Gamma-Team4,Org-Gamma,2026-02-08,3,5.9,Summarization
AI_USR062,Org-Gamma-Team4,Org-Gamma,2026-02-11,2,6.9,Data Query
AI_USR062,Org-Gamma-Team4,Org-Gamma,2026-02-12,20,6.5,Planning
AI_USR062,Org-Gamma-Team4,Org-Gamma,2026-02-13,19,6.7,Documentation
AI_USR062,Org-Gamma-Team4,Org-Gamma,2026-02-15,4,6.8,Summarization
AI_USR062,Org-Gamma-Team4,Org-Gamma,2026-02-17,6,6.2,Data Query
AI_USR062,Org-Gamma-Team4,Org-Gamma,2026-02-22,13,6.5,Code Generation
AI_USR062,Org-Gamma-Team4,Org-Gamma,2026-02-23,14,6.4,Planning
AI_USR062,Org-Gamma-Team4,Org-Gamma,2026-02-24,6,7.4,Data Query
AI_USR062,Org-Gamma-Team4,Org-Gamma,2026-02-25,16,5.7,Documentation
AI_USR062,Org-Gamma-Team4,Org-Gamma,2026-02-26,7,6.4,Documentation
AI_USR062,Org-Gamma-Team4,Org-Gamma,2026-02-27,4,6.7,Code Generation
AI_USR062,Org-Gamma-Team4,Org-Gamma,2026-02-28,17,6.7,Debugging
AI_USR062,Org-Gamma-Team4,Org-Gamma,2026-03-01,8,7.6,Planning
AI_USR062,Org-Gamma-Team4,Org-Gamma,2026-03-02,20,6.0,Summarization
AI_USR062,Org-Gamma-Team4,Org-Gamma,2026-03-03,2,7.0,Summarization
AI_USR062,Org-Gamma-Team4,Org-Gamma,2026-03-04,8,7.7,Debugging
AI_USR062,Org-Gamma-Team4,Org-Gamma,2026-03-05,9,6.1,Documentation
AI_USR062,Org-Gamma-Team4,Org-Gamma,2026-03-07,7,7.2,Data Query
AI_USR062,Org-Gamma-Team4,Org-Gamma,2026-03-08,10,7.8,Code Generation
AI_USR062,Org-Gamma-Team4,Org-Gamma,2026-03-09,3,6.3,Code Generation
AI_USR062,Org-Gamma-Team4,Org-Gamma,2026-03-11,10,6.4,Summarization
AI_USR062,Org-Gamma-Team4,Org-Gamma,2026-03-12,5,7.6,Debugging
AI_USR062,Org-Gamma-Team4,Org-Gamma,2026-03-13,2,6.2,Documentation
AI_USR062,Org-Gamma-Team4,Org-Gamma,2026-03-14,6,6.2,Debugging
AI_USR062,Org-Gamma-Team4,Org-Gamma,2026-03-15,6,7.1,Code Generation
AI_USR062,Org-Gamma-Team4,Org-Gamma,2026-03-16,14,7.4,Code Generation
AI_USR062,Org-Gamma-Team4,Org-Gamma,2026-03-17,2,7.5,Summarization
AI_USR062,Org-Gamma-Team4,Org-Gamma,2026-03-19,17,6.7,Data Query
AI_USR062,Org-Gamma-Team4,Org-Gamma,2026-03-21,17,6.3,Summarization
AI_USR062,Org-Gamma-Team4,Org-Gamma,2026-03-25,5,8.4,Debugging
AI_USR062,Org-Gamma-Team4,Org-Gamma,2026-03-26,20,7.7,Summarization
AI_USR062,Org-Gamma-Team4,Org-Gamma,2026-03-30,11,8.5,Summarization
AI_USR063,Org-Epsilon-Team3,Org-Epsilon,2026-01-01,14,3.3,Summarization
AI_USR063,Org-Epsilon-Team3,Org-Epsilon,2026-01-02,16,2.3,Planning
AI_USR063,Org-Epsilon-Team3,Org-Epsilon,2026-01-03,6,2.6,Summarization
AI_USR063,Org-Epsilon-Team3,Org-Epsilon,2026-01-07,3,2.7,Documentation
AI_USR063,Org-Epsilon-Team3,Org-Epsilon,2026-01-10,7,3.5,Summarization
AI_USR063,Org-Epsilon-Team3,Org-Epsilon,2026-01-12,20,4.4,Debugging
AI_USR063,Org-Epsilon-Team3,Org-Epsilon,2026-01-15,15,3.2,Planning
AI_USR063,Org-Epsilon-Team3,Org-Epsilon,2026-01-16,3,2.9,Summarization
AI_USR063,Org-Epsilon-Team3,Org-Epsilon,2026-01-17,18,2.8,Debugging
AI_USR063,Org-Epsilon-Team3,Org-Epsilon,2026-01-21,18,4.7,Planning
AI_USR063,Org-Epsilon-Team3,Org-Epsilon,2026-01-23,4,4.3,Data Query
AI_USR063,Org-Epsilon-Team3,Org-Epsilon,2026-01-24,10,4.8,Code Generation
AI_USR063,Org-Epsilon-Team3,Org-Epsilon,2026-01-25,18,4.3,Code Generation
AI_USR063,Org-Epsilon-Team3,Org-Epsilon,2026-01-26,3,3.6,Planning
AI_USR063,Org-Epsilon-Team3,Org-Epsilon,2026-01-27,7,3.4,Documentation
AI_USR063,Org-Epsilon-Team3,Org-Epsilon,2026-01-28,14,4.7,Code Generation
AI_USR063,Org-Epsilon-Team3,Org-Epsilon,2026-01-29,15,3.1,Documentation
AI_USR063,Org-Epsilon-Team3,Org-Epsilon,2026-01-30,20,4.0,Data Query
AI_USR063,Org-Epsilon-Team3,Org-Epsilon,2026-02-01,3,4.3,Summarization
AI_USR063,Org-Epsilon-Team3,Org-Epsilon,2026-02-02,18,5.0,Code Generation
AI_USR063,Org-Epsilon-Team3,Org-Epsilon,2026-02-03,16,4.1,Debugging
AI_USR063,Org-Epsilon-Team3,Org-Epsilon,2026-02-04,9,4.7,Data Query
AI_USR063,Org-Epsilon-Team3,Org-Epsilon,2026-02-08,16,4.6,Planning
AI_USR063,Org-Epsilon-Team3,Org-Epsilon,2026-02-09,14,4.5,Debugging
AI_USR063,Org-Epsilon-Team3,Org-Epsilon,2026-02-13,18,5.2,Code Generation
AI_USR063,Org-Epsilon-Team3,Org-Epsilon,2026-02-14,15,4.9,Documentation
AI_USR063,Org-Epsilon-Team3,Org-Epsilon,2026-02-15,7,3.7,Data Query
AI_USR063,Org-Epsilon-Team3,Org-Epsilon,2026-02-16,1,5.6,Debugging
AI_USR063,Org-Epsilon-Team3,Org-Epsilon,2026-02-17,2,3.8,Summarization
AI_USR063,Org-Epsilon-Team3,Org-Epsilon,2026-02-19,7,4.9,Documentation
AI_USR063,Org-Epsilon-Team3,Org-Epsilon,2026-02-22,14,4.9,Summarization
AI_USR063,Org-Epsilon-Team3,Org-Epsilon,2026-02-24,3,5.9,Data Query
AI_USR063,Org-Epsilon-Team3,Org-Epsilon,2026-02-25,5,4.5,Code Generation
AI_USR063,Org-Epsilon-Team3,Org-Epsilon,2026-02-26,4,5.5,Summarization
AI_USR063,Org-Epsilon-Team3,Org-Epsilon,2026-02-27,12,5.7,Summarization
AI_USR063,Org-Epsilon-Team3,Org-Epsilon,2026-02-28,4,4.6,Code Generation
AI_USR063,Org-Epsilon-Team3,Org-Epsilon,2026-03-01,16,4.6,Summarization
AI_USR063,Org-Epsilon-Team3,Org-Epsilon,2026-03-02,7,6.1,Summarization
AI_USR063,Org-Epsilon-Team3,Org-Epsilon,2026-03-03,1,5.7,Code Generation
AI_USR063,Org-Epsilon-Team3,Org-Epsilon,2026-03-04,15,5.8,Documentation
AI_USR063,Org-Epsilon-Team3,Org-Epsilon,2026-03-05,15,6.2,Data Query
AI_USR063,Org-Epsilon-Team3,Org-Epsilon,2026-03-06,20,5.0,Planning
AI_USR063,Org-Epsilon-Team3,Org-Epsilon,2026-03-07,8,6.2,Code Generation
AI_USR063,Org-Epsilon-Team3,Org-Epsilon,2026-03-10,12,5.6,Summarization
AI_USR063,Org-Epsilon-Team3,Org-Epsilon,2026-03-12,10,5.6,Data Query
AI_USR063,Org-Epsilon-Team3,Org-Epsilon,2026-03-13,1,6.3,Summarization
AI_USR063,Org-Epsilon-Team3,Org-Epsilon,2026-03-14,13,6.5,Data Query
AI_USR063,Org-Epsilon-Team3,Org-Epsilon,2026-03-16,6,5.1,Code Generation
AI_USR063,Org-Epsilon-Team3,Org-Epsilon,2026-03-17,4,6.3,Planning
AI_USR063,Org-Epsilon-Team3,Org-Epsilon,2026-03-18,1,5.0,Summarization
AI_USR063,Org-Epsilon-Team3,Org-Epsilon,2026-03-22,11,6.4,Data Query
AI_USR063,Org-Epsilon-Team3,Org-Epsilon,2026-03-23,13,5.9,Debugging
AI_USR063,Org-Epsilon-Team3,Org-Epsilon,2026-03-26,18,5.1,Planning
AI_USR063,Org-Epsilon-Team3,Org-Epsilon,2026-03-28,16,6.6,Summarization
AI_USR063,Org-Epsilon-Team3,Org-Epsilon,2026-03-29,20,6.2,Code Generation
AI_USR063,Org-Epsilon-Team3,Org-Epsilon,2026-03-31,8,6.1,Planning
AI_USR064,Org-Epsilon-Team2,Org-Epsilon,2026-01-01,4,7.0,Code Generation
AI_USR064,Org-Epsilon-Team2,Org-Epsilon,2026-01-02,10,7.1,Planning
AI_USR064,Org-Epsilon-Team2,Org-Epsilon,2026-01-03,11,8.5,Planning
AI_USR064,Org-Epsilon-Team2,Org-Epsilon,2026-01-04,2,6.8,Debugging
AI_USR064,Org-Epsilon-Team2,Org-Epsilon,2026-01-05,3,8.3,Code Generation
AI_USR064,Org-Epsilon-Team2,Org-Epsilon,2026-01-07,6,8.1,Planning
AI_USR064,Org-Epsilon-Team2,Org-Epsilon,2026-01-09,4,8.4,Documentation
AI_USR064,Org-Epsilon-Team2,Org-Epsilon,2026-01-10,10,8.5,Debugging
AI_USR064,Org-Epsilon-Team2,Org-Epsilon,2026-01-12,15,8.7,Summarization
AI_USR064,Org-Epsilon-Team2,Org-Epsilon,2026-01-14,19,8.9,Data Query
AI_USR064,Org-Epsilon-Team2,Org-Epsilon,2026-01-16,17,7.2,Data Query
AI_USR064,Org-Epsilon-Team2,Org-Epsilon,2026-01-17,2,8.4,Data Query
AI_USR064,Org-Epsilon-Team2,Org-Epsilon,2026-01-18,15,8.7,Summarization
AI_USR064,Org-Epsilon-Team2,Org-Epsilon,2026-01-20,9,7.7,Code Generation
AI_USR064,Org-Epsilon-Team2,Org-Epsilon,2026-01-21,3,8.0,Debugging
AI_USR064,Org-Epsilon-Team2,Org-Epsilon,2026-01-22,20,8.2,Code Generation
AI_USR064,Org-Epsilon-Team2,Org-Epsilon,2026-01-23,9,8.3,Code Generation
AI_USR064,Org-Epsilon-Team2,Org-Epsilon,2026-01-24,18,8.7,Data Query
AI_USR064,Org-Epsilon-Team2,Org-Epsilon,2026-01-25,4,7.6,Documentation
AI_USR064,Org-Epsilon-Team2,Org-Epsilon,2026-01-28,14,9.0,Code Generation
AI_USR064,Org-Epsilon-Team2,Org-Epsilon,2026-01-30,9,8.2,Code Generation
AI_USR064,Org-Epsilon-Team2,Org-Epsilon,2026-01-31,3,8.3,Debugging
AI_USR064,Org-Epsilon-Team2,Org-Epsilon,2026-02-02,20,8.5,Planning
AI_USR064,Org-Epsilon-Team2,Org-Epsilon,2026-02-05,11,9.6,Planning
AI_USR064,Org-Epsilon-Team2,Org-Epsilon,2026-02-07,11,8.8,Summarization
AI_USR064,Org-Epsilon-Team2,Org-Epsilon,2026-02-08,5,9.3,Documentation
AI_USR064,Org-Epsilon-Team2,Org-Epsilon,2026-02-09,12,9.8,Data Query
AI_USR064,Org-Epsilon-Team2,Org-Epsilon,2026-02-10,4,8.2,Debugging
AI_USR064,Org-Epsilon-Team2,Org-Epsilon,2026-02-11,3,8.9,Code Generation
AI_USR064,Org-Epsilon-Team2,Org-Epsilon,2026-02-13,6,8.7,Planning
AI_USR064,Org-Epsilon-Team2,Org-Epsilon,2026-02-15,13,8.7,Debugging
AI_USR064,Org-Epsilon-Team2,Org-Epsilon,2026-02-16,10,9.5,Documentation
AI_USR064,Org-Epsilon-Team2,Org-Epsilon,2026-02-17,12,9.9,Summarization
AI_USR064,Org-Epsilon-Team2,Org-Epsilon,2026-02-18,6,9.4,Documentation
AI_USR064,Org-Epsilon-Team2,Org-Epsilon,2026-02-19,12,10.0,Documentation
AI_USR064,Org-Epsilon-Team2,Org-Epsilon,2026-02-21,8,10.0,Code Generation
AI_USR064,Org-Epsilon-Team2,Org-Epsilon,2026-02-22,15,10.0,Summarization
AI_USR064,Org-Epsilon-Team2,Org-Epsilon,2026-02-27,13,9.0,Summarization
AI_USR064,Org-Epsilon-Team2,Org-Epsilon,2026-02-28,17,9.6,Code Generation
AI_USR064,Org-Epsilon-Team2,Org-Epsilon,2026-03-01,14,9.2,Summarization
AI_USR064,Org-Epsilon-Team2,Org-Epsilon,2026-03-02,8,10.0,Code Generation
AI_USR064,Org-Epsilon-Team2,Org-Epsilon,2026-03-03,5,10.0,Planning
AI_USR064,Org-Epsilon-Team2,Org-Epsilon,2026-03-06,7,9.2,Code Generation
AI_USR064,Org-Epsilon-Team2,Org-Epsilon,2026-03-08,13,10.0,Data Query
AI_USR064,Org-Epsilon-Team2,Org-Epsilon,2026-03-09,18,10.0,Documentation
AI_USR064,Org-Epsilon-Team2,Org-Epsilon,2026-03-10,14,10.0,Debugging
AI_USR064,Org-Epsilon-Team2,Org-Epsilon,2026-03-11,9,10.0,Code Generation
AI_USR064,Org-Epsilon-Team2,Org-Epsilon,2026-03-17,3,10.0,Documentation
AI_USR064,Org-Epsilon-Team2,Org-Epsilon,2026-03-18,13,9.7,Documentation
AI_USR064,Org-Epsilon-Team2,Org-Epsilon,2026-03-19,2,10.0,Data Query
AI_USR064,Org-Epsilon-Team2,Org-Epsilon,2026-03-20,10,10.0,Documentation
AI_USR064,Org-Epsilon-Team2,Org-Epsilon,2026-03-21,13,10.0,Documentation
AI_USR064,Org-Epsilon-Team2,Org-Epsilon,2026-03-22,3,10.0,Code Generation
AI_USR064,Org-Epsilon-Team2,Org-Epsilon,2026-03-23,1,10.0,Planning
AI_USR064,Org-Epsilon-Team2,Org-Epsilon,2026-03-24,12,10.0,Code Generation
AI_USR064,Org-Epsilon-Team2,Org-Epsilon,2026-03-25,14,10.0,Planning
AI_USR064,Org-Epsilon-Team2,Org-Epsilon,2026-03-26,11,10.0,Summarization
AI_USR064,Org-Epsilon-Team2,Org-Epsilon,2026-03-27,2,10.0,Planning
AI_USR064,Org-Epsilon-Team2,Org-Epsilon,2026-03-29,14,10.0,Debugging
AI_USR064,Org-Epsilon-Team2,Org-Epsilon,2026-03-30,19,10.0,Data Query
AI_USR064,Org-Epsilon-Team2,Org-Epsilon,2026-03-31,10,10.0,Code Generation
AI_USR065,Org-Gamma-Team2,Org-Gamma,2026-01-02,16,8.4,Planning
AI_USR065,Org-Gamma-Team2,Org-Gamma,2026-01-03,11,8.5,Planning
AI_USR065,Org-Gamma-Team2,Org-Gamma,2026-01-04,17,7.4,Documentation
AI_USR065,Org-Gamma-Team2,Org-Gamma,2026-01-05,8,7.5,Summarization
AI_USR065,Org-Gamma-Team2,Org-Gamma,2026-01-08,12,7.5,Code Generation
AI_USR065,Org-Gamma-Team2,Org-Gamma,2026-01-09,19,9.1,Data Query
AI_USR065,Org-Gamma-Team2,Org-Gamma,2026-01-10,7,8.7,Code Generation
AI_USR065,Org-Gamma-Team2,Org-Gamma,2026-01-12,11,9.3,Planning
AI_USR065,Org-Gamma-Team2,Org-Gamma,2026-01-13,16,8.9,Documentation
AI_USR065,Org-Gamma-Team2,Org-Gamma,2026-01-16,4,9.1,Debugging
AI_USR065,Org-Gamma-Team2,Org-Gamma,2026-01-17,18,9.0,Code Generation
AI_USR065,Org-Gamma-Team2,Org-Gamma,2026-01-18,8,9.5,Data Query
AI_USR065,Org-Gamma-Team2,Org-Gamma,2026-01-20,12,9.3,Planning
AI_USR065,Org-Gamma-Team2,Org-Gamma,2026-01-22,7,9.2,Planning
AI_USR065,Org-Gamma-Team2,Org-Gamma,2026-01-23,5,8.0,Code Generation
AI_USR065,Org-Gamma-Team2,Org-Gamma,2026-01-24,10,8.4,Documentation
AI_USR065,Org-Gamma-Team2,Org-Gamma,2026-01-26,3,8.3,Code Generation
AI_USR065,Org-Gamma-Team2,Org-Gamma,2026-01-27,20,7.9,Code Generation
AI_USR065,Org-Gamma-Team2,Org-Gamma,2026-01-29,18,9.5,Documentation
AI_USR065,Org-Gamma-Team2,Org-Gamma,2026-01-30,3,8.1,Debugging
AI_USR065,Org-Gamma-Team2,Org-Gamma,2026-01-31,13,9.7,Debugging
AI_USR065,Org-Gamma-Team2,Org-Gamma,2026-02-01,1,8.4,Planning
AI_USR065,Org-Gamma-Team2,Org-Gamma,2026-02-02,4,9.7,Debugging
AI_USR065,Org-Gamma-Team2,Org-Gamma,2026-02-04,8,10.0,Data Query
AI_USR065,Org-Gamma-Team2,Org-Gamma,2026-02-05,11,9.6,Planning
AI_USR065,Org-Gamma-Team2,Org-Gamma,2026-02-06,3,8.3,Documentation
AI_USR065,Org-Gamma-Team2,Org-Gamma,2026-02-08,10,8.3,Planning
AI_USR065,Org-Gamma-Team2,Org-Gamma,2026-02-12,17,10.0,Documentation
AI_USR065,Org-Gamma-Team2,Org-Gamma,2026-02-13,11,9.2,Debugging
AI_USR065,Org-Gamma-Team2,Org-Gamma,2026-02-15,20,9.7,Code Generation
AI_USR065,Org-Gamma-Team2,Org-Gamma,2026-02-16,10,10.0,Code Generation
AI_USR065,Org-Gamma-Team2,Org-Gamma,2026-02-18,13,9.7,Code Generation
AI_USR065,Org-Gamma-Team2,Org-Gamma,2026-02-19,12,8.9,Code Generation
AI_USR065,Org-Gamma-Team2,Org-Gamma,2026-02-22,10,8.9,Summarization
AI_USR065,Org-Gamma-Team2,Org-Gamma,2026-02-24,19,10.0,Summarization
AI_USR065,Org-Gamma-Team2,Org-Gamma,2026-02-26,17,9.5,Summarization
AI_USR065,Org-Gamma-Team2,Org-Gamma,2026-02-28,15,9.8,Summarization
AI_USR065,Org-Gamma-Team2,Org-Gamma,2026-03-02,1,9.3,Data Query
AI_USR065,Org-Gamma-Team2,Org-Gamma,2026-03-03,14,9.4,Code Generation
AI_USR065,Org-Gamma-Team2,Org-Gamma,2026-03-04,19,10.0,Debugging
AI_USR065,Org-Gamma-Team2,Org-Gamma,2026-03-05,18,9.3,Code Generation
AI_USR065,Org-Gamma-Team2,Org-Gamma,2026-03-06,3,10.0,Code Generation
AI_USR065,Org-Gamma-Team2,Org-Gamma,2026-03-07,16,10.0,Debugging
AI_USR065,Org-Gamma-Team2,Org-Gamma,2026-03-08,18,9.4,Planning
AI_USR065,Org-Gamma-Team2,Org-Gamma,2026-03-10,20,10.0,Summarization
AI_USR065,Org-Gamma-Team2,Org-Gamma,2026-03-11,9,10.0,Debugging
AI_USR065,Org-Gamma-Team2,Org-Gamma,2026-03-12,20,9.6,Data Query
AI_USR065,Org-Gamma-Team2,Org-Gamma,2026-03-14,7,10.0,Data Query
AI_USR065,Org-Gamma-Team2,Org-Gamma,2026-03-17,19,10.0,Data Query
AI_USR065,Org-Gamma-Team2,Org-Gamma,2026-03-18,9,9.3,Documentation
AI_USR065,Org-Gamma-Team2,Org-Gamma,2026-03-19,8,10.0,Summarization
AI_USR065,Org-Gamma-Team2,Org-Gamma,2026-03-20,9,10.0,Planning
AI_USR065,Org-Gamma-Team2,Org-Gamma,2026-03-21,3,9.5,Code Generation
AI_USR065,Org-Gamma-Team2,Org-Gamma,2026-03-22,11,10.0,Planning
AI_USR065,Org-Gamma-Team2,Org-Gamma,2026-03-23,12,10.0,Documentation
AI_USR065,Org-Gamma-Team2,Org-Gamma,2026-03-25,19,10.0,Planning
AI_USR065,Org-Gamma-Team2,Org-Gamma,2026-03-26,2,10.0,Debugging
AI_USR065,Org-Gamma-Team2,Org-Gamma,2026-03-27,16,9.6,Documentation
AI_USR065,Org-Gamma-Team2,Org-Gamma,2026-03-28,13,10.0,Summarization
AI_USR065,Org-Gamma-Team2,Org-Gamma,2026-03-29,17,10.0,Summarization
AI_USR065,Org-Gamma-Team2,Org-Gamma,2026-03-30,4,10.0,Debugging
AI_USR065,Org-Gamma-Team2,Org-Gamma,2026-03-31,2,9.6,Summarization
AI_USR066,Org-Gamma-Team4,Org-Gamma,2026-01-01,8,3.7,Debugging
AI_USR066,Org-Gamma-Team4,Org-Gamma,2026-01-03,2,3.1,Summarization
AI_USR066,Org-Gamma-Team4,Org-Gamma,2026-01-04,5,4.6,Code Generation
AI_USR066,Org-Gamma-Team4,Org-Gamma,2026-01-06,20,3.3,Summarization
AI_USR066,Org-Gamma-Team4,Org-Gamma,2026-01-10,18,3.7,Planning
AI_USR066,Org-Gamma-Team4,Org-Gamma,2026-01-13,9,3.7,Code Generation
AI_USR066,Org-Gamma-Team4,Org-Gamma,2026-01-14,3,4.4,Debugging
AI_USR066,Org-Gamma-Team4,Org-Gamma,2026-01-15,11,4.4,Data Query
AI_USR066,Org-Gamma-Team4,Org-Gamma,2026-01-16,6,3.4,Data Query
AI_USR066,Org-Gamma-Team4,Org-Gamma,2026-01-17,7,3.8,Documentation
AI_USR066,Org-Gamma-Team4,Org-Gamma,2026-01-18,8,4.7,Planning
AI_USR066,Org-Gamma-Team4,Org-Gamma,2026-01-21,2,3.8,Code Generation
AI_USR066,Org-Gamma-Team4,Org-Gamma,2026-01-23,18,3.4,Documentation
AI_USR066,Org-Gamma-Team4,Org-Gamma,2026-01-24,15,4.5,Code Generation
AI_USR066,Org-Gamma-Team4,Org-Gamma,2026-01-27,3,3.9,Debugging
AI_USR066,Org-Gamma-Team4,Org-Gamma,2026-01-28,2,4.4,Summarization
AI_USR066,Org-Gamma-Team4,Org-Gamma,2026-01-30,3,4.3,Data Query
AI_USR066,Org-Gamma-Team4,Org-Gamma,2026-01-31,3,4.5,Summarization
AI_USR066,Org-Gamma-Team4,Org-Gamma,2026-02-01,16,5.0,Debugging
AI_USR066,Org-Gamma-Team4,Org-Gamma,2026-02-02,12,3.8,Planning
AI_USR066,Org-Gamma-Team4,Org-Gamma,2026-02-03,1,5.2,Planning
AI_USR066,Org-Gamma-Team4,Org-Gamma,2026-02-04,17,4.2,Code Generation
AI_USR066,Org-Gamma-Team4,Org-Gamma,2026-02-07,3,3.6,Code Generation
AI_USR066,Org-Gamma-Team4,Org-Gamma,2026-02-08,7,4.0,Debugging
AI_USR066,Org-Gamma-Team4,Org-Gamma,2026-02-09,8,4.1,Planning
AI_USR066,Org-Gamma-Team4,Org-Gamma,2026-02-10,11,4.5,Documentation
AI_USR066,Org-Gamma-Team4,Org-Gamma,2026-02-11,9,3.7,Code Generation
AI_USR066,Org-Gamma-Team4,Org-Gamma,2026-02-13,20,4.4,Data Query
AI_USR066,Org-Gamma-Team4,Org-Gamma,2026-02-17,2,3.6,Summarization
AI_USR066,Org-Gamma-Team4,Org-Gamma,2026-02-18,13,5.2,Debugging
AI_USR066,Org-Gamma-Team4,Org-Gamma,2026-02-20,5,4.1,Code Generation
AI_USR066,Org-Gamma-Team4,Org-Gamma,2026-02-21,3,3.6,Planning
AI_USR066,Org-Gamma-Team4,Org-Gamma,2026-02-22,8,3.5,Code Generation
AI_USR066,Org-Gamma-Team4,Org-Gamma,2026-02-23,8,3.7,Code Generation
AI_USR066,Org-Gamma-Team4,Org-Gamma,2026-02-24,20,3.6,Debugging
AI_USR066,Org-Gamma-Team4,Org-Gamma,2026-02-25,16,4.4,Code Generation
AI_USR066,Org-Gamma-Team4,Org-Gamma,2026-02-26,8,4.2,Documentation
AI_USR066,Org-Gamma-Team4,Org-Gamma,2026-02-27,17,5.5,Debugging
AI_USR066,Org-Gamma-Team4,Org-Gamma,2026-03-02,17,4.2,Code Generation
AI_USR066,Org-Gamma-Team4,Org-Gamma,2026-03-03,4,4.8,Summarization
AI_USR066,Org-Gamma-Team4,Org-Gamma,2026-03-04,6,5.2,Code Generation
AI_USR066,Org-Gamma-Team4,Org-Gamma,2026-03-05,18,5.0,Summarization
AI_USR066,Org-Gamma-Team4,Org-Gamma,2026-03-08,2,4.5,Documentation
AI_USR066,Org-Gamma-Team4,Org-Gamma,2026-03-10,15,5.2,Code Generation
AI_USR066,Org-Gamma-Team4,Org-Gamma,2026-03-11,11,3.9,Data Query
AI_USR066,Org-Gamma-Team4,Org-Gamma,2026-03-12,5,5.5,Debugging
AI_USR066,Org-Gamma-Team4,Org-Gamma,2026-03-13,4,5.0,Debugging
AI_USR066,Org-Gamma-Team4,Org-Gamma,2026-03-15,3,5.3,Summarization
AI_USR066,Org-Gamma-Team4,Org-Gamma,2026-03-16,12,5.3,Documentation
AI_USR066,Org-Gamma-Team4,Org-Gamma,2026-03-18,19,4.3,Summarization
AI_USR066,Org-Gamma-Team4,Org-Gamma,2026-03-20,8,5.2,Code Generation
AI_USR066,Org-Gamma-Team4,Org-Gamma,2026-03-21,17,4.9,Summarization
AI_USR066,Org-Gamma-Team4,Org-Gamma,2026-03-22,10,3.9,Data Query
AI_USR066,Org-Gamma-Team4,Org-Gamma,2026-03-24,9,3.9,Debugging
AI_USR066,Org-Gamma-Team4,Org-Gamma,2026-03-25,11,4.6,Data Query
AI_USR066,Org-Gamma-Team4,Org-Gamma,2026-03-28,17,5.0,Documentation
AI_USR066,Org-Gamma-Team4,Org-Gamma,2026-03-31,16,5.3,Debugging
AI_USR067,Org-Epsilon-Team2,Org-Epsilon,2026-01-04,5,8.3,Data Query
AI_USR067,Org-Epsilon-Team2,Org-Epsilon,2026-01-06,1,7.7,Summarization
AI_USR067,Org-Epsilon-Team2,Org-Epsilon,2026-01-07,7,7.2,Data Query
AI_USR067,Org-Epsilon-Team2,Org-Epsilon,2026-01-08,9,8.1,Documentation
AI_USR067,Org-Epsilon-Team2,Org-Epsilon,2026-01-09,2,8.2,Code Generation
AI_USR067,Org-Epsilon-Team2,Org-Epsilon,2026-01-10,10,7.6,Debugging
AI_USR067,Org-Epsilon-Team2,Org-Epsilon,2026-01-12,2,7.5,Data Query
AI_USR067,Org-Epsilon-Team2,Org-Epsilon,2026-01-13,16,8.3,Summarization
AI_USR067,Org-Epsilon-Team2,Org-Epsilon,2026-01-14,15,7.4,Code Generation
AI_USR067,Org-Epsilon-Team2,Org-Epsilon,2026-01-20,17,7.0,Planning
AI_USR067,Org-Epsilon-Team2,Org-Epsilon,2026-01-22,19,7.3,Summarization
AI_USR067,Org-Epsilon-Team2,Org-Epsilon,2026-01-23,9,7.3,Documentation
AI_USR067,Org-Epsilon-Team2,Org-Epsilon,2026-01-25,6,8.1,Data Query
AI_USR067,Org-Epsilon-Team2,Org-Epsilon,2026-01-29,4,8.7,Documentation
AI_USR067,Org-Epsilon-Team2,Org-Epsilon,2026-01-31,15,7.3,Data Query
AI_USR067,Org-Epsilon-Team2,Org-Epsilon,2026-02-01,3,6.9,Data Query
AI_USR067,Org-Epsilon-Team2,Org-Epsilon,2026-02-03,18,8.5,Planning
AI_USR067,Org-Epsilon-Team2,Org-Epsilon,2026-02-04,14,8.0,Planning
AI_USR067,Org-Epsilon-Team2,Org-Epsilon,2026-02-07,10,7.6,Documentation
AI_USR067,Org-Epsilon-Team2,Org-Epsilon,2026-02-11,5,8.1,Code Generation
AI_USR067,Org-Epsilon-Team2,Org-Epsilon,2026-02-12,11,6.7,Documentation
AI_USR067,Org-Epsilon-Team2,Org-Epsilon,2026-02-13,7,7.5,Summarization
AI_USR067,Org-Epsilon-Team2,Org-Epsilon,2026-02-15,3,7.6,Code Generation
AI_USR067,Org-Epsilon-Team2,Org-Epsilon,2026-02-16,9,8.5,Documentation
AI_USR067,Org-Epsilon-Team2,Org-Epsilon,2026-02-19,5,7.4,Debugging
AI_USR067,Org-Epsilon-Team2,Org-Epsilon,2026-02-21,8,8.5,Documentation
AI_USR067,Org-Epsilon-Team2,Org-Epsilon,2026-02-22,5,8.6,Summarization
AI_USR067,Org-Epsilon-Team2,Org-Epsilon,2026-02-23,6,8.2,Data Query
AI_USR067,Org-Epsilon-Team2,Org-Epsilon,2026-02-24,16,7.0,Data Query
AI_USR067,Org-Epsilon-Team2,Org-Epsilon,2026-02-26,18,7.1,Planning
AI_USR067,Org-Epsilon-Team2,Org-Epsilon,2026-02-27,9,7.3,Documentation
AI_USR067,Org-Epsilon-Team2,Org-Epsilon,2026-02-28,13,8.2,Data Query
AI_USR067,Org-Epsilon-Team2,Org-Epsilon,2026-03-02,20,8.2,Summarization
AI_USR067,Org-Epsilon-Team2,Org-Epsilon,2026-03-03,5,7.5,Documentation
AI_USR067,Org-Epsilon-Team2,Org-Epsilon,2026-03-05,15,7.4,Planning
AI_USR067,Org-Epsilon-Team2,Org-Epsilon,2026-03-06,18,8.1,Documentation
AI_USR067,Org-Epsilon-Team2,Org-Epsilon,2026-03-07,16,8.5,Data Query
AI_USR067,Org-Epsilon-Team2,Org-Epsilon,2026-03-08,5,7.1,Documentation
AI_USR067,Org-Epsilon-Team2,Org-Epsilon,2026-03-09,10,8.0,Documentation
AI_USR067,Org-Epsilon-Team2,Org-Epsilon,2026-03-10,16,7.1,Debugging
AI_USR067,Org-Epsilon-Team2,Org-Epsilon,2026-03-11,20,7.5,Debugging
AI_USR067,Org-Epsilon-Team2,Org-Epsilon,2026-03-17,4,8.3,Code Generation
AI_USR067,Org-Epsilon-Team2,Org-Epsilon,2026-03-18,15,6.5,Debugging
AI_USR067,Org-Epsilon-Team2,Org-Epsilon,2026-03-19,11,7.9,Planning
AI_USR067,Org-Epsilon-Team2,Org-Epsilon,2026-03-20,19,6.8,Code Generation
AI_USR067,Org-Epsilon-Team2,Org-Epsilon,2026-03-21,9,7.8,Documentation
AI_USR067,Org-Epsilon-Team2,Org-Epsilon,2026-03-25,13,8.1,Debugging
AI_USR067,Org-Epsilon-Team2,Org-Epsilon,2026-03-28,14,6.3,Planning
AI_USR067,Org-Epsilon-Team2,Org-Epsilon,2026-03-29,14,7.5,Documentation
AI_USR067,Org-Epsilon-Team2,Org-Epsilon,2026-03-31,8,7.7,Summarization
AI_USR068,Org-Gamma-Team3,Org-Gamma,2026-01-01,8,4.5,Summarization
AI_USR068,Org-Gamma-Team3,Org-Gamma,2026-01-06,20,4.7,Summarization
AI_USR068,Org-Gamma-Team3,Org-Gamma,2026-01-07,10,4.4,Documentation
AI_USR068,Org-Gamma-Team3,Org-Gamma,2026-01-09,11,4.6,Code Generation
AI_USR068,Org-Gamma-Team3,Org-Gamma,2026-01-10,12,4.7,Documentation
AI_USR068,Org-Gamma-Team3,Org-Gamma,2026-01-11,17,5.1,Documentation
AI_USR068,Org-Gamma-Team3,Org-Gamma,2026-01-12,11,5.6,Data Query
AI_USR068,Org-Gamma-Team3,Org-Gamma,2026-01-13,20,4.9,Planning
AI_USR068,Org-Gamma-Team3,Org-Gamma,2026-01-14,12,5.6,Summarization
AI_USR068,Org-Gamma-Team3,Org-Gamma,2026-01-15,13,5.4,Code Generation
AI_USR068,Org-Gamma-Team3,Org-Gamma,2026-01-16,11,5.1,Planning
AI_USR068,Org-Gamma-Team3,Org-Gamma,2026-01-17,4,5.0,Code Generation
AI_USR068,Org-Gamma-Team3,Org-Gamma,2026-01-19,20,5.6,Documentation
AI_USR068,Org-Gamma-Team3,Org-Gamma,2026-01-20,18,6.0,Code Generation
AI_USR068,Org-Gamma-Team3,Org-Gamma,2026-01-21,17,5.9,Debugging
AI_USR068,Org-Gamma-Team3,Org-Gamma,2026-01-24,1,6.4,Data Query
AI_USR068,Org-Gamma-Team3,Org-Gamma,2026-01-25,16,6.1,Data Query
AI_USR068,Org-Gamma-Team3,Org-Gamma,2026-01-26,19,4.7,Summarization
AI_USR068,Org-Gamma-Team3,Org-Gamma,2026-01-28,5,6.3,Debugging
AI_USR068,Org-Gamma-Team3,Org-Gamma,2026-01-29,20,5.7,Summarization
AI_USR068,Org-Gamma-Team3,Org-Gamma,2026-01-30,11,5.2,Summarization
AI_USR068,Org-Gamma-Team3,Org-Gamma,2026-02-01,3,5.5,Data Query
AI_USR068,Org-Gamma-Team3,Org-Gamma,2026-02-03,20,5.4,Debugging
AI_USR068,Org-Gamma-Team3,Org-Gamma,2026-02-04,20,5.6,Planning
AI_USR068,Org-Gamma-Team3,Org-Gamma,2026-02-08,9,5.6,Code Generation
AI_USR068,Org-Gamma-Team3,Org-Gamma,2026-02-09,10,5.4,Debugging
AI_USR068,Org-Gamma-Team3,Org-Gamma,2026-02-12,20,6.5,Planning
AI_USR068,Org-Gamma-Team3,Org-Gamma,2026-02-13,6,7.3,Summarization
AI_USR068,Org-Gamma-Team3,Org-Gamma,2026-02-14,17,7.2,Summarization
AI_USR068,Org-Gamma-Team3,Org-Gamma,2026-02-16,14,7.3,Documentation
AI_USR068,Org-Gamma-Team3,Org-Gamma,2026-02-17,11,6.4,Summarization
AI_USR068,Org-Gamma-Team3,Org-Gamma,2026-02-19,12,6.9,Planning
AI_USR068,Org-Gamma-Team3,Org-Gamma,2026-02-20,6,7.2,Planning
AI_USR068,Org-Gamma-Team3,Org-Gamma,2026-02-22,4,6.8,Code Generation
AI_USR068,Org-Gamma-Team3,Org-Gamma,2026-02-23,17,7.6,Documentation
AI_USR068,Org-Gamma-Team3,Org-Gamma,2026-02-24,12,7.5,Summarization
AI_USR068,Org-Gamma-Team3,Org-Gamma,2026-02-27,7,6.5,Code Generation
AI_USR068,Org-Gamma-Team3,Org-Gamma,2026-02-28,7,5.9,Debugging
AI_USR068,Org-Gamma-Team3,Org-Gamma,2026-03-02,1,7.7,Documentation
AI_USR068,Org-Gamma-Team3,Org-Gamma,2026-03-04,5,7.4,Documentation
AI_USR068,Org-Gamma-Team3,Org-Gamma,2026-03-05,4,6.1,Planning
AI_USR068,Org-Gamma-Team3,Org-Gamma,2026-03-06,17,6.5,Debugging
AI_USR068,Org-Gamma-Team3,Org-Gamma,2026-03-07,15,6.5,Planning
AI_USR068,Org-Gamma-Team3,Org-Gamma,2026-03-09,10,7.2,Code Generation
AI_USR068,Org-Gamma-Team3,Org-Gamma,2026-03-10,3,6.6,Planning
AI_USR068,Org-Gamma-Team3,Org-Gamma,2026-03-11,6,6.6,Planning
AI_USR068,Org-Gamma-Team3,Org-Gamma,2026-03-12,1,6.7,Planning
AI_USR068,Org-Gamma-Team3,Org-Gamma,2026-03-14,4,8.2,Planning
AI_USR068,Org-Gamma-Team3,Org-Gamma,2026-03-16,17,8.1,Code Generation
AI_USR068,Org-Gamma-Team3,Org-Gamma,2026-03-17,4,7.6,Code Generation
AI_USR068,Org-Gamma-Team3,Org-Gamma,2026-03-18,5,8.3,Summarization
AI_USR068,Org-Gamma-Team3,Org-Gamma,2026-03-20,14,7.8,Documentation
AI_USR068,Org-Gamma-Team3,Org-Gamma,2026-03-21,13,6.5,Planning
AI_USR068,Org-Gamma-Team3,Org-Gamma,2026-03-22,2,7.8,Planning
AI_USR068,Org-Gamma-Team3,Org-Gamma,2026-03-23,4,7.8,Summarization
AI_USR068,Org-Gamma-Team3,Org-Gamma,2026-03-24,6,7.4,Debugging
AI_USR068,Org-Gamma-Team3,Org-Gamma,2026-03-25,5,7.6,Data Query
AI_USR068,Org-Gamma-Team3,Org-Gamma,2026-03-28,19,7.0,Debugging
AI_USR068,Org-Gamma-Team3,Org-Gamma,2026-03-29,13,8.6,Documentation
AI_USR068,Org-Gamma-Team3,Org-Gamma,2026-03-30,15,7.0,Planning
AI_USR069,Org-Gamma-Team3,Org-Gamma,2026-01-01,17,7.5,Documentation
AI_USR069,Org-Gamma-Team3,Org-Gamma,2026-01-04,9,6.4,Code Generation
AI_USR069,Org-Gamma-Team3,Org-Gamma,2026-01-06,4,7.9,Planning
AI_USR069,Org-Gamma-Team3,Org-Gamma,2026-01-07,20,6.8,Planning
AI_USR069,Org-Gamma-Team3,Org-Gamma,2026-01-08,13,8.3,Documentation
AI_USR069,Org-Gamma-Team3,Org-Gamma,2026-01-09,15,7.4,Summarization
AI_USR069,Org-Gamma-Team3,Org-Gamma,2026-01-11,13,7.9,Planning
AI_USR069,Org-Gamma-Team3,Org-Gamma,2026-01-13,3,7.4,Planning
AI_USR069,Org-Gamma-Team3,Org-Gamma,2026-01-15,9,7.4,Debugging
AI_USR069,Org-Gamma-Team3,Org-Gamma,2026-01-17,14,7.5,Planning
AI_USR069,Org-Gamma-Team3,Org-Gamma,2026-01-19,18,7.0,Debugging
AI_USR069,Org-Gamma-Team3,Org-Gamma,2026-01-20,15,7.5,Planning
AI_USR069,Org-Gamma-Team3,Org-Gamma,2026-01-22,17,8.1,Summarization
AI_USR069,Org-Gamma-Team3,Org-Gamma,2026-01-24,14,8.7,Debugging
AI_USR069,Org-Gamma-Team3,Org-Gamma,2026-01-25,15,8.5,Documentation
AI_USR069,Org-Gamma-Team3,Org-Gamma,2026-01-28,10,7.1,Documentation
AI_USR069,Org-Gamma-Team3,Org-Gamma,2026-01-31,18,7.5,Data Query
AI_USR069,Org-Gamma-Team3,Org-Gamma,2026-02-01,9,7.5,Planning
AI_USR069,Org-Gamma-Team3,Org-Gamma,2026-02-03,6,8.5,Summarization
AI_USR069,Org-Gamma-Team3,Org-Gamma,2026-02-04,7,7.5,Code Generation
AI_USR069,Org-Gamma-Team3,Org-Gamma,2026-02-06,9,7.3,Debugging
AI_USR069,Org-Gamma-Team3,Org-Gamma,2026-02-09,6,7.9,Data Query
AI_USR069,Org-Gamma-Team3,Org-Gamma,2026-02-13,6,7.5,Planning
AI_USR069,Org-Gamma-Team3,Org-Gamma,2026-02-14,1,8.8,Planning
AI_USR069,Org-Gamma-Team3,Org-Gamma,2026-02-15,14,7.7,Planning
AI_USR069,Org-Gamma-Team3,Org-Gamma,2026-02-16,15,8.4,Data Query
AI_USR069,Org-Gamma-Team3,Org-Gamma,2026-02-17,17,8.3,Summarization
AI_USR069,Org-Gamma-Team3,Org-Gamma,2026-02-18,5,8.8,Documentation
AI_USR069,Org-Gamma-Team3,Org-Gamma,2026-02-20,4,9.5,Code Generation
AI_USR069,Org-Gamma-Team3,Org-Gamma,2026-02-21,6,9.2,Planning
AI_USR069,Org-Gamma-Team3,Org-Gamma,2026-02-22,17,8.4,Summarization
AI_USR069,Org-Gamma-Team3,Org-Gamma,2026-02-24,6,8.0,Code Generation
AI_USR069,Org-Gamma-Team3,Org-Gamma,2026-02-25,16,9.6,Summarization
AI_USR069,Org-Gamma-Team3,Org-Gamma,2026-02-27,17,8.1,Code Generation
AI_USR069,Org-Gamma-Team3,Org-Gamma,2026-02-28,19,9.8,Data Query
AI_USR069,Org-Gamma-Team3,Org-Gamma,2026-03-01,8,8.1,Documentation
AI_USR069,Org-Gamma-Team3,Org-Gamma,2026-03-03,16,9.3,Code Generation
AI_USR069,Org-Gamma-Team3,Org-Gamma,2026-03-04,3,8.6,Data Query
AI_USR069,Org-Gamma-Team3,Org-Gamma,2026-03-06,20,8.2,Debugging
AI_USR069,Org-Gamma-Team3,Org-Gamma,2026-03-07,7,8.7,Code Generation
AI_USR069,Org-Gamma-Team3,Org-Gamma,2026-03-08,15,9.5,Documentation
AI_USR069,Org-Gamma-Team3,Org-Gamma,2026-03-10,2,9.4,Documentation
AI_USR069,Org-Gamma-Team3,Org-Gamma,2026-03-11,2,9.5,Planning
AI_USR069,Org-Gamma-Team3,Org-Gamma,2026-03-12,17,8.8,Summarization
AI_USR069,Org-Gamma-Team3,Org-Gamma,2026-03-13,20,8.5,Documentation
AI_USR069,Org-Gamma-Team3,Org-Gamma,2026-03-17,3,9.8,Code Generation
AI_USR069,Org-Gamma-Team3,Org-Gamma,2026-03-18,16,8.7,Documentation
AI_USR069,Org-Gamma-Team3,Org-Gamma,2026-03-19,20,8.9,Code Generation
AI_USR069,Org-Gamma-Team3,Org-Gamma,2026-03-20,14,10.0,Data Query
AI_USR069,Org-Gamma-Team3,Org-Gamma,2026-03-21,7,10.0,Code Generation
AI_USR069,Org-Gamma-Team3,Org-Gamma,2026-03-22,13,9.9,Documentation
AI_USR069,Org-Gamma-Team3,Org-Gamma,2026-03-23,10,10.0,Planning
AI_USR069,Org-Gamma-Team3,Org-Gamma,2026-03-24,15,9.7,Summarization
AI_USR069,Org-Gamma-Team3,Org-Gamma,2026-03-25,11,9.6,Data Query
AI_USR069,Org-Gamma-Team3,Org-Gamma,2026-03-26,14,9.1,Data Query
AI_USR069,Org-Gamma-Team3,Org-Gamma,2026-03-27,14,9.2,Planning
AI_USR069,Org-Gamma-Team3,Org-Gamma,2026-03-28,7,9.6,Summarization
AI_USR069,Org-Gamma-Team3,Org-Gamma,2026-03-29,2,10.0,Documentation
AI_USR070,Org-Gamma-Team2,Org-Gamma,2026-01-02,18,8.2,Planning
AI_USR070,Org-Gamma-Team2,Org-Gamma,2026-01-04,16,9.1,Code Generation
AI_USR070,Org-Gamma-Team2,Org-Gamma,2026-01-06,11,8.9,Code Generation
AI_USR070,Org-Gamma-Team2,Org-Gamma,2026-01-07,1,9.2,Debugging
AI_USR070,Org-Gamma-Team2,Org-Gamma,2026-01-08,16,9.3,Code Generation
AI_USR070,Org-Gamma-Team2,Org-Gamma,2026-01-10,15,8.7,Summarization
AI_USR070,Org-Gamma-Team2,Org-Gamma,2026-01-14,15,8.4,Data Query
AI_USR070,Org-Gamma-Team2,Org-Gamma,2026-01-16,2,9.1,Data Query
AI_USR070,Org-Gamma-Team2,Org-Gamma,2026-01-17,6,9.2,Documentation
AI_USR070,Org-Gamma-Team2,Org-Gamma,2026-01-19,8,8.2,Data Query
AI_USR070,Org-Gamma-Team2,Org-Gamma,2026-01-20,20,8.1,Code Generation
AI_USR070,Org-Gamma-Team2,Org-Gamma,2026-01-21,7,9.3,Data Query
AI_USR070,Org-Gamma-Team2,Org-Gamma,2026-01-22,7,7.4,Code Generation
AI_USR070,Org-Gamma-Team2,Org-Gamma,2026-01-23,19,8.1,Data Query
AI_USR070,Org-Gamma-Team2,Org-Gamma,2026-01-24,19,9.1,Data Query
AI_USR070,Org-Gamma-Team2,Org-Gamma,2026-01-26,3,9.3,Documentation
AI_USR070,Org-Gamma-Team2,Org-Gamma,2026-01-28,11,7.5,Debugging
AI_USR070,Org-Gamma-Team2,Org-Gamma,2026-01-30,5,7.7,Code Generation
AI_USR070,Org-Gamma-Team2,Org-Gamma,2026-01-31,18,8.6,Summarization
AI_USR070,Org-Gamma-Team2,Org-Gamma,2026-02-02,17,8.6,Documentation
AI_USR070,Org-Gamma-Team2,Org-Gamma,2026-02-03,2,7.9,Summarization
AI_USR070,Org-Gamma-Team2,Org-Gamma,2026-02-05,4,8.9,Data Query
AI_USR070,Org-Gamma-Team2,Org-Gamma,2026-02-06,2,7.9,Code Generation
AI_USR070,Org-Gamma-Team2,Org-Gamma,2026-02-07,1,7.8,Debugging
AI_USR070,Org-Gamma-Team2,Org-Gamma,2026-02-08,13,9.2,Data Query
AI_USR070,Org-Gamma-Team2,Org-Gamma,2026-02-09,1,8.4,Planning
AI_USR070,Org-Gamma-Team2,Org-Gamma,2026-02-10,16,8.7,Planning
AI_USR070,Org-Gamma-Team2,Org-Gamma,2026-02-11,10,9.0,Debugging
AI_USR070,Org-Gamma-Team2,Org-Gamma,2026-02-12,20,7.5,Summarization
AI_USR070,Org-Gamma-Team2,Org-Gamma,2026-02-13,6,7.9,Summarization
AI_USR070,Org-Gamma-Team2,Org-Gamma,2026-02-15,17,9.3,Code Generation
AI_USR070,Org-Gamma-Team2,Org-Gamma,2026-02-16,13,7.5,Debugging
AI_USR070,Org-Gamma-Team2,Org-Gamma,2026-02-21,7,8.2,Planning
AI_USR070,Org-Gamma-Team2,Org-Gamma,2026-02-23,6,8.5,Data Query
AI_USR070,Org-Gamma-Team2,Org-Gamma,2026-02-26,10,9.2,Summarization
AI_USR070,Org-Gamma-Team2,Org-Gamma,2026-02-28,2,8.2,Code Generation
AI_USR070,Org-Gamma-Team2,Org-Gamma,2026-03-01,9,8.0,Code Generation
AI_USR070,Org-Gamma-Team2,Org-Gamma,2026-03-02,3,8.8,Debugging
AI_USR070,Org-Gamma-Team2,Org-Gamma,2026-03-03,12,9.3,Data Query
AI_USR070,Org-Gamma-Team2,Org-Gamma,2026-03-05,11,8.0,Documentation
AI_USR070,Org-Gamma-Team2,Org-Gamma,2026-03-06,10,8.9,Data Query
AI_USR070,Org-Gamma-Team2,Org-Gamma,2026-03-08,7,9.4,Debugging
AI_USR070,Org-Gamma-Team2,Org-Gamma,2026-03-09,18,8.1,Code Generation
AI_USR070,Org-Gamma-Team2,Org-Gamma,2026-03-10,18,7.9,Documentation
AI_USR070,Org-Gamma-Team2,Org-Gamma,2026-03-11,19,7.7,Summarization
AI_USR070,Org-Gamma-Team2,Org-Gamma,2026-03-12,20,8.4,Summarization
AI_USR070,Org-Gamma-Team2,Org-Gamma,2026-03-13,13,8.2,Summarization
AI_USR070,Org-Gamma-Team2,Org-Gamma,2026-03-14,15,9.5,Summarization
AI_USR070,Org-Gamma-Team2,Org-Gamma,2026-03-17,1,7.8,Debugging
AI_USR070,Org-Gamma-Team2,Org-Gamma,2026-03-18,6,9.5,Summarization
AI_USR070,Org-Gamma-Team2,Org-Gamma,2026-03-19,6,8.4,Summarization
AI_USR070,Org-Gamma-Team2,Org-Gamma,2026-03-21,11,9.3,Code Generation
AI_USR070,Org-Gamma-Team2,Org-Gamma,2026-03-22,14,8.7,Data Query
AI_USR070,Org-Gamma-Team2,Org-Gamma,2026-03-24,4,9.4,Code Generation
AI_USR070,Org-Gamma-Team2,Org-Gamma,2026-03-25,13,9.5,Documentation
AI_USR070,Org-Gamma-Team2,Org-Gamma,2026-03-26,2,7.8,Documentation
AI_USR070,Org-Gamma-Team2,Org-Gamma,2026-03-28,12,8.5,Code Generation
AI_USR070,Org-Gamma-Team2,Org-Gamma,2026-03-30,1,7.9,Debugging
AI_USR071,Org-Beta-Team1,Org-Beta,2026-01-02,17,4.1,Documentation
AI_USR071,Org-Beta-Team1,Org-Beta,2026-01-03,5,5.3,Data Query
AI_USR071,Org-Beta-Team1,Org-Beta,2026-01-04,6,5.8,Code Generation
AI_USR071,Org-Beta-Team1,Org-Beta,2026-01-05,9,4.1,Summarization
AI_USR071,Org-Beta-Team1,Org-Beta,2026-01-07,20,4.9,Planning
AI_USR071,Org-Beta-Team1,Org-Beta,2026-01-08,13,4.6,Debugging
AI_USR071,Org-Beta-Team1,Org-Beta,2026-01-09,8,5.4,Code Generation
AI_USR071,Org-Beta-Team1,Org-Beta,2026-01-10,12,4.8,Data Query
AI_USR071,Org-Beta-Team1,Org-Beta,2026-01-11,6,5.3,Documentation
AI_USR071,Org-Beta-Team1,Org-Beta,2026-01-12,10,4.1,Documentation
AI_USR071,Org-Beta-Team1,Org-Beta,2026-01-13,14,5.9,Data Query
AI_USR071,Org-Beta-Team1,Org-Beta,2026-01-15,5,5.3,Debugging
AI_USR071,Org-Beta-Team1,Org-Beta,2026-01-16,14,5.3,Documentation
AI_USR071,Org-Beta-Team1,Org-Beta,2026-01-17,14,4.3,Documentation
AI_USR071,Org-Beta-Team1,Org-Beta,2026-01-18,18,5.1,Planning
AI_USR071,Org-Beta-Team1,Org-Beta,2026-01-20,16,5.9,Summarization
AI_USR071,Org-Beta-Team1,Org-Beta,2026-01-25,16,4.4,Planning
AI_USR071,Org-Beta-Team1,Org-Beta,2026-01-27,18,5.7,Planning
AI_USR071,Org-Beta-Team1,Org-Beta,2026-01-29,11,4.9,Code Generation
AI_USR071,Org-Beta-Team1,Org-Beta,2026-01-30,14,4.8,Code Generation
AI_USR071,Org-Beta-Team1,Org-Beta,2026-01-31,9,6.1,Code Generation
AI_USR071,Org-Beta-Team1,Org-Beta,2026-02-03,8,4.8,Data Query
AI_USR071,Org-Beta-Team1,Org-Beta,2026-02-04,18,4.9,Data Query
AI_USR071,Org-Beta-Team1,Org-Beta,2026-02-05,14,5.5,Documentation
AI_USR071,Org-Beta-Team1,Org-Beta,2026-02-07,7,5.9,Debugging
AI_USR071,Org-Beta-Team1,Org-Beta,2026-02-09,3,6.6,Debugging
AI_USR071,Org-Beta-Team1,Org-Beta,2026-02-11,11,6.2,Code Generation
AI_USR071,Org-Beta-Team1,Org-Beta,2026-02-13,4,5.4,Planning
AI_USR071,Org-Beta-Team1,Org-Beta,2026-02-15,4,5.6,Summarization
AI_USR071,Org-Beta-Team1,Org-Beta,2026-02-16,9,6.4,Summarization
AI_USR071,Org-Beta-Team1,Org-Beta,2026-02-18,5,6.3,Data Query
AI_USR071,Org-Beta-Team1,Org-Beta,2026-02-19,15,6.0,Debugging
AI_USR071,Org-Beta-Team1,Org-Beta,2026-02-22,11,6.7,Documentation
AI_USR071,Org-Beta-Team1,Org-Beta,2026-02-24,8,6.8,Data Query
AI_USR071,Org-Beta-Team1,Org-Beta,2026-02-26,18,6.1,Summarization
AI_USR071,Org-Beta-Team1,Org-Beta,2026-02-28,6,5.8,Summarization
AI_USR071,Org-Beta-Team1,Org-Beta,2026-03-01,13,5.2,Summarization
AI_USR071,Org-Beta-Team1,Org-Beta,2026-03-05,16,5.9,Documentation
AI_USR071,Org-Beta-Team1,Org-Beta,2026-03-06,20,5.7,Documentation
AI_USR071,Org-Beta-Team1,Org-Beta,2026-03-07,17,5.4,Code Generation
AI_USR071,Org-Beta-Team1,Org-Beta,2026-03-08,1,6.5,Documentation
AI_USR071,Org-Beta-Team1,Org-Beta,2026-03-09,15,6.5,Planning
AI_USR071,Org-Beta-Team1,Org-Beta,2026-03-10,3,6.0,Documentation
AI_USR071,Org-Beta-Team1,Org-Beta,2026-03-12,19,7.1,Documentation
AI_USR071,Org-Beta-Team1,Org-Beta,2026-03-13,8,6.8,Debugging
AI_USR071,Org-Beta-Team1,Org-Beta,2026-03-14,8,6.3,Code Generation
AI_USR071,Org-Beta-Team1,Org-Beta,2026-03-15,14,6.6,Debugging
AI_USR071,Org-Beta-Team1,Org-Beta,2026-03-16,10,7.4,Code Generation
AI_USR071,Org-Beta-Team1,Org-Beta,2026-03-17,11,6.6,Documentation
AI_USR071,Org-Beta-Team1,Org-Beta,2026-03-18,5,7.1,Code Generation
AI_USR071,Org-Beta-Team1,Org-Beta,2026-03-19,16,7.3,Documentation
AI_USR071,Org-Beta-Team1,Org-Beta,2026-03-20,11,6.3,Debugging
AI_USR071,Org-Beta-Team1,Org-Beta,2026-03-21,9,6.4,Data Query
AI_USR071,Org-Beta-Team1,Org-Beta,2026-03-22,17,7.4,Summarization
AI_USR071,Org-Beta-Team1,Org-Beta,2026-03-23,20,6.1,Planning
AI_USR071,Org-Beta-Team1,Org-Beta,2026-03-24,1,7.4,Documentation
AI_USR071,Org-Beta-Team1,Org-Beta,2026-03-25,14,5.8,Planning
AI_USR071,Org-Beta-Team1,Org-Beta,2026-03-26,6,6.0,Debugging
AI_USR071,Org-Beta-Team1,Org-Beta,2026-03-31,7,7.6,Code Generation
AI_USR072,Org-Beta-Team2,Org-Beta,2026-01-01,1,5.4,Summarization
AI_USR072,Org-Beta-Team2,Org-Beta,2026-01-03,3,4.9,Debugging
AI_USR072,Org-Beta-Team2,Org-Beta,2026-01-06,19,3.9,Documentation
AI_USR072,Org-Beta-Team2,Org-Beta,2026-01-08,1,5.2,Planning
AI_USR072,Org-Beta-Team2,Org-Beta,2026-01-09,4,4.0,Code Generation
AI_USR072,Org-Beta-Team2,Org-Beta,2026-01-11,11,5.0,Code Generation
AI_USR072,Org-Beta-Team2,Org-Beta,2026-01-12,7,4.4,Data Query
AI_USR072,Org-Beta-Team2,Org-Beta,2026-01-13,19,5.2,Code Generation
AI_USR072,Org-Beta-Team2,Org-Beta,2026-01-15,17,3.8,Debugging
AI_USR072,Org-Beta-Team2,Org-Beta,2026-01-17,16,4.3,Data Query
AI_USR072,Org-Beta-Team2,Org-Beta,2026-01-18,19,3.8,Summarization
AI_USR072,Org-Beta-Team2,Org-Beta,2026-01-19,16,4.0,Data Query
AI_USR072,Org-Beta-Team2,Org-Beta,2026-01-20,14,5.0,Summarization
AI_USR072,Org-Beta-Team2,Org-Beta,2026-01-22,6,4.1,Data Query
AI_USR072,Org-Beta-Team2,Org-Beta,2026-01-23,20,4.6,Planning
AI_USR072,Org-Beta-Team2,Org-Beta,2026-01-25,11,3.5,Documentation
AI_USR072,Org-Beta-Team2,Org-Beta,2026-01-26,15,3.4,Summarization
AI_USR072,Org-Beta-Team2,Org-Beta,2026-01-29,9,4.6,Planning
AI_USR072,Org-Beta-Team2,Org-Beta,2026-01-30,18,5.1,Planning
AI_USR072,Org-Beta-Team2,Org-Beta,2026-01-31,10,4.6,Documentation
AI_USR072,Org-Beta-Team2,Org-Beta,2026-02-02,20,5.1,Code Generation
AI_USR072,Org-Beta-Team2,Org-Beta,2026-02-03,7,4.9,Documentation
AI_USR072,Org-Beta-Team2,Org-Beta,2026-02-05,9,4.3,Code Generation
AI_USR072,Org-Beta-Team2,Org-Beta,2026-02-06,11,4.6,Code Generation
AI_USR072,Org-Beta-Team2,Org-Beta,2026-02-08,1,3.3,Summarization
AI_USR072,Org-Beta-Team2,Org-Beta,2026-02-09,18,5.0,Planning
AI_USR072,Org-Beta-Team2,Org-Beta,2026-02-10,19,4.5,Documentation
AI_USR072,Org-Beta-Team2,Org-Beta,2026-02-13,7,4.1,Summarization
AI_USR072,Org-Beta-Team2,Org-Beta,2026-02-14,13,4.7,Debugging
AI_USR072,Org-Beta-Team2,Org-Beta,2026-02-15,19,3.8,Planning
AI_USR072,Org-Beta-Team2,Org-Beta,2026-02-17,3,4.3,Data Query
AI_USR072,Org-Beta-Team2,Org-Beta,2026-02-20,9,4.0,Data Query
AI_USR072,Org-Beta-Team2,Org-Beta,2026-02-23,11,4.6,Summarization
AI_USR072,Org-Beta-Team2,Org-Beta,2026-02-25,12,3.2,Summarization
AI_USR072,Org-Beta-Team2,Org-Beta,2026-02-26,16,3.8,Documentation
AI_USR072,Org-Beta-Team2,Org-Beta,2026-02-27,5,4.0,Debugging
AI_USR072,Org-Beta-Team2,Org-Beta,2026-02-28,4,3.8,Code Generation
AI_USR072,Org-Beta-Team2,Org-Beta,2026-03-02,3,4.1,Summarization
AI_USR072,Org-Beta-Team2,Org-Beta,2026-03-03,9,4.7,Debugging
AI_USR072,Org-Beta-Team2,Org-Beta,2026-03-04,5,4.6,Documentation
AI_USR072,Org-Beta-Team2,Org-Beta,2026-03-05,14,3.1,Summarization
AI_USR072,Org-Beta-Team2,Org-Beta,2026-03-06,6,4.4,Documentation
AI_USR072,Org-Beta-Team2,Org-Beta,2026-03-07,17,3.2,Planning
AI_USR072,Org-Beta-Team2,Org-Beta,2026-03-08,5,3.7,Documentation
AI_USR072,Org-Beta-Team2,Org-Beta,2026-03-10,10,3.8,Code Generation
AI_USR072,Org-Beta-Team2,Org-Beta,2026-03-11,15,2.9,Documentation
AI_USR072,Org-Beta-Team2,Org-Beta,2026-03-12,14,4.1,Debugging
AI_USR072,Org-Beta-Team2,Org-Beta,2026-03-16,12,4.1,Debugging
AI_USR072,Org-Beta-Team2,Org-Beta,2026-03-17,7,4.5,Data Query
AI_USR072,Org-Beta-Team2,Org-Beta,2026-03-19,1,4.7,Summarization
AI_USR072,Org-Beta-Team2,Org-Beta,2026-03-21,7,3.5,Summarization
AI_USR072,Org-Beta-Team2,Org-Beta,2026-03-22,1,4.3,Debugging
AI_USR072,Org-Beta-Team2,Org-Beta,2026-03-23,12,3.2,Planning
AI_USR072,Org-Beta-Team2,Org-Beta,2026-03-24,7,3.1,Debugging
AI_USR072,Org-Beta-Team2,Org-Beta,2026-03-25,19,3.2,Documentation
AI_USR072,Org-Beta-Team2,Org-Beta,2026-03-26,19,4.0,Summarization
AI_USR072,Org-Beta-Team2,Org-Beta,2026-03-28,4,4.4,Data Query
AI_USR072,Org-Beta-Team2,Org-Beta,2026-03-29,19,3.4,Debugging
AI_USR072,Org-Beta-Team2,Org-Beta,2026-03-30,15,3.9,Summarization
AI_USR072,Org-Beta-Team2,Org-Beta,2026-03-31,9,3.7,Planning
AI_USR073,Org-Alpha-Team2,Org-Alpha,2026-01-01,20,3.8,Planning
AI_USR073,Org-Alpha-Team2,Org-Alpha,2026-01-02,1,4.1,Summarization
AI_USR073,Org-Alpha-Team2,Org-Alpha,2026-01-03,6,3.0,Documentation
AI_USR073,Org-Alpha-Team2,Org-Alpha,2026-01-04,10,3.1,Data Query
AI_USR073,Org-Alpha-Team2,Org-Alpha,2026-01-05,7,2.9,Summarization
AI_USR073,Org-Alpha-Team2,Org-Alpha,2026-01-07,1,3.5,Planning
AI_USR073,Org-Alpha-Team2,Org-Alpha,2026-01-09,17,3.5,Documentation
AI_USR073,Org-Alpha-Team2,Org-Alpha,2026-01-10,14,4.1,Debugging
AI_USR073,Org-Alpha-Team2,Org-Alpha,2026-01-12,2,3.0,Planning
AI_USR073,Org-Alpha-Team2,Org-Alpha,2026-01-13,19,3.5,Code Generation
AI_USR073,Org-Alpha-Team2,Org-Alpha,2026-01-14,2,3.3,Documentation
AI_USR073,Org-Alpha-Team2,Org-Alpha,2026-01-15,2,3.4,Data Query
AI_USR073,Org-Alpha-Team2,Org-Alpha,2026-01-16,17,2.5,Data Query
AI_USR073,Org-Alpha-Team2,Org-Alpha,2026-01-18,17,3.1,Debugging
AI_USR073,Org-Alpha-Team2,Org-Alpha,2026-01-21,1,4.2,Summarization
AI_USR073,Org-Alpha-Team2,Org-Alpha,2026-01-22,12,4.3,Code Generation
AI_USR073,Org-Alpha-Team2,Org-Alpha,2026-01-23,15,2.8,Code Generation
AI_USR073,Org-Alpha-Team2,Org-Alpha,2026-01-24,5,2.8,Data Query
AI_USR073,Org-Alpha-Team2,Org-Alpha,2026-01-26,5,3.1,Planning
AI_USR073,Org-Alpha-Team2,Org-Alpha,2026-01-27,5,4.4,Planning
AI_USR073,Org-Alpha-Team2,Org-Alpha,2026-01-29,2,2.7,Code Generation
AI_USR073,Org-Alpha-Team2,Org-Alpha,2026-01-30,20,4.4,Documentation
AI_USR073,Org-Alpha-Team2,Org-Alpha,2026-02-01,16,3.2,Documentation
AI_USR073,Org-Alpha-Team2,Org-Alpha,2026-02-02,7,3.2,Debugging
AI_USR073,Org-Alpha-Team2,Org-Alpha,2026-02-03,15,4.5,Data Query
AI_USR073,Org-Alpha-Team2,Org-Alpha,2026-02-04,9,3.0,Documentation
AI_USR073,Org-Alpha-Team2,Org-Alpha,2026-02-05,6,3.1,Summarization
AI_USR073,Org-Alpha-Team2,Org-Alpha,2026-02-06,6,4.2,Summarization
AI_USR073,Org-Alpha-Team2,Org-Alpha,2026-02-07,17,4.4,Planning
AI_USR073,Org-Alpha-Team2,Org-Alpha,2026-02-08,3,4.3,Summarization
AI_USR073,Org-Alpha-Team2,Org-Alpha,2026-02-09,17,3.8,Data Query
AI_USR073,Org-Alpha-Team2,Org-Alpha,2026-02-10,18,4.3,Data Query
AI_USR073,Org-Alpha-Team2,Org-Alpha,2026-02-11,5,4.8,Code Generation
AI_USR073,Org-Alpha-Team2,Org-Alpha,2026-02-12,3,4.0,Planning
AI_USR073,Org-Alpha-Team2,Org-Alpha,2026-02-13,3,4.3,Documentation
AI_USR073,Org-Alpha-Team2,Org-Alpha,2026-02-15,20,4.2,Data Query
AI_USR073,Org-Alpha-Team2,Org-Alpha,2026-02-18,13,4.5,Summarization
AI_USR073,Org-Alpha-Team2,Org-Alpha,2026-02-19,5,3.1,Documentation
AI_USR073,Org-Alpha-Team2,Org-Alpha,2026-02-21,20,4.5,Data Query
AI_USR073,Org-Alpha-Team2,Org-Alpha,2026-02-22,14,4.7,Summarization
AI_USR073,Org-Alpha-Team2,Org-Alpha,2026-02-23,8,3.4,Documentation
AI_USR073,Org-Alpha-Team2,Org-Alpha,2026-02-26,14,4.8,Planning
AI_USR073,Org-Alpha-Team2,Org-Alpha,2026-02-27,14,4.9,Code Generation
AI_USR073,Org-Alpha-Team2,Org-Alpha,2026-02-28,18,4.8,Code Generation
AI_USR073,Org-Alpha-Team2,Org-Alpha,2026-03-01,3,4.7,Documentation
AI_USR073,Org-Alpha-Team2,Org-Alpha,2026-03-02,14,4.3,Documentation
AI_USR073,Org-Alpha-Team2,Org-Alpha,2026-03-03,5,4.7,Summarization
AI_USR073,Org-Alpha-Team2,Org-Alpha,2026-03-04,4,4.5,Documentation
AI_USR073,Org-Alpha-Team2,Org-Alpha,2026-03-06,17,5.1,Summarization
AI_USR073,Org-Alpha-Team2,Org-Alpha,2026-03-07,18,4.9,Summarization
AI_USR073,Org-Alpha-Team2,Org-Alpha,2026-03-08,16,3.3,Debugging
AI_USR073,Org-Alpha-Team2,Org-Alpha,2026-03-09,1,4.4,Data Query
AI_USR073,Org-Alpha-Team2,Org-Alpha,2026-03-10,6,3.6,Data Query
AI_USR073,Org-Alpha-Team2,Org-Alpha,2026-03-11,1,3.5,Documentation
AI_USR073,Org-Alpha-Team2,Org-Alpha,2026-03-13,17,3.9,Code Generation
AI_USR073,Org-Alpha-Team2,Org-Alpha,2026-03-14,4,4.4,Data Query
AI_USR073,Org-Alpha-Team2,Org-Alpha,2026-03-16,15,5.3,Debugging
AI_USR073,Org-Alpha-Team2,Org-Alpha,2026-03-17,3,4.4,Code Generation
AI_USR073,Org-Alpha-Team2,Org-Alpha,2026-03-18,4,4.6,Debugging
AI_USR073,Org-Alpha-Team2,Org-Alpha,2026-03-20,1,3.8,Code Generation
AI_USR073,Org-Alpha-Team2,Org-Alpha,2026-03-23,10,4.6,Summarization
AI_USR073,Org-Alpha-Team2,Org-Alpha,2026-03-24,7,4.4,Summarization
AI_USR073,Org-Alpha-Team2,Org-Alpha,2026-03-27,14,4.8,Debugging
AI_USR073,Org-Alpha-Team2,Org-Alpha,2026-03-29,10,3.8,Data Query
AI_USR074,Org-Gamma-Team3,Org-Gamma,2026-01-02,8,8.4,Planning
AI_USR074,Org-Gamma-Team3,Org-Gamma,2026-01-03,18,7.3,Code Generation
AI_USR074,Org-Gamma-Team3,Org-Gamma,2026-01-04,1,9.1,Debugging
AI_USR074,Org-Gamma-Team3,Org-Gamma,2026-01-05,12,8.9,Planning
AI_USR074,Org-Gamma-Team3,Org-Gamma,2026-01-06,13,8.4,Documentation
AI_USR074,Org-Gamma-Team3,Org-Gamma,2026-01-07,17,8.7,Code Generation
AI_USR074,Org-Gamma-Team3,Org-Gamma,2026-01-08,20,9.0,Summarization
AI_USR074,Org-Gamma-Team3,Org-Gamma,2026-01-09,7,7.9,Planning
AI_USR074,Org-Gamma-Team3,Org-Gamma,2026-01-10,2,9.3,Documentation
AI_USR074,Org-Gamma-Team3,Org-Gamma,2026-01-11,12,8.4,Data Query
AI_USR074,Org-Gamma-Team3,Org-Gamma,2026-01-13,7,7.6,Debugging
AI_USR074,Org-Gamma-Team3,Org-Gamma,2026-01-14,12,9.0,Debugging
AI_USR074,Org-Gamma-Team3,Org-Gamma,2026-01-15,7,8.4,Summarization
AI_USR074,Org-Gamma-Team3,Org-Gamma,2026-01-18,18,8.6,Documentation
AI_USR074,Org-Gamma-Team3,Org-Gamma,2026-01-21,14,7.6,Summarization
AI_USR074,Org-Gamma-Team3,Org-Gamma,2026-01-22,2,8.9,Data Query
AI_USR074,Org-Gamma-Team3,Org-Gamma,2026-01-23,16,8.6,Debugging
AI_USR074,Org-Gamma-Team3,Org-Gamma,2026-01-25,17,8.6,Code Generation
AI_USR074,Org-Gamma-Team3,Org-Gamma,2026-01-27,5,9.5,Planning
AI_USR074,Org-Gamma-Team3,Org-Gamma,2026-01-28,10,9.6,Documentation
AI_USR074,Org-Gamma-Team3,Org-Gamma,2026-02-01,11,8.8,Summarization
AI_USR074,Org-Gamma-Team3,Org-Gamma,2026-02-02,18,8.6,Summarization
AI_USR074,Org-Gamma-Team3,Org-Gamma,2026-02-03,16,8.2,Code Generation
AI_USR074,Org-Gamma-Team3,Org-Gamma,2026-02-05,14,8.8,Code Generation
AI_USR074,Org-Gamma-Team3,Org-Gamma,2026-02-06,18,9.3,Summarization
AI_USR074,Org-Gamma-Team3,Org-Gamma,2026-02-07,12,9.8,Summarization
AI_USR074,Org-Gamma-Team3,Org-Gamma,2026-02-09,11,8.5,Documentation
AI_USR074,Org-Gamma-Team3,Org-Gamma,2026-02-10,9,8.7,Data Query
AI_USR074,Org-Gamma-Team3,Org-Gamma,2026-02-12,12,8.4,Documentation
AI_USR074,Org-Gamma-Team3,Org-Gamma,2026-02-13,4,8.3,Planning
AI_USR074,Org-Gamma-Team3,Org-Gamma,2026-02-14,12,8.8,Planning
AI_USR074,Org-Gamma-Team3,Org-Gamma,2026-02-15,19,9.6,Documentation
AI_USR074,Org-Gamma-Team3,Org-Gamma,2026-02-16,8,9.7,Code Generation
AI_USR074,Org-Gamma-Team3,Org-Gamma,2026-02-17,10,8.5,Planning
AI_USR074,Org-Gamma-Team3,Org-Gamma,2026-02-19,18,9.4,Data Query
AI_USR074,Org-Gamma-Team3,Org-Gamma,2026-02-20,4,9.5,Debugging
AI_USR074,Org-Gamma-Team3,Org-Gamma,2026-02-21,9,9.0,Debugging
AI_USR074,Org-Gamma-Team3,Org-Gamma,2026-02-23,13,9.1,Summarization
AI_USR074,Org-Gamma-Team3,Org-Gamma,2026-02-24,19,9.8,Debugging
AI_USR074,Org-Gamma-Team3,Org-Gamma,2026-02-26,16,10.0,Debugging
AI_USR074,Org-Gamma-Team3,Org-Gamma,2026-03-01,1,9.4,Summarization
AI_USR074,Org-Gamma-Team3,Org-Gamma,2026-03-02,4,8.8,Code Generation
AI_USR074,Org-Gamma-Team3,Org-Gamma,2026-03-03,12,10.0,Planning
AI_USR074,Org-Gamma-Team3,Org-Gamma,2026-03-04,7,9.5,Data Query
AI_USR074,Org-Gamma-Team3,Org-Gamma,2026-03-05,19,10.0,Debugging
AI_USR074,Org-Gamma-Team3,Org-Gamma,2026-03-06,3,10.0,Data Query
AI_USR074,Org-Gamma-Team3,Org-Gamma,2026-03-09,15,8.8,Debugging
AI_USR074,Org-Gamma-Team3,Org-Gamma,2026-03-10,5,9.1,Debugging
AI_USR074,Org-Gamma-Team3,Org-Gamma,2026-03-11,4,9.1,Code Generation
AI_USR074,Org-Gamma-Team3,Org-Gamma,2026-03-14,16,8.8,Documentation
AI_USR074,Org-Gamma-Team3,Org-Gamma,2026-03-15,7,9.0,Summarization
AI_USR074,Org-Gamma-Team3,Org-Gamma,2026-03-16,18,9.7,Planning
AI_USR074,Org-Gamma-Team3,Org-Gamma,2026-03-17,14,9.3,Debugging
AI_USR074,Org-Gamma-Team3,Org-Gamma,2026-03-19,10,9.1,Summarization
AI_USR074,Org-Gamma-Team3,Org-Gamma,2026-03-21,6,9.1,Code Generation
AI_USR074,Org-Gamma-Team3,Org-Gamma,2026-03-25,10,10.0,Planning
AI_USR074,Org-Gamma-Team3,Org-Gamma,2026-03-26,14,10.0,Summarization
AI_USR074,Org-Gamma-Team3,Org-Gamma,2026-03-27,18,10.0,Data Query
AI_USR074,Org-Gamma-Team3,Org-Gamma,2026-03-28,3,9.9,Planning
AI_USR074,Org-Gamma-Team3,Org-Gamma,2026-03-29,18,10.0,Planning
AI_USR074,Org-Gamma-Team3,Org-Gamma,2026-03-30,9,9.3,Data Query
AI_USR075,Org-Gamma-Team2,Org-Gamma,2026-01-01,12,8.1,Planning
AI_USR075,Org-Gamma-Team2,Org-Gamma,2026-01-02,17,6.2,Debugging
AI_USR075,Org-Gamma-Team2,Org-Gamma,2026-01-03,16,6.8,Data Query
AI_USR075,Org-Gamma-Team2,Org-Gamma,2026-01-04,13,7.8,Summarization
AI_USR075,Org-Gamma-Team2,Org-Gamma,2026-01-05,4,7.2,Data Query
AI_USR075,Org-Gamma-Team2,Org-Gamma,2026-01-07,20,7.2,Debugging
AI_USR075,Org-Gamma-Team2,Org-Gamma,2026-01-09,12,6.9,Planning
AI_USR075,Org-Gamma-Team2,Org-Gamma,2026-01-10,12,6.8,Code Generation
AI_USR075,Org-Gamma-Team2,Org-Gamma,2026-01-14,17,8.1,Planning
AI_USR075,Org-Gamma-Team2,Org-Gamma,2026-01-15,4,7.0,Summarization
AI_USR075,Org-Gamma-Team2,Org-Gamma,2026-01-16,8,7.5,Code Generation
AI_USR075,Org-Gamma-Team2,Org-Gamma,2026-01-17,8,6.3,Planning
AI_USR075,Org-Gamma-Team2,Org-Gamma,2026-01-18,5,7.9,Documentation
AI_USR075,Org-Gamma-Team2,Org-Gamma,2026-01-19,9,7.7,Data Query
AI_USR075,Org-Gamma-Team2,Org-Gamma,2026-01-21,16,7.6,Debugging
AI_USR075,Org-Gamma-Team2,Org-Gamma,2026-01-22,12,6.3,Data Query
AI_USR075,Org-Gamma-Team2,Org-Gamma,2026-01-28,16,7.9,Code Generation
AI_USR075,Org-Gamma-Team2,Org-Gamma,2026-01-29,16,7.9,Summarization
AI_USR075,Org-Gamma-Team2,Org-Gamma,2026-01-30,6,7.3,Code Generation
AI_USR075,Org-Gamma-Team2,Org-Gamma,2026-01-31,4,7.7,Summarization
AI_USR075,Org-Gamma-Team2,Org-Gamma,2026-02-02,15,7.2,Planning
AI_USR075,Org-Gamma-Team2,Org-Gamma,2026-02-03,12,7.3,Summarization
AI_USR075,Org-Gamma-Team2,Org-Gamma,2026-02-04,8,6.6,Documentation
AI_USR075,Org-Gamma-Team2,Org-Gamma,2026-02-05,17,6.8,Planning
AI_USR075,Org-Gamma-Team2,Org-Gamma,2026-02-06,19,8.0,Planning
AI_USR075,Org-Gamma-Team2,Org-Gamma,2026-02-10,2,7.1,Summarization
AI_USR075,Org-Gamma-Team2,Org-Gamma,2026-02-12,11,7.6,Code Generation
AI_USR075,Org-Gamma-Team2,Org-Gamma,2026-02-14,14,7.6,Code Generation
AI_USR075,Org-Gamma-Team2,Org-Gamma,2026-02-15,8,6.4,Summarization
AI_USR075,Org-Gamma-Team2,Org-Gamma,2026-02-17,15,7.8,Documentation
AI_USR075,Org-Gamma-Team2,Org-Gamma,2026-02-18,6,7.4,Documentation
AI_USR075,Org-Gamma-Team2,Org-Gamma,2026-02-20,19,7.7,Documentation
AI_USR075,Org-Gamma-Team2,Org-Gamma,2026-02-21,18,6.2,Documentation
AI_USR075,Org-Gamma-Team2,Org-Gamma,2026-02-26,15,6.1,Planning
AI_USR075,Org-Gamma-Team2,Org-Gamma,2026-02-27,12,6.7,Data Query
AI_USR075,Org-Gamma-Team2,Org-Gamma,2026-02-28,17,7.4,Planning
AI_USR075,Org-Gamma-Team2,Org-Gamma,2026-03-02,16,7.8,Planning
AI_USR075,Org-Gamma-Team2,Org-Gamma,2026-03-03,20,6.3,Data Query
AI_USR075,Org-Gamma-Team2,Org-Gamma,2026-03-04,19,7.5,Data Query
AI_USR075,Org-Gamma-Team2,Org-Gamma,2026-03-05,16,7.5,Data Query
AI_USR075,Org-Gamma-Team2,Org-Gamma,2026-03-07,20,6.4,Planning
AI_USR075,Org-Gamma-Team2,Org-Gamma,2026-03-08,19,7.4,Summarization
AI_USR075,Org-Gamma-Team2,Org-Gamma,2026-03-09,14,7.0,Documentation
AI_USR075,Org-Gamma-Team2,Org-Gamma,2026-03-10,7,7.6,Data Query
AI_USR075,Org-Gamma-Team2,Org-Gamma,2026-03-11,7,6.7,Planning
AI_USR075,Org-Gamma-Team2,Org-Gamma,2026-03-15,18,6.1,Documentation
AI_USR075,Org-Gamma-Team2,Org-Gamma,2026-03-16,8,6.9,Documentation
AI_USR075,Org-Gamma-Team2,Org-Gamma,2026-03-18,4,6.6,Summarization
AI_USR075,Org-Gamma-Team2,Org-Gamma,2026-03-19,11,6.5,Documentation
AI_USR075,Org-Gamma-Team2,Org-Gamma,2026-03-21,2,6.8,Documentation
AI_USR075,Org-Gamma-Team2,Org-Gamma,2026-03-23,8,5.8,Code Generation
AI_USR075,Org-Gamma-Team2,Org-Gamma,2026-03-24,11,6.9,Summarization
AI_USR075,Org-Gamma-Team2,Org-Gamma,2026-03-27,9,7.4,Data Query
AI_USR075,Org-Gamma-Team2,Org-Gamma,2026-03-28,5,6.3,Planning
AI_USR075,Org-Gamma-Team2,Org-Gamma,2026-03-29,11,7.2,Code Generation
AI_USR075,Org-Gamma-Team2,Org-Gamma,2026-03-30,12,7.5,Debugging
AI_USR075,Org-Gamma-Team2,Org-Gamma,2026-03-31,19,5.8,Data Query
AI_USR076,Org-Epsilon-Team1,Org-Epsilon,2026-01-01,14,6.6,Summarization
AI_USR076,Org-Epsilon-Team1,Org-Epsilon,2026-01-02,3,8.0,Summarization
AI_USR076,Org-Epsilon-Team1,Org-Epsilon,2026-01-03,19,6.4,Planning
AI_USR076,Org-Epsilon-Team1,Org-Epsilon,2026-01-04,5,7.4,Documentation
AI_USR076,Org-Epsilon-Team1,Org-Epsilon,2026-01-06,16,7.2,Data Query
AI_USR076,Org-Epsilon-Team1,Org-Epsilon,2026-01-07,15,6.9,Summarization
AI_USR076,Org-Epsilon-Team1,Org-Epsilon,2026-01-08,9,7.2,Summarization
AI_USR076,Org-Epsilon-Team1,Org-Epsilon,2026-01-09,12,7.3,Debugging
AI_USR076,Org-Epsilon-Team1,Org-Epsilon,2026-01-10,16,8.5,Planning
AI_USR076,Org-Epsilon-Team1,Org-Epsilon,2026-01-11,7,6.9,Planning
AI_USR076,Org-Epsilon-Team1,Org-Epsilon,2026-01-13,13,7.5,Data Query
AI_USR076,Org-Epsilon-Team1,Org-Epsilon,2026-01-14,15,6.9,Documentation
AI_USR076,Org-Epsilon-Team1,Org-Epsilon,2026-01-17,6,8.3,Code Generation
AI_USR076,Org-Epsilon-Team1,Org-Epsilon,2026-01-18,3,8.2,Documentation
AI_USR076,Org-Epsilon-Team1,Org-Epsilon,2026-01-19,20,6.8,Code Generation
AI_USR076,Org-Epsilon-Team1,Org-Epsilon,2026-01-20,18,8.2,Data Query
AI_USR076,Org-Epsilon-Team1,Org-Epsilon,2026-01-21,8,8.0,Documentation
AI_USR076,Org-Epsilon-Team1,Org-Epsilon,2026-01-22,4,7.3,Code Generation
AI_USR076,Org-Epsilon-Team1,Org-Epsilon,2026-01-23,3,7.9,Summarization
AI_USR076,Org-Epsilon-Team1,Org-Epsilon,2026-01-26,15,7.0,Documentation
AI_USR076,Org-Epsilon-Team1,Org-Epsilon,2026-01-27,5,7.1,Documentation
AI_USR076,Org-Epsilon-Team1,Org-Epsilon,2026-01-28,5,8.0,Code Generation
AI_USR076,Org-Epsilon-Team1,Org-Epsilon,2026-01-30,5,8.7,Data Query
AI_USR076,Org-Epsilon-Team1,Org-Epsilon,2026-01-31,11,7.2,Code Generation
AI_USR076,Org-Epsilon-Team1,Org-Epsilon,2026-02-03,5,7.3,Data Query
AI_USR076,Org-Epsilon-Team1,Org-Epsilon,2026-02-04,18,8.1,Documentation
AI_USR076,Org-Epsilon-Team1,Org-Epsilon,2026-02-05,9,7.4,Documentation
AI_USR076,Org-Epsilon-Team1,Org-Epsilon,2026-02-06,15,8.6,Planning
AI_USR076,Org-Epsilon-Team1,Org-Epsilon,2026-02-07,15,7.0,Documentation
AI_USR076,Org-Epsilon-Team1,Org-Epsilon,2026-02-08,17,6.9,Documentation
AI_USR076,Org-Epsilon-Team1,Org-Epsilon,2026-02-09,6,8.6,Data Query
AI_USR076,Org-Epsilon-Team1,Org-Epsilon,2026-02-11,9,7.5,Data Query
AI_USR076,Org-Epsilon-Team1,Org-Epsilon,2026-02-12,19,8.4,Summarization
AI_USR076,Org-Epsilon-Team1,Org-Epsilon,2026-02-15,5,8.8,Documentation
AI_USR076,Org-Epsilon-Team1,Org-Epsilon,2026-02-16,6,8.0,Data Query
AI_USR076,Org-Epsilon-Team1,Org-Epsilon,2026-02-18,5,8.6,Code Generation
AI_USR076,Org-Epsilon-Team1,Org-Epsilon,2026-02-19,4,9.0,Debugging
AI_USR076,Org-Epsilon-Team1,Org-Epsilon,2026-02-20,10,7.8,Debugging
AI_USR076,Org-Epsilon-Team1,Org-Epsilon,2026-02-21,17,7.1,Summarization
AI_USR076,Org-Epsilon-Team1,Org-Epsilon,2026-02-22,3,9.0,Data Query
AI_USR076,Org-Epsilon-Team1,Org-Epsilon,2026-02-26,2,7.7,Data Query
AI_USR076,Org-Epsilon-Team1,Org-Epsilon,2026-02-28,9,8.9,Data Query
AI_USR076,Org-Epsilon-Team1,Org-Epsilon,2026-03-01,2,8.8,Planning
AI_USR076,Org-Epsilon-Team1,Org-Epsilon,2026-03-02,6,8.8,Summarization
AI_USR076,Org-Epsilon-Team1,Org-Epsilon,2026-03-07,8,7.4,Planning
AI_USR076,Org-Epsilon-Team1,Org-Epsilon,2026-03-09,8,8.2,Code Generation
AI_USR076,Org-Epsilon-Team1,Org-Epsilon,2026-03-11,18,8.0,Debugging
AI_USR076,Org-Epsilon-Team1,Org-Epsilon,2026-03-12,14,7.3,Data Query
AI_USR076,Org-Epsilon-Team1,Org-Epsilon,2026-03-13,13,9.0,Code Generation
AI_USR076,Org-Epsilon-Team1,Org-Epsilon,2026-03-14,12,8.5,Planning
AI_USR076,Org-Epsilon-Team1,Org-Epsilon,2026-03-15,1,8.9,Debugging
AI_USR076,Org-Epsilon-Team1,Org-Epsilon,2026-03-16,1,7.6,Planning
AI_USR076,Org-Epsilon-Team1,Org-Epsilon,2026-03-17,15,8.9,Code Generation
AI_USR076,Org-Epsilon-Team1,Org-Epsilon,2026-03-19,11,7.9,Data Query
AI_USR076,Org-Epsilon-Team1,Org-Epsilon,2026-03-21,6,7.7,Summarization
AI_USR076,Org-Epsilon-Team1,Org-Epsilon,2026-03-22,5,9.4,Code Generation
AI_USR076,Org-Epsilon-Team1,Org-Epsilon,2026-03-25,14,8.1,Documentation
AI_USR076,Org-Epsilon-Team1,Org-Epsilon,2026-03-26,7,9.4,Documentation
AI_USR076,Org-Epsilon-Team1,Org-Epsilon,2026-03-27,4,7.8,Code Generation
AI_USR077,Org-Delta-Team3,Org-Delta,2026-01-01,7,8.9,Planning
AI_USR077,Org-Delta-Team3,Org-Delta,2026-01-02,7,8.3,Code Generation
AI_USR077,Org-Delta-Team3,Org-Delta,2026-01-04,17,7.9,Debugging
AI_USR077,Org-Delta-Team3,Org-Delta,2026-01-05,16,8.0,Code Generation
AI_USR077,Org-Delta-Team3,Org-Delta,2026-01-06,19,8.8,Planning
AI_USR077,Org-Delta-Team3,Org-Delta,2026-01-07,7,8.4,Data Query
AI_USR077,Org-Delta-Team3,Org-Delta,2026-01-08,15,8.4,Data Query
AI_USR077,Org-Delta-Team3,Org-Delta,2026-01-09,16,7.6,Debugging
AI_USR077,Org-Delta-Team3,Org-Delta,2026-01-10,14,9.1,Data Query
AI_USR077,Org-Delta-Team3,Org-Delta,2026-01-11,19,8.6,Code Generation
AI_USR077,Org-Delta-Team3,Org-Delta,2026-01-14,18,8.7,Code Generation
AI_USR077,Org-Delta-Team3,Org-Delta,2026-01-15,1,9.3,Data Query
AI_USR077,Org-Delta-Team3,Org-Delta,2026-01-17,15,9.1,Summarization
AI_USR077,Org-Delta-Team3,Org-Delta,2026-01-18,18,7.9,Debugging
AI_USR077,Org-Delta-Team3,Org-Delta,2026-01-19,16,8.5,Summarization
AI_USR077,Org-Delta-Team3,Org-Delta,2026-01-21,20,9.2,Data Query
AI_USR077,Org-Delta-Team3,Org-Delta,2026-01-22,12,9.5,Summarization
AI_USR077,Org-Delta-Team3,Org-Delta,2026-01-24,16,8.4,Summarization
AI_USR077,Org-Delta-Team3,Org-Delta,2026-01-25,13,8.9,Summarization
AI_USR077,Org-Delta-Team3,Org-Delta,2026-01-29,10,9.8,Data Query
AI_USR077,Org-Delta-Team3,Org-Delta,2026-01-30,15,9.4,Data Query
AI_USR077,Org-Delta-Team3,Org-Delta,2026-02-01,4,9.7,Data Query
AI_USR077,Org-Delta-Team3,Org-Delta,2026-02-02,19,9.4,Code Generation
AI_USR077,Org-Delta-Team3,Org-Delta,2026-02-03,14,9.7,Summarization
AI_USR077,Org-Delta-Team3,Org-Delta,2026-02-05,4,8.5,Data Query
AI_USR077,Org-Delta-Team3,Org-Delta,2026-02-06,20,9.2,Summarization
AI_USR077,Org-Delta-Team3,Org-Delta,2026-02-07,6,8.4,Debugging
AI_USR077,Org-Delta-Team3,Org-Delta,2026-02-08,15,9.7,Data Query
AI_USR077,Org-Delta-Team3,Org-Delta,2026-02-09,5,9.5,Code Generation
AI_USR077,Org-Delta-Team3,Org-Delta,2026-02-10,13,10.0,Summarization
AI_USR077,Org-Delta-Team3,Org-Delta,2026-02-11,10,9.7,Code Generation
AI_USR077,Org-Delta-Team3,Org-Delta,2026-02-12,1,10.0,Data Query
AI_USR077,Org-Delta-Team3,Org-Delta,2026-02-15,4,10.0,Summarization
AI_USR077,Org-Delta-Team3,Org-Delta,2026-02-16,9,10.0,Documentation
AI_USR077,Org-Delta-Team3,Org-Delta,2026-02-17,7,9.2,Data Query
AI_USR077,Org-Delta-Team3,Org-Delta,2026-02-18,8,10.0,Summarization
AI_USR077,Org-Delta-Team3,Org-Delta,2026-02-19,19,10.0,Data Query
AI_USR077,Org-Delta-Team3,Org-Delta,2026-02-22,7,9.4,Summarization
AI_USR077,Org-Delta-Team3,Org-Delta,2026-02-23,3,9.5,Summarization
AI_USR077,Org-Delta-Team3,Org-Delta,2026-02-24,20,10.0,Code Generation
AI_USR077,Org-Delta-Team3,Org-Delta,2026-02-25,18,9.6,Code Generation
AI_USR077,Org-Delta-Team3,Org-Delta,2026-02-28,13,9.6,Data Query
AI_USR077,Org-Delta-Team3,Org-Delta,2026-03-01,8,10.0,Data Query
AI_USR077,Org-Delta-Team3,Org-Delta,2026-03-02,10,10.0,Data Query
AI_USR077,Org-Delta-Team3,Org-Delta,2026-03-05,7,10.0,Data Query
AI_USR077,Org-Delta-Team3,Org-Delta,2026-03-07,6,10.0,Summarization
AI_USR077,Org-Delta-Team3,Org-Delta,2026-03-08,4,10.0,Planning
AI_USR077,Org-Delta-Team3,Org-Delta,2026-03-09,10,10.0,Documentation
AI_USR077,Org-Delta-Team3,Org-Delta,2026-03-12,19,10.0,Summarization
AI_USR077,Org-Delta-Team3,Org-Delta,2026-03-13,10,10.0,Documentation
AI_USR077,Org-Delta-Team3,Org-Delta,2026-03-14,19,10.0,Code Generation
AI_USR077,Org-Delta-Team3,Org-Delta,2026-03-15,7,10.0,Documentation
AI_USR077,Org-Delta-Team3,Org-Delta,2026-03-16,8,10.0,Documentation
AI_USR077,Org-Delta-Team3,Org-Delta,2026-03-17,8,10.0,Summarization
AI_USR077,Org-Delta-Team3,Org-Delta,2026-03-18,14,10.0,Data Query
AI_USR077,Org-Delta-Team3,Org-Delta,2026-03-19,7,10.0,Summarization
AI_USR077,Org-Delta-Team3,Org-Delta,2026-03-20,13,10.0,Data Query
AI_USR077,Org-Delta-Team3,Org-Delta,2026-03-21,14,10.0,Code Generation
AI_USR077,Org-Delta-Team3,Org-Delta,2026-03-22,15,10.0,Documentation
AI_USR077,Org-Delta-Team3,Org-Delta,2026-03-24,14,10.0,Code Generation
AI_USR077,Org-Delta-Team3,Org-Delta,2026-03-26,7,10.0,Debugging
AI_USR077,Org-Delta-Team3,Org-Delta,2026-03-28,4,10.0,Debugging
AI_USR077,Org-Delta-Team3,Org-Delta,2026-03-29,2,10.0,Debugging
AI_USR077,Org-Delta-Team3,Org-Delta,2026-03-30,16,10.0,Summarization
AI_USR077,Org-Delta-Team3,Org-Delta,2026-03-31,16,10.0,Code Generation
AI_USR078,Org-Beta-Team2,Org-Beta,2026-01-01,16,5.9,Data Query
AI_USR078,Org-Beta-Team2,Org-Beta,2026-01-03,3,6.8,Debugging
AI_USR078,Org-Beta-Team2,Org-Beta,2026-01-04,10,7.3,Data Query
AI_USR078,Org-Beta-Team2,Org-Beta,2026-01-05,2,6.8,Code Generation
AI_USR078,Org-Beta-Team2,Org-Beta,2026-01-06,17,6.5,Summarization
AI_USR078,Org-Beta-Team2,Org-Beta,2026-01-07,3,6.6,Debugging
AI_USR078,Org-Beta-Team2,Org-Beta,2026-01-08,16,7.1,Debugging
AI_USR078,Org-Beta-Team2,Org-Beta,2026-01-09,7,7.2,Debugging
AI_USR078,Org-Beta-Team2,Org-Beta,2026-01-10,15,6.7,Code Generation
AI_USR078,Org-Beta-Team2,Org-Beta,2026-01-11,13,7.2,Summarization
AI_USR078,Org-Beta-Team2,Org-Beta,2026-01-12,12,6.2,Documentation
AI_USR078,Org-Beta-Team2,Org-Beta,2026-01-14,5,6.6,Data Query
AI_USR078,Org-Beta-Team2,Org-Beta,2026-01-16,15,6.1,Debugging
AI_USR078,Org-Beta-Team2,Org-Beta,2026-01-19,1,5.8,Summarization
AI_USR078,Org-Beta-Team2,Org-Beta,2026-01-20,4,6.9,Documentation
AI_USR078,Org-Beta-Team2,Org-Beta,2026-01-21,12,7.2,Code Generation
AI_USR078,Org-Beta-Team2,Org-Beta,2026-01-23,11,6.1,Summarization
AI_USR078,Org-Beta-Team2,Org-Beta,2026-01-24,7,7.5,Planning
AI_USR078,Org-Beta-Team2,Org-Beta,2026-01-26,12,6.4,Summarization
AI_USR078,Org-Beta-Team2,Org-Beta,2026-01-28,10,6.3,Data Query
AI_USR078,Org-Beta-Team2,Org-Beta,2026-01-30,13,6.4,Data Query
AI_USR078,Org-Beta-Team2,Org-Beta,2026-02-01,11,6.1,Documentation
AI_USR078,Org-Beta-Team2,Org-Beta,2026-02-02,14,7.1,Documentation
AI_USR078,Org-Beta-Team2,Org-Beta,2026-02-04,16,6.2,Debugging
AI_USR078,Org-Beta-Team2,Org-Beta,2026-02-05,18,6.6,Debugging
AI_USR078,Org-Beta-Team2,Org-Beta,2026-02-09,18,7.1,Summarization
AI_USR078,Org-Beta-Team2,Org-Beta,2026-02-13,19,5.8,Summarization
AI_USR078,Org-Beta-Team2,Org-Beta,2026-02-14,12,6.5,Debugging
AI_USR078,Org-Beta-Team2,Org-Beta,2026-02-19,1,6.4,Data Query
AI_USR078,Org-Beta-Team2,Org-Beta,2026-02-21,3,7.2,Summarization
AI_USR078,Org-Beta-Team2,Org-Beta,2026-02-22,13,7.2,Debugging
AI_USR078,Org-Beta-Team2,Org-Beta,2026-02-26,7,7.1,Debugging
AI_USR078,Org-Beta-Team2,Org-Beta,2026-02-28,4,6.6,Data Query
AI_USR078,Org-Beta-Team2,Org-Beta,2026-03-01,1,6.0,Planning
AI_USR078,Org-Beta-Team2,Org-Beta,2026-03-03,8,6.9,Data Query
AI_USR078,Org-Beta-Team2,Org-Beta,2026-03-04,3,7.3,Documentation
AI_USR078,Org-Beta-Team2,Org-Beta,2026-03-05,3,7.3,Debugging
AI_USR078,Org-Beta-Team2,Org-Beta,2026-03-06,10,7.4,Documentation
AI_USR078,Org-Beta-Team2,Org-Beta,2026-03-07,1,6.9,Data Query
AI_USR078,Org-Beta-Team2,Org-Beta,2026-03-08,5,6.3,Data Query
AI_USR078,Org-Beta-Team2,Org-Beta,2026-03-09,10,6.1,Documentation
AI_USR078,Org-Beta-Team2,Org-Beta,2026-03-10,19,6.5,Planning
AI_USR078,Org-Beta-Team2,Org-Beta,2026-03-12,18,5.8,Data Query
AI_USR078,Org-Beta-Team2,Org-Beta,2026-03-15,15,6.9,Data Query
AI_USR078,Org-Beta-Team2,Org-Beta,2026-03-17,7,6.9,Documentation
AI_USR078,Org-Beta-Team2,Org-Beta,2026-03-19,9,7.4,Data Query
AI_USR078,Org-Beta-Team2,Org-Beta,2026-03-20,18,6.0,Debugging
AI_USR078,Org-Beta-Team2,Org-Beta,2026-03-23,1,7.7,Planning
AI_USR078,Org-Beta-Team2,Org-Beta,2026-03-26,2,7.4,Documentation
AI_USR078,Org-Beta-Team2,Org-Beta,2026-03-28,10,6.9,Planning
AI_USR078,Org-Beta-Team2,Org-Beta,2026-03-29,3,7.8,Summarization
AI_USR078,Org-Beta-Team2,Org-Beta,2026-03-30,17,6.8,Documentation
AI_USR078,Org-Beta-Team2,Org-Beta,2026-03-31,3,7.6,Planning
AI_USR079,Org-Epsilon-Team3,Org-Epsilon,2026-01-03,17,3.7,Planning
AI_USR079,Org-Epsilon-Team3,Org-Epsilon,2026-01-04,4,2.7,Summarization
AI_USR079,Org-Epsilon-Team3,Org-Epsilon,2026-01-05,13,2.6,Debugging
AI_USR079,Org-Epsilon-Team3,Org-Epsilon,2026-01-08,18,2.6,Documentation
AI_USR079,Org-Epsilon-Team3,Org-Epsilon,2026-01-09,19,2.9,Planning
AI_USR079,Org-Epsilon-Team3,Org-Epsilon,2026-01-10,13,2.8,Debugging
AI_USR079,Org-Epsilon-Team3,Org-Epsilon,2026-01-11,20,3.8,Data Query
AI_USR079,Org-Epsilon-Team3,Org-Epsilon,2026-01-12,7,3.7,Planning
AI_USR079,Org-Epsilon-Team3,Org-Epsilon,2026-01-13,5,3.2,Planning
AI_USR079,Org-Epsilon-Team3,Org-Epsilon,2026-01-14,2,3.2,Summarization
AI_USR079,Org-Epsilon-Team3,Org-Epsilon,2026-01-15,16,3.4,Documentation
AI_USR079,Org-Epsilon-Team3,Org-Epsilon,2026-01-16,2,2.8,Data Query
AI_USR079,Org-Epsilon-Team3,Org-Epsilon,2026-01-17,16,3.1,Planning
AI_USR079,Org-Epsilon-Team3,Org-Epsilon,2026-01-18,13,2.6,Summarization
AI_USR079,Org-Epsilon-Team3,Org-Epsilon,2026-01-19,15,3.6,Summarization
AI_USR079,Org-Epsilon-Team3,Org-Epsilon,2026-01-21,9,3.8,Data Query
AI_USR079,Org-Epsilon-Team3,Org-Epsilon,2026-01-22,6,2.8,Code Generation
AI_USR079,Org-Epsilon-Team3,Org-Epsilon,2026-01-23,18,4.3,Debugging
AI_USR079,Org-Epsilon-Team3,Org-Epsilon,2026-01-27,14,3.4,Summarization
AI_USR079,Org-Epsilon-Team3,Org-Epsilon,2026-01-28,1,3.0,Code Generation
AI_USR079,Org-Epsilon-Team3,Org-Epsilon,2026-01-29,8,3.1,Documentation
AI_USR079,Org-Epsilon-Team3,Org-Epsilon,2026-01-30,3,4.4,Debugging
AI_USR079,Org-Epsilon-Team3,Org-Epsilon,2026-02-01,4,3.7,Debugging
AI_USR079,Org-Epsilon-Team3,Org-Epsilon,2026-02-02,10,3.3,Planning
AI_USR079,Org-Epsilon-Team3,Org-Epsilon,2026-02-03,1,3.9,Summarization
AI_USR079,Org-Epsilon-Team3,Org-Epsilon,2026-02-05,19,3.6,Code Generation
AI_USR079,Org-Epsilon-Team3,Org-Epsilon,2026-02-06,14,4.5,Summarization
AI_USR079,Org-Epsilon-Team3,Org-Epsilon,2026-02-08,2,3.3,Planning
AI_USR079,Org-Epsilon-Team3,Org-Epsilon,2026-02-11,5,4.5,Summarization
AI_USR079,Org-Epsilon-Team3,Org-Epsilon,2026-02-12,9,3.8,Debugging
AI_USR079,Org-Epsilon-Team3,Org-Epsilon,2026-02-14,2,3.6,Code Generation
AI_USR079,Org-Epsilon-Team3,Org-Epsilon,2026-02-16,2,4.6,Planning
AI_USR079,Org-Epsilon-Team3,Org-Epsilon,2026-02-17,11,3.0,Planning
AI_USR079,Org-Epsilon-Team3,Org-Epsilon,2026-02-18,8,3.0,Summarization
AI_USR079,Org-Epsilon-Team3,Org-Epsilon,2026-02-19,14,4.5,Documentation
AI_USR079,Org-Epsilon-Team3,Org-Epsilon,2026-02-20,17,3.4,Summarization
AI_USR079,Org-Epsilon-Team3,Org-Epsilon,2026-02-21,3,3.1,Documentation
AI_USR079,Org-Epsilon-Team3,Org-Epsilon,2026-02-22,13,3.6,Data Query
AI_USR079,Org-Epsilon-Team3,Org-Epsilon,2026-02-23,20,4.4,Documentation
AI_USR079,Org-Epsilon-Team3,Org-Epsilon,2026-02-24,5,4.9,Code Generation
AI_USR079,Org-Epsilon-Team3,Org-Epsilon,2026-02-25,17,5.0,Planning
AI_USR079,Org-Epsilon-Team3,Org-Epsilon,2026-02-26,18,5.0,Documentation
AI_USR079,Org-Epsilon-Team3,Org-Epsilon,2026-02-27,10,4.1,Code Generation
AI_USR079,Org-Epsilon-Team3,Org-Epsilon,2026-03-02,5,5.0,Data Query
AI_USR079,Org-Epsilon-Team3,Org-Epsilon,2026-03-03,6,3.8,Debugging
AI_USR079,Org-Epsilon-Team3,Org-Epsilon,2026-03-04,7,3.5,Debugging
AI_USR079,Org-Epsilon-Team3,Org-Epsilon,2026-03-07,6,3.9,Summarization
AI_USR079,Org-Epsilon-Team3,Org-Epsilon,2026-03-08,11,3.5,Documentation
AI_USR079,Org-Epsilon-Team3,Org-Epsilon,2026-03-11,9,4.9,Code Generation
AI_USR079,Org-Epsilon-Team3,Org-Epsilon,2026-03-12,1,4.2,Summarization
AI_USR079,Org-Epsilon-Team3,Org-Epsilon,2026-03-13,4,4.5,Code Generation
AI_USR079,Org-Epsilon-Team3,Org-Epsilon,2026-03-15,4,3.6,Code Generation
AI_USR079,Org-Epsilon-Team3,Org-Epsilon,2026-03-19,17,3.9,Planning
AI_USR079,Org-Epsilon-Team3,Org-Epsilon,2026-03-20,12,4.3,Debugging
AI_USR079,Org-Epsilon-Team3,Org-Epsilon,2026-03-21,20,5.0,Planning
AI_USR079,Org-Epsilon-Team3,Org-Epsilon,2026-03-22,8,4.8,Planning
AI_USR079,Org-Epsilon-Team3,Org-Epsilon,2026-03-25,20,4.6,Code Generation
AI_USR079,Org-Epsilon-Team3,Org-Epsilon,2026-03-27,6,3.9,Documentation
AI_USR079,Org-Epsilon-Team3,Org-Epsilon,2026-03-28,6,3.9,Planning
AI_USR079,Org-Epsilon-Team3,Org-Epsilon,2026-03-29,19,4.7,Documentation
AI_USR079,Org-Epsilon-Team3,Org-Epsilon,2026-03-31,9,4.8,Code Generation
AI_USR080,Org-Alpha-Team4,Org-Alpha,2026-01-01,19,5.7,Documentation
AI_USR080,Org-Alpha-Team4,Org-Alpha,2026-01-02,5,5.4,Code Generation
AI_USR080,Org-Alpha-Team4,Org-Alpha,2026-01-05,5,4.2,Debugging
AI_USR080,Org-Alpha-Team4,Org-Alpha,2026-01-06,12,5.6,Documentation
AI_USR080,Org-Alpha-Team4,Org-Alpha,2026-01-07,19,4.2,Code Generation
AI_USR080,Org-Alpha-Team4,Org-Alpha,2026-01-08,10,4.6,Documentation
AI_USR080,Org-Alpha-Team4,Org-Alpha,2026-01-09,18,4.8,Code Generation
AI_USR080,Org-Alpha-Team4,Org-Alpha,2026-01-10,9,4.8,Documentation
AI_USR080,Org-Alpha-Team4,Org-Alpha,2026-01-11,8,6.2,Code Generation
AI_USR080,Org-Alpha-Team4,Org-Alpha,2026-01-13,10,5.9,Data Query
AI_USR080,Org-Alpha-Team4,Org-Alpha,2026-01-14,1,4.6,Data Query
AI_USR080,Org-Alpha-Team4,Org-Alpha,2026-01-15,17,4.7,Code Generation
AI_USR080,Org-Alpha-Team4,Org-Alpha,2026-01-16,4,5.3,Code Generation
AI_USR080,Org-Alpha-Team4,Org-Alpha,2026-01-17,9,4.4,Planning
AI_USR080,Org-Alpha-Team4,Org-Alpha,2026-01-18,11,5.9,Summarization
AI_USR080,Org-Alpha-Team4,Org-Alpha,2026-01-20,12,5.1,Summarization
AI_USR080,Org-Alpha-Team4,Org-Alpha,2026-01-21,2,4.6,Debugging
AI_USR080,Org-Alpha-Team4,Org-Alpha,2026-01-22,20,6.5,Debugging
AI_USR080,Org-Alpha-Team4,Org-Alpha,2026-01-23,14,5.4,Code Generation
AI_USR080,Org-Alpha-Team4,Org-Alpha,2026-01-24,5,6.5,Summarization
AI_USR080,Org-Alpha-Team4,Org-Alpha,2026-01-25,5,6.2,Code Generation
AI_USR080,Org-Alpha-Team4,Org-Alpha,2026-01-26,10,4.6,Code Generation
AI_USR080,Org-Alpha-Team4,Org-Alpha,2026-01-27,16,4.6,Debugging
AI_USR080,Org-Alpha-Team4,Org-Alpha,2026-01-28,2,4.6,Planning
AI_USR080,Org-Alpha-Team4,Org-Alpha,2026-01-29,13,4.7,Code Generation
AI_USR080,Org-Alpha-Team4,Org-Alpha,2026-01-30,14,4.8,Data Query
AI_USR080,Org-Alpha-Team4,Org-Alpha,2026-01-31,7,5.1,Debugging
AI_USR080,Org-Alpha-Team4,Org-Alpha,2026-02-04,17,5.7,Summarization
AI_USR080,Org-Alpha-Team4,Org-Alpha,2026-02-05,17,5.0,Data Query
AI_USR080,Org-Alpha-Team4,Org-Alpha,2026-02-07,2,5.6,Documentation
AI_USR080,Org-Alpha-Team4,Org-Alpha,2026-02-08,11,6.0,Summarization
AI_USR080,Org-Alpha-Team4,Org-Alpha,2026-02-09,17,5.9,Summarization
AI_USR080,Org-Alpha-Team4,Org-Alpha,2026-02-11,2,5.5,Planning
AI_USR080,Org-Alpha-Team4,Org-Alpha,2026-02-12,13,5.8,Summarization
AI_USR080,Org-Alpha-Team4,Org-Alpha,2026-02-13,13,4.8,Data Query
AI_USR080,Org-Alpha-Team4,Org-Alpha,2026-02-16,7,6.1,Summarization
AI_USR080,Org-Alpha-Team4,Org-Alpha,2026-02-21,16,6.4,Planning
AI_USR080,Org-Alpha-Team4,Org-Alpha,2026-02-23,16,5.5,Summarization
AI_USR080,Org-Alpha-Team4,Org-Alpha,2026-02-27,6,5.6,Code Generation
AI_USR080,Org-Alpha-Team4,Org-Alpha,2026-03-01,19,6.9,Summarization
AI_USR080,Org-Alpha-Team4,Org-Alpha,2026-03-02,4,5.4,Code Generation
AI_USR080,Org-Alpha-Team4,Org-Alpha,2026-03-03,12,6.6,Data Query
AI_USR080,Org-Alpha-Team4,Org-Alpha,2026-03-04,4,6.1,Documentation
AI_USR080,Org-Alpha-Team4,Org-Alpha,2026-03-05,10,6.8,Summarization
AI_USR080,Org-Alpha-Team4,Org-Alpha,2026-03-06,14,6.2,Planning
AI_USR080,Org-Alpha-Team4,Org-Alpha,2026-03-07,15,7.0,Documentation
AI_USR080,Org-Alpha-Team4,Org-Alpha,2026-03-09,20,6.0,Planning
AI_USR080,Org-Alpha-Team4,Org-Alpha,2026-03-11,16,5.6,Code Generation
AI_USR080,Org-Alpha-Team4,Org-Alpha,2026-03-12,19,5.8,Debugging
AI_USR080,Org-Alpha-Team4,Org-Alpha,2026-03-13,7,7.0,Data Query
AI_USR080,Org-Alpha-Team4,Org-Alpha,2026-03-14,7,6.1,Documentation
AI_USR080,Org-Alpha-Team4,Org-Alpha,2026-03-16,11,6.2,Documentation
AI_USR080,Org-Alpha-Team4,Org-Alpha,2026-03-17,13,6.4,Planning
AI_USR080,Org-Alpha-Team4,Org-Alpha,2026-03-19,19,6.2,Debugging
AI_USR080,Org-Alpha-Team4,Org-Alpha,2026-03-23,3,6.2,Documentation
AI_USR080,Org-Alpha-Team4,Org-Alpha,2026-03-25,19,5.6,Debugging
AI_USR080,Org-Alpha-Team4,Org-Alpha,2026-03-26,11,7.2,Code Generation
AI_USR080,Org-Alpha-Team4,Org-Alpha,2026-03-28,11,6.3,Planning
AI_USR080,Org-Alpha-Team4,Org-Alpha,2026-03-30,12,6.1,Documentation
AI_USR080,Org-Alpha-Team4,Org-Alpha,2026-03-31,1,5.8,Planning
AI_USR081,Org-Beta-Team2,Org-Beta,2026-01-01,6,8.6,Summarization
AI_USR081,Org-Beta-Team2,Org-Beta,2026-01-02,18,7.9,Planning
AI_USR081,Org-Beta-Team2,Org-Beta,2026-01-03,11,7.6,Documentation
AI_USR081,Org-Beta-Team2,Org-Beta,2026-01-04,14,8.1,Summarization
AI_USR081,Org-Beta-Team2,Org-Beta,2026-01-05,10,7.9,Data Query
AI_USR081,Org-Beta-Team2,Org-Beta,2026-01-06,9,7.6,Debugging
AI_USR081,Org-Beta-Team2,Org-Beta,2026-01-07,3,7.2,Debugging
AI_USR081,Org-Beta-Team2,Org-Beta,2026-01-12,18,7.6,Data Query
AI_USR081,Org-Beta-Team2,Org-Beta,2026-01-14,19,8.9,Debugging
AI_USR081,Org-Beta-Team2,Org-Beta,2026-01-17,3,7.5,Data Query
AI_USR081,Org-Beta-Team2,Org-Beta,2026-01-18,5,8.8,Summarization
AI_USR081,Org-Beta-Team2,Org-Beta,2026-01-20,9,8.0,Debugging
AI_USR081,Org-Beta-Team2,Org-Beta,2026-01-22,4,8.7,Code Generation
AI_USR081,Org-Beta-Team2,Org-Beta,2026-01-23,7,7.8,Debugging
AI_USR081,Org-Beta-Team2,Org-Beta,2026-01-25,5,8.1,Data Query
AI_USR081,Org-Beta-Team2,Org-Beta,2026-01-26,7,7.4,Code Generation
AI_USR081,Org-Beta-Team2,Org-Beta,2026-01-29,17,8.7,Data Query
AI_USR081,Org-Beta-Team2,Org-Beta,2026-01-30,1,7.5,Documentation
AI_USR081,Org-Beta-Team2,Org-Beta,2026-01-31,10,9.3,Code Generation
AI_USR081,Org-Beta-Team2,Org-Beta,2026-02-01,19,8.2,Summarization
AI_USR081,Org-Beta-Team2,Org-Beta,2026-02-02,14,9.4,Code Generation
AI_USR081,Org-Beta-Team2,Org-Beta,2026-02-07,9,9.1,Summarization
AI_USR081,Org-Beta-Team2,Org-Beta,2026-02-08,18,8.8,Summarization
AI_USR081,Org-Beta-Team2,Org-Beta,2026-02-11,1,8.2,Planning
AI_USR081,Org-Beta-Team2,Org-Beta,2026-02-12,6,9.2,Data Query
AI_USR081,Org-Beta-Team2,Org-Beta,2026-02-14,7,9.2,Debugging
AI_USR081,Org-Beta-Team2,Org-Beta,2026-02-15,16,9.2,Debugging
AI_USR081,Org-Beta-Team2,Org-Beta,2026-02-16,12,9.5,Data Query
AI_USR081,Org-Beta-Team2,Org-Beta,2026-02-17,11,9.1,Data Query
AI_USR081,Org-Beta-Team2,Org-Beta,2026-02-18,11,8.0,Planning
AI_USR081,Org-Beta-Team2,Org-Beta,2026-02-19,14,10.0,Planning
AI_USR081,Org-Beta-Team2,Org-Beta,2026-02-21,4,9.5,Data Query
AI_USR081,Org-Beta-Team2,Org-Beta,2026-02-25,18,9.2,Planning
AI_USR081,Org-Beta-Team2,Org-Beta,2026-02-28,3,9.1,Documentation
AI_USR081,Org-Beta-Team2,Org-Beta,2026-03-01,10,9.5,Documentation
AI_USR081,Org-Beta-Team2,Org-Beta,2026-03-02,13,9.4,Debugging
AI_USR081,Org-Beta-Team2,Org-Beta,2026-03-03,6,9.1,Debugging
AI_USR081,Org-Beta-Team2,Org-Beta,2026-03-04,9,9.6,Planning
AI_USR081,Org-Beta-Team2,Org-Beta,2026-03-05,11,8.5,Code Generation
AI_USR081,Org-Beta-Team2,Org-Beta,2026-03-06,17,9.7,Documentation
AI_USR081,Org-Beta-Team2,Org-Beta,2026-03-07,19,10.0,Code Generation
AI_USR081,Org-Beta-Team2,Org-Beta,2026-03-08,3,10.0,Planning
AI_USR081,Org-Beta-Team2,Org-Beta,2026-03-09,6,8.7,Summarization
AI_USR081,Org-Beta-Team2,Org-Beta,2026-03-11,6,9.0,Code Generation
AI_USR081,Org-Beta-Team2,Org-Beta,2026-03-12,17,9.6,Planning
AI_USR081,Org-Beta-Team2,Org-Beta,2026-03-14,1,8.9,Planning
AI_USR081,Org-Beta-Team2,Org-Beta,2026-03-16,19,10.0,Code Generation
AI_USR081,Org-Beta-Team2,Org-Beta,2026-03-17,12,10.0,Data Query
AI_USR081,Org-Beta-Team2,Org-Beta,2026-03-19,15,10.0,Summarization
AI_USR081,Org-Beta-Team2,Org-Beta,2026-03-21,13,9.7,Documentation
AI_USR081,Org-Beta-Team2,Org-Beta,2026-03-22,10,10.0,Data Query
AI_USR081,Org-Beta-Team2,Org-Beta,2026-03-23,4,9.7,Summarization
AI_USR081,Org-Beta-Team2,Org-Beta,2026-03-24,17,9.9,Data Query
AI_USR081,Org-Beta-Team2,Org-Beta,2026-03-25,1,10.0,Planning
AI_USR081,Org-Beta-Team2,Org-Beta,2026-03-26,15,10.0,Data Query
AI_USR081,Org-Beta-Team2,Org-Beta,2026-03-29,11,10.0,Summarization
AI_USR081,Org-Beta-Team2,Org-Beta,2026-03-31,13,10.0,Documentation
AI_USR082,Org-Epsilon-Team4,Org-Epsilon,2026-01-01,12,5.4,Code Generation
AI_USR082,Org-Epsilon-Team4,Org-Epsilon,2026-01-02,14,4.5,Debugging
AI_USR082,Org-Epsilon-Team4,Org-Epsilon,2026-01-04,1,3.9,Code Generation
AI_USR082,Org-Epsilon-Team4,Org-Epsilon,2026-01-06,20,4.2,Debugging
AI_USR082,Org-Epsilon-Team4,Org-Epsilon,2026-01-07,14,4.4,Debugging
AI_USR082,Org-Epsilon-Team4,Org-Epsilon,2026-01-08,6,4.2,Debugging
AI_USR082,Org-Epsilon-Team4,Org-Epsilon,2026-01-09,5,5.0,Summarization
AI_USR082,Org-Epsilon-Team4,Org-Epsilon,2026-01-10,4,4.1,Documentation
AI_USR082,Org-Epsilon-Team4,Org-Epsilon,2026-01-11,8,4.3,Data Query
AI_USR082,Org-Epsilon-Team4,Org-Epsilon,2026-01-14,18,4.5,Debugging
AI_USR082,Org-Epsilon-Team4,Org-Epsilon,2026-01-15,16,4.5,Debugging
AI_USR082,Org-Epsilon-Team4,Org-Epsilon,2026-01-16,12,4.6,Documentation
AI_USR082,Org-Epsilon-Team4,Org-Epsilon,2026-01-18,8,5.4,Data Query
AI_USR082,Org-Epsilon-Team4,Org-Epsilon,2026-01-19,12,5.3,Documentation
AI_USR082,Org-Epsilon-Team4,Org-Epsilon,2026-01-20,14,3.8,Code Generation
AI_USR082,Org-Epsilon-Team4,Org-Epsilon,2026-01-23,16,3.9,Planning
AI_USR082,Org-Epsilon-Team4,Org-Epsilon,2026-01-24,13,4.1,Data Query
AI_USR082,Org-Epsilon-Team4,Org-Epsilon,2026-01-25,17,3.6,Code Generation
AI_USR082,Org-Epsilon-Team4,Org-Epsilon,2026-01-29,13,5.4,Debugging
AI_USR082,Org-Epsilon-Team4,Org-Epsilon,2026-01-31,4,4.1,Planning
AI_USR082,Org-Epsilon-Team4,Org-Epsilon,2026-02-01,1,4.8,Debugging
AI_USR082,Org-Epsilon-Team4,Org-Epsilon,2026-02-03,5,4.2,Debugging
AI_USR082,Org-Epsilon-Team4,Org-Epsilon,2026-02-05,13,4.3,Summarization
AI_USR082,Org-Epsilon-Team4,Org-Epsilon,2026-02-06,2,5.1,Code Generation
AI_USR082,Org-Epsilon-Team4,Org-Epsilon,2026-02-07,7,5.1,Code Generation
AI_USR082,Org-Epsilon-Team4,Org-Epsilon,2026-02-08,5,5.1,Documentation
AI_USR082,Org-Epsilon-Team4,Org-Epsilon,2026-02-12,11,4.5,Summarization
AI_USR082,Org-Epsilon-Team4,Org-Epsilon,2026-02-13,12,5.4,Data Query
AI_USR082,Org-Epsilon-Team4,Org-Epsilon,2026-02-14,2,3.9,Planning
AI_USR082,Org-Epsilon-Team4,Org-Epsilon,2026-02-15,20,4.8,Code Generation
AI_USR082,Org-Epsilon-Team4,Org-Epsilon,2026-02-16,7,5.3,Debugging
AI_USR082,Org-Epsilon-Team4,Org-Epsilon,2026-02-17,15,4.5,Summarization
AI_USR082,Org-Epsilon-Team4,Org-Epsilon,2026-02-18,15,4.9,Debugging
AI_USR082,Org-Epsilon-Team4,Org-Epsilon,2026-02-19,20,3.9,Code Generation
AI_USR082,Org-Epsilon-Team4,Org-Epsilon,2026-02-21,4,4.7,Data Query
AI_USR082,Org-Epsilon-Team4,Org-Epsilon,2026-02-22,8,4.3,Planning
AI_USR082,Org-Epsilon-Team4,Org-Epsilon,2026-02-25,4,5.0,Planning
AI_USR082,Org-Epsilon-Team4,Org-Epsilon,2026-03-01,1,4.6,Debugging
AI_USR082,Org-Epsilon-Team4,Org-Epsilon,2026-03-04,20,4.1,Summarization
AI_USR082,Org-Epsilon-Team4,Org-Epsilon,2026-03-06,18,4.0,Data Query
AI_USR082,Org-Epsilon-Team4,Org-Epsilon,2026-03-09,16,4.7,Documentation
AI_USR082,Org-Epsilon-Team4,Org-Epsilon,2026-03-11,17,4.5,Summarization
AI_USR082,Org-Epsilon-Team4,Org-Epsilon,2026-03-12,7,3.7,Code Generation
AI_USR082,Org-Epsilon-Team4,Org-Epsilon,2026-03-13,4,4.0,Debugging
AI_USR082,Org-Epsilon-Team4,Org-Epsilon,2026-03-16,14,5.1,Debugging
AI_USR082,Org-Epsilon-Team4,Org-Epsilon,2026-03-17,3,4.1,Code Generation
AI_USR082,Org-Epsilon-Team4,Org-Epsilon,2026-03-18,4,3.8,Planning
AI_USR082,Org-Epsilon-Team4,Org-Epsilon,2026-03-19,12,4.3,Data Query
AI_USR082,Org-Epsilon-Team4,Org-Epsilon,2026-03-21,12,5.1,Data Query
AI_USR082,Org-Epsilon-Team4,Org-Epsilon,2026-03-22,3,3.7,Planning
AI_USR082,Org-Epsilon-Team4,Org-Epsilon,2026-03-26,20,5.0,Debugging
AI_USR082,Org-Epsilon-Team4,Org-Epsilon,2026-03-28,20,5.2,Code Generation
AI_USR082,Org-Epsilon-Team4,Org-Epsilon,2026-03-29,13,4.6,Debugging
AI_USR083,Org-Epsilon-Team1,Org-Epsilon,2026-01-01,14,1.9,Planning
AI_USR083,Org-Epsilon-Team1,Org-Epsilon,2026-01-03,15,2.0,Data Query
AI_USR083,Org-Epsilon-Team1,Org-Epsilon,2026-01-04,13,3.4,Code Generation
AI_USR083,Org-Epsilon-Team1,Org-Epsilon,2026-01-06,4,3.4,Debugging
AI_USR083,Org-Epsilon-Team1,Org-Epsilon,2026-01-07,6,1.8,Debugging
AI_USR083,Org-Epsilon-Team1,Org-Epsilon,2026-01-08,9,1.9,Code Generation
AI_USR083,Org-Epsilon-Team1,Org-Epsilon,2026-01-09,10,2.6,Debugging
AI_USR083,Org-Epsilon-Team1,Org-Epsilon,2026-01-10,19,2.8,Summarization
AI_USR083,Org-Epsilon-Team1,Org-Epsilon,2026-01-11,17,2.2,Debugging
AI_USR083,Org-Epsilon-Team1,Org-Epsilon,2026-01-13,8,2.9,Documentation
AI_USR083,Org-Epsilon-Team1,Org-Epsilon,2026-01-14,18,2.6,Planning
AI_USR083,Org-Epsilon-Team1,Org-Epsilon,2026-01-15,12,3.3,Code Generation
AI_USR083,Org-Epsilon-Team1,Org-Epsilon,2026-01-17,6,2.8,Planning
AI_USR083,Org-Epsilon-Team1,Org-Epsilon,2026-01-18,3,2.5,Data Query
AI_USR083,Org-Epsilon-Team1,Org-Epsilon,2026-01-21,20,3.7,Documentation
AI_USR083,Org-Epsilon-Team1,Org-Epsilon,2026-01-24,5,3.1,Code Generation
AI_USR083,Org-Epsilon-Team1,Org-Epsilon,2026-01-28,10,2.6,Planning
AI_USR083,Org-Epsilon-Team1,Org-Epsilon,2026-01-29,18,2.6,Summarization
AI_USR083,Org-Epsilon-Team1,Org-Epsilon,2026-01-30,3,2.3,Code Generation
AI_USR083,Org-Epsilon-Team1,Org-Epsilon,2026-01-31,20,3.0,Code Generation
AI_USR083,Org-Epsilon-Team1,Org-Epsilon,2026-02-02,4,3.5,Planning
AI_USR083,Org-Epsilon-Team1,Org-Epsilon,2026-02-03,17,2.9,Documentation
AI_USR083,Org-Epsilon-Team1,Org-Epsilon,2026-02-06,2,3.7,Planning
AI_USR083,Org-Epsilon-Team1,Org-Epsilon,2026-02-07,10,2.2,Debugging
AI_USR083,Org-Epsilon-Team1,Org-Epsilon,2026-02-08,8,3.2,Summarization
AI_USR083,Org-Epsilon-Team1,Org-Epsilon,2026-02-09,7,3.5,Summarization
AI_USR083,Org-Epsilon-Team1,Org-Epsilon,2026-02-10,19,3.1,Debugging
AI_USR083,Org-Epsilon-Team1,Org-Epsilon,2026-02-11,16,3.1,Summarization
AI_USR083,Org-Epsilon-Team1,Org-Epsilon,2026-02-12,6,3.7,Data Query
AI_USR083,Org-Epsilon-Team1,Org-Epsilon,2026-02-14,7,3.0,Debugging
AI_USR083,Org-Epsilon-Team1,Org-Epsilon,2026-02-16,12,3.7,Debugging
AI_USR083,Org-Epsilon-Team1,Org-Epsilon,2026-02-17,15,2.4,Planning
AI_USR083,Org-Epsilon-Team1,Org-Epsilon,2026-02-18,17,3.5,Debugging
AI_USR083,Org-Epsilon-Team1,Org-Epsilon,2026-02-19,11,3.7,Code Generation
AI_USR083,Org-Epsilon-Team1,Org-Epsilon,2026-02-21,1,3.3,Data Query
AI_USR083,Org-Epsilon-Team1,Org-Epsilon,2026-02-22,3,3.4,Data Query
AI_USR083,Org-Epsilon-Team1,Org-Epsilon,2026-02-23,7,2.3,Planning
AI_USR083,Org-Epsilon-Team1,Org-Epsilon,2026-02-26,5,3.9,Code Generation
AI_USR083,Org-Epsilon-Team1,Org-Epsilon,2026-02-27,4,3.0,Data Query
AI_USR083,Org-Epsilon-Team1,Org-Epsilon,2026-02-28,16,3.9,Summarization
AI_USR083,Org-Epsilon-Team1,Org-Epsilon,2026-03-01,8,3.4,Planning
AI_USR083,Org-Epsilon-Team1,Org-Epsilon,2026-03-03,7,3.0,Code Generation
AI_USR083,Org-Epsilon-Team1,Org-Epsilon,2026-03-05,9,3.2,Summarization
AI_USR083,Org-Epsilon-Team1,Org-Epsilon,2026-03-06,19,3.3,Summarization
AI_USR083,Org-Epsilon-Team1,Org-Epsilon,2026-03-08,2,4.2,Data Query
AI_USR083,Org-Epsilon-Team1,Org-Epsilon,2026-03-09,16,4.4,Code Generation
AI_USR083,Org-Epsilon-Team1,Org-Epsilon,2026-03-12,8,3.4,Planning
AI_USR083,Org-Epsilon-Team1,Org-Epsilon,2026-03-14,3,2.8,Debugging
AI_USR083,Org-Epsilon-Team1,Org-Epsilon,2026-03-16,9,4.1,Documentation
AI_USR083,Org-Epsilon-Team1,Org-Epsilon,2026-03-17,14,3.8,Debugging
AI_USR083,Org-Epsilon-Team1,Org-Epsilon,2026-03-21,17,2.9,Debugging
AI_USR083,Org-Epsilon-Team1,Org-Epsilon,2026-03-22,8,3.4,Summarization
AI_USR083,Org-Epsilon-Team1,Org-Epsilon,2026-03-24,2,4.2,Debugging
AI_USR083,Org-Epsilon-Team1,Org-Epsilon,2026-03-25,4,2.9,Data Query
AI_USR083,Org-Epsilon-Team1,Org-Epsilon,2026-03-27,18,3.7,Data Query
AI_USR083,Org-Epsilon-Team1,Org-Epsilon,2026-03-28,7,4.1,Debugging
AI_USR083,Org-Epsilon-Team1,Org-Epsilon,2026-03-31,12,4.0,Planning
AI_USR084,Org-Epsilon-Team3,Org-Epsilon,2026-01-01,20,7.2,Summarization
AI_USR084,Org-Epsilon-Team3,Org-Epsilon,2026-01-04,4,7.0,Summarization
AI_USR084,Org-Epsilon-Team3,Org-Epsilon,2026-01-07,17,8.0,Data Query
AI_USR084,Org-Epsilon-Team3,Org-Epsilon,2026-01-09,5,7.7,Documentation
AI_USR084,Org-Epsilon-Team3,Org-Epsilon,2026-01-10,12,7.7,Summarization
AI_USR084,Org-Epsilon-Team3,Org-Epsilon,2026-01-11,5,6.7,Documentation
AI_USR084,Org-Epsilon-Team3,Org-Epsilon,2026-01-14,5,8.2,Planning
AI_USR084,Org-Epsilon-Team3,Org-Epsilon,2026-01-15,12,8.2,Planning
AI_USR084,Org-Epsilon-Team3,Org-Epsilon,2026-01-17,17,6.7,Code Generation
AI_USR084,Org-Epsilon-Team3,Org-Epsilon,2026-01-20,7,7.5,Documentation
AI_USR084,Org-Epsilon-Team3,Org-Epsilon,2026-01-21,9,7.7,Planning
AI_USR084,Org-Epsilon-Team3,Org-Epsilon,2026-01-22,18,7.4,Code Generation
AI_USR084,Org-Epsilon-Team3,Org-Epsilon,2026-01-23,4,7.8,Data Query
AI_USR084,Org-Epsilon-Team3,Org-Epsilon,2026-01-25,14,8.0,Planning
AI_USR084,Org-Epsilon-Team3,Org-Epsilon,2026-01-26,19,7.2,Planning
AI_USR084,Org-Epsilon-Team3,Org-Epsilon,2026-01-28,8,7.3,Documentation
AI_USR084,Org-Epsilon-Team3,Org-Epsilon,2026-01-29,10,7.2,Planning
AI_USR084,Org-Epsilon-Team3,Org-Epsilon,2026-02-01,15,6.8,Summarization
AI_USR084,Org-Epsilon-Team3,Org-Epsilon,2026-02-03,19,7.9,Summarization
AI_USR084,Org-Epsilon-Team3,Org-Epsilon,2026-02-05,11,7.8,Debugging
AI_USR084,Org-Epsilon-Team3,Org-Epsilon,2026-02-06,14,6.9,Documentation
AI_USR084,Org-Epsilon-Team3,Org-Epsilon,2026-02-07,18,7.2,Planning
AI_USR084,Org-Epsilon-Team3,Org-Epsilon,2026-02-08,18,8.2,Code Generation
AI_USR084,Org-Epsilon-Team3,Org-Epsilon,2026-02-09,6,7.6,Code Generation
AI_USR084,Org-Epsilon-Team3,Org-Epsilon,2026-02-10,3,6.5,Summarization
AI_USR084,Org-Epsilon-Team3,Org-Epsilon,2026-02-11,8,8.3,Debugging
AI_USR084,Org-Epsilon-Team3,Org-Epsilon,2026-02-12,5,6.4,Code Generation
AI_USR084,Org-Epsilon-Team3,Org-Epsilon,2026-02-13,20,8.0,Data Query
AI_USR084,Org-Epsilon-Team3,Org-Epsilon,2026-02-14,17,8.0,Code Generation
AI_USR084,Org-Epsilon-Team3,Org-Epsilon,2026-02-15,12,6.7,Documentation
AI_USR084,Org-Epsilon-Team3,Org-Epsilon,2026-02-16,1,8.2,Data Query
AI_USR084,Org-Epsilon-Team3,Org-Epsilon,2026-02-19,7,7.1,Data Query
AI_USR084,Org-Epsilon-Team3,Org-Epsilon,2026-02-20,8,6.9,Summarization
AI_USR084,Org-Epsilon-Team3,Org-Epsilon,2026-02-21,11,7.0,Planning
AI_USR084,Org-Epsilon-Team3,Org-Epsilon,2026-02-23,16,7.5,Debugging
AI_USR084,Org-Epsilon-Team3,Org-Epsilon,2026-02-24,13,7.8,Planning
AI_USR084,Org-Epsilon-Team3,Org-Epsilon,2026-02-25,8,8.0,Documentation
AI_USR084,Org-Epsilon-Team3,Org-Epsilon,2026-02-26,17,7.7,Debugging
AI_USR084,Org-Epsilon-Team3,Org-Epsilon,2026-02-27,2,6.4,Documentation
AI_USR084,Org-Epsilon-Team3,Org-Epsilon,2026-03-02,5,7.8,Code Generation
AI_USR084,Org-Epsilon-Team3,Org-Epsilon,2026-03-03,2,7.3,Documentation
AI_USR084,Org-Epsilon-Team3,Org-Epsilon,2026-03-04,7,7.8,Documentation
AI_USR084,Org-Epsilon-Team3,Org-Epsilon,2026-03-05,4,7.5,Debugging
AI_USR084,Org-Epsilon-Team3,Org-Epsilon,2026-03-06,19,6.6,Summarization
AI_USR084,Org-Epsilon-Team3,Org-Epsilon,2026-03-08,12,8.2,Code Generation
AI_USR084,Org-Epsilon-Team3,Org-Epsilon,2026-03-09,15,8.3,Code Generation
AI_USR084,Org-Epsilon-Team3,Org-Epsilon,2026-03-10,5,7.7,Documentation
AI_USR084,Org-Epsilon-Team3,Org-Epsilon,2026-03-11,4,6.6,Summarization
AI_USR084,Org-Epsilon-Team3,Org-Epsilon,2026-03-13,15,8.3,Debugging
AI_USR084,Org-Epsilon-Team3,Org-Epsilon,2026-03-14,9,7.5,Planning
AI_USR084,Org-Epsilon-Team3,Org-Epsilon,2026-03-15,16,7.2,Code Generation
AI_USR084,Org-Epsilon-Team3,Org-Epsilon,2026-03-16,5,8.0,Debugging
AI_USR084,Org-Epsilon-Team3,Org-Epsilon,2026-03-17,5,6.7,Planning
AI_USR084,Org-Epsilon-Team3,Org-Epsilon,2026-03-20,17,7.9,Debugging
AI_USR084,Org-Epsilon-Team3,Org-Epsilon,2026-03-21,5,7.5,Data Query
AI_USR084,Org-Epsilon-Team3,Org-Epsilon,2026-03-23,12,7.9,Data Query
AI_USR084,Org-Epsilon-Team3,Org-Epsilon,2026-03-24,13,6.5,Planning
AI_USR084,Org-Epsilon-Team3,Org-Epsilon,2026-03-25,5,6.7,Debugging
AI_USR084,Org-Epsilon-Team3,Org-Epsilon,2026-03-28,3,6.8,Summarization
AI_USR084,Org-Epsilon-Team3,Org-Epsilon,2026-03-29,6,7.8,Summarization
AI_USR084,Org-Epsilon-Team3,Org-Epsilon,2026-03-30,11,7.8,Debugging
AI_USR084,Org-Epsilon-Team3,Org-Epsilon,2026-03-31,10,7.8,Code Generation
AI_USR085,Org-Delta-Team1,Org-Delta,2026-01-01,8,6.5,Data Query
AI_USR085,Org-Delta-Team1,Org-Delta,2026-01-03,17,5.9,Documentation
AI_USR085,Org-Delta-Team1,Org-Delta,2026-01-06,12,6.6,Data Query
AI_USR085,Org-Delta-Team1,Org-Delta,2026-01-07,1,5.9,Planning
AI_USR085,Org-Delta-Team1,Org-Delta,2026-01-10,17,6.4,Data Query
AI_USR085,Org-Delta-Team1,Org-Delta,2026-01-11,10,6.6,Data Query
AI_USR085,Org-Delta-Team1,Org-Delta,2026-01-13,3,5.9,Summarization
AI_USR085,Org-Delta-Team1,Org-Delta,2026-01-15,3,7.6,Code Generation
AI_USR085,Org-Delta-Team1,Org-Delta,2026-01-16,5,7.2,Data Query
AI_USR085,Org-Delta-Team1,Org-Delta,2026-01-18,3,7.4,Summarization
AI_USR085,Org-Delta-Team1,Org-Delta,2026-01-24,14,6.4,Debugging
AI_USR085,Org-Delta-Team1,Org-Delta,2026-01-26,14,7.1,Data Query
AI_USR085,Org-Delta-Team1,Org-Delta,2026-01-27,2,6.4,Debugging
AI_USR085,Org-Delta-Team1,Org-Delta,2026-02-01,4,7.9,Code Generation
AI_USR085,Org-Delta-Team1,Org-Delta,2026-02-03,6,7.9,Debugging
AI_USR085,Org-Delta-Team1,Org-Delta,2026-02-05,17,7.8,Summarization
AI_USR085,Org-Delta-Team1,Org-Delta,2026-02-06,5,7.6,Debugging
AI_USR085,Org-Delta-Team1,Org-Delta,2026-02-07,14,7.1,Data Query
AI_USR085,Org-Delta-Team1,Org-Delta,2026-02-08,8,6.7,Summarization
AI_USR085,Org-Delta-Team1,Org-Delta,2026-02-09,8,8.2,Data Query
AI_USR085,Org-Delta-Team1,Org-Delta,2026-02-10,8,7.1,Debugging
AI_USR085,Org-Delta-Team1,Org-Delta,2026-02-11,8,7.6,Documentation
AI_USR085,Org-Delta-Team1,Org-Delta,2026-02-13,8,7.2,Planning
AI_USR085,Org-Delta-Team1,Org-Delta,2026-02-15,3,7.8,Planning
AI_USR085,Org-Delta-Team1,Org-Delta,2026-02-16,11,7.8,Summarization
AI_USR085,Org-Delta-Team1,Org-Delta,2026-02-17,16,8.2,Code Generation
AI_USR085,Org-Delta-Team1,Org-Delta,2026-02-18,17,8.2,Debugging
AI_USR085,Org-Delta-Team1,Org-Delta,2026-02-20,13,8.3,Summarization
AI_USR085,Org-Delta-Team1,Org-Delta,2026-02-23,12,7.9,Debugging
AI_USR085,Org-Delta-Team1,Org-Delta,2026-02-24,13,8.6,Data Query
AI_USR085,Org-Delta-Team1,Org-Delta,2026-02-25,18,7.7,Code Generation
AI_USR085,Org-Delta-Team1,Org-Delta,2026-02-27,15,8.4,Documentation
AI_USR085,Org-Delta-Team1,Org-Delta,2026-02-28,1,9.1,Documentation
AI_USR085,Org-Delta-Team1,Org-Delta,2026-03-01,12,8.1,Debugging
AI_USR085,Org-Delta-Team1,Org-Delta,2026-03-02,11,8.2,Data Query
AI_USR085,Org-Delta-Team1,Org-Delta,2026-03-05,11,9.0,Documentation
AI_USR085,Org-Delta-Team1,Org-Delta,2026-03-06,18,7.6,Summarization
AI_USR085,Org-Delta-Team1,Org-Delta,2026-03-07,13,7.9,Planning
AI_USR085,Org-Delta-Team1,Org-Delta,2026-03-08,4,9.4,Planning
AI_USR085,Org-Delta-Team1,Org-Delta,2026-03-09,10,8.5,Code Generation
AI_USR085,Org-Delta-Team1,Org-Delta,2026-03-12,13,9.4,Code Generation
AI_USR085,Org-Delta-Team1,Org-Delta,2026-03-13,2,9.7,Data Query
AI_USR085,Org-Delta-Team1,Org-Delta,2026-03-14,13,8.0,Documentation
AI_USR085,Org-Delta-Team1,Org-Delta,2026-03-16,16,8.3,Debugging
AI_USR085,Org-Delta-Team1,Org-Delta,2026-03-17,20,9.0,Summarization
AI_USR085,Org-Delta-Team1,Org-Delta,2026-03-18,13,7.9,Documentation
AI_USR085,Org-Delta-Team1,Org-Delta,2026-03-20,4,8.9,Code Generation
AI_USR085,Org-Delta-Team1,Org-Delta,2026-03-22,4,8.6,Documentation
AI_USR085,Org-Delta-Team1,Org-Delta,2026-03-23,14,8.2,Summarization
AI_USR085,Org-Delta-Team1,Org-Delta,2026-03-24,19,8.9,Documentation
AI_USR085,Org-Delta-Team1,Org-Delta,2026-03-27,14,9.5,Planning
AI_USR085,Org-Delta-Team1,Org-Delta,2026-03-30,10,9.2,Summarization
AI_USR086,Org-Delta-Team3,Org-Delta,2026-01-01,16,3.4,Data Query
AI_USR086,Org-Delta-Team3,Org-Delta,2026-01-03,19,4.2,Code Generation
AI_USR086,Org-Delta-Team3,Org-Delta,2026-01-04,19,2.6,Data Query
AI_USR086,Org-Delta-Team3,Org-Delta,2026-01-11,2,3.8,Summarization
AI_USR086,Org-Delta-Team3,Org-Delta,2026-01-12,12,4.0,Data Query
AI_USR086,Org-Delta-Team3,Org-Delta,2026-01-13,15,3.2,Documentation
AI_USR086,Org-Delta-Team3,Org-Delta,2026-01-14,2,4.1,Data Query
AI_USR086,Org-Delta-Team3,Org-Delta,2026-01-16,18,2.4,Planning
AI_USR086,Org-Delta-Team3,Org-Delta,2026-01-17,20,3.0,Documentation
AI_USR086,Org-Delta-Team3,Org-Delta,2026-01-19,14,3.6,Planning
AI_USR086,Org-Delta-Team3,Org-Delta,2026-01-20,11,4.0,Data Query
AI_USR086,Org-Delta-Team3,Org-Delta,2026-01-21,20,3.5,Documentation
AI_USR086,Org-Delta-Team3,Org-Delta,2026-01-23,11,2.4,Code Generation
AI_USR086,Org-Delta-Team3,Org-Delta,2026-01-24,12,3.4,Documentation
AI_USR086,Org-Delta-Team3,Org-Delta,2026-01-25,12,2.7,Debugging
AI_USR086,Org-Delta-Team3,Org-Delta,2026-01-26,6,3.9,Debugging
AI_USR086,Org-Delta-Team3,Org-Delta,2026-01-27,9,3.6,Planning
AI_USR086,Org-Delta-Team3,Org-Delta,2026-01-29,17,3.5,Documentation
AI_USR086,Org-Delta-Team3,Org-Delta,2026-01-30,12,3.7,Code Generation
AI_USR086,Org-Delta-Team3,Org-Delta,2026-01-31,16,2.2,Data Query
AI_USR086,Org-Delta-Team3,Org-Delta,2026-02-01,16,3.7,Debugging
AI_USR086,Org-Delta-Team3,Org-Delta,2026-02-03,5,3.3,Documentation
AI_USR086,Org-Delta-Team3,Org-Delta,2026-02-06,16,2.5,Code Generation
AI_USR086,Org-Delta-Team3,Org-Delta,2026-02-07,9,2.8,Data Query
AI_USR086,Org-Delta-Team3,Org-Delta,2026-02-09,15,2.9,Debugging
AI_USR086,Org-Delta-Team3,Org-Delta,2026-02-10,2,3.3,Debugging
AI_USR086,Org-Delta-Team3,Org-Delta,2026-02-11,5,4.2,Debugging
AI_USR086,Org-Delta-Team3,Org-Delta,2026-02-13,13,2.9,Documentation
AI_USR086,Org-Delta-Team3,Org-Delta,2026-02-14,7,3.1,Data Query
AI_USR086,Org-Delta-Team3,Org-Delta,2026-02-15,8,4.2,Data Query
AI_USR086,Org-Delta-Team3,Org-Delta,2026-02-16,20,2.5,Debugging
AI_USR086,Org-Delta-Team3,Org-Delta,2026-02-17,9,3.0,Planning
AI_USR086,Org-Delta-Team3,Org-Delta,2026-02-19,14,3.6,Data Query
AI_USR086,Org-Delta-Team3,Org-Delta,2026-02-20,9,3.9,Planning
AI_USR086,Org-Delta-Team3,Org-Delta,2026-02-21,11,4.0,Documentation
AI_USR086,Org-Delta-Team3,Org-Delta,2026-02-22,8,3.6,Summarization
AI_USR086,Org-Delta-Team3,Org-Delta,2026-02-23,18,2.3,Summarization
AI_USR086,Org-Delta-Team3,Org-Delta,2026-02-27,19,3.9,Debugging
AI_USR086,Org-Delta-Team3,Org-Delta,2026-02-28,13,3.4,Debugging
AI_USR086,Org-Delta-Team3,Org-Delta,2026-03-01,15,2.4,Summarization
AI_USR086,Org-Delta-Team3,Org-Delta,2026-03-02,7,2.8,Summarization
AI_USR086,Org-Delta-Team3,Org-Delta,2026-03-03,4,3.8,Debugging
AI_USR086,Org-Delta-Team3,Org-Delta,2026-03-05,8,2.6,Documentation
AI_USR086,Org-Delta-Team3,Org-Delta,2026-03-07,7,2.9,Code Generation
AI_USR086,Org-Delta-Team3,Org-Delta,2026-03-08,6,3.8,Summarization
AI_USR086,Org-Delta-Team3,Org-Delta,2026-03-10,16,3.8,Summarization
AI_USR086,Org-Delta-Team3,Org-Delta,2026-03-11,5,2.7,Summarization
AI_USR086,Org-Delta-Team3,Org-Delta,2026-03-13,9,3.3,Code Generation
AI_USR086,Org-Delta-Team3,Org-Delta,2026-03-16,10,4.0,Code Generation
AI_USR086,Org-Delta-Team3,Org-Delta,2026-03-17,18,4.1,Summarization
AI_USR086,Org-Delta-Team3,Org-Delta,2026-03-18,7,4.1,Code Generation
AI_USR086,Org-Delta-Team3,Org-Delta,2026-03-19,6,2.9,Documentation
AI_USR086,Org-Delta-Team3,Org-Delta,2026-03-20,20,4.0,Data Query
AI_USR086,Org-Delta-Team3,Org-Delta,2026-03-21,19,3.7,Summarization
AI_USR086,Org-Delta-Team3,Org-Delta,2026-03-22,3,3.0,Documentation
AI_USR086,Org-Delta-Team3,Org-Delta,2026-03-23,12,3.3,Summarization
AI_USR086,Org-Delta-Team3,Org-Delta,2026-03-25,7,3.8,Data Query
AI_USR086,Org-Delta-Team3,Org-Delta,2026-03-27,4,3.2,Code Generation
AI_USR086,Org-Delta-Team3,Org-Delta,2026-03-28,6,3.5,Code Generation
AI_USR086,Org-Delta-Team3,Org-Delta,2026-03-29,1,2.3,Data Query
AI_USR086,Org-Delta-Team3,Org-Delta,2026-03-30,18,2.3,Planning
AI_USR086,Org-Delta-Team3,Org-Delta,2026-03-31,1,3.2,Documentation
AI_USR087,Org-Beta-Team4,Org-Beta,2026-01-01,16,3.8,Documentation
AI_USR087,Org-Beta-Team4,Org-Beta,2026-01-02,3,4.5,Planning
AI_USR087,Org-Beta-Team4,Org-Beta,2026-01-03,16,3.4,Code Generation
AI_USR087,Org-Beta-Team4,Org-Beta,2026-01-04,16,3.6,Summarization
AI_USR087,Org-Beta-Team4,Org-Beta,2026-01-05,14,4.6,Documentation
AI_USR087,Org-Beta-Team4,Org-Beta,2026-01-06,16,4.9,Code Generation
AI_USR087,Org-Beta-Team4,Org-Beta,2026-01-10,4,4.3,Debugging
AI_USR087,Org-Beta-Team4,Org-Beta,2026-01-11,19,4.1,Data Query
AI_USR087,Org-Beta-Team4,Org-Beta,2026-01-12,4,3.5,Summarization
AI_USR087,Org-Beta-Team4,Org-Beta,2026-01-17,20,5.2,Planning
AI_USR087,Org-Beta-Team4,Org-Beta,2026-01-18,11,3.9,Data Query
AI_USR087,Org-Beta-Team4,Org-Beta,2026-01-20,4,4.0,Planning
AI_USR087,Org-Beta-Team4,Org-Beta,2026-01-21,12,3.6,Documentation
AI_USR087,Org-Beta-Team4,Org-Beta,2026-01-22,9,3.9,Documentation
AI_USR087,Org-Beta-Team4,Org-Beta,2026-01-23,8,5.4,Data Query
AI_USR087,Org-Beta-Team4,Org-Beta,2026-01-24,1,5.6,Code Generation
AI_USR087,Org-Beta-Team4,Org-Beta,2026-01-26,11,5.3,Planning
AI_USR087,Org-Beta-Team4,Org-Beta,2026-01-27,2,5.7,Code Generation
AI_USR087,Org-Beta-Team4,Org-Beta,2026-01-28,11,5.4,Documentation
AI_USR087,Org-Beta-Team4,Org-Beta,2026-01-29,14,5.6,Planning
AI_USR087,Org-Beta-Team4,Org-Beta,2026-01-30,15,5.8,Code Generation
AI_USR087,Org-Beta-Team4,Org-Beta,2026-01-31,20,5.3,Data Query
AI_USR087,Org-Beta-Team4,Org-Beta,2026-02-03,11,4.6,Code Generation
AI_USR087,Org-Beta-Team4,Org-Beta,2026-02-04,11,5.5,Planning
AI_USR087,Org-Beta-Team4,Org-Beta,2026-02-06,1,4.4,Planning
AI_USR087,Org-Beta-Team4,Org-Beta,2026-02-07,6,5.5,Summarization
AI_USR087,Org-Beta-Team4,Org-Beta,2026-02-08,4,4.8,Debugging
AI_USR087,Org-Beta-Team4,Org-Beta,2026-02-09,17,5.4,Summarization
AI_USR087,Org-Beta-Team4,Org-Beta,2026-02-10,19,4.6,Documentation
AI_USR087,Org-Beta-Team4,Org-Beta,2026-02-11,1,4.6,Code Generation
AI_USR087,Org-Beta-Team4,Org-Beta,2026-02-12,2,6.2,Planning
AI_USR087,Org-Beta-Team4,Org-Beta,2026-02-14,14,6.2,Debugging
AI_USR087,Org-Beta-Team4,Org-Beta,2026-02-15,6,5.2,Documentation
AI_USR087,Org-Beta-Team4,Org-Beta,2026-02-16,7,5.4,Planning
AI_USR087,Org-Beta-Team4,Org-Beta,2026-02-18,17,5.5,Summarization
AI_USR087,Org-Beta-Team4,Org-Beta,2026-02-20,5,5.6,Summarization
AI_USR087,Org-Beta-Team4,Org-Beta,2026-02-21,13,5.3,Data Query
AI_USR087,Org-Beta-Team4,Org-Beta,2026-02-23,11,6.2,Planning
AI_USR087,Org-Beta-Team4,Org-Beta,2026-02-25,3,5.2,Data Query
AI_USR087,Org-Beta-Team4,Org-Beta,2026-02-28,18,6.4,Documentation
AI_USR087,Org-Beta-Team4,Org-Beta,2026-03-01,19,4.9,Data Query
AI_USR087,Org-Beta-Team4,Org-Beta,2026-03-02,19,6.6,Planning
AI_USR087,Org-Beta-Team4,Org-Beta,2026-03-03,18,5.1,Summarization
AI_USR087,Org-Beta-Team4,Org-Beta,2026-03-04,17,5.6,Documentation
AI_USR087,Org-Beta-Team4,Org-Beta,2026-03-06,4,5.0,Summarization
AI_USR087,Org-Beta-Team4,Org-Beta,2026-03-07,7,6.3,Planning
AI_USR087,Org-Beta-Team4,Org-Beta,2026-03-08,2,5.3,Code Generation
AI_USR087,Org-Beta-Team4,Org-Beta,2026-03-09,13,5.7,Documentation
AI_USR087,Org-Beta-Team4,Org-Beta,2026-03-12,18,6.9,Planning
AI_USR087,Org-Beta-Team4,Org-Beta,2026-03-14,3,5.7,Code Generation
AI_USR087,Org-Beta-Team4,Org-Beta,2026-03-15,13,6.9,Data Query
AI_USR087,Org-Beta-Team4,Org-Beta,2026-03-18,18,5.4,Debugging
AI_USR087,Org-Beta-Team4,Org-Beta,2026-03-19,5,7.1,Data Query
AI_USR087,Org-Beta-Team4,Org-Beta,2026-03-22,19,5.8,Code Generation
AI_USR087,Org-Beta-Team4,Org-Beta,2026-03-27,6,6.8,Data Query
AI_USR087,Org-Beta-Team4,Org-Beta,2026-03-28,19,6.6,Planning
AI_USR087,Org-Beta-Team4,Org-Beta,2026-03-29,15,7.3,Planning
AI_USR087,Org-Beta-Team4,Org-Beta,2026-03-30,5,5.5,Planning
AI_USR087,Org-Beta-Team4,Org-Beta,2026-03-31,19,7.3,Debugging
AI_USR088,Org-Beta-Team4,Org-Beta,2026-01-03,19,5.7,Planning
AI_USR088,Org-Beta-Team4,Org-Beta,2026-01-04,8,4.7,Summarization
AI_USR088,Org-Beta-Team4,Org-Beta,2026-01-05,6,5.6,Code Generation
AI_USR088,Org-Beta-Team4,Org-Beta,2026-01-07,6,5.8,Debugging
AI_USR088,Org-Beta-Team4,Org-Beta,2026-01-09,4,5.1,Debugging
AI_USR088,Org-Beta-Team4,Org-Beta,2026-01-13,1,6.4,Planning
AI_USR088,Org-Beta-Team4,Org-Beta,2026-01-16,11,5.3,Debugging
AI_USR088,Org-Beta-Team4,Org-Beta,2026-01-17,8,6.3,Debugging
AI_USR088,Org-Beta-Team4,Org-Beta,2026-01-19,16,6.1,Code Generation
AI_USR088,Org-Beta-Team4,Org-Beta,2026-01-27,14,6.9,Data Query
AI_USR088,Org-Beta-Team4,Org-Beta,2026-01-28,15,6.2,Data Query
AI_USR088,Org-Beta-Team4,Org-Beta,2026-02-01,10,5.9,Debugging
AI_USR088,Org-Beta-Team4,Org-Beta,2026-02-02,5,5.4,Code Generation
AI_USR088,Org-Beta-Team4,Org-Beta,2026-02-03,6,5.3,Debugging
AI_USR088,Org-Beta-Team4,Org-Beta,2026-02-07,19,7.1,Code Generation
AI_USR088,Org-Beta-Team4,Org-Beta,2026-02-08,2,7.2,Code Generation
AI_USR088,Org-Beta-Team4,Org-Beta,2026-02-09,16,6.5,Code Generation
AI_USR088,Org-Beta-Team4,Org-Beta,2026-02-10,2,5.7,Documentation
AI_USR088,Org-Beta-Team4,Org-Beta,2026-02-12,5,7.2,Planning
AI_USR088,Org-Beta-Team4,Org-Beta,2026-02-14,4,7.0,Summarization
AI_USR088,Org-Beta-Team4,Org-Beta,2026-02-15,5,7.5,Documentation
AI_USR088,Org-Beta-Team4,Org-Beta,2026-02-17,12,6.1,Data Query
AI_USR088,Org-Beta-Team4,Org-Beta,2026-02-18,6,6.7,Debugging
AI_USR088,Org-Beta-Team4,Org-Beta,2026-02-19,2,6.1,Data Query
AI_USR088,Org-Beta-Team4,Org-Beta,2026-02-20,1,6.9,Summarization
AI_USR088,Org-Beta-Team4,Org-Beta,2026-02-24,13,6.0,Summarization
AI_USR088,Org-Beta-Team4,Org-Beta,2026-02-26,5,7.5,Code Generation
AI_USR088,Org-Beta-Team4,Org-Beta,2026-02-27,20,6.6,Data Query
AI_USR088,Org-Beta-Team4,Org-Beta,2026-02-28,5,6.9,Summarization
AI_USR088,Org-Beta-Team4,Org-Beta,2026-03-01,8,6.4,Data Query
AI_USR088,Org-Beta-Team4,Org-Beta,2026-03-02,18,7.9,Documentation
AI_USR088,Org-Beta-Team4,Org-Beta,2026-03-05,6,7.0,Data Query
AI_USR088,Org-Beta-Team4,Org-Beta,2026-03-08,11,7.1,Planning
AI_USR088,Org-Beta-Team4,Org-Beta,2026-03-09,5,8.2,Code Generation
AI_USR088,Org-Beta-Team4,Org-Beta,2026-03-10,17,8.0,Documentation
AI_USR088,Org-Beta-Team4,Org-Beta,2026-03-11,3,8.2,Documentation
AI_USR088,Org-Beta-Team4,Org-Beta,2026-03-12,7,8.1,Debugging
AI_USR088,Org-Beta-Team4,Org-Beta,2026-03-13,19,6.5,Planning
AI_USR088,Org-Beta-Team4,Org-Beta,2026-03-14,3,7.1,Data Query
AI_USR088,Org-Beta-Team4,Org-Beta,2026-03-15,20,8.1,Data Query
AI_USR088,Org-Beta-Team4,Org-Beta,2026-03-17,16,8.0,Debugging
AI_USR088,Org-Beta-Team4,Org-Beta,2026-03-18,12,6.8,Summarization
AI_USR088,Org-Beta-Team4,Org-Beta,2026-03-22,1,7.4,Documentation
AI_USR088,Org-Beta-Team4,Org-Beta,2026-03-23,16,7.2,Summarization
AI_USR088,Org-Beta-Team4,Org-Beta,2026-03-24,2,7.3,Data Query
AI_USR088,Org-Beta-Team4,Org-Beta,2026-03-26,10,7.1,Data Query
AI_USR088,Org-Beta-Team4,Org-Beta,2026-03-28,7,8.0,Summarization
AI_USR088,Org-Beta-Team4,Org-Beta,2026-03-29,15,7.3,Code Generation
AI_USR088,Org-Beta-Team4,Org-Beta,2026-03-30,2,8.2,Data Query
AI_USR088,Org-Beta-Team4,Org-Beta,2026-03-31,8,8.0,Summarization
AI_USR089,Org-Gamma-Team4,Org-Gamma,2026-01-01,8,2.9,Summarization
AI_USR089,Org-Gamma-Team4,Org-Gamma,2026-01-03,13,3.1,Documentation
AI_USR089,Org-Gamma-Team4,Org-Gamma,2026-01-04,16,2.5,Planning
AI_USR089,Org-Gamma-Team4,Org-Gamma,2026-01-07,11,2.9,Debugging
AI_USR089,Org-Gamma-Team4,Org-Gamma,2026-01-08,5,4.0,Debugging
AI_USR089,Org-Gamma-Team4,Org-Gamma,2026-01-09,8,3.9,Planning
AI_USR089,Org-Gamma-Team4,Org-Gamma,2026-01-10,16,4.0,Planning
AI_USR089,Org-Gamma-Team4,Org-Gamma,2026-01-11,10,4.2,Summarization
AI_USR089,Org-Gamma-Team4,Org-Gamma,2026-01-12,16,2.6,Code Generation
AI_USR089,Org-Gamma-Team4,Org-Gamma,2026-01-15,2,3.5,Summarization
AI_USR089,Org-Gamma-Team4,Org-Gamma,2026-01-18,9,4.3,Planning
AI_USR089,Org-Gamma-Team4,Org-Gamma,2026-01-20,14,3.3,Summarization
AI_USR089,Org-Gamma-Team4,Org-Gamma,2026-01-24,17,3.4,Planning
AI_USR089,Org-Gamma-Team4,Org-Gamma,2026-01-25,4,3.6,Documentation
AI_USR089,Org-Gamma-Team4,Org-Gamma,2026-01-27,2,3.0,Data Query
AI_USR089,Org-Gamma-Team4,Org-Gamma,2026-01-28,4,4.1,Planning
AI_USR089,Org-Gamma-Team4,Org-Gamma,2026-01-31,14,2.3,Documentation
AI_USR089,Org-Gamma-Team4,Org-Gamma,2026-02-01,5,4.2,Documentation
AI_USR089,Org-Gamma-Team4,Org-Gamma,2026-02-03,16,4.1,Summarization
AI_USR089,Org-Gamma-Team4,Org-Gamma,2026-02-05,11,2.5,Data Query
AI_USR089,Org-Gamma-Team4,Org-Gamma,2026-02-07,8,4.0,Summarization
AI_USR089,Org-Gamma-Team4,Org-Gamma,2026-02-08,1,2.4,Planning
AI_USR089,Org-Gamma-Team4,Org-Gamma,2026-02-09,6,3.3,Data Query
AI_USR089,Org-Gamma-Team4,Org-Gamma,2026-02-10,11,2.6,Summarization
AI_USR089,Org-Gamma-Team4,Org-Gamma,2026-02-12,17,3.5,Documentation
AI_USR089,Org-Gamma-Team4,Org-Gamma,2026-02-13,10,3.6,Planning
AI_USR089,Org-Gamma-Team4,Org-Gamma,2026-02-14,7,3.0,Data Query
AI_USR089,Org-Gamma-Team4,Org-Gamma,2026-02-15,6,3.8,Planning
AI_USR089,Org-Gamma-Team4,Org-Gamma,2026-02-16,5,3.5,Documentation
AI_USR089,Org-Gamma-Team4,Org-Gamma,2026-02-18,17,3.9,Code Generation
AI_USR089,Org-Gamma-Team4,Org-Gamma,2026-02-19,8,3.5,Data Query
AI_USR089,Org-Gamma-Team4,Org-Gamma,2026-02-21,3,4.1,Documentation
AI_USR089,Org-Gamma-Team4,Org-Gamma,2026-02-22,16,2.5,Documentation
AI_USR089,Org-Gamma-Team4,Org-Gamma,2026-02-26,10,2.4,Documentation
AI_USR089,Org-Gamma-Team4,Org-Gamma,2026-02-27,20,3.1,Documentation
AI_USR089,Org-Gamma-Team4,Org-Gamma,2026-02-28,6,2.1,Debugging
AI_USR089,Org-Gamma-Team4,Org-Gamma,2026-03-02,4,2.2,Documentation
AI_USR089,Org-Gamma-Team4,Org-Gamma,2026-03-03,2,3.5,Summarization
AI_USR089,Org-Gamma-Team4,Org-Gamma,2026-03-04,8,3.5,Planning
AI_USR089,Org-Gamma-Team4,Org-Gamma,2026-03-05,13,2.1,Planning
AI_USR089,Org-Gamma-Team4,Org-Gamma,2026-03-08,7,3.9,Code Generation
AI_USR089,Org-Gamma-Team4,Org-Gamma,2026-03-09,20,2.0,Data Query
AI_USR089,Org-Gamma-Team4,Org-Gamma,2026-03-10,16,2.5,Summarization
AI_USR089,Org-Gamma-Team4,Org-Gamma,2026-03-12,8,2.8,Summarization
AI_USR089,Org-Gamma-Team4,Org-Gamma,2026-03-13,4,3.4,Summarization
AI_USR089,Org-Gamma-Team4,Org-Gamma,2026-03-14,2,2.0,Debugging
AI_USR089,Org-Gamma-Team4,Org-Gamma,2026-03-16,18,3.4,Data Query
AI_USR089,Org-Gamma-Team4,Org-Gamma,2026-03-17,3,3.2,Documentation
AI_USR089,Org-Gamma-Team4,Org-Gamma,2026-03-18,17,3.9,Data Query
AI_USR089,Org-Gamma-Team4,Org-Gamma,2026-03-19,9,2.4,Data Query
AI_USR089,Org-Gamma-Team4,Org-Gamma,2026-03-20,19,2.0,Summarization
AI_USR089,Org-Gamma-Team4,Org-Gamma,2026-03-21,3,3.8,Data Query
AI_USR089,Org-Gamma-Team4,Org-Gamma,2026-03-23,12,2.0,Data Query
AI_USR089,Org-Gamma-Team4,Org-Gamma,2026-03-24,8,3.0,Data Query
AI_USR089,Org-Gamma-Team4,Org-Gamma,2026-03-26,10,2.4,Planning
AI_USR089,Org-Gamma-Team4,Org-Gamma,2026-03-27,20,2.6,Planning
AI_USR089,Org-Gamma-Team4,Org-Gamma,2026-03-28,8,3.2,Planning
AI_USR089,Org-Gamma-Team4,Org-Gamma,2026-03-30,12,2.5,Data Query
AI_USR090,Org-Beta-Team4,Org-Beta,2026-01-02,11,8.3,Documentation
AI_USR090,Org-Beta-Team4,Org-Beta,2026-01-03,9,7.6,Data Query
AI_USR090,Org-Beta-Team4,Org-Beta,2026-01-04,16,6.7,Data Query
AI_USR090,Org-Beta-Team4,Org-Beta,2026-01-05,11,8.6,Code Generation
AI_USR090,Org-Beta-Team4,Org-Beta,2026-01-06,1,8.5,Planning
AI_USR090,Org-Beta-Team4,Org-Beta,2026-01-07,2,8.6,Summarization
AI_USR090,Org-Beta-Team4,Org-Beta,2026-01-08,11,7.0,Planning
AI_USR090,Org-Beta-Team4,Org-Beta,2026-01-09,3,7.9,Planning
AI_USR090,Org-Beta-Team4,Org-Beta,2026-01-12,6,7.3,Data Query
AI_USR090,Org-Beta-Team4,Org-Beta,2026-01-14,9,7.0,Summarization
AI_USR090,Org-Beta-Team4,Org-Beta,2026-01-16,9,7.3,Documentation
AI_USR090,Org-Beta-Team4,Org-Beta,2026-01-19,10,8.0,Data Query
AI_USR090,Org-Beta-Team4,Org-Beta,2026-01-20,13,8.7,Data Query
AI_USR090,Org-Beta-Team4,Org-Beta,2026-01-21,12,8.2,Documentation
AI_USR090,Org-Beta-Team4,Org-Beta,2026-01-22,8,7.6,Data Query
AI_USR090,Org-Beta-Team4,Org-Beta,2026-01-24,11,8.6,Debugging
AI_USR090,Org-Beta-Team4,Org-Beta,2026-01-25,1,8.0,Summarization
AI_USR090,Org-Beta-Team4,Org-Beta,2026-01-26,13,7.2,Summarization
AI_USR090,Org-Beta-Team4,Org-Beta,2026-01-28,13,7.6,Documentation
AI_USR090,Org-Beta-Team4,Org-Beta,2026-01-29,11,8.3,Summarization
AI_USR090,Org-Beta-Team4,Org-Beta,2026-01-30,6,8.0,Documentation
AI_USR090,Org-Beta-Team4,Org-Beta,2026-01-31,16,8.1,Data Query
AI_USR090,Org-Beta-Team4,Org-Beta,2026-02-01,16,8.3,Documentation
AI_USR090,Org-Beta-Team4,Org-Beta,2026-02-02,3,8.4,Documentation
AI_USR090,Org-Beta-Team4,Org-Beta,2026-02-03,12,7.8,Debugging
AI_USR090,Org-Beta-Team4,Org-Beta,2026-02-04,5,7.4,Code Generation
AI_USR090,Org-Beta-Team4,Org-Beta,2026-02-05,20,8.5,Debugging
AI_USR090,Org-Beta-Team4,Org-Beta,2026-02-06,20,8.1,Summarization
AI_USR090,Org-Beta-Team4,Org-Beta,2026-02-07,2,8.4,Planning
AI_USR090,Org-Beta-Team4,Org-Beta,2026-02-09,17,7.6,Summarization
AI_USR090,Org-Beta-Team4,Org-Beta,2026-02-10,6,7.8,Debugging
AI_USR090,Org-Beta-Team4,Org-Beta,2026-02-11,7,8.2,Data Query
AI_USR090,Org-Beta-Team4,Org-Beta,2026-02-13,3,8.4,Documentation
AI_USR090,Org-Beta-Team4,Org-Beta,2026-02-14,20,9.0,Debugging
AI_USR090,Org-Beta-Team4,Org-Beta,2026-02-15,2,8.8,Planning
AI_USR090,Org-Beta-Team4,Org-Beta,2026-02-16,17,8.8,Planning
AI_USR090,Org-Beta-Team4,Org-Beta,2026-02-17,3,9.2,Data Query
AI_USR090,Org-Beta-Team4,Org-Beta,2026-02-19,1,7.9,Code Generation
AI_USR090,Org-Beta-Team4,Org-Beta,2026-02-21,17,9.0,Code Generation
AI_USR090,Org-Beta-Team4,Org-Beta,2026-02-22,5,7.8,Data Query
AI_USR090,Org-Beta-Team4,Org-Beta,2026-02-23,5,9.1,Documentation
AI_USR090,Org-Beta-Team4,Org-Beta,2026-02-24,9,7.9,Planning
AI_USR090,Org-Beta-Team4,Org-Beta,2026-02-26,6,9.6,Debugging
AI_USR090,Org-Beta-Team4,Org-Beta,2026-02-28,2,8.8,Documentation
AI_USR090,Org-Beta-Team4,Org-Beta,2026-03-01,5,8.9,Planning
AI_USR090,Org-Beta-Team4,Org-Beta,2026-03-02,19,8.1,Debugging
AI_USR090,Org-Beta-Team4,Org-Beta,2026-03-03,18,8.4,Planning
AI_USR090,Org-Beta-Team4,Org-Beta,2026-03-05,19,9.9,Planning
AI_USR090,Org-Beta-Team4,Org-Beta,2026-03-07,17,9.6,Code Generation
AI_USR090,Org-Beta-Team4,Org-Beta,2026-03-09,11,9.3,Summarization
AI_USR090,Org-Beta-Team4,Org-Beta,2026-03-10,19,9.1,Debugging
AI_USR090,Org-Beta-Team4,Org-Beta,2026-03-11,13,8.4,Debugging
AI_USR090,Org-Beta-Team4,Org-Beta,2026-03-15,13,9.3,Debugging
AI_USR090,Org-Beta-Team4,Org-Beta,2026-03-18,4,8.5,Documentation
AI_USR090,Org-Beta-Team4,Org-Beta,2026-03-20,6,9.6,Planning
AI_USR090,Org-Beta-Team4,Org-Beta,2026-03-21,9,9.7,Planning
AI_USR090,Org-Beta-Team4,Org-Beta,2026-03-22,13,9.9,Debugging
AI_USR090,Org-Beta-Team4,Org-Beta,2026-03-25,15,9.4,Planning
AI_USR090,Org-Beta-Team4,Org-Beta,2026-03-26,1,9.7,Code Generation
AI_USR090,Org-Beta-Team4,Org-Beta,2026-03-27,12,9.5,Planning
AI_USR090,Org-Beta-Team4,Org-Beta,2026-03-28,12,8.9,Code Generation
AI_USR090,Org-Beta-Team4,Org-Beta,2026-03-29,7,9.1,Data Query
AI_USR090,Org-Beta-Team4,Org-Beta,2026-03-31,16,9.2,Debugging
AI_USR091,Org-Delta-Team3,Org-Delta,2026-01-02,2,8.3,Summarization
AI_USR091,Org-Delta-Team3,Org-Delta,2026-01-03,13,8.1,Documentation
AI_USR091,Org-Delta-Team3,Org-Delta,2026-01-05,2,7.5,Code Generation
AI_USR091,Org-Delta-Team3,Org-Delta,2026-01-08,6,6.7,Data Query
AI_USR091,Org-Delta-Team3,Org-Delta,2026-01-10,2,8.5,Planning
AI_USR091,Org-Delta-Team3,Org-Delta,2026-01-11,16,7.2,Documentation
AI_USR091,Org-Delta-Team3,Org-Delta,2026-01-12,3,7.8,Documentation
AI_USR091,Org-Delta-Team3,Org-Delta,2026-01-13,11,7.6,Data Query
AI_USR091,Org-Delta-Team3,Org-Delta,2026-01-14,14,7.7,Summarization
AI_USR091,Org-Delta-Team3,Org-Delta,2026-01-16,7,8.0,Summarization
AI_USR091,Org-Delta-Team3,Org-Delta,2026-01-19,5,8.3,Documentation
AI_USR091,Org-Delta-Team3,Org-Delta,2026-01-20,9,7.5,Code Generation
AI_USR091,Org-Delta-Team3,Org-Delta,2026-01-21,16,8.3,Debugging
AI_USR091,Org-Delta-Team3,Org-Delta,2026-01-22,11,8.5,Data Query
AI_USR091,Org-Delta-Team3,Org-Delta,2026-01-23,8,8.1,Planning
AI_USR091,Org-Delta-Team3,Org-Delta,2026-01-25,15,7.9,Code Generation
AI_USR091,Org-Delta-Team3,Org-Delta,2026-01-26,6,8.0,Data Query
AI_USR091,Org-Delta-Team3,Org-Delta,2026-01-28,20,7.5,Documentation
AI_USR091,Org-Delta-Team3,Org-Delta,2026-01-29,6,8.5,Documentation
AI_USR091,Org-Delta-Team3,Org-Delta,2026-01-30,10,8.0,Documentation
AI_USR091,Org-Delta-Team3,Org-Delta,2026-01-31,19,8.3,Data Query
AI_USR091,Org-Delta-Team3,Org-Delta,2026-02-01,10,7.6,Documentation
AI_USR091,Org-Delta-Team3,Org-Delta,2026-02-02,4,7.0,Summarization
AI_USR091,Org-Delta-Team3,Org-Delta,2026-02-03,8,8.2,Code Generation
AI_USR091,Org-Delta-Team3,Org-Delta,2026-02-04,15,7.4,Documentation
AI_USR091,Org-Delta-Team3,Org-Delta,2026-02-05,12,8.5,Code Generation
AI_USR091,Org-Delta-Team3,Org-Delta,2026-02-06,12,8.4,Data Query
AI_USR091,Org-Delta-Team3,Org-Delta,2026-02-08,18,8.8,Debugging
AI_USR091,Org-Delta-Team3,Org-Delta,2026-02-11,4,7.1,Documentation
AI_USR091,Org-Delta-Team3,Org-Delta,2026-02-13,7,8.0,Data Query
AI_USR091,Org-Delta-Team3,Org-Delta,2026-02-15,16,7.9,Summarization
AI_USR091,Org-Delta-Team3,Org-Delta,2026-02-17,9,6.9,Data Query
AI_USR091,Org-Delta-Team3,Org-Delta,2026-02-18,13,7.0,Summarization
AI_USR091,Org-Delta-Team3,Org-Delta,2026-02-21,9,8.9,Planning
AI_USR091,Org-Delta-Team3,Org-Delta,2026-02-22,18,7.3,Planning
AI_USR091,Org-Delta-Team3,Org-Delta,2026-02-23,14,7.1,Debugging
AI_USR091,Org-Delta-Team3,Org-Delta,2026-02-24,12,7.2,Summarization
AI_USR091,Org-Delta-Team3,Org-Delta,2026-02-25,3,8.9,Summarization
AI_USR091,Org-Delta-Team3,Org-Delta,2026-02-26,16,7.8,Debugging
AI_USR091,Org-Delta-Team3,Org-Delta,2026-02-27,19,7.1,Summarization
AI_USR091,Org-Delta-Team3,Org-Delta,2026-03-01,6,7.6,Data Query
AI_USR091,Org-Delta-Team3,Org-Delta,2026-03-02,4,8.9,Code Generation
AI_USR091,Org-Delta-Team3,Org-Delta,2026-03-06,6,7.8,Data Query
AI_USR091,Org-Delta-Team3,Org-Delta,2026-03-10,18,9.0,Data Query
AI_USR091,Org-Delta-Team3,Org-Delta,2026-03-12,7,8.6,Planning
AI_USR091,Org-Delta-Team3,Org-Delta,2026-03-13,10,8.6,Debugging
AI_USR091,Org-Delta-Team3,Org-Delta,2026-03-14,16,7.7,Summarization
AI_USR091,Org-Delta-Team3,Org-Delta,2026-03-16,15,8.0,Summarization
AI_USR091,Org-Delta-Team3,Org-Delta,2026-03-17,20,8.1,Debugging
AI_USR091,Org-Delta-Team3,Org-Delta,2026-03-18,7,7.6,Planning
AI_USR091,Org-Delta-Team3,Org-Delta,2026-03-19,9,8.2,Documentation
AI_USR091,Org-Delta-Team3,Org-Delta,2026-03-20,18,7.2,Debugging
AI_USR091,Org-Delta-Team3,Org-Delta,2026-03-21,16,8.0,Data Query
AI_USR091,Org-Delta-Team3,Org-Delta,2026-03-22,10,9.0,Code Generation
AI_USR091,Org-Delta-Team3,Org-Delta,2026-03-23,4,8.7,Data Query
AI_USR091,Org-Delta-Team3,Org-Delta,2026-03-24,16,8.8,Documentation
AI_USR091,Org-Delta-Team3,Org-Delta,2026-03-25,7,8.7,Planning
AI_USR091,Org-Delta-Team3,Org-Delta,2026-03-26,1,9.2,Data Query
AI_USR091,Org-Delta-Team3,Org-Delta,2026-03-28,5,8.9,Planning
AI_USR091,Org-Delta-Team3,Org-Delta,2026-03-29,5,9.1,Summarization
AI_USR091,Org-Delta-Team3,Org-Delta,2026-03-30,14,8.5,Debugging
AI_USR091,Org-Delta-Team3,Org-Delta,2026-03-31,3,7.9,Summarization
AI_USR092,Org-Alpha-Team1,Org-Alpha,2026-01-02,16,4.1,Planning
AI_USR092,Org-Alpha-Team1,Org-Alpha,2026-01-05,7,4.1,Data Query
AI_USR092,Org-Alpha-Team1,Org-Alpha,2026-01-06,13,3.8,Debugging
AI_USR092,Org-Alpha-Team1,Org-Alpha,2026-01-09,5,3.6,Code Generation
AI_USR092,Org-Alpha-Team1,Org-Alpha,2026-01-12,1,3.4,Summarization
AI_USR092,Org-Alpha-Team1,Org-Alpha,2026-01-15,14,3.7,Code Generation
AI_USR092,Org-Alpha-Team1,Org-Alpha,2026-01-16,9,4.2,Code Generation
AI_USR092,Org-Alpha-Team1,Org-Alpha,2026-01-19,8,3.2,Data Query
AI_USR092,Org-Alpha-Team1,Org-Alpha,2026-01-21,17,5.0,Data Query
AI_USR092,Org-Alpha-Team1,Org-Alpha,2026-01-22,2,4.8,Planning
AI_USR092,Org-Alpha-Team1,Org-Alpha,2026-01-24,3,3.8,Planning
AI_USR092,Org-Alpha-Team1,Org-Alpha,2026-01-25,2,5.2,Code Generation
AI_USR092,Org-Alpha-Team1,Org-Alpha,2026-01-26,14,4.8,Code Generation
AI_USR092,Org-Alpha-Team1,Org-Alpha,2026-01-29,16,4.7,Data Query
AI_USR092,Org-Alpha-Team1,Org-Alpha,2026-01-31,17,3.9,Data Query
AI_USR092,Org-Alpha-Team1,Org-Alpha,2026-02-02,6,5.0,Data Query
AI_USR092,Org-Alpha-Team1,Org-Alpha,2026-02-09,11,4.3,Summarization
AI_USR092,Org-Alpha-Team1,Org-Alpha,2026-02-10,16,5.0,Planning
AI_USR092,Org-Alpha-Team1,Org-Alpha,2026-02-12,6,5.0,Documentation
AI_USR092,Org-Alpha-Team1,Org-Alpha,2026-02-13,17,4.3,Debugging
AI_USR092,Org-Alpha-Team1,Org-Alpha,2026-02-14,8,3.7,Summarization
AI_USR092,Org-Alpha-Team1,Org-Alpha,2026-02-16,15,4.6,Code Generation
AI_USR092,Org-Alpha-Team1,Org-Alpha,2026-02-17,13,4.8,Summarization
AI_USR092,Org-Alpha-Team1,Org-Alpha,2026-02-18,9,4.4,Debugging
AI_USR092,Org-Alpha-Team1,Org-Alpha,2026-02-20,3,4.0,Debugging
AI_USR092,Org-Alpha-Team1,Org-Alpha,2026-02-22,19,4.2,Debugging
AI_USR092,Org-Alpha-Team1,Org-Alpha,2026-02-24,7,3.6,Debugging
AI_USR092,Org-Alpha-Team1,Org-Alpha,2026-02-27,11,5.4,Documentation
AI_USR092,Org-Alpha-Team1,Org-Alpha,2026-02-28,11,4.3,Debugging
AI_USR092,Org-Alpha-Team1,Org-Alpha,2026-03-01,5,5.3,Documentation
AI_USR092,Org-Alpha-Team1,Org-Alpha,2026-03-02,16,5.3,Code Generation
AI_USR092,Org-Alpha-Team1,Org-Alpha,2026-03-04,11,4.9,Code Generation
AI_USR092,Org-Alpha-Team1,Org-Alpha,2026-03-05,15,5.6,Code Generation
AI_USR092,Org-Alpha-Team1,Org-Alpha,2026-03-06,18,4.2,Documentation
AI_USR092,Org-Alpha-Team1,Org-Alpha,2026-03-07,10,5.5,Summarization
AI_USR092,Org-Alpha-Team1,Org-Alpha,2026-03-09,13,4.5,Debugging
AI_USR092,Org-Alpha-Team1,Org-Alpha,2026-03-10,12,4.5,Code Generation
AI_USR092,Org-Alpha-Team1,Org-Alpha,2026-03-11,16,4.1,Data Query
AI_USR092,Org-Alpha-Team1,Org-Alpha,2026-03-12,6,4.4,Data Query
AI_USR092,Org-Alpha-Team1,Org-Alpha,2026-03-14,4,5.7,Summarization
AI_USR092,Org-Alpha-Team1,Org-Alpha,2026-03-15,15,5.3,Code Generation
AI_USR092,Org-Alpha-Team1,Org-Alpha,2026-03-16,8,3.8,Code Generation
AI_USR092,Org-Alpha-Team1,Org-Alpha,2026-03-18,13,4.8,Summarization
AI_USR092,Org-Alpha-Team1,Org-Alpha,2026-03-19,20,4.0,Documentation
AI_USR092,Org-Alpha-Team1,Org-Alpha,2026-03-20,15,5.4,Planning
AI_USR092,Org-Alpha-Team1,Org-Alpha,2026-03-21,16,4.2,Summarization
AI_USR092,Org-Alpha-Team1,Org-Alpha,2026-03-24,2,5.3,Code Generation
AI_USR092,Org-Alpha-Team1,Org-Alpha,2026-03-26,8,4.1,Code Generation
AI_USR092,Org-Alpha-Team1,Org-Alpha,2026-03-28,9,5.0,Code Generation
AI_USR092,Org-Alpha-Team1,Org-Alpha,2026-03-29,18,4.0,Summarization
AI_USR092,Org-Alpha-Team1,Org-Alpha,2026-03-31,3,4.3,Debugging
AI_USR093,Org-Delta-Team2,Org-Delta,2026-01-02,5,9.1,Planning
AI_USR093,Org-Delta-Team2,Org-Delta,2026-01-04,15,7.8,Data Query
AI_USR093,Org-Delta-Team2,Org-Delta,2026-01-06,11,7.9,Summarization
AI_USR093,Org-Delta-Team2,Org-Delta,2026-01-07,2,7.6,Data Query
AI_USR093,Org-Delta-Team2,Org-Delta,2026-01-08,4,9.1,Planning
AI_USR093,Org-Delta-Team2,Org-Delta,2026-01-09,2,8.4,Code Generation
AI_USR093,Org-Delta-Team2,Org-Delta,2026-01-10,6,8.4,Debugging
AI_USR093,Org-Delta-Team2,Org-Delta,2026-01-11,16,8.2,Data Query
AI_USR093,Org-Delta-Team2,Org-Delta,2026-01-13,16,8.3,Planning
AI_USR093,Org-Delta-Team2,Org-Delta,2026-01-14,11,9.0,Summarization
AI_USR093,Org-Delta-Team2,Org-Delta,2026-01-16,15,9.0,Planning
AI_USR093,Org-Delta-Team2,Org-Delta,2026-01-17,14,8.3,Data Query
AI_USR093,Org-Delta-Team2,Org-Delta,2026-01-18,14,8.7,Documentation
AI_USR093,Org-Delta-Team2,Org-Delta,2026-01-19,15,9.2,Documentation
AI_USR093,Org-Delta-Team2,Org-Delta,2026-01-20,5,8.5,Code Generation
AI_USR093,Org-Delta-Team2,Org-Delta,2026-01-24,20,9.5,Debugging
AI_USR093,Org-Delta-Team2,Org-Delta,2026-01-26,8,9.0,Data Query
AI_USR093,Org-Delta-Team2,Org-Delta,2026-01-29,16,8.7,Documentation
AI_USR093,Org-Delta-Team2,Org-Delta,2026-01-30,3,8.4,Planning
AI_USR093,Org-Delta-Team2,Org-Delta,2026-01-31,5,9.0,Documentation
AI_USR093,Org-Delta-Team2,Org-Delta,2026-02-01,1,10.0,Debugging
AI_USR093,Org-Delta-Team2,Org-Delta,2026-02-03,6,10.0,Documentation
AI_USR093,Org-Delta-Team2,Org-Delta,2026-02-04,9,10.0,Documentation
AI_USR093,Org-Delta-Team2,Org-Delta,2026-02-07,18,9.9,Data Query
AI_USR093,Org-Delta-Team2,Org-Delta,2026-02-08,9,10.0,Summarization
AI_USR093,Org-Delta-Team2,Org-Delta,2026-02-09,4,9.8,Documentation
AI_USR093,Org-Delta-Team2,Org-Delta,2026-02-11,10,9.2,Debugging
AI_USR093,Org-Delta-Team2,Org-Delta,2026-02-12,14,9.8,Summarization
AI_USR093,Org-Delta-Team2,Org-Delta,2026-02-13,13,9.8,Debugging
AI_USR093,Org-Delta-Team2,Org-Delta,2026-02-16,17,10.0,Planning
AI_USR093,Org-Delta-Team2,Org-Delta,2026-02-18,5,10.0,Debugging
AI_USR093,Org-Delta-Team2,Org-Delta,2026-02-19,2,10.0,Documentation
AI_USR093,Org-Delta-Team2,Org-Delta,2026-02-22,20,10.0,Code Generation
AI_USR093,Org-Delta-Team2,Org-Delta,2026-02-23,9,9.7,Debugging
AI_USR093,Org-Delta-Team2,Org-Delta,2026-02-27,2,9.9,Summarization
AI_USR093,Org-Delta-Team2,Org-Delta,2026-02-28,6,10.0,Planning
AI_USR093,Org-Delta-Team2,Org-Delta,2026-03-04,14,9.6,Debugging
AI_USR093,Org-Delta-Team2,Org-Delta,2026-03-05,13,10.0,Data Query
AI_USR093,Org-Delta-Team2,Org-Delta,2026-03-06,18,10.0,Planning
AI_USR093,Org-Delta-Team2,Org-Delta,2026-03-07,7,10.0,Code Generation
AI_USR093,Org-Delta-Team2,Org-Delta,2026-03-08,4,10.0,Debugging
AI_USR093,Org-Delta-Team2,Org-Delta,2026-03-09,15,10.0,Debugging
AI_USR093,Org-Delta-Team2,Org-Delta,2026-03-10,15,10.0,Documentation
AI_USR093,Org-Delta-Team2,Org-Delta,2026-03-11,4,10.0,Planning
AI_USR093,Org-Delta-Team2,Org-Delta,2026-03-12,5,10.0,Summarization
AI_USR093,Org-Delta-Team2,Org-Delta,2026-03-13,11,10.0,Debugging
AI_USR093,Org-Delta-Team2,Org-Delta,2026-03-15,20,10.0,Summarization
AI_USR093,Org-Delta-Team2,Org-Delta,2026-03-16,14,10.0,Planning
AI_USR093,Org-Delta-Team2,Org-Delta,2026-03-17,7,10.0,Documentation
AI_USR093,Org-Delta-Team2,Org-Delta,2026-03-18,10,10.0,Documentation
AI_USR093,Org-Delta-Team2,Org-Delta,2026-03-21,6,10.0,Documentation
AI_USR093,Org-Delta-Team2,Org-Delta,2026-03-23,17,10.0,Code Generation
AI_USR093,Org-Delta-Team2,Org-Delta,2026-03-25,17,10.0,Debugging
AI_USR093,Org-Delta-Team2,Org-Delta,2026-03-26,5,10.0,Summarization
AI_USR093,Org-Delta-Team2,Org-Delta,2026-03-28,8,10.0,Documentation
AI_USR093,Org-Delta-Team2,Org-Delta,2026-03-29,3,10.0,Data Query
AI_USR093,Org-Delta-Team2,Org-Delta,2026-03-30,7,10.0,Data Query
AI_USR094,Org-Beta-Team3,Org-Beta,2026-01-01,17,5.3,Code Generation
AI_USR094,Org-Beta-Team3,Org-Beta,2026-01-04,3,6.3,Code Generation
AI_USR094,Org-Beta-Team3,Org-Beta,2026-01-05,13,5.8,Planning
AI_USR094,Org-Beta-Team3,Org-Beta,2026-01-06,13,6.1,Documentation
AI_USR094,Org-Beta-Team3,Org-Beta,2026-01-07,15,5.8,Documentation
AI_USR094,Org-Beta-Team3,Org-Beta,2026-01-08,2,7.1,Summarization
AI_USR094,Org-Beta-Team3,Org-Beta,2026-01-09,13,5.6,Summarization
AI_USR094,Org-Beta-Team3,Org-Beta,2026-01-10,16,5.8,Code Generation
AI_USR094,Org-Beta-Team3,Org-Beta,2026-01-11,10,6.7,Code Generation
AI_USR094,Org-Beta-Team3,Org-Beta,2026-01-13,6,5.9,Summarization
AI_USR094,Org-Beta-Team3,Org-Beta,2026-01-14,6,7.5,Debugging
AI_USR094,Org-Beta-Team3,Org-Beta,2026-01-15,11,6.9,Documentation
AI_USR094,Org-Beta-Team3,Org-Beta,2026-01-16,6,7.5,Documentation
AI_USR094,Org-Beta-Team3,Org-Beta,2026-01-17,19,7.5,Summarization
AI_USR094,Org-Beta-Team3,Org-Beta,2026-01-18,3,5.7,Debugging
AI_USR094,Org-Beta-Team3,Org-Beta,2026-01-19,20,7.2,Code Generation
AI_USR094,Org-Beta-Team3,Org-Beta,2026-01-20,8,6.6,Summarization
AI_USR094,Org-Beta-Team3,Org-Beta,2026-01-21,3,6.9,Planning
AI_USR094,Org-Beta-Team3,Org-Beta,2026-01-22,18,6.1,Documentation
AI_USR094,Org-Beta-Team3,Org-Beta,2026-01-24,11,6.0,Debugging
AI_USR094,Org-Beta-Team3,Org-Beta,2026-01-26,19,7.1,Code Generation
AI_USR094,Org-Beta-Team3,Org-Beta,2026-01-27,10,5.8,Data Query
AI_USR094,Org-Beta-Team3,Org-Beta,2026-01-28,13,6.0,Summarization
AI_USR094,Org-Beta-Team3,Org-Beta,2026-01-29,10,6.4,Data Query
AI_USR094,Org-Beta-Team3,Org-Beta,2026-01-30,7,5.8,Code Generation
AI_USR094,Org-Beta-Team3,Org-Beta,2026-01-31,2,6.6,Summarization
AI_USR094,Org-Beta-Team3,Org-Beta,2026-02-01,3,7.6,Data Query
AI_USR094,Org-Beta-Team3,Org-Beta,2026-02-02,9,6.1,Planning
AI_USR094,Org-Beta-Team3,Org-Beta,2026-02-06,7,6.2,Debugging
AI_USR094,Org-Beta-Team3,Org-Beta,2026-02-08,1,6.1,Summarization
AI_USR094,Org-Beta-Team3,Org-Beta,2026-02-09,10,7.9,Code Generation
AI_USR094,Org-Beta-Team3,Org-Beta,2026-02-13,12,6.5,Code Generation
AI_USR094,Org-Beta-Team3,Org-Beta,2026-02-14,14,7.9,Debugging
AI_USR094,Org-Beta-Team3,Org-Beta,2026-02-15,8,6.3,Planning
AI_USR094,Org-Beta-Team3,Org-Beta,2026-02-16,11,7.7,Planning
AI_USR094,Org-Beta-Team3,Org-Beta,2026-02-19,4,7.4,Data Query
AI_USR094,Org-Beta-Team3,Org-Beta,2026-02-21,13,8.1,Documentation
AI_USR094,Org-Beta-Team3,Org-Beta,2026-02-22,10,6.8,Planning
AI_USR094,Org-Beta-Team3,Org-Beta,2026-02-23,8,6.6,Planning
AI_USR094,Org-Beta-Team3,Org-Beta,2026-02-24,8,7.3,Planning
AI_USR094,Org-Beta-Team3,Org-Beta,2026-02-25,7,6.9,Summarization
AI_USR094,Org-Beta-Team3,Org-Beta,2026-02-26,6,8.0,Debugging
AI_USR094,Org-Beta-Team3,Org-Beta,2026-02-27,12,8.1,Planning
AI_USR094,Org-Beta-Team3,Org-Beta,2026-03-02,5,7.8,Planning
AI_USR094,Org-Beta-Team3,Org-Beta,2026-03-04,15,7.0,Summarization
AI_USR094,Org-Beta-Team3,Org-Beta,2026-03-06,13,7.4,Code Generation
AI_USR094,Org-Beta-Team3,Org-Beta,2026-03-09,14,8.6,Documentation
AI_USR094,Org-Beta-Team3,Org-Beta,2026-03-10,19,6.9,Planning
AI_USR094,Org-Beta-Team3,Org-Beta,2026-03-11,10,7.8,Planning
AI_USR094,Org-Beta-Team3,Org-Beta,2026-03-13,14,7.3,Documentation
AI_USR094,Org-Beta-Team3,Org-Beta,2026-03-15,16,7.2,Documentation
AI_USR094,Org-Beta-Team3,Org-Beta,2026-03-16,18,8.3,Debugging
AI_USR094,Org-Beta-Team3,Org-Beta,2026-03-17,2,8.1,Documentation
AI_USR094,Org-Beta-Team3,Org-Beta,2026-03-18,18,8.4,Debugging
AI_USR094,Org-Beta-Team3,Org-Beta,2026-03-21,2,8.6,Debugging
AI_USR094,Org-Beta-Team3,Org-Beta,2026-03-24,20,7.8,Summarization
AI_USR094,Org-Beta-Team3,Org-Beta,2026-03-25,2,7.2,Code Generation
AI_USR094,Org-Beta-Team3,Org-Beta,2026-03-26,2,8.8,Planning
AI_USR094,Org-Beta-Team3,Org-Beta,2026-03-28,13,8.8,Data Query
AI_USR094,Org-Beta-Team3,Org-Beta,2026-03-29,17,8.4,Data Query
AI_USR094,Org-Beta-Team3,Org-Beta,2026-03-30,12,8.0,Debugging
AI_USR094,Org-Beta-Team3,Org-Beta,2026-03-31,3,7.7,Summarization
AI_USR095,Org-Beta-Team1,Org-Beta,2026-01-01,20,3.1,Summarization
AI_USR095,Org-Beta-Team1,Org-Beta,2026-01-04,17,2.4,Summarization
AI_USR095,Org-Beta-Team1,Org-Beta,2026-01-05,11,3.1,Documentation
AI_USR095,Org-Beta-Team1,Org-Beta,2026-01-06,9,2.8,Data Query
AI_USR095,Org-Beta-Team1,Org-Beta,2026-01-08,6,3.4,Debugging
AI_USR095,Org-Beta-Team1,Org-Beta,2026-01-10,6,2.6,Data Query
AI_USR095,Org-Beta-Team1,Org-Beta,2026-01-13,2,2.7,Summarization
AI_USR095,Org-Beta-Team1,Org-Beta,2026-01-15,17,3.1,Summarization
AI_USR095,Org-Beta-Team1,Org-Beta,2026-01-16,16,2.4,Debugging
AI_USR095,Org-Beta-Team1,Org-Beta,2026-01-18,7,1.6,Planning
AI_USR095,Org-Beta-Team1,Org-Beta,2026-01-19,3,1.6,Documentation
AI_USR095,Org-Beta-Team1,Org-Beta,2026-01-20,7,2.5,Documentation
AI_USR095,Org-Beta-Team1,Org-Beta,2026-01-21,17,2.4,Code Generation
AI_USR095,Org-Beta-Team1,Org-Beta,2026-01-24,12,1.7,Summarization
AI_USR095,Org-Beta-Team1,Org-Beta,2026-01-25,17,2.8,Planning
AI_USR095,Org-Beta-Team1,Org-Beta,2026-01-26,1,2.5,Summarization
AI_USR095,Org-Beta-Team1,Org-Beta,2026-01-27,8,2.7,Documentation
AI_USR095,Org-Beta-Team1,Org-Beta,2026-02-01,4,2.6,Documentation
AI_USR095,Org-Beta-Team1,Org-Beta,2026-02-02,17,3.4,Data Query
AI_USR095,Org-Beta-Team1,Org-Beta,2026-02-03,2,3.3,Data Query
AI_USR095,Org-Beta-Team1,Org-Beta,2026-02-04,12,1.9,Summarization
AI_USR095,Org-Beta-Team1,Org-Beta,2026-02-06,2,3.3,Summarization
AI_USR095,Org-Beta-Team1,Org-Beta,2026-02-07,1,3.1,Planning
AI_USR095,Org-Beta-Team1,Org-Beta,2026-02-08,15,2.6,Summarization
AI_USR095,Org-Beta-Team1,Org-Beta,2026-02-09,18,3.1,Code Generation
AI_USR095,Org-Beta-Team1,Org-Beta,2026-02-10,12,2.5,Documentation
AI_USR095,Org-Beta-Team1,Org-Beta,2026-02-11,1,2.0,Debugging
AI_USR095,Org-Beta-Team1,Org-Beta,2026-02-13,13,3.6,Code Generation
AI_USR095,Org-Beta-Team1,Org-Beta,2026-02-16,6,2.0,Code Generation
AI_USR095,Org-Beta-Team1,Org-Beta,2026-02-17,3,2.1,Data Query
AI_USR095,Org-Beta-Team1,Org-Beta,2026-02-18,7,1.9,Documentation
AI_USR095,Org-Beta-Team1,Org-Beta,2026-02-21,5,2.7,Documentation
AI_USR095,Org-Beta-Team1,Org-Beta,2026-02-23,11,2.0,Summarization
AI_USR095,Org-Beta-Team1,Org-Beta,2026-02-24,12,1.9,Documentation
AI_USR095,Org-Beta-Team1,Org-Beta,2026-02-25,20,3.1,Planning
AI_USR095,Org-Beta-Team1,Org-Beta,2026-02-27,15,2.0,Debugging
AI_USR095,Org-Beta-Team1,Org-Beta,2026-02-28,18,3.3,Data Query
AI_USR095,Org-Beta-Team1,Org-Beta,2026-03-02,8,3.3,Data Query
AI_USR095,Org-Beta-Team1,Org-Beta,2026-03-05,20,2.3,Data Query
AI_USR095,Org-Beta-Team1,Org-Beta,2026-03-06,11,2.2,Planning
AI_USR095,Org-Beta-Team1,Org-Beta,2026-03-07,15,2.7,Summarization
AI_USR095,Org-Beta-Team1,Org-Beta,2026-03-08,17,2.5,Debugging
AI_USR095,Org-Beta-Team1,Org-Beta,2026-03-09,9,1.8,Summarization
AI_USR095,Org-Beta-Team1,Org-Beta,2026-03-10,13,1.9,Documentation
AI_USR095,Org-Beta-Team1,Org-Beta,2026-03-11,13,3.0,Data Query
AI_USR095,Org-Beta-Team1,Org-Beta,2026-03-14,5,2.1,Planning
AI_USR095,Org-Beta-Team1,Org-Beta,2026-03-16,11,1.7,Data Query
AI_USR095,Org-Beta-Team1,Org-Beta,2026-03-19,17,2.5,Code Generation
AI_USR095,Org-Beta-Team1,Org-Beta,2026-03-20,10,1.8,Data Query
AI_USR095,Org-Beta-Team1,Org-Beta,2026-03-21,12,2.6,Summarization
AI_USR095,Org-Beta-Team1,Org-Beta,2026-03-22,3,2.2,Planning
AI_USR095,Org-Beta-Team1,Org-Beta,2026-03-24,8,2.4,Summarization
AI_USR095,Org-Beta-Team1,Org-Beta,2026-03-26,11,2.7,Debugging
AI_USR095,Org-Beta-Team1,Org-Beta,2026-03-28,8,2.3,Documentation
AI_USR095,Org-Beta-Team1,Org-Beta,2026-03-29,19,2.8,Data Query
AI_USR095,Org-Beta-Team1,Org-Beta,2026-03-30,3,2.8,Documentation
AI_USR096,Org-Beta-Team3,Org-Beta,2026-01-01,10,8.5,Data Query
AI_USR096,Org-Beta-Team3,Org-Beta,2026-01-02,2,8.5,Documentation
AI_USR096,Org-Beta-Team3,Org-Beta,2026-01-06,4,7.3,Documentation
AI_USR096,Org-Beta-Team3,Org-Beta,2026-01-10,5,8.6,Code Generation
AI_USR096,Org-Beta-Team3,Org-Beta,2026-01-11,5,7.9,Data Query
AI_USR096,Org-Beta-Team3,Org-Beta,2026-01-14,20,8.7,Data Query
AI_USR096,Org-Beta-Team3,Org-Beta,2026-01-15,12,7.0,Debugging
AI_USR096,Org-Beta-Team3,Org-Beta,2026-01-16,2,8.5,Planning
AI_USR096,Org-Beta-Team3,Org-Beta,2026-01-17,4,7.5,Code Generation
AI_USR096,Org-Beta-Team3,Org-Beta,2026-01-18,11,7.0,Planning
AI_USR096,Org-Beta-Team3,Org-Beta,2026-01-23,12,8.5,Data Query
AI_USR096,Org-Beta-Team3,Org-Beta,2026-01-24,18,7.7,Planning
AI_USR096,Org-Beta-Team3,Org-Beta,2026-01-25,15,7.6,Code Generation
AI_USR096,Org-Beta-Team3,Org-Beta,2026-01-26,9,8.6,Debugging
AI_USR096,Org-Beta-Team3,Org-Beta,2026-01-27,18,8.2,Planning
AI_USR096,Org-Beta-Team3,Org-Beta,2026-01-28,7,8.3,Debugging
AI_USR096,Org-Beta-Team3,Org-Beta,2026-01-29,3,8.5,Planning
AI_USR096,Org-Beta-Team3,Org-Beta,2026-01-31,16,8.8,Summarization
AI_USR096,Org-Beta-Team3,Org-Beta,2026-02-02,10,8.8,Data Query
AI_USR096,Org-Beta-Team3,Org-Beta,2026-02-03,10,9.0,Planning
AI_USR096,Org-Beta-Team3,Org-Beta,2026-02-06,19,8.5,Planning
AI_USR096,Org-Beta-Team3,Org-Beta,2026-02-08,20,7.1,Debugging
AI_USR096,Org-Beta-Team3,Org-Beta,2026-02-09,17,8.0,Debugging
AI_USR096,Org-Beta-Team3,Org-Beta,2026-02-10,17,7.9,Planning
AI_USR096,Org-Beta-Team3,Org-Beta,2026-02-11,13,7.5,Summarization
AI_USR096,Org-Beta-Team3,Org-Beta,2026-02-12,9,7.3,Documentation
AI_USR096,Org-Beta-Team3,Org-Beta,2026-02-13,10,8.5,Code Generation
AI_USR096,Org-Beta-Team3,Org-Beta,2026-02-14,20,8.5,Debugging
AI_USR096,Org-Beta-Team3,Org-Beta,2026-02-15,14,7.7,Data Query
AI_USR096,Org-Beta-Team3,Org-Beta,2026-02-16,9,7.4,Summarization
AI_USR096,Org-Beta-Team3,Org-Beta,2026-02-18,4,8.6,Debugging
AI_USR096,Org-Beta-Team3,Org-Beta,2026-02-19,16,8.6,Debugging
AI_USR096,Org-Beta-Team3,Org-Beta,2026-02-20,20,8.2,Summarization
AI_USR096,Org-Beta-Team3,Org-Beta,2026-02-22,15,8.4,Summarization
AI_USR096,Org-Beta-Team3,Org-Beta,2026-02-23,5,8.0,Planning
AI_USR096,Org-Beta-Team3,Org-Beta,2026-02-24,10,8.6,Code Generation
AI_USR096,Org-Beta-Team3,Org-Beta,2026-02-26,13,7.9,Code Generation
AI_USR096,Org-Beta-Team3,Org-Beta,2026-02-27,8,9.0,Planning
AI_USR096,Org-Beta-Team3,Org-Beta,2026-02-28,15,8.6,Planning
AI_USR096,Org-Beta-Team3,Org-Beta,2026-03-01,15,8.8,Planning
AI_USR096,Org-Beta-Team3,Org-Beta,2026-03-02,19,8.7,Code Generation
AI_USR096,Org-Beta-Team3,Org-Beta,2026-03-03,18,8.9,Summarization
AI_USR096,Org-Beta-Team3,Org-Beta,2026-03-06,1,8.5,Data Query
AI_USR096,Org-Beta-Team3,Org-Beta,2026-03-07,19,8.2,Documentation
AI_USR096,Org-Beta-Team3,Org-Beta,2026-03-08,8,7.7,Documentation
AI_USR096,Org-Beta-Team3,Org-Beta,2026-03-09,18,9.2,Debugging
AI_USR096,Org-Beta-Team3,Org-Beta,2026-03-10,5,7.6,Data Query
AI_USR096,Org-Beta-Team3,Org-Beta,2026-03-18,14,9.0,Planning
AI_USR096,Org-Beta-Team3,Org-Beta,2026-03-19,20,8.8,Documentation
AI_USR096,Org-Beta-Team3,Org-Beta,2026-03-20,10,8.5,Planning
AI_USR096,Org-Beta-Team3,Org-Beta,2026-03-21,9,7.6,Summarization
AI_USR096,Org-Beta-Team3,Org-Beta,2026-03-22,4,8.9,Planning
AI_USR096,Org-Beta-Team3,Org-Beta,2026-03-23,5,7.8,Summarization
AI_USR096,Org-Beta-Team3,Org-Beta,2026-03-24,9,7.9,Documentation
AI_USR096,Org-Beta-Team3,Org-Beta,2026-03-25,5,8.7,Code Generation
AI_USR096,Org-Beta-Team3,Org-Beta,2026-03-26,15,7.7,Planning
AI_USR096,Org-Beta-Team3,Org-Beta,2026-03-27,13,7.6,Summarization
AI_USR096,Org-Beta-Team3,Org-Beta,2026-03-28,17,8.7,Code Generation
AI_USR096,Org-Beta-Team3,Org-Beta,2026-03-29,5,8.9,Planning
AI_USR097,Org-Alpha-Team2,Org-Alpha,2026-01-02,13,6.8,Debugging
AI_USR097,Org-Alpha-Team2,Org-Alpha,2026-01-03,17,7.9,Planning
AI_USR097,Org-Alpha-Team2,Org-Alpha,2026-01-04,1,6.8,Code Generation
AI_USR097,Org-Alpha-Team2,Org-Alpha,2026-01-05,13,6.5,Debugging
AI_USR097,Org-Alpha-Team2,Org-Alpha,2026-01-07,6,7.0,Data Query
AI_USR097,Org-Alpha-Team2,Org-Alpha,2026-01-08,18,6.7,Data Query
AI_USR097,Org-Alpha-Team2,Org-Alpha,2026-01-09,10,8.0,Planning
AI_USR097,Org-Alpha-Team2,Org-Alpha,2026-01-10,13,8.0,Debugging
AI_USR097,Org-Alpha-Team2,Org-Alpha,2026-01-12,15,7.5,Summarization
AI_USR097,Org-Alpha-Team2,Org-Alpha,2026-01-13,19,6.4,Code Generation
AI_USR097,Org-Alpha-Team2,Org-Alpha,2026-01-15,7,7.5,Documentation
AI_USR097,Org-Alpha-Team2,Org-Alpha,2026-01-16,4,7.2,Summarization
AI_USR097,Org-Alpha-Team2,Org-Alpha,2026-01-17,18,8.3,Data Query
AI_USR097,Org-Alpha-Team2,Org-Alpha,2026-01-19,3,6.9,Summarization
AI_USR097,Org-Alpha-Team2,Org-Alpha,2026-01-20,7,8.5,Data Query
AI_USR097,Org-Alpha-Team2,Org-Alpha,2026-01-21,1,7.0,Documentation
AI_USR097,Org-Alpha-Team2,Org-Alpha,2026-01-22,4,7.3,Data Query
AI_USR097,Org-Alpha-Team2,Org-Alpha,2026-01-25,11,8.7,Summarization
AI_USR097,Org-Alpha-Team2,Org-Alpha,2026-01-26,6,7.7,Summarization
AI_USR097,Org-Alpha-Team2,Org-Alpha,2026-01-30,10,8.7,Debugging
AI_USR097,Org-Alpha-Team2,Org-Alpha,2026-02-01,10,8.7,Planning
AI_USR097,Org-Alpha-Team2,Org-Alpha,2026-02-04,17,7.5,Data Query
AI_USR097,Org-Alpha-Team2,Org-Alpha,2026-02-05,18,7.2,Debugging
AI_USR097,Org-Alpha-Team2,Org-Alpha,2026-02-06,3,7.9,Planning
AI_USR097,Org-Alpha-Team2,Org-Alpha,2026-02-07,15,8.1,Debugging
AI_USR097,Org-Alpha-Team2,Org-Alpha,2026-02-08,13,7.6,Planning
AI_USR097,Org-Alpha-Team2,Org-Alpha,2026-02-10,7,8.0,Planning
AI_USR097,Org-Alpha-Team2,Org-Alpha,2026-02-11,19,7.9,Debugging
AI_USR097,Org-Alpha-Team2,Org-Alpha,2026-02-12,18,8.5,Documentation
AI_USR097,Org-Alpha-Team2,Org-Alpha,2026-02-13,9,9.3,Debugging
AI_USR097,Org-Alpha-Team2,Org-Alpha,2026-02-14,5,8.3,Documentation
AI_USR097,Org-Alpha-Team2,Org-Alpha,2026-02-15,20,8.4,Code Generation
AI_USR097,Org-Alpha-Team2,Org-Alpha,2026-02-16,18,7.8,Debugging
AI_USR097,Org-Alpha-Team2,Org-Alpha,2026-02-17,18,9.1,Summarization
AI_USR097,Org-Alpha-Team2,Org-Alpha,2026-02-19,3,7.6,Debugging
AI_USR097,Org-Alpha-Team2,Org-Alpha,2026-02-21,13,9.0,Data Query
AI_USR097,Org-Alpha-Team2,Org-Alpha,2026-02-24,11,8.8,Debugging
AI_USR097,Org-Alpha-Team2,Org-Alpha,2026-02-25,6,8.1,Debugging
AI_USR097,Org-Alpha-Team2,Org-Alpha,2026-02-26,16,9.6,Documentation
AI_USR097,Org-Alpha-Team2,Org-Alpha,2026-03-02,3,9.3,Debugging
AI_USR097,Org-Alpha-Team2,Org-Alpha,2026-03-03,13,8.0,Summarization
AI_USR097,Org-Alpha-Team2,Org-Alpha,2026-03-04,16,9.9,Summarization
AI_USR097,Org-Alpha-Team2,Org-Alpha,2026-03-05,4,9.6,Debugging
AI_USR097,Org-Alpha-Team2,Org-Alpha,2026-03-06,18,9.0,Code Generation
AI_USR097,Org-Alpha-Team2,Org-Alpha,2026-03-07,1,9.8,Documentation
AI_USR097,Org-Alpha-Team2,Org-Alpha,2026-03-08,1,8.7,Summarization
AI_USR097,Org-Alpha-Team2,Org-Alpha,2026-03-09,16,10.0,Documentation
AI_USR097,Org-Alpha-Team2,Org-Alpha,2026-03-10,6,9.0,Debugging
AI_USR097,Org-Alpha-Team2,Org-Alpha,2026-03-11,9,9.6,Documentation
AI_USR097,Org-Alpha-Team2,Org-Alpha,2026-03-14,20,9.6,Summarization
AI_USR097,Org-Alpha-Team2,Org-Alpha,2026-03-15,15,10.0,Summarization
AI_USR097,Org-Alpha-Team2,Org-Alpha,2026-03-17,3,9.4,Planning
AI_USR097,Org-Alpha-Team2,Org-Alpha,2026-03-20,3,10.0,Planning
AI_USR097,Org-Alpha-Team2,Org-Alpha,2026-03-21,2,10.0,Summarization
AI_USR097,Org-Alpha-Team2,Org-Alpha,2026-03-22,7,10.0,Planning
AI_USR097,Org-Alpha-Team2,Org-Alpha,2026-03-23,9,10.0,Data Query
AI_USR097,Org-Alpha-Team2,Org-Alpha,2026-03-24,6,10.0,Debugging
AI_USR097,Org-Alpha-Team2,Org-Alpha,2026-03-26,3,9.4,Planning
AI_USR097,Org-Alpha-Team2,Org-Alpha,2026-03-28,4,10.0,Debugging
AI_USR097,Org-Alpha-Team2,Org-Alpha,2026-03-30,14,10.0,Code Generation
AI_USR098,Org-Alpha-Team1,Org-Alpha,2026-01-02,13,5.4,Code Generation
AI_USR098,Org-Alpha-Team1,Org-Alpha,2026-01-03,16,4.8,Code Generation
AI_USR098,Org-Alpha-Team1,Org-Alpha,2026-01-04,8,4.3,Planning
AI_USR098,Org-Alpha-Team1,Org-Alpha,2026-01-05,12,5.6,Documentation
AI_USR098,Org-Alpha-Team1,Org-Alpha,2026-01-07,9,4.7,Debugging
AI_USR098,Org-Alpha-Team1,Org-Alpha,2026-01-08,14,6.0,Summarization
AI_USR098,Org-Alpha-Team1,Org-Alpha,2026-01-11,2,5.1,Data Query
AI_USR098,Org-Alpha-Team1,Org-Alpha,2026-01-12,13,4.9,Documentation
AI_USR098,Org-Alpha-Team1,Org-Alpha,2026-01-13,3,4.9,Code Generation
AI_USR098,Org-Alpha-Team1,Org-Alpha,2026-01-15,18,5.6,Summarization
AI_USR098,Org-Alpha-Team1,Org-Alpha,2026-01-17,12,5.0,Summarization
AI_USR098,Org-Alpha-Team1,Org-Alpha,2026-01-18,3,5.1,Planning
AI_USR098,Org-Alpha-Team1,Org-Alpha,2026-01-19,4,5.7,Debugging
AI_USR098,Org-Alpha-Team1,Org-Alpha,2026-01-20,13,4.1,Code Generation
AI_USR098,Org-Alpha-Team1,Org-Alpha,2026-01-21,14,4.3,Summarization
AI_USR098,Org-Alpha-Team1,Org-Alpha,2026-01-22,14,4.2,Documentation
AI_USR098,Org-Alpha-Team1,Org-Alpha,2026-01-24,20,5.4,Summarization
AI_USR098,Org-Alpha-Team1,Org-Alpha,2026-01-27,15,5.9,Code Generation
AI_USR098,Org-Alpha-Team1,Org-Alpha,2026-01-28,18,4.8,Debugging
AI_USR098,Org-Alpha-Team1,Org-Alpha,2026-01-29,14,4.5,Documentation
AI_USR098,Org-Alpha-Team1,Org-Alpha,2026-01-30,15,5.1,Code Generation
AI_USR098,Org-Alpha-Team1,Org-Alpha,2026-02-02,10,4.2,Code Generation
AI_USR098,Org-Alpha-Team1,Org-Alpha,2026-02-03,18,4.5,Debugging
AI_USR098,Org-Alpha-Team1,Org-Alpha,2026-02-05,12,5.0,Planning
AI_USR098,Org-Alpha-Team1,Org-Alpha,2026-02-07,2,5.0,Planning
AI_USR098,Org-Alpha-Team1,Org-Alpha,2026-02-08,19,5.6,Documentation
AI_USR098,Org-Alpha-Team1,Org-Alpha,2026-02-12,9,5.2,Data Query
AI_USR098,Org-Alpha-Team1,Org-Alpha,2026-02-13,11,5.8,Debugging
AI_USR098,Org-Alpha-Team1,Org-Alpha,2026-02-15,17,5.8,Debugging
AI_USR098,Org-Alpha-Team1,Org-Alpha,2026-02-16,7,5.9,Documentation
AI_USR098,Org-Alpha-Team1,Org-Alpha,2026-02-17,10,4.6,Documentation
AI_USR098,Org-Alpha-Team1,Org-Alpha,2026-02-18,18,5.5,Documentation
AI_USR098,Org-Alpha-Team1,Org-Alpha,2026-02-20,5,6.1,Summarization
AI_USR098,Org-Alpha-Team1,Org-Alpha,2026-02-21,11,4.4,Debugging
AI_USR098,Org-Alpha-Team1,Org-Alpha,2026-02-24,3,5.9,Debugging
AI_USR098,Org-Alpha-Team1,Org-Alpha,2026-02-28,13,5.8,Documentation
AI_USR098,Org-Alpha-Team1,Org-Alpha,2026-03-01,1,5.9,Code Generation
AI_USR098,Org-Alpha-Team1,Org-Alpha,2026-03-02,17,4.7,Documentation
AI_USR098,Org-Alpha-Team1,Org-Alpha,2026-03-03,20,6.1,Code Generation
AI_USR098,Org-Alpha-Team1,Org-Alpha,2026-03-05,3,6.1,Summarization
AI_USR098,Org-Alpha-Team1,Org-Alpha,2026-03-06,16,5.9,Planning
AI_USR098,Org-Alpha-Team1,Org-Alpha,2026-03-07,1,4.9,Data Query
AI_USR098,Org-Alpha-Team1,Org-Alpha,2026-03-08,20,6.2,Planning
AI_USR098,Org-Alpha-Team1,Org-Alpha,2026-03-09,3,5.5,Debugging
AI_USR098,Org-Alpha-Team1,Org-Alpha,2026-03-11,10,4.9,Documentation
AI_USR098,Org-Alpha-Team1,Org-Alpha,2026-03-13,20,5.2,Debugging
AI_USR098,Org-Alpha-Team1,Org-Alpha,2026-03-14,20,5.2,Summarization
AI_USR098,Org-Alpha-Team1,Org-Alpha,2026-03-16,2,4.7,Planning
AI_USR098,Org-Alpha-Team1,Org-Alpha,2026-03-17,17,4.9,Code Generation
AI_USR098,Org-Alpha-Team1,Org-Alpha,2026-03-18,1,4.3,Code Generation
AI_USR098,Org-Alpha-Team1,Org-Alpha,2026-03-21,13,5.5,Data Query
AI_USR098,Org-Alpha-Team1,Org-Alpha,2026-03-23,19,5.3,Data Query
AI_USR098,Org-Alpha-Team1,Org-Alpha,2026-03-24,2,6.1,Summarization
AI_USR098,Org-Alpha-Team1,Org-Alpha,2026-03-26,14,5.8,Summarization
AI_USR098,Org-Alpha-Team1,Org-Alpha,2026-03-27,6,4.8,Debugging
AI_USR098,Org-Alpha-Team1,Org-Alpha,2026-03-28,9,6.2,Debugging
AI_USR098,Org-Alpha-Team1,Org-Alpha,2026-03-30,3,6.3,Debugging
AI_USR099,Org-Alpha-Team3,Org-Alpha,2026-01-01,2,5.1,Summarization
AI_USR099,Org-Alpha-Team3,Org-Alpha,2026-01-02,13,5.0,Code Generation
AI_USR099,Org-Alpha-Team3,Org-Alpha,2026-01-03,17,6.6,Summarization
AI_USR099,Org-Alpha-Team3,Org-Alpha,2026-01-08,18,6.7,Planning
AI_USR099,Org-Alpha-Team3,Org-Alpha,2026-01-11,15,6.8,Summarization
AI_USR099,Org-Alpha-Team3,Org-Alpha,2026-01-13,5,5.6,Debugging
AI_USR099,Org-Alpha-Team3,Org-Alpha,2026-01-14,2,5.5,Documentation
AI_USR099,Org-Alpha-Team3,Org-Alpha,2026-01-17,12,6.3,Planning
AI_USR099,Org-Alpha-Team3,Org-Alpha,2026-01-18,2,5.5,Planning
AI_USR099,Org-Alpha-Team3,Org-Alpha,2026-01-20,18,6.6,Code Generation
AI_USR099,Org-Alpha-Team3,Org-Alpha,2026-01-21,8,6.9,Data Query
AI_USR099,Org-Alpha-Team3,Org-Alpha,2026-01-22,10,6.9,Documentation
AI_USR099,Org-Alpha-Team3,Org-Alpha,2026-01-23,4,5.4,Documentation
AI_USR099,Org-Alpha-Team3,Org-Alpha,2026-01-24,16,6.1,Debugging
AI_USR099,Org-Alpha-Team3,Org-Alpha,2026-01-25,6,6.0,Documentation
AI_USR099,Org-Alpha-Team3,Org-Alpha,2026-01-26,12,6.8,Code Generation
AI_USR099,Org-Alpha-Team3,Org-Alpha,2026-01-29,8,7.0,Documentation
AI_USR099,Org-Alpha-Team3,Org-Alpha,2026-01-31,10,5.6,Debugging
AI_USR099,Org-Alpha-Team3,Org-Alpha,2026-02-01,12,5.6,Code Generation
AI_USR099,Org-Alpha-Team3,Org-Alpha,2026-02-02,10,6.4,Documentation
AI_USR099,Org-Alpha-Team3,Org-Alpha,2026-02-04,8,5.5,Summarization
AI_USR099,Org-Alpha-Team3,Org-Alpha,2026-02-05,8,6.9,Summarization
AI_USR099,Org-Alpha-Team3,Org-Alpha,2026-02-08,6,6.0,Planning
AI_USR099,Org-Alpha-Team3,Org-Alpha,2026-02-09,11,6.5,Planning
AI_USR099,Org-Alpha-Team3,Org-Alpha,2026-02-10,11,7.2,Code Generation
AI_USR099,Org-Alpha-Team3,Org-Alpha,2026-02-11,12,6.4,Planning
AI_USR099,Org-Alpha-Team3,Org-Alpha,2026-02-13,13,6.5,Code Generation
AI_USR099,Org-Alpha-Team3,Org-Alpha,2026-02-17,3,5.8,Documentation
AI_USR099,Org-Alpha-Team3,Org-Alpha,2026-02-18,2,6.2,Documentation
AI_USR099,Org-Alpha-Team3,Org-Alpha,2026-02-19,1,7.5,Debugging
AI_USR099,Org-Alpha-Team3,Org-Alpha,2026-02-20,4,6.6,Summarization
AI_USR099,Org-Alpha-Team3,Org-Alpha,2026-02-21,15,6.8,Documentation
AI_USR099,Org-Alpha-Team3,Org-Alpha,2026-02-22,12,7.3,Code Generation
AI_USR099,Org-Alpha-Team3,Org-Alpha,2026-02-23,18,7.2,Data Query
AI_USR099,Org-Alpha-Team3,Org-Alpha,2026-02-24,13,7.6,Code Generation
AI_USR099,Org-Alpha-Team3,Org-Alpha,2026-02-26,18,6.4,Data Query
AI_USR099,Org-Alpha-Team3,Org-Alpha,2026-02-27,13,6.7,Documentation
AI_USR099,Org-Alpha-Team3,Org-Alpha,2026-02-28,5,6.1,Summarization
AI_USR099,Org-Alpha-Team3,Org-Alpha,2026-03-01,19,6.1,Debugging
AI_USR099,Org-Alpha-Team3,Org-Alpha,2026-03-04,1,7.2,Code Generation
AI_USR099,Org-Alpha-Team3,Org-Alpha,2026-03-05,16,7.6,Planning
AI_USR099,Org-Alpha-Team3,Org-Alpha,2026-03-06,5,6.6,Summarization
AI_USR099,Org-Alpha-Team3,Org-Alpha,2026-03-07,10,6.2,Summarization
AI_USR099,Org-Alpha-Team3,Org-Alpha,2026-03-08,8,7.8,Documentation
AI_USR099,Org-Alpha-Team3,Org-Alpha,2026-03-09,3,7.3,Data Query
AI_USR099,Org-Alpha-Team3,Org-Alpha,2026-03-11,11,7.7,Code Generation
AI_USR099,Org-Alpha-Team3,Org-Alpha,2026-03-12,16,6.4,Documentation
AI_USR099,Org-Alpha-Team3,Org-Alpha,2026-03-15,6,7.7,Planning
AI_USR099,Org-Alpha-Team3,Org-Alpha,2026-03-16,6,6.3,Documentation
AI_USR099,Org-Alpha-Team3,Org-Alpha,2026-03-18,8,7.2,Summarization
AI_USR099,Org-Alpha-Team3,Org-Alpha,2026-03-19,9,8.1,Debugging
AI_USR099,Org-Alpha-Team3,Org-Alpha,2026-03-20,9,7.8,Debugging
AI_USR099,Org-Alpha-Team3,Org-Alpha,2026-03-21,5,7.4,Planning
AI_USR099,Org-Alpha-Team3,Org-Alpha,2026-03-24,5,7.7,Code Generation
AI_USR099,Org-Alpha-Team3,Org-Alpha,2026-03-25,5,6.6,Documentation
AI_USR099,Org-Alpha-Team3,Org-Alpha,2026-03-26,18,7.5,Planning
AI_USR099,Org-Alpha-Team3,Org-Alpha,2026-03-29,7,6.4,Documentation
AI_USR100,Org-Delta-Team3,Org-Delta,2026-01-01,19,3.1,Debugging
AI_USR100,Org-Delta-Team3,Org-Delta,2026-01-02,19,3.8,Summarization
AI_USR100,Org-Delta-Team3,Org-Delta,2026-01-03,3,2.5,Summarization
AI_USR100,Org-Delta-Team3,Org-Delta,2026-01-05,18,3.3,Code Generation
AI_USR100,Org-Delta-Team3,Org-Delta,2026-01-06,3,2.5,Data Query
AI_USR100,Org-Delta-Team3,Org-Delta,2026-01-07,19,3.1,Documentation
AI_USR100,Org-Delta-Team3,Org-Delta,2026-01-09,9,2.5,Code Generation
AI_USR100,Org-Delta-Team3,Org-Delta,2026-01-11,5,2.6,Documentation
AI_USR100,Org-Delta-Team3,Org-Delta,2026-01-13,8,3.3,Summarization
AI_USR100,Org-Delta-Team3,Org-Delta,2026-01-14,8,3.9,Debugging
AI_USR100,Org-Delta-Team3,Org-Delta,2026-01-15,16,2.4,Code Generation
AI_USR100,Org-Delta-Team3,Org-Delta,2026-01-16,7,3.9,Data Query
AI_USR100,Org-Delta-Team3,Org-Delta,2026-01-18,5,2.5,Summarization
AI_USR100,Org-Delta-Team3,Org-Delta,2026-01-19,5,3.7,Planning
AI_USR100,Org-Delta-Team3,Org-Delta,2026-01-20,4,3.2,Code Generation
AI_USR100,Org-Delta-Team3,Org-Delta,2026-01-21,13,2.3,Planning
AI_USR100,Org-Delta-Team3,Org-Delta,2026-01-22,9,3.3,Planning
AI_USR100,Org-Delta-Team3,Org-Delta,2026-01-24,17,2.4,Planning
AI_USR100,Org-Delta-Team3,Org-Delta,2026-01-25,2,3.7,Code Generation
AI_USR100,Org-Delta-Team3,Org-Delta,2026-01-31,3,4.1,Code Generation
AI_USR100,Org-Delta-Team3,Org-Delta,2026-02-01,3,2.6,Summarization
AI_USR100,Org-Delta-Team3,Org-Delta,2026-02-02,4,3.1,Summarization
AI_USR100,Org-Delta-Team3,Org-Delta,2026-02-03,9,3.4,Debugging
AI_USR100,Org-Delta-Team3,Org-Delta,2026-02-04,14,3.0,Planning
AI_USR100,Org-Delta-Team3,Org-Delta,2026-02-05,17,3.9,Summarization
AI_USR100,Org-Delta-Team3,Org-Delta,2026-02-06,4,4.2,Summarization
AI_USR100,Org-Delta-Team3,Org-Delta,2026-02-07,20,2.4,Planning
AI_USR100,Org-Delta-Team3,Org-Delta,2026-02-08,13,4.1,Debugging
AI_USR100,Org-Delta-Team3,Org-Delta,2026-02-09,2,4.0,Documentation
AI_USR100,Org-Delta-Team3,Org-Delta,2026-02-10,5,2.8,Documentation
AI_USR100,Org-Delta-Team3,Org-Delta,2026-02-11,17,4.1,Code Generation
AI_USR100,Org-Delta-Team3,Org-Delta,2026-02-13,9,2.6,Summarization
AI_USR100,Org-Delta-Team3,Org-Delta,2026-02-14,11,3.4,Code Generation
AI_USR100,Org-Delta-Team3,Org-Delta,2026-02-19,6,3.3,Documentation
AI_USR100,Org-Delta-Team3,Org-Delta,2026-02-21,3,2.9,Code Generation
AI_USR100,Org-Delta-Team3,Org-Delta,2026-02-23,10,3.0,Summarization
AI_USR100,Org-Delta-Team3,Org-Delta,2026-02-24,5,3.3,Debugging
AI_USR100,Org-Delta-Team3,Org-Delta,2026-02-27,4,3.2,Planning
AI_USR100,Org-Delta-Team3,Org-Delta,2026-02-28,11,4.3,Documentation
AI_USR100,Org-Delta-Team3,Org-Delta,2026-03-03,17,3.3,Summarization
AI_USR100,Org-Delta-Team3,Org-Delta,2026-03-04,13,2.8,Summarization
AI_USR100,Org-Delta-Team3,Org-Delta,2026-03-05,20,3.1,Code Generation
AI_USR100,Org-Delta-Team3,Org-Delta,2026-03-07,17,2.9,Summarization
AI_USR100,Org-Delta-Team3,Org-Delta,2026-03-08,18,3.9,Planning
AI_USR100,Org-Delta-Team3,Org-Delta,2026-03-09,9,4.1,Documentation
AI_USR100,Org-Delta-Team3,Org-Delta,2026-03-10,19,3.2,Code Generation
AI_USR100,Org-Delta-Team3,Org-Delta,2026-03-13,4,3.6,Debugging
AI_USR100,Org-Delta-Team3,Org-Delta,2026-03-14,17,3.4,Planning
AI_USR100,Org-Delta-Team3,Org-Delta,2026-03-15,12,2.6,Debugging
AI_USR100,Org-Delta-Team3,Org-Delta,2026-03-17,19,3.1,Debugging
AI_USR100,Org-Delta-Team3,Org-Delta,2026-03-19,1,3.1,Documentation
AI_USR100,Org-Delta-Team3,Org-Delta,2026-03-20,10,3.7,Summarization
AI_USR100,Org-Delta-Team3,Org-Delta,2026-03-21,4,2.7,Documentation
AI_USR100,Org-Delta-Team3,Org-Delta,2026-03-22,16,3.1,Summarization
AI_USR100,Org-Delta-Team3,Org-Delta,2026-03-23,19,2.6,Documentation
AI_USR100,Org-Delta-Team3,Org-Delta,2026-03-24,17,3.0,Code Generation
AI_USR100,Org-Delta-Team3,Org-Delta,2026-03-26,4,3.9,Documentation
AI_USR100,Org-Delta-Team3,Org-Delta,2026-03-27,4,4.4,Code Generation
AI_USR100,Org-Delta-Team3,Org-Delta,2026-03-28,20,3.8,Planning
AI_USR100,Org-Delta-Team3,Org-Delta,2026-03-30,13,4.3,Documentation
AI_USR100,Org-Delta-Team3,Org-Delta,2026-03-31,2,3.9,Code Generation
AI_USR101,Org-Alpha-Team3,Org-Alpha,2026-01-03,6,6.8,Summarization
AI_USR101,Org-Alpha-Team3,Org-Alpha,2026-01-05,6,7.1,Data Query
AI_USR101,Org-Alpha-Team3,Org-Alpha,2026-01-07,12,6.9,Planning
AI_USR101,Org-Alpha-Team3,Org-Alpha,2026-01-09,14,6.9,Planning
AI_USR101,Org-Alpha-Team3,Org-Alpha,2026-01-10,5,6.3,Planning
AI_USR101,Org-Alpha-Team3,Org-Alpha,2026-01-12,13,7.7,Documentation
AI_USR101,Org-Alpha-Team3,Org-Alpha,2026-01-13,1,6.3,Documentation
AI_USR101,Org-Alpha-Team3,Org-Alpha,2026-01-14,20,7.9,Debugging
AI_USR101,Org-Alpha-Team3,Org-Alpha,2026-01-15,12,7.4,Planning
AI_USR101,Org-Alpha-Team3,Org-Alpha,2026-01-16,14,7.0,Planning
AI_USR101,Org-Alpha-Team3,Org-Alpha,2026-01-18,7,7.6,Summarization
AI_USR101,Org-Alpha-Team3,Org-Alpha,2026-01-19,19,7.3,Planning
AI_USR101,Org-Alpha-Team3,Org-Alpha,2026-01-20,17,7.2,Summarization
AI_USR101,Org-Alpha-Team3,Org-Alpha,2026-01-21,16,7.4,Planning
AI_USR101,Org-Alpha-Team3,Org-Alpha,2026-01-22,6,7.1,Planning
AI_USR101,Org-Alpha-Team3,Org-Alpha,2026-01-23,19,7.1,Summarization
AI_USR101,Org-Alpha-Team3,Org-Alpha,2026-01-24,1,7.3,Summarization
AI_USR101,Org-Alpha-Team3,Org-Alpha,2026-01-26,10,7.9,Summarization
AI_USR101,Org-Alpha-Team3,Org-Alpha,2026-01-27,4,7.1,Code Generation
AI_USR101,Org-Alpha-Team3,Org-Alpha,2026-01-28,7,7.3,Code Generation
AI_USR101,Org-Alpha-Team3,Org-Alpha,2026-01-31,10,8.4,Documentation
AI_USR101,Org-Alpha-Team3,Org-Alpha,2026-02-01,6,6.6,Planning
AI_USR101,Org-Alpha-Team3,Org-Alpha,2026-02-03,18,6.9,Data Query
AI_USR101,Org-Alpha-Team3,Org-Alpha,2026-02-04,7,7.0,Data Query
AI_USR101,Org-Alpha-Team3,Org-Alpha,2026-02-05,2,7.0,Planning
AI_USR101,Org-Alpha-Team3,Org-Alpha,2026-02-06,7,7.3,Planning
AI_USR101,Org-Alpha-Team3,Org-Alpha,2026-02-07,4,6.9,Data Query
AI_USR101,Org-Alpha-Team3,Org-Alpha,2026-02-10,10,7.5,Debugging
AI_USR101,Org-Alpha-Team3,Org-Alpha,2026-02-12,6,8.5,Summarization
AI_USR101,Org-Alpha-Team3,Org-Alpha,2026-02-13,9,7.2,Code Generation
AI_USR101,Org-Alpha-Team3,Org-Alpha,2026-02-15,15,7.9,Debugging
AI_USR101,Org-Alpha-Team3,Org-Alpha,2026-02-17,7,8.3,Code Generation
AI_USR101,Org-Alpha-Team3,Org-Alpha,2026-02-19,7,8.8,Summarization
AI_USR101,Org-Alpha-Team3,Org-Alpha,2026-02-20,19,8.7,Planning
AI_USR101,Org-Alpha-Team3,Org-Alpha,2026-02-21,1,7.9,Code Generation
AI_USR101,Org-Alpha-Team3,Org-Alpha,2026-02-22,8,8.4,Code Generation
AI_USR101,Org-Alpha-Team3,Org-Alpha,2026-02-23,19,8.9,Summarization
AI_USR101,Org-Alpha-Team3,Org-Alpha,2026-02-24,17,8.6,Code Generation
AI_USR101,Org-Alpha-Team3,Org-Alpha,2026-02-25,5,8.8,Code Generation
AI_USR101,Org-Alpha-Team3,Org-Alpha,2026-02-26,8,9.0,Debugging
AI_USR101,Org-Alpha-Team3,Org-Alpha,2026-02-27,8,7.2,Planning
AI_USR101,Org-Alpha-Team3,Org-Alpha,2026-03-03,1,9.0,Documentation
AI_USR101,Org-Alpha-Team3,Org-Alpha,2026-03-04,13,8.2,Code Generation
AI_USR101,Org-Alpha-Team3,Org-Alpha,2026-03-06,16,8.6,Data Query
AI_USR101,Org-Alpha-Team3,Org-Alpha,2026-03-09,15,8.8,Data Query
AI_USR101,Org-Alpha-Team3,Org-Alpha,2026-03-12,3,8.7,Code Generation
AI_USR101,Org-Alpha-Team3,Org-Alpha,2026-03-13,15,7.9,Data Query
AI_USR101,Org-Alpha-Team3,Org-Alpha,2026-03-14,17,9.3,Debugging
AI_USR101,Org-Alpha-Team3,Org-Alpha,2026-03-15,14,7.8,Documentation
AI_USR101,Org-Alpha-Team3,Org-Alpha,2026-03-17,15,8.3,Data Query
AI_USR101,Org-Alpha-Team3,Org-Alpha,2026-03-20,12,9.2,Data Query
AI_USR101,Org-Alpha-Team3,Org-Alpha,2026-03-21,12,9.3,Summarization
AI_USR101,Org-Alpha-Team3,Org-Alpha,2026-03-22,2,8.8,Data Query
AI_USR101,Org-Alpha-Team3,Org-Alpha,2026-03-23,11,8.2,Documentation
AI_USR101,Org-Alpha-Team3,Org-Alpha,2026-03-24,16,8.9,Summarization
AI_USR101,Org-Alpha-Team3,Org-Alpha,2026-03-27,13,8.8,Code Generation
AI_USR101,Org-Alpha-Team3,Org-Alpha,2026-03-28,6,9.2,Data Query
AI_USR101,Org-Alpha-Team3,Org-Alpha,2026-03-29,11,9.0,Summarization
AI_USR101,Org-Alpha-Team3,Org-Alpha,2026-03-30,8,9.1,Debugging
AI_USR102,Org-Epsilon-Team4,Org-Epsilon,2026-01-02,9,7.7,Code Generation
AI_USR102,Org-Epsilon-Team4,Org-Epsilon,2026-01-04,18,6.7,Documentation
AI_USR102,Org-Epsilon-Team4,Org-Epsilon,2026-01-05,5,7.5,Summarization
AI_USR102,Org-Epsilon-Team4,Org-Epsilon,2026-01-09,14,6.7,Planning
AI_USR102,Org-Epsilon-Team4,Org-Epsilon,2026-01-10,19,5.8,Debugging
AI_USR102,Org-Epsilon-Team4,Org-Epsilon,2026-01-11,18,7.6,Code Generation
AI_USR102,Org-Epsilon-Team4,Org-Epsilon,2026-01-12,19,6.8,Documentation
AI_USR102,Org-Epsilon-Team4,Org-Epsilon,2026-01-13,3,6.9,Summarization
AI_USR102,Org-Epsilon-Team4,Org-Epsilon,2026-01-15,5,6.4,Data Query
AI_USR102,Org-Epsilon-Team4,Org-Epsilon,2026-01-16,1,6.3,Code Generation
AI_USR102,Org-Epsilon-Team4,Org-Epsilon,2026-01-17,11,6.7,Data Query
AI_USR102,Org-Epsilon-Team4,Org-Epsilon,2026-01-18,4,6.9,Documentation
AI_USR102,Org-Epsilon-Team4,Org-Epsilon,2026-01-19,5,7.5,Documentation
AI_USR102,Org-Epsilon-Team4,Org-Epsilon,2026-01-21,2,6.8,Documentation
AI_USR102,Org-Epsilon-Team4,Org-Epsilon,2026-01-24,15,7.3,Debugging
AI_USR102,Org-Epsilon-Team4,Org-Epsilon,2026-01-26,2,5.7,Data Query
AI_USR102,Org-Epsilon-Team4,Org-Epsilon,2026-01-27,6,7.0,Data Query
AI_USR102,Org-Epsilon-Team4,Org-Epsilon,2026-01-28,18,7.3,Documentation
AI_USR102,Org-Epsilon-Team4,Org-Epsilon,2026-01-30,5,7.0,Data Query
AI_USR102,Org-Epsilon-Team4,Org-Epsilon,2026-01-31,20,6.6,Data Query
AI_USR102,Org-Epsilon-Team4,Org-Epsilon,2026-02-01,16,6.7,Documentation
AI_USR102,Org-Epsilon-Team4,Org-Epsilon,2026-02-02,10,6.6,Summarization
AI_USR102,Org-Epsilon-Team4,Org-Epsilon,2026-02-03,20,6.7,Planning
AI_USR102,Org-Epsilon-Team4,Org-Epsilon,2026-02-04,20,7.2,Data Query
AI_USR102,Org-Epsilon-Team4,Org-Epsilon,2026-02-06,19,7.4,Code Generation
AI_USR102,Org-Epsilon-Team4,Org-Epsilon,2026-02-07,13,6.5,Summarization
AI_USR102,Org-Epsilon-Team4,Org-Epsilon,2026-02-08,3,7.4,Documentation
AI_USR102,Org-Epsilon-Team4,Org-Epsilon,2026-02-09,8,5.6,Planning
AI_USR102,Org-Epsilon-Team4,Org-Epsilon,2026-02-10,4,6.8,Debugging
AI_USR102,Org-Epsilon-Team4,Org-Epsilon,2026-02-11,20,7.2,Documentation
AI_USR102,Org-Epsilon-Team4,Org-Epsilon,2026-02-12,3,6.9,Planning
AI_USR102,Org-Epsilon-Team4,Org-Epsilon,2026-02-13,2,6.0,Data Query
AI_USR102,Org-Epsilon-Team4,Org-Epsilon,2026-02-14,17,6.5,Data Query
AI_USR102,Org-Epsilon-Team4,Org-Epsilon,2026-02-16,11,6.6,Documentation
AI_USR102,Org-Epsilon-Team4,Org-Epsilon,2026-02-17,2,5.8,Code Generation
AI_USR102,Org-Epsilon-Team4,Org-Epsilon,2026-02-18,18,6.5,Documentation
AI_USR102,Org-Epsilon-Team4,Org-Epsilon,2026-02-19,5,7.5,Documentation
AI_USR102,Org-Epsilon-Team4,Org-Epsilon,2026-02-23,10,6.9,Documentation
AI_USR102,Org-Epsilon-Team4,Org-Epsilon,2026-02-24,17,7.3,Code Generation
AI_USR102,Org-Epsilon-Team4,Org-Epsilon,2026-02-25,10,7.4,Summarization
AI_USR102,Org-Epsilon-Team4,Org-Epsilon,2026-02-26,15,6.1,Summarization
AI_USR102,Org-Epsilon-Team4,Org-Epsilon,2026-02-27,4,6.7,Debugging
AI_USR102,Org-Epsilon-Team4,Org-Epsilon,2026-02-28,15,7.4,Planning
AI_USR102,Org-Epsilon-Team4,Org-Epsilon,2026-03-01,6,7.3,Planning
AI_USR102,Org-Epsilon-Team4,Org-Epsilon,2026-03-04,20,6.7,Documentation
AI_USR102,Org-Epsilon-Team4,Org-Epsilon,2026-03-05,3,6.1,Data Query
AI_USR102,Org-Epsilon-Team4,Org-Epsilon,2026-03-10,19,5.6,Data Query
AI_USR102,Org-Epsilon-Team4,Org-Epsilon,2026-03-12,2,6.0,Code Generation
AI_USR102,Org-Epsilon-Team4,Org-Epsilon,2026-03-13,17,6.9,Debugging
AI_USR102,Org-Epsilon-Team4,Org-Epsilon,2026-03-18,10,6.3,Summarization
AI_USR102,Org-Epsilon-Team4,Org-Epsilon,2026-03-19,17,6.2,Debugging
AI_USR102,Org-Epsilon-Team4,Org-Epsilon,2026-03-20,1,7.1,Data Query
AI_USR102,Org-Epsilon-Team4,Org-Epsilon,2026-03-22,9,5.5,Debugging
AI_USR102,Org-Epsilon-Team4,Org-Epsilon,2026-03-24,7,5.8,Summarization
AI_USR102,Org-Epsilon-Team4,Org-Epsilon,2026-03-27,16,7.1,Summarization
AI_USR102,Org-Epsilon-Team4,Org-Epsilon,2026-03-30,6,5.5,Debugging
AI_USR102,Org-Epsilon-Team4,Org-Epsilon,2026-03-31,17,7.1,Documentation
AI_USR103,Org-Gamma-Team4,Org-Gamma,2026-01-04,9,4.5,Planning
AI_USR103,Org-Gamma-Team4,Org-Gamma,2026-01-05,17,5.6,Documentation
AI_USR103,Org-Gamma-Team4,Org-Gamma,2026-01-06,7,4.3,Code Generation
AI_USR103,Org-Gamma-Team4,Org-Gamma,2026-01-07,6,5.0,Planning
AI_USR103,Org-Gamma-Team4,Org-Gamma,2026-01-10,15,5.7,Summarization
AI_USR103,Org-Gamma-Team4,Org-Gamma,2026-01-11,7,6.2,Code Generation
AI_USR103,Org-Gamma-Team4,Org-Gamma,2026-01-17,9,5.8,Debugging
AI_USR103,Org-Gamma-Team4,Org-Gamma,2026-01-18,18,4.9,Debugging
AI_USR103,Org-Gamma-Team4,Org-Gamma,2026-01-21,15,4.5,Code Generation
AI_USR103,Org-Gamma-Team4,Org-Gamma,2026-01-22,10,4.4,Data Query
AI_USR103,Org-Gamma-Team4,Org-Gamma,2026-01-24,12,4.8,Data Query
AI_USR103,Org-Gamma-Team4,Org-Gamma,2026-01-26,19,6.1,Summarization
AI_USR103,Org-Gamma-Team4,Org-Gamma,2026-01-27,8,6.2,Documentation
AI_USR103,Org-Gamma-Team4,Org-Gamma,2026-01-28,8,5.1,Planning
AI_USR103,Org-Gamma-Team4,Org-Gamma,2026-01-29,20,5.7,Code Generation
AI_USR103,Org-Gamma-Team4,Org-Gamma,2026-01-30,15,5.8,Code Generation
AI_USR103,Org-Gamma-Team4,Org-Gamma,2026-01-31,8,4.8,Documentation
AI_USR103,Org-Gamma-Team4,Org-Gamma,2026-02-01,14,5.1,Summarization
AI_USR103,Org-Gamma-Team4,Org-Gamma,2026-02-04,16,5.2,Data Query
AI_USR103,Org-Gamma-Team4,Org-Gamma,2026-02-05,11,5.3,Summarization
AI_USR103,Org-Gamma-Team4,Org-Gamma,2026-02-06,3,4.9,Data Query
AI_USR103,Org-Gamma-Team4,Org-Gamma,2026-02-08,2,4.9,Summarization
AI_USR103,Org-Gamma-Team4,Org-Gamma,2026-02-09,4,4.8,Planning
AI_USR103,Org-Gamma-Team4,Org-Gamma,2026-02-17,3,4.8,Planning
AI_USR103,Org-Gamma-Team4,Org-Gamma,2026-02-18,18,5.5,Documentation
AI_USR103,Org-Gamma-Team4,Org-Gamma,2026-02-19,15,5.7,Documentation
AI_USR103,Org-Gamma-Team4,Org-Gamma,2026-02-20,6,5.7,Debugging
AI_USR103,Org-Gamma-Team4,Org-Gamma,2026-02-24,20,4.4,Code Generation
AI_USR103,Org-Gamma-Team4,Org-Gamma,2026-02-25,3,5.5,Summarization
AI_USR103,Org-Gamma-Team4,Org-Gamma,2026-02-26,1,5.1,Summarization
AI_USR103,Org-Gamma-Team4,Org-Gamma,2026-02-27,18,6.3,Data Query
AI_USR103,Org-Gamma-Team4,Org-Gamma,2026-03-01,5,4.6,Debugging
AI_USR103,Org-Gamma-Team4,Org-Gamma,2026-03-02,2,5.4,Debugging
AI_USR103,Org-Gamma-Team4,Org-Gamma,2026-03-04,18,6.3,Summarization
AI_USR103,Org-Gamma-Team4,Org-Gamma,2026-03-06,14,4.9,Debugging
AI_USR103,Org-Gamma-Team4,Org-Gamma,2026-03-07,8,5.3,Planning
AI_USR103,Org-Gamma-Team4,Org-Gamma,2026-03-09,2,5.6,Code Generation
AI_USR103,Org-Gamma-Team4,Org-Gamma,2026-03-10,8,5.6,Planning
AI_USR103,Org-Gamma-Team4,Org-Gamma,2026-03-11,2,4.8,Data Query
AI_USR103,Org-Gamma-Team4,Org-Gamma,2026-03-12,9,5.8,Planning
AI_USR103,Org-Gamma-Team4,Org-Gamma,2026-03-14,6,5.9,Debugging
AI_USR103,Org-Gamma-Team4,Org-Gamma,2026-03-20,18,6.0,Data Query
AI_USR103,Org-Gamma-Team4,Org-Gamma,2026-03-21,11,4.7,Code Generation
AI_USR103,Org-Gamma-Team4,Org-Gamma,2026-03-22,18,4.9,Code Generation
AI_USR103,Org-Gamma-Team4,Org-Gamma,2026-03-23,8,5.7,Data Query
AI_USR103,Org-Gamma-Team4,Org-Gamma,2026-03-24,10,5.3,Data Query
AI_USR103,Org-Gamma-Team4,Org-Gamma,2026-03-25,9,4.8,Code Generation
AI_USR103,Org-Gamma-Team4,Org-Gamma,2026-03-28,16,5.0,Data Query
AI_USR103,Org-Gamma-Team4,Org-Gamma,2026-03-29,4,5.1,Documentation
AI_USR103,Org-Gamma-Team4,Org-Gamma,2026-03-31,7,6.0,Data Query
AI_USR104,Org-Gamma-Team4,Org-Gamma,2026-01-01,6,5.4,Planning
AI_USR104,Org-Gamma-Team4,Org-Gamma,2026-01-02,20,5.3,Documentation
AI_USR104,Org-Gamma-Team4,Org-Gamma,2026-01-04,5,5.7,Documentation
AI_USR104,Org-Gamma-Team4,Org-Gamma,2026-01-06,18,5.3,Debugging
AI_USR104,Org-Gamma-Team4,Org-Gamma,2026-01-08,4,4.2,Data Query
AI_USR104,Org-Gamma-Team4,Org-Gamma,2026-01-09,16,5.3,Summarization
AI_USR104,Org-Gamma-Team4,Org-Gamma,2026-01-12,16,5.4,Code Generation
AI_USR104,Org-Gamma-Team4,Org-Gamma,2026-01-13,20,4.4,Documentation
AI_USR104,Org-Gamma-Team4,Org-Gamma,2026-01-15,17,6.2,Debugging
AI_USR104,Org-Gamma-Team4,Org-Gamma,2026-01-17,13,6.3,Debugging
AI_USR104,Org-Gamma-Team4,Org-Gamma,2026-01-20,2,5.5,Planning
AI_USR104,Org-Gamma-Team4,Org-Gamma,2026-01-21,5,5.5,Documentation
AI_USR104,Org-Gamma-Team4,Org-Gamma,2026-01-23,4,6.2,Summarization
AI_USR104,Org-Gamma-Team4,Org-Gamma,2026-01-26,7,4.9,Data Query
AI_USR104,Org-Gamma-Team4,Org-Gamma,2026-01-27,13,6.3,Debugging
AI_USR104,Org-Gamma-Team4,Org-Gamma,2026-01-28,16,5.4,Debugging
AI_USR104,Org-Gamma-Team4,Org-Gamma,2026-02-01,6,5.2,Documentation
AI_USR104,Org-Gamma-Team4,Org-Gamma,2026-02-02,8,6.2,Planning
AI_USR104,Org-Gamma-Team4,Org-Gamma,2026-02-03,20,6.4,Debugging
AI_USR104,Org-Gamma-Team4,Org-Gamma,2026-02-04,4,6.3,Debugging
AI_USR104,Org-Gamma-Team4,Org-Gamma,2026-02-06,7,5.2,Documentation
AI_USR104,Org-Gamma-Team4,Org-Gamma,2026-02-08,20,6.3,Documentation
AI_USR104,Org-Gamma-Team4,Org-Gamma,2026-02-09,15,6.6,Documentation
AI_USR104,Org-Gamma-Team4,Org-Gamma,2026-02-10,10,6.2,Planning
AI_USR104,Org-Gamma-Team4,Org-Gamma,2026-02-12,13,6.5,Documentation
AI_USR104,Org-Gamma-Team4,Org-Gamma,2026-02-14,14,6.0,Summarization
AI_USR104,Org-Gamma-Team4,Org-Gamma,2026-02-15,1,6.6,Summarization
AI_USR104,Org-Gamma-Team4,Org-Gamma,2026-02-16,2,6.6,Documentation
AI_USR104,Org-Gamma-Team4,Org-Gamma,2026-02-17,13,7.0,Code Generation
AI_USR104,Org-Gamma-Team4,Org-Gamma,2026-02-19,12,6.9,Planning
AI_USR104,Org-Gamma-Team4,Org-Gamma,2026-02-20,10,7.0,Code Generation
AI_USR104,Org-Gamma-Team4,Org-Gamma,2026-02-21,19,6.3,Documentation
AI_USR104,Org-Gamma-Team4,Org-Gamma,2026-02-22,20,6.4,Data Query
AI_USR104,Org-Gamma-Team4,Org-Gamma,2026-02-25,13,7.8,Planning
AI_USR104,Org-Gamma-Team4,Org-Gamma,2026-02-27,14,6.0,Data Query
AI_USR104,Org-Gamma-Team4,Org-Gamma,2026-02-28,3,7.7,Summarization
AI_USR104,Org-Gamma-Team4,Org-Gamma,2026-03-01,18,7.4,Code Generation
AI_USR104,Org-Gamma-Team4,Org-Gamma,2026-03-02,13,6.9,Planning
AI_USR104,Org-Gamma-Team4,Org-Gamma,2026-03-04,18,6.2,Documentation
AI_USR104,Org-Gamma-Team4,Org-Gamma,2026-03-08,14,6.3,Planning
AI_USR104,Org-Gamma-Team4,Org-Gamma,2026-03-12,11,6.4,Debugging
AI_USR104,Org-Gamma-Team4,Org-Gamma,2026-03-15,4,8.1,Planning
AI_USR104,Org-Gamma-Team4,Org-Gamma,2026-03-16,1,7.2,Debugging
AI_USR104,Org-Gamma-Team4,Org-Gamma,2026-03-17,7,7.7,Debugging
AI_USR104,Org-Gamma-Team4,Org-Gamma,2026-03-18,11,8.0,Summarization
AI_USR104,Org-Gamma-Team4,Org-Gamma,2026-03-19,7,7.3,Documentation
AI_USR104,Org-Gamma-Team4,Org-Gamma,2026-03-20,13,7.3,Summarization
AI_USR104,Org-Gamma-Team4,Org-Gamma,2026-03-22,2,6.9,Planning
AI_USR104,Org-Gamma-Team4,Org-Gamma,2026-03-23,2,8.3,Debugging
AI_USR104,Org-Gamma-Team4,Org-Gamma,2026-03-24,5,8.1,Code Generation
AI_USR104,Org-Gamma-Team4,Org-Gamma,2026-03-26,8,8.1,Planning
AI_USR104,Org-Gamma-Team4,Org-Gamma,2026-03-27,14,6.9,Debugging
AI_USR104,Org-Gamma-Team4,Org-Gamma,2026-03-28,9,7.8,Planning
AI_USR104,Org-Gamma-Team4,Org-Gamma,2026-03-29,16,8.5,Code Generation
AI_USR104,Org-Gamma-Team4,Org-Gamma,2026-03-30,15,8.3,Data Query
AI_USR104,Org-Gamma-Team4,Org-Gamma,2026-03-31,18,7.9,Data Query
AI_USR105,Org-Delta-Team4,Org-Delta,2026-01-02,12,2.8,Data Query
AI_USR105,Org-Delta-Team4,Org-Delta,2026-01-05,12,3.2,Documentation
AI_USR105,Org-Delta-Team4,Org-Delta,2026-01-06,17,4.4,Planning
AI_USR105,Org-Delta-Team4,Org-Delta,2026-01-07,7,2.6,Code Generation
AI_USR105,Org-Delta-Team4,Org-Delta,2026-01-08,18,2.9,Code Generation
AI_USR105,Org-Delta-Team4,Org-Delta,2026-01-09,7,4.3,Code Generation
AI_USR105,Org-Delta-Team4,Org-Delta,2026-01-10,13,4.0,Planning
AI_USR105,Org-Delta-Team4,Org-Delta,2026-01-12,19,3.6,Code Generation
AI_USR105,Org-Delta-Team4,Org-Delta,2026-01-13,11,3.6,Data Query
AI_USR105,Org-Delta-Team4,Org-Delta,2026-01-14,9,4.6,Data Query
AI_USR105,Org-Delta-Team4,Org-Delta,2026-01-15,20,3.6,Planning
AI_USR105,Org-Delta-Team4,Org-Delta,2026-01-16,19,3.1,Debugging
AI_USR105,Org-Delta-Team4,Org-Delta,2026-01-17,16,3.3,Summarization
AI_USR105,Org-Delta-Team4,Org-Delta,2026-01-22,18,3.6,Debugging
AI_USR105,Org-Delta-Team4,Org-Delta,2026-01-23,18,3.6,Planning
AI_USR105,Org-Delta-Team4,Org-Delta,2026-01-24,1,4.3,Planning
AI_USR105,Org-Delta-Team4,Org-Delta,2026-01-26,19,4.2,Debugging
AI_USR105,Org-Delta-Team4,Org-Delta,2026-01-27,19,3.4,Code Generation
AI_USR105,Org-Delta-Team4,Org-Delta,2026-01-29,7,4.6,Debugging
AI_USR105,Org-Delta-Team4,Org-Delta,2026-01-30,12,3.3,Data Query
AI_USR105,Org-Delta-Team4,Org-Delta,2026-02-02,13,4.1,Code Generation
AI_USR105,Org-Delta-Team4,Org-Delta,2026-02-03,15,4.9,Code Generation
AI_USR105,Org-Delta-Team4,Org-Delta,2026-02-04,8,3.4,Documentation
AI_USR105,Org-Delta-Team4,Org-Delta,2026-02-05,5,5.2,Summarization
AI_USR105,Org-Delta-Team4,Org-Delta,2026-02-09,6,3.6,Planning
AI_USR105,Org-Delta-Team4,Org-Delta,2026-02-10,12,4.5,Data Query
AI_USR105,Org-Delta-Team4,Org-Delta,2026-02-11,6,4.2,Documentation
AI_USR105,Org-Delta-Team4,Org-Delta,2026-02-12,4,4.2,Data Query
AI_USR105,Org-Delta-Team4,Org-Delta,2026-02-14,2,5.4,Code Generation
AI_USR105,Org-Delta-Team4,Org-Delta,2026-02-15,20,4.4,Documentation
AI_USR105,Org-Delta-Team4,Org-Delta,2026-02-16,10,4.4,Code Generation
AI_USR105,Org-Delta-Team4,Org-Delta,2026-02-18,9,5.0,Code Generation
AI_USR105,Org-Delta-Team4,Org-Delta,2026-02-19,10,5.3,Debugging
AI_USR105,Org-Delta-Team4,Org-Delta,2026-02-20,2,5.2,Code Generation
AI_USR105,Org-Delta-Team4,Org-Delta,2026-02-21,13,4.3,Documentation
AI_USR105,Org-Delta-Team4,Org-Delta,2026-02-22,15,3.9,Code Generation
AI_USR105,Org-Delta-Team4,Org-Delta,2026-02-23,17,5.9,Data Query
AI_USR105,Org-Delta-Team4,Org-Delta,2026-02-27,11,5.1,Data Query
AI_USR105,Org-Delta-Team4,Org-Delta,2026-02-28,3,5.9,Code Generation
AI_USR105,Org-Delta-Team4,Org-Delta,2026-03-01,20,5.5,Data Query
AI_USR105,Org-Delta-Team4,Org-Delta,2026-03-02,16,4.2,Debugging
AI_USR105,Org-Delta-Team4,Org-Delta,2026-03-03,5,6.1,Debugging
AI_USR105,Org-Delta-Team4,Org-Delta,2026-03-04,8,4.6,Planning
AI_USR105,Org-Delta-Team4,Org-Delta,2026-03-05,12,5.1,Data Query
AI_USR105,Org-Delta-Team4,Org-Delta,2026-03-06,13,4.3,Data Query
AI_USR105,Org-Delta-Team4,Org-Delta,2026-03-08,18,5.7,Documentation
AI_USR105,Org-Delta-Team4,Org-Delta,2026-03-09,19,5.1,Summarization
AI_USR105,Org-Delta-Team4,Org-Delta,2026-03-11,8,5.4,Documentation
AI_USR105,Org-Delta-Team4,Org-Delta,2026-03-12,6,6.3,Summarization
AI_USR105,Org-Delta-Team4,Org-Delta,2026-03-14,16,6.4,Planning
AI_USR105,Org-Delta-Team4,Org-Delta,2026-03-15,15,5.7,Summarization
AI_USR105,Org-Delta-Team4,Org-Delta,2026-03-16,7,5.8,Planning
AI_USR105,Org-Delta-Team4,Org-Delta,2026-03-17,3,6.0,Summarization
AI_USR105,Org-Delta-Team4,Org-Delta,2026-03-18,12,4.7,Summarization
AI_USR105,Org-Delta-Team4,Org-Delta,2026-03-19,17,5.7,Planning
AI_USR105,Org-Delta-Team4,Org-Delta,2026-03-20,12,5.8,Summarization
AI_USR105,Org-Delta-Team4,Org-Delta,2026-03-22,11,5.3,Planning
AI_USR105,Org-Delta-Team4,Org-Delta,2026-03-23,12,6.6,Data Query
AI_USR105,Org-Delta-Team4,Org-Delta,2026-03-24,15,6.6,Data Query
AI_USR105,Org-Delta-Team4,Org-Delta,2026-03-26,13,6.0,Debugging
AI_USR105,Org-Delta-Team4,Org-Delta,2026-03-27,2,6.8,Documentation
AI_USR105,Org-Delta-Team4,Org-Delta,2026-03-28,19,5.9,Summarization
AI_USR105,Org-Delta-Team4,Org-Delta,2026-03-29,15,6.3,Planning
AI_USR105,Org-Delta-Team4,Org-Delta,2026-03-31,15,6.5,Documentation
AI_USR106,Org-Delta-Team2,Org-Delta,2026-01-01,13,5.8,Planning
AI_USR106,Org-Delta-Team2,Org-Delta,2026-01-02,5,6.1,Debugging
AI_USR106,Org-Delta-Team2,Org-Delta,2026-01-03,9,6.0,Documentation
AI_USR106,Org-Delta-Team2,Org-Delta,2026-01-04,2,6.2,Summarization
AI_USR106,Org-Delta-Team2,Org-Delta,2026-01-05,9,6.1,Documentation
AI_USR106,Org-Delta-Team2,Org-Delta,2026-01-06,13,5.9,Summarization
AI_USR106,Org-Delta-Team2,Org-Delta,2026-01-07,11,5.0,Documentation
AI_USR106,Org-Delta-Team2,Org-Delta,2026-01-09,5,5.4,Summarization
AI_USR106,Org-Delta-Team2,Org-Delta,2026-01-10,19,4.7,Planning
AI_USR106,Org-Delta-Team2,Org-Delta,2026-01-11,19,6.3,Code Generation
AI_USR106,Org-Delta-Team2,Org-Delta,2026-01-12,3,4.7,Summarization
AI_USR106,Org-Delta-Team2,Org-Delta,2026-01-13,18,5.2,Data Query
AI_USR106,Org-Delta-Team2,Org-Delta,2026-01-14,6,6.2,Documentation
AI_USR106,Org-Delta-Team2,Org-Delta,2026-01-15,18,6.5,Debugging
AI_USR106,Org-Delta-Team2,Org-Delta,2026-01-17,1,6.3,Summarization
AI_USR106,Org-Delta-Team2,Org-Delta,2026-01-18,5,5.3,Debugging
AI_USR106,Org-Delta-Team2,Org-Delta,2026-01-20,17,4.8,Code Generation
AI_USR106,Org-Delta-Team2,Org-Delta,2026-01-21,18,6.8,Code Generation
AI_USR106,Org-Delta-Team2,Org-Delta,2026-01-23,4,5.2,Planning
AI_USR106,Org-Delta-Team2,Org-Delta,2026-01-25,20,5.1,Data Query
AI_USR106,Org-Delta-Team2,Org-Delta,2026-01-26,17,5.1,Planning
AI_USR106,Org-Delta-Team2,Org-Delta,2026-01-27,20,6.4,Summarization
AI_USR106,Org-Delta-Team2,Org-Delta,2026-01-29,10,6.6,Documentation
AI_USR106,Org-Delta-Team2,Org-Delta,2026-01-30,6,7.1,Debugging
AI_USR106,Org-Delta-Team2,Org-Delta,2026-02-01,10,5.2,Debugging
AI_USR106,Org-Delta-Team2,Org-Delta,2026-02-02,18,6.0,Planning
AI_USR106,Org-Delta-Team2,Org-Delta,2026-02-03,13,7.0,Documentation
AI_USR106,Org-Delta-Team2,Org-Delta,2026-02-04,12,5.9,Documentation
AI_USR106,Org-Delta-Team2,Org-Delta,2026-02-06,2,6.6,Summarization
AI_USR106,Org-Delta-Team2,Org-Delta,2026-02-07,10,5.4,Code Generation
AI_USR106,Org-Delta-Team2,Org-Delta,2026-02-09,17,6.7,Debugging
AI_USR106,Org-Delta-Team2,Org-Delta,2026-02-10,4,5.6,Planning
AI_USR106,Org-Delta-Team2,Org-Delta,2026-02-11,3,7.3,Summarization
AI_USR106,Org-Delta-Team2,Org-Delta,2026-02-12,8,5.7,Documentation
AI_USR106,Org-Delta-Team2,Org-Delta,2026-02-15,8,5.9,Data Query
AI_USR106,Org-Delta-Team2,Org-Delta,2026-02-16,12,6.0,Planning
AI_USR106,Org-Delta-Team2,Org-Delta,2026-02-17,6,6.0,Summarization
AI_USR106,Org-Delta-Team2,Org-Delta,2026-02-18,3,6.1,Debugging
AI_USR106,Org-Delta-Team2,Org-Delta,2026-02-21,20,6.3,Code Generation
AI_USR106,Org-Delta-Team2,Org-Delta,2026-02-23,1,7.4,Code Generation
AI_USR106,Org-Delta-Team2,Org-Delta,2026-02-25,9,7.5,Code Generation
AI_USR106,Org-Delta-Team2,Org-Delta,2026-02-27,8,6.6,Planning
AI_USR106,Org-Delta-Team2,Org-Delta,2026-02-28,16,7.1,Planning
AI_USR106,Org-Delta-Team2,Org-Delta,2026-03-01,19,7.4,Data Query
AI_USR106,Org-Delta-Team2,Org-Delta,2026-03-03,19,8.1,Code Generation
AI_USR106,Org-Delta-Team2,Org-Delta,2026-03-04,6,8.2,Debugging
AI_USR106,Org-Delta-Team2,Org-Delta,2026-03-06,11,6.8,Data Query
AI_USR106,Org-Delta-Team2,Org-Delta,2026-03-07,19,6.5,Debugging
AI_USR106,Org-Delta-Team2,Org-Delta,2026-03-08,17,7.5,Planning
AI_USR106,Org-Delta-Team2,Org-Delta,2026-03-09,3,7.6,Planning
AI_USR106,Org-Delta-Team2,Org-Delta,2026-03-11,1,7.8,Code Generation
AI_USR106,Org-Delta-Team2,Org-Delta,2026-03-13,4,8.4,Planning
AI_USR106,Org-Delta-Team2,Org-Delta,2026-03-14,1,8.1,Documentation
AI_USR106,Org-Delta-Team2,Org-Delta,2026-03-16,9,8.6,Planning
AI_USR106,Org-Delta-Team2,Org-Delta,2026-03-19,15,8.1,Data Query
AI_USR106,Org-Delta-Team2,Org-Delta,2026-03-20,19,7.0,Documentation
AI_USR106,Org-Delta-Team2,Org-Delta,2026-03-21,12,7.6,Planning
AI_USR106,Org-Delta-Team2,Org-Delta,2026-03-22,6,6.9,Documentation
AI_USR106,Org-Delta-Team2,Org-Delta,2026-03-23,10,8.7,Data Query
AI_USR106,Org-Delta-Team2,Org-Delta,2026-03-24,11,8.1,Documentation
AI_USR106,Org-Delta-Team2,Org-Delta,2026-03-25,11,7.3,Planning
AI_USR106,Org-Delta-Team2,Org-Delta,2026-03-26,10,8.9,Planning
AI_USR106,Org-Delta-Team2,Org-Delta,2026-03-27,19,7.1,Data Query
AI_USR106,Org-Delta-Team2,Org-Delta,2026-03-29,10,7.6,Planning
AI_USR106,Org-Delta-Team2,Org-Delta,2026-03-30,3,7.5,Debugging
AI_USR107,Org-Beta-Team3,Org-Beta,2026-01-01,9,1.9,Documentation
AI_USR107,Org-Beta-Team3,Org-Beta,2026-01-04,15,2.8,Planning
AI_USR107,Org-Beta-Team3,Org-Beta,2026-01-07,20,2.2,Documentation
AI_USR107,Org-Beta-Team3,Org-Beta,2026-01-08,20,3.1,Summarization
AI_USR107,Org-Beta-Team3,Org-Beta,2026-01-09,17,3.3,Data Query
AI_USR107,Org-Beta-Team3,Org-Beta,2026-01-11,6,2.4,Summarization
AI_USR107,Org-Beta-Team3,Org-Beta,2026-01-12,12,3.0,Summarization
AI_USR107,Org-Beta-Team3,Org-Beta,2026-01-13,9,3.8,Code Generation
AI_USR107,Org-Beta-Team3,Org-Beta,2026-01-15,14,2.4,Summarization
AI_USR107,Org-Beta-Team3,Org-Beta,2026-01-16,14,2.5,Planning
AI_USR107,Org-Beta-Team3,Org-Beta,2026-01-17,8,3.6,Debugging
AI_USR107,Org-Beta-Team3,Org-Beta,2026-01-18,10,2.1,Documentation
AI_USR107,Org-Beta-Team3,Org-Beta,2026-01-19,2,3.5,Code Generation
AI_USR107,Org-Beta-Team3,Org-Beta,2026-01-21,11,2.9,Summarization
AI_USR107,Org-Beta-Team3,Org-Beta,2026-01-23,5,2.5,Documentation
AI_USR107,Org-Beta-Team3,Org-Beta,2026-01-25,17,4.0,Debugging
AI_USR107,Org-Beta-Team3,Org-Beta,2026-01-26,6,2.9,Code Generation
AI_USR107,Org-Beta-Team3,Org-Beta,2026-01-28,20,3.9,Data Query
AI_USR107,Org-Beta-Team3,Org-Beta,2026-01-30,6,2.9,Debugging
AI_USR107,Org-Beta-Team3,Org-Beta,2026-01-31,7,2.2,Debugging
AI_USR107,Org-Beta-Team3,Org-Beta,2026-02-01,7,3.7,Planning
AI_USR107,Org-Beta-Team3,Org-Beta,2026-02-02,13,3.7,Summarization
AI_USR107,Org-Beta-Team3,Org-Beta,2026-02-04,2,4.0,Data Query
AI_USR107,Org-Beta-Team3,Org-Beta,2026-02-07,14,2.9,Documentation
AI_USR107,Org-Beta-Team3,Org-Beta,2026-02-08,9,4.1,Summarization
AI_USR107,Org-Beta-Team3,Org-Beta,2026-02-09,16,2.3,Summarization
AI_USR107,Org-Beta-Team3,Org-Beta,2026-02-11,2,3.3,Code Generation
AI_USR107,Org-Beta-Team3,Org-Beta,2026-02-14,4,2.4,Summarization
AI_USR107,Org-Beta-Team3,Org-Beta,2026-02-15,16,2.7,Documentation
AI_USR107,Org-Beta-Team3,Org-Beta,2026-02-16,3,3.6,Data Query
AI_USR107,Org-Beta-Team3,Org-Beta,2026-02-18,8,2.4,Data Query
AI_USR107,Org-Beta-Team3,Org-Beta,2026-02-20,2,3.2,Code Generation
AI_USR107,Org-Beta-Team3,Org-Beta,2026-02-22,18,2.6,Documentation
AI_USR107,Org-Beta-Team3,Org-Beta,2026-02-24,19,4.4,Code Generation
AI_USR107,Org-Beta-Team3,Org-Beta,2026-02-25,13,3.0,Planning
AI_USR107,Org-Beta-Team3,Org-Beta,2026-02-26,7,2.7,Data Query
AI_USR107,Org-Beta-Team3,Org-Beta,2026-02-27,18,2.8,Data Query
AI_USR107,Org-Beta-Team3,Org-Beta,2026-02-28,9,4.3,Summarization
AI_USR107,Org-Beta-Team3,Org-Beta,2026-03-02,12,3.1,Documentation
AI_USR107,Org-Beta-Team3,Org-Beta,2026-03-03,6,3.2,Summarization
AI_USR107,Org-Beta-Team3,Org-Beta,2026-03-04,6,4.6,Debugging
AI_USR107,Org-Beta-Team3,Org-Beta,2026-03-05,13,3.4,Documentation
AI_USR107,Org-Beta-Team3,Org-Beta,2026-03-08,4,3.1,Planning
AI_USR107,Org-Beta-Team3,Org-Beta,2026-03-10,8,3.6,Documentation
AI_USR107,Org-Beta-Team3,Org-Beta,2026-03-11,3,3.9,Documentation
AI_USR107,Org-Beta-Team3,Org-Beta,2026-03-12,6,3.7,Data Query
AI_USR107,Org-Beta-Team3,Org-Beta,2026-03-13,10,4.3,Data Query
AI_USR107,Org-Beta-Team3,Org-Beta,2026-03-15,13,4.5,Data Query
AI_USR107,Org-Beta-Team3,Org-Beta,2026-03-16,11,2.8,Documentation
AI_USR107,Org-Beta-Team3,Org-Beta,2026-03-18,16,3.8,Documentation
AI_USR107,Org-Beta-Team3,Org-Beta,2026-03-20,7,4.3,Documentation
AI_USR107,Org-Beta-Team3,Org-Beta,2026-03-21,11,3.2,Debugging
AI_USR107,Org-Beta-Team3,Org-Beta,2026-03-22,10,4.1,Summarization
AI_USR107,Org-Beta-Team3,Org-Beta,2026-03-23,11,4.3,Code Generation
AI_USR107,Org-Beta-Team3,Org-Beta,2026-03-24,4,3.8,Data Query
AI_USR107,Org-Beta-Team3,Org-Beta,2026-03-25,14,3.7,Debugging
AI_USR107,Org-Beta-Team3,Org-Beta,2026-03-26,20,3.3,Debugging
AI_USR107,Org-Beta-Team3,Org-Beta,2026-03-27,10,3.6,Documentation
AI_USR107,Org-Beta-Team3,Org-Beta,2026-03-28,4,4.6,Documentation
AI_USR107,Org-Beta-Team3,Org-Beta,2026-03-29,13,4.8,Code Generation
AI_USR107,Org-Beta-Team3,Org-Beta,2026-03-30,14,3.1,Documentation
AI_USR107,Org-Beta-Team3,Org-Beta,2026-03-31,19,3.5,Planning
AI_USR108,Org-Beta-Team1,Org-Beta,2026-01-04,18,2.9,Debugging
AI_USR108,Org-Beta-Team1,Org-Beta,2026-01-05,20,2.6,Debugging
AI_USR108,Org-Beta-Team1,Org-Beta,2026-01-06,20,3.4,Code Generation
AI_USR108,Org-Beta-Team1,Org-Beta,2026-01-08,20,3.5,Planning
AI_USR108,Org-Beta-Team1,Org-Beta,2026-01-09,13,3.8,Documentation
AI_USR108,Org-Beta-Team1,Org-Beta,2026-01-10,1,3.4,Planning
AI_USR108,Org-Beta-Team1,Org-Beta,2026-01-13,17,3.6,Summarization
AI_USR108,Org-Beta-Team1,Org-Beta,2026-01-14,12,2.9,Debugging
AI_USR108,Org-Beta-Team1,Org-Beta,2026-01-15,16,2.6,Debugging
AI_USR108,Org-Beta-Team1,Org-Beta,2026-01-17,19,3.5,Summarization
AI_USR108,Org-Beta-Team1,Org-Beta,2026-01-20,14,4.0,Data Query
AI_USR108,Org-Beta-Team1,Org-Beta,2026-01-21,9,2.4,Code Generation
AI_USR108,Org-Beta-Team1,Org-Beta,2026-01-22,6,4.0,Data Query
AI_USR108,Org-Beta-Team1,Org-Beta,2026-01-25,9,2.7,Documentation
AI_USR108,Org-Beta-Team1,Org-Beta,2026-01-26,15,4.0,Code Generation
AI_USR108,Org-Beta-Team1,Org-Beta,2026-01-31,13,4.0,Debugging
AI_USR108,Org-Beta-Team1,Org-Beta,2026-02-05,4,2.5,Summarization
AI_USR108,Org-Beta-Team1,Org-Beta,2026-02-06,12,2.8,Code Generation
AI_USR108,Org-Beta-Team1,Org-Beta,2026-02-07,13,4.1,Data Query
AI_USR108,Org-Beta-Team1,Org-Beta,2026-02-08,11,3.5,Documentation
AI_USR108,Org-Beta-Team1,Org-Beta,2026-02-09,17,3.5,Debugging
AI_USR108,Org-Beta-Team1,Org-Beta,2026-02-11,13,2.5,Debugging
AI_USR108,Org-Beta-Team1,Org-Beta,2026-02-14,9,3.8,Data Query
AI_USR108,Org-Beta-Team1,Org-Beta,2026-02-15,4,2.4,Summarization
AI_USR108,Org-Beta-Team1,Org-Beta,2026-02-16,2,2.4,Documentation
AI_USR108,Org-Beta-Team1,Org-Beta,2026-02-17,3,4.0,Data Query
AI_USR108,Org-Beta-Team1,Org-Beta,2026-02-18,5,2.5,Debugging
AI_USR108,Org-Beta-Team1,Org-Beta,2026-02-20,6,3.9,Code Generation
AI_USR108,Org-Beta-Team1,Org-Beta,2026-02-21,15,3.0,Code Generation
AI_USR108,Org-Beta-Team1,Org-Beta,2026-02-24,19,2.9,Debugging
AI_USR108,Org-Beta-Team1,Org-Beta,2026-02-25,3,2.6,Code Generation
AI_USR108,Org-Beta-Team1,Org-Beta,2026-02-27,1,2.9,Planning
AI_USR108,Org-Beta-Team1,Org-Beta,2026-03-01,16,2.9,Code Generation
AI_USR108,Org-Beta-Team1,Org-Beta,2026-03-02,6,4.2,Documentation
AI_USR108,Org-Beta-Team1,Org-Beta,2026-03-03,4,3.7,Code Generation
AI_USR108,Org-Beta-Team1,Org-Beta,2026-03-04,5,2.8,Data Query
AI_USR108,Org-Beta-Team1,Org-Beta,2026-03-05,11,2.6,Summarization
AI_USR108,Org-Beta-Team1,Org-Beta,2026-03-06,16,3.8,Planning
AI_USR108,Org-Beta-Team1,Org-Beta,2026-03-10,10,3.8,Planning
AI_USR108,Org-Beta-Team1,Org-Beta,2026-03-11,11,3.5,Summarization
AI_USR108,Org-Beta-Team1,Org-Beta,2026-03-13,4,3.1,Data Query
AI_USR108,Org-Beta-Team1,Org-Beta,2026-03-14,6,2.6,Documentation
AI_USR108,Org-Beta-Team1,Org-Beta,2026-03-16,4,3.2,Data Query
AI_USR108,Org-Beta-Team1,Org-Beta,2026-03-18,13,3.3,Summarization
AI_USR108,Org-Beta-Team1,Org-Beta,2026-03-22,16,4.3,Documentation
AI_USR108,Org-Beta-Team1,Org-Beta,2026-03-23,8,2.7,Debugging
AI_USR108,Org-Beta-Team1,Org-Beta,2026-03-24,4,2.8,Planning
AI_USR108,Org-Beta-Team1,Org-Beta,2026-03-26,14,2.9,Summarization
AI_USR108,Org-Beta-Team1,Org-Beta,2026-03-27,6,2.8,Documentation
AI_USR108,Org-Beta-Team1,Org-Beta,2026-03-28,17,3.1,Documentation
AI_USR108,Org-Beta-Team1,Org-Beta,2026-03-29,15,3.6,Summarization
AI_USR108,Org-Beta-Team1,Org-Beta,2026-03-30,11,3.3,Data Query
AI_USR109,Org-Epsilon-Team4,Org-Epsilon,2026-01-01,10,8.4,Code Generation
AI_USR109,Org-Epsilon-Team4,Org-Epsilon,2026-01-03,3,8.8,Planning
AI_USR109,Org-Epsilon-Team4,Org-Epsilon,2026-01-04,20,8.5,Summarization
AI_USR109,Org-Epsilon-Team4,Org-Epsilon,2026-01-07,18,8.9,Documentation
AI_USR109,Org-Epsilon-Team4,Org-Epsilon,2026-01-08,12,7.2,Documentation
AI_USR109,Org-Epsilon-Team4,Org-Epsilon,2026-01-09,16,7.7,Documentation
AI_USR109,Org-Epsilon-Team4,Org-Epsilon,2026-01-11,8,9.1,Summarization
AI_USR109,Org-Epsilon-Team4,Org-Epsilon,2026-01-13,5,7.7,Data Query
AI_USR109,Org-Epsilon-Team4,Org-Epsilon,2026-01-15,18,7.9,Data Query
AI_USR109,Org-Epsilon-Team4,Org-Epsilon,2026-01-16,16,8.7,Code Generation
AI_USR109,Org-Epsilon-Team4,Org-Epsilon,2026-01-17,3,8.4,Code Generation
AI_USR109,Org-Epsilon-Team4,Org-Epsilon,2026-01-19,8,7.8,Summarization
AI_USR109,Org-Epsilon-Team4,Org-Epsilon,2026-01-20,4,7.9,Code Generation
AI_USR109,Org-Epsilon-Team4,Org-Epsilon,2026-01-21,1,8.9,Code Generation
AI_USR109,Org-Epsilon-Team4,Org-Epsilon,2026-01-22,16,8.8,Data Query
AI_USR109,Org-Epsilon-Team4,Org-Epsilon,2026-01-26,16,8.9,Debugging
AI_USR109,Org-Epsilon-Team4,Org-Epsilon,2026-01-27,12,8.0,Planning
AI_USR109,Org-Epsilon-Team4,Org-Epsilon,2026-01-29,20,8.2,Debugging
AI_USR109,Org-Epsilon-Team4,Org-Epsilon,2026-01-30,11,9.3,Planning
AI_USR109,Org-Epsilon-Team4,Org-Epsilon,2026-01-31,5,8.6,Code Generation
AI_USR109,Org-Epsilon-Team4,Org-Epsilon,2026-02-01,20,9.5,Summarization
AI_USR109,Org-Epsilon-Team4,Org-Epsilon,2026-02-03,7,8.0,Code Generation
AI_USR109,Org-Epsilon-Team4,Org-Epsilon,2026-02-04,3,9.3,Data Query
AI_USR109,Org-Epsilon-Team4,Org-Epsilon,2026-02-05,1,9.4,Debugging
AI_USR109,Org-Epsilon-Team4,Org-Epsilon,2026-02-06,14,7.9,Data Query
AI_USR109,Org-Epsilon-Team4,Org-Epsilon,2026-02-07,4,8.6,Planning
AI_USR109,Org-Epsilon-Team4,Org-Epsilon,2026-02-08,12,9.4,Documentation
AI_USR109,Org-Epsilon-Team4,Org-Epsilon,2026-02-09,16,8.7,Documentation
AI_USR109,Org-Epsilon-Team4,Org-Epsilon,2026-02-12,3,9.7,Planning
AI_USR109,Org-Epsilon-Team4,Org-Epsilon,2026-02-14,4,9.3,Planning
AI_USR109,Org-Epsilon-Team4,Org-Epsilon,2026-02-15,19,8.9,Documentation
AI_USR109,Org-Epsilon-Team4,Org-Epsilon,2026-02-16,8,8.4,Data Query
AI_USR109,Org-Epsilon-Team4,Org-Epsilon,2026-02-18,14,8.6,Summarization
AI_USR109,Org-Epsilon-Team4,Org-Epsilon,2026-02-20,18,8.9,Code Generation
AI_USR109,Org-Epsilon-Team4,Org-Epsilon,2026-02-25,2,8.6,Code Generation
AI_USR109,Org-Epsilon-Team4,Org-Epsilon,2026-02-26,7,8.7,Code Generation
AI_USR109,Org-Epsilon-Team4,Org-Epsilon,2026-02-27,10,9.8,Data Query
AI_USR109,Org-Epsilon-Team4,Org-Epsilon,2026-02-28,19,9.8,Planning
AI_USR109,Org-Epsilon-Team4,Org-Epsilon,2026-03-02,20,9.3,Planning
AI_USR109,Org-Epsilon-Team4,Org-Epsilon,2026-03-03,7,8.9,Data Query
AI_USR109,Org-Epsilon-Team4,Org-Epsilon,2026-03-04,13,8.7,Documentation
AI_USR109,Org-Epsilon-Team4,Org-Epsilon,2026-03-06,5,8.9,Code Generation
AI_USR109,Org-Epsilon-Team4,Org-Epsilon,2026-03-07,19,9.8,Summarization
AI_USR109,Org-Epsilon-Team4,Org-Epsilon,2026-03-09,10,10.0,Code Generation
AI_USR109,Org-Epsilon-Team4,Org-Epsilon,2026-03-12,4,9.4,Data Query
AI_USR109,Org-Epsilon-Team4,Org-Epsilon,2026-03-13,6,9.9,Documentation
AI_USR109,Org-Epsilon-Team4,Org-Epsilon,2026-03-14,12,10.0,Data Query
AI_USR109,Org-Epsilon-Team4,Org-Epsilon,2026-03-15,13,9.6,Planning
AI_USR109,Org-Epsilon-Team4,Org-Epsilon,2026-03-16,19,10.0,Documentation
AI_USR109,Org-Epsilon-Team4,Org-Epsilon,2026-03-17,5,10.0,Documentation
AI_USR109,Org-Epsilon-Team4,Org-Epsilon,2026-03-18,9,10.0,Debugging
AI_USR109,Org-Epsilon-Team4,Org-Epsilon,2026-03-19,11,9.9,Data Query
AI_USR109,Org-Epsilon-Team4,Org-Epsilon,2026-03-20,19,9.3,Summarization
AI_USR109,Org-Epsilon-Team4,Org-Epsilon,2026-03-21,4,10.0,Debugging
AI_USR109,Org-Epsilon-Team4,Org-Epsilon,2026-03-22,17,10.0,Data Query
AI_USR109,Org-Epsilon-Team4,Org-Epsilon,2026-03-23,15,9.1,Debugging
AI_USR109,Org-Epsilon-Team4,Org-Epsilon,2026-03-24,11,10.0,Data Query
AI_USR109,Org-Epsilon-Team4,Org-Epsilon,2026-03-25,10,10.0,Data Query
AI_USR109,Org-Epsilon-Team4,Org-Epsilon,2026-03-26,15,9.4,Summarization
AI_USR109,Org-Epsilon-Team4,Org-Epsilon,2026-03-27,18,10.0,Summarization
AI_USR109,Org-Epsilon-Team4,Org-Epsilon,2026-03-28,14,9.4,Code Generation
AI_USR109,Org-Epsilon-Team4,Org-Epsilon,2026-03-29,6,10.0,Debugging
AI_USR110,Org-Gamma-Team4,Org-Gamma,2026-01-01,14,7.0,Summarization
AI_USR110,Org-Gamma-Team4,Org-Gamma,2026-01-03,2,6.9,Documentation
AI_USR110,Org-Gamma-Team4,Org-Gamma,2026-01-04,5,6.4,Documentation
AI_USR110,Org-Gamma-Team4,Org-Gamma,2026-01-05,8,7.2,Summarization
AI_USR110,Org-Gamma-Team4,Org-Gamma,2026-01-06,19,6.7,Data Query
AI_USR110,Org-Gamma-Team4,Org-Gamma,2026-01-07,20,6.3,Planning
AI_USR110,Org-Gamma-Team4,Org-Gamma,2026-01-10,12,6.6,Planning
AI_USR110,Org-Gamma-Team4,Org-Gamma,2026-01-12,17,6.0,Debugging
AI_USR110,Org-Gamma-Team4,Org-Gamma,2026-01-13,15,6.1,Planning
AI_USR110,Org-Gamma-Team4,Org-Gamma,2026-01-14,10,6.4,Data Query
AI_USR110,Org-Gamma-Team4,Org-Gamma,2026-01-15,11,6.6,Data Query
AI_USR110,Org-Gamma-Team4,Org-Gamma,2026-01-16,14,6.4,Code Generation
AI_USR110,Org-Gamma-Team4,Org-Gamma,2026-01-17,7,5.7,Debugging
AI_USR110,Org-Gamma-Team4,Org-Gamma,2026-01-18,4,7.2,Planning
AI_USR110,Org-Gamma-Team4,Org-Gamma,2026-01-22,1,7.4,Planning
AI_USR110,Org-Gamma-Team4,Org-Gamma,2026-01-25,18,6.6,Data Query
AI_USR110,Org-Gamma-Team4,Org-Gamma,2026-01-27,2,7.7,Code Generation
AI_USR110,Org-Gamma-Team4,Org-Gamma,2026-01-29,13,6.3,Planning
AI_USR110,Org-Gamma-Team4,Org-Gamma,2026-02-01,14,5.9,Data Query
AI_USR110,Org-Gamma-Team4,Org-Gamma,2026-02-05,15,6.3,Summarization
AI_USR110,Org-Gamma-Team4,Org-Gamma,2026-02-08,18,7.2,Planning
AI_USR110,Org-Gamma-Team4,Org-Gamma,2026-02-11,8,7.0,Documentation
AI_USR110,Org-Gamma-Team4,Org-Gamma,2026-02-13,11,6.1,Data Query
AI_USR110,Org-Gamma-Team4,Org-Gamma,2026-02-14,1,7.8,Data Query
AI_USR110,Org-Gamma-Team4,Org-Gamma,2026-02-15,1,7.5,Code Generation
AI_USR110,Org-Gamma-Team4,Org-Gamma,2026-02-16,11,7.4,Planning
AI_USR110,Org-Gamma-Team4,Org-Gamma,2026-02-17,8,8.1,Planning
AI_USR110,Org-Gamma-Team4,Org-Gamma,2026-02-18,17,7.4,Data Query
AI_USR110,Org-Gamma-Team4,Org-Gamma,2026-02-23,19,6.9,Debugging
AI_USR110,Org-Gamma-Team4,Org-Gamma,2026-02-24,20,7.8,Debugging
AI_USR110,Org-Gamma-Team4,Org-Gamma,2026-02-25,7,7.7,Debugging
AI_USR110,Org-Gamma-Team4,Org-Gamma,2026-02-26,16,7.2,Debugging
AI_USR110,Org-Gamma-Team4,Org-Gamma,2026-02-28,3,7.6,Summarization
AI_USR110,Org-Gamma-Team4,Org-Gamma,2026-03-01,7,7.6,Planning
AI_USR110,Org-Gamma-Team4,Org-Gamma,2026-03-03,3,7.3,Planning
AI_USR110,Org-Gamma-Team4,Org-Gamma,2026-03-04,12,7.5,Documentation
AI_USR110,Org-Gamma-Team4,Org-Gamma,2026-03-05,13,6.5,Code Generation
AI_USR110,Org-Gamma-Team4,Org-Gamma,2026-03-07,1,6.5,Documentation
AI_USR110,Org-Gamma-Team4,Org-Gamma,2026-03-09,10,6.6,Planning
AI_USR110,Org-Gamma-Team4,Org-Gamma,2026-03-11,20,7.7,Code Generation
AI_USR110,Org-Gamma-Team4,Org-Gamma,2026-03-13,9,6.6,Debugging
AI_USR110,Org-Gamma-Team4,Org-Gamma,2026-03-14,20,7.4,Data Query
AI_USR110,Org-Gamma-Team4,Org-Gamma,2026-03-16,20,8.7,Data Query
AI_USR110,Org-Gamma-Team4,Org-Gamma,2026-03-17,8,8.1,Documentation
AI_USR110,Org-Gamma-Team4,Org-Gamma,2026-03-22,12,7.0,Data Query
AI_USR110,Org-Gamma-Team4,Org-Gamma,2026-03-24,9,6.9,Summarization
AI_USR110,Org-Gamma-Team4,Org-Gamma,2026-03-25,7,8.0,Debugging
AI_USR110,Org-Gamma-Team4,Org-Gamma,2026-03-26,20,8.9,Summarization
AI_USR110,Org-Gamma-Team4,Org-Gamma,2026-03-27,13,8.8,Code Generation
AI_USR110,Org-Gamma-Team4,Org-Gamma,2026-03-28,13,7.8,Documentation
AI_USR110,Org-Gamma-Team4,Org-Gamma,2026-03-29,14,7.8,Summarization
AI_USR110,Org-Gamma-Team4,Org-Gamma,2026-03-30,2,7.3,Summarization
AI_USR110,Org-Gamma-Team4,Org-Gamma,2026-03-31,7,8.7,Data Query
AI_USR111,Org-Alpha-Team4,Org-Alpha,2026-01-01,3,7.0,Documentation
AI_USR111,Org-Alpha-Team4,Org-Alpha,2026-01-02,17,6.7,Summarization
AI_USR111,Org-Alpha-Team4,Org-Alpha,2026-01-05,14,6.8,Debugging
AI_USR111,Org-Alpha-Team4,Org-Alpha,2026-01-06,9,7.5,Debugging
AI_USR111,Org-Alpha-Team4,Org-Alpha,2026-01-07,6,7.7,Summarization
AI_USR111,Org-Alpha-Team4,Org-Alpha,2026-01-08,10,6.5,Documentation
AI_USR111,Org-Alpha-Team4,Org-Alpha,2026-01-10,19,6.9,Debugging
AI_USR111,Org-Alpha-Team4,Org-Alpha,2026-01-11,2,6.4,Code Generation
AI_USR111,Org-Alpha-Team4,Org-Alpha,2026-01-13,7,6.6,Data Query
AI_USR111,Org-Alpha-Team4,Org-Alpha,2026-01-14,20,8.0,Debugging
AI_USR111,Org-Alpha-Team4,Org-Alpha,2026-01-15,8,7.7,Data Query
AI_USR111,Org-Alpha-Team4,Org-Alpha,2026-01-18,19,7.1,Summarization
AI_USR111,Org-Alpha-Team4,Org-Alpha,2026-01-19,20,7.2,Data Query
AI_USR111,Org-Alpha-Team4,Org-Alpha,2026-01-20,9,7.7,Code Generation
AI_USR111,Org-Alpha-Team4,Org-Alpha,2026-01-22,5,6.8,Planning
AI_USR111,Org-Alpha-Team4,Org-Alpha,2026-01-23,7,7.9,Planning
AI_USR111,Org-Alpha-Team4,Org-Alpha,2026-01-24,9,7.5,Summarization
AI_USR111,Org-Alpha-Team4,Org-Alpha,2026-01-26,2,7.3,Data Query
AI_USR111,Org-Alpha-Team4,Org-Alpha,2026-01-27,12,7.1,Code Generation
AI_USR111,Org-Alpha-Team4,Org-Alpha,2026-01-28,7,7.7,Documentation
AI_USR111,Org-Alpha-Team4,Org-Alpha,2026-01-29,10,6.3,Code Generation
AI_USR111,Org-Alpha-Team4,Org-Alpha,2026-01-30,12,7.0,Summarization
AI_USR111,Org-Alpha-Team4,Org-Alpha,2026-02-01,18,6.4,Code Generation
AI_USR111,Org-Alpha-Team4,Org-Alpha,2026-02-04,12,6.2,Debugging
AI_USR111,Org-Alpha-Team4,Org-Alpha,2026-02-05,9,6.4,Code Generation
AI_USR111,Org-Alpha-Team4,Org-Alpha,2026-02-06,9,6.5,Code Generation
AI_USR111,Org-Alpha-Team4,Org-Alpha,2026-02-08,1,6.9,Documentation
AI_USR111,Org-Alpha-Team4,Org-Alpha,2026-02-09,9,7.8,Code Generation
AI_USR111,Org-Alpha-Team4,Org-Alpha,2026-02-10,12,7.2,Documentation
AI_USR111,Org-Alpha-Team4,Org-Alpha,2026-02-11,10,6.4,Data Query
AI_USR111,Org-Alpha-Team4,Org-Alpha,2026-02-12,13,6.6,Debugging
AI_USR111,Org-Alpha-Team4,Org-Alpha,2026-02-13,7,6.1,Planning
AI_USR111,Org-Alpha-Team4,Org-Alpha,2026-02-14,9,6.1,Code Generation
AI_USR111,Org-Alpha-Team4,Org-Alpha,2026-02-16,18,6.9,Documentation
AI_USR111,Org-Alpha-Team4,Org-Alpha,2026-02-17,12,7.6,Debugging
AI_USR111,Org-Alpha-Team4,Org-Alpha,2026-02-19,3,7.8,Summarization
AI_USR111,Org-Alpha-Team4,Org-Alpha,2026-02-22,4,5.9,Data Query
AI_USR111,Org-Alpha-Team4,Org-Alpha,2026-02-24,8,6.2,Summarization
AI_USR111,Org-Alpha-Team4,Org-Alpha,2026-02-27,8,7.6,Code Generation
AI_USR111,Org-Alpha-Team4,Org-Alpha,2026-02-28,15,7.0,Debugging
AI_USR111,Org-Alpha-Team4,Org-Alpha,2026-03-02,20,7.3,Planning
AI_USR111,Org-Alpha-Team4,Org-Alpha,2026-03-03,1,7.3,Planning
AI_USR111,Org-Alpha-Team4,Org-Alpha,2026-03-05,16,6.3,Code Generation
AI_USR111,Org-Alpha-Team4,Org-Alpha,2026-03-07,15,6.1,Data Query
AI_USR111,Org-Alpha-Team4,Org-Alpha,2026-03-11,20,6.3,Debugging
AI_USR111,Org-Alpha-Team4,Org-Alpha,2026-03-12,20,6.8,Summarization
AI_USR111,Org-Alpha-Team4,Org-Alpha,2026-03-14,17,6.1,Summarization
AI_USR111,Org-Alpha-Team4,Org-Alpha,2026-03-15,9,6.1,Planning
AI_USR111,Org-Alpha-Team4,Org-Alpha,2026-03-16,16,6.6,Documentation
AI_USR111,Org-Alpha-Team4,Org-Alpha,2026-03-17,14,5.7,Summarization
AI_USR111,Org-Alpha-Team4,Org-Alpha,2026-03-18,7,5.7,Planning
AI_USR111,Org-Alpha-Team4,Org-Alpha,2026-03-19,15,5.8,Summarization
AI_USR111,Org-Alpha-Team4,Org-Alpha,2026-03-20,19,7.2,Summarization
AI_USR111,Org-Alpha-Team4,Org-Alpha,2026-03-23,9,7.3,Debugging
AI_USR111,Org-Alpha-Team4,Org-Alpha,2026-03-24,5,6.3,Summarization
AI_USR111,Org-Alpha-Team4,Org-Alpha,2026-03-25,14,6.4,Data Query
AI_USR111,Org-Alpha-Team4,Org-Alpha,2026-03-26,2,6.3,Debugging
AI_USR111,Org-Alpha-Team4,Org-Alpha,2026-03-28,5,6.8,Debugging
AI_USR111,Org-Alpha-Team4,Org-Alpha,2026-03-29,3,5.7,Documentation
AI_USR111,Org-Alpha-Team4,Org-Alpha,2026-03-30,4,6.4,Documentation
AI_USR111,Org-Alpha-Team4,Org-Alpha,2026-03-31,19,6.3,Summarization
AI_USR112,Org-Delta-Team1,Org-Delta,2026-01-03,1,3.0,Summarization
AI_USR112,Org-Delta-Team1,Org-Delta,2026-01-04,6,2.1,Code Generation
AI_USR112,Org-Delta-Team1,Org-Delta,2026-01-05,7,2.5,Code Generation
AI_USR112,Org-Delta-Team1,Org-Delta,2026-01-10,17,2.5,Planning
AI_USR112,Org-Delta-Team1,Org-Delta,2026-01-12,20,3.5,Data Query
AI_USR112,Org-Delta-Team1,Org-Delta,2026-01-13,7,4.1,Debugging
AI_USR112,Org-Delta-Team1,Org-Delta,2026-01-15,3,3.3,Data Query
AI_USR112,Org-Delta-Team1,Org-Delta,2026-01-16,10,3.4,Code Generation
AI_USR112,Org-Delta-Team1,Org-Delta,2026-01-17,2,3.8,Documentation
AI_USR112,Org-Delta-Team1,Org-Delta,2026-01-19,19,3.4,Planning
AI_USR112,Org-Delta-Team1,Org-Delta,2026-01-20,16,3.4,Planning
AI_USR112,Org-Delta-Team1,Org-Delta,2026-01-23,14,2.8,Planning
AI_USR112,Org-Delta-Team1,Org-Delta,2026-01-24,16,3.5,Code Generation
AI_USR112,Org-Delta-Team1,Org-Delta,2026-01-25,2,2.9,Planning
AI_USR112,Org-Delta-Team1,Org-Delta,2026-01-26,3,3.2,Data Query
AI_USR112,Org-Delta-Team1,Org-Delta,2026-01-27,2,2.6,Debugging
AI_USR112,Org-Delta-Team1,Org-Delta,2026-01-28,4,2.8,Data Query
AI_USR112,Org-Delta-Team1,Org-Delta,2026-01-29,16,2.8,Code Generation
AI_USR112,Org-Delta-Team1,Org-Delta,2026-01-30,19,3.5,Documentation
AI_USR112,Org-Delta-Team1,Org-Delta,2026-01-31,19,3.6,Summarization
AI_USR112,Org-Delta-Team1,Org-Delta,2026-02-02,16,3.1,Documentation
AI_USR112,Org-Delta-Team1,Org-Delta,2026-02-03,7,2.7,Data Query
AI_USR112,Org-Delta-Team1,Org-Delta,2026-02-04,3,3.5,Planning
AI_USR112,Org-Delta-Team1,Org-Delta,2026-02-05,4,4.1,Planning
AI_USR112,Org-Delta-Team1,Org-Delta,2026-02-06,18,4.2,Planning
AI_USR112,Org-Delta-Team1,Org-Delta,2026-02-10,10,3.4,Documentation
AI_USR112,Org-Delta-Team1,Org-Delta,2026-02-13,9,4.4,Summarization
AI_USR112,Org-Delta-Team1,Org-Delta,2026-02-14,8,3.6,Summarization
AI_USR112,Org-Delta-Team1,Org-Delta,2026-02-15,15,4.5,Data Query
AI_USR112,Org-Delta-Team1,Org-Delta,2026-02-17,13,4.4,Code Generation
AI_USR112,Org-Delta-Team1,Org-Delta,2026-02-18,15,4.3,Code Generation
AI_USR112,Org-Delta-Team1,Org-Delta,2026-02-19,10,4.7,Data Query
AI_USR112,Org-Delta-Team1,Org-Delta,2026-02-20,4,4.7,Debugging
AI_USR112,Org-Delta-Team1,Org-Delta,2026-02-21,20,3.3,Code Generation
AI_USR112,Org-Delta-Team1,Org-Delta,2026-02-24,20,4.2,Planning
AI_USR112,Org-Delta-Team1,Org-Delta,2026-02-25,5,4.0,Planning
AI_USR112,Org-Delta-Team1,Org-Delta,2026-02-26,6,3.5,Data Query
AI_USR112,Org-Delta-Team1,Org-Delta,2026-02-27,16,4.6,Code Generation
AI_USR112,Org-Delta-Team1,Org-Delta,2026-02-28,20,3.2,Summarization
AI_USR112,Org-Delta-Team1,Org-Delta,2026-03-01,2,4.5,Data Query
AI_USR112,Org-Delta-Team1,Org-Delta,2026-03-03,16,4.5,Planning
AI_USR112,Org-Delta-Team1,Org-Delta,2026-03-05,1,3.8,Summarization
AI_USR112,Org-Delta-Team1,Org-Delta,2026-03-06,14,3.5,Planning
AI_USR112,Org-Delta-Team1,Org-Delta,2026-03-07,7,3.1,Documentation
AI_USR112,Org-Delta-Team1,Org-Delta,2026-03-11,20,4.1,Debugging
AI_USR112,Org-Delta-Team1,Org-Delta,2026-03-12,4,4.9,Documentation
AI_USR112,Org-Delta-Team1,Org-Delta,2026-03-13,2,3.9,Planning
AI_USR112,Org-Delta-Team1,Org-Delta,2026-03-14,3,3.5,Planning
AI_USR112,Org-Delta-Team1,Org-Delta,2026-03-15,1,3.4,Data Query
AI_USR112,Org-Delta-Team1,Org-Delta,2026-03-16,18,4.8,Code Generation
AI_USR112,Org-Delta-Team1,Org-Delta,2026-03-17,17,5.1,Planning
AI_USR112,Org-Delta-Team1,Org-Delta,2026-03-18,7,3.6,Data Query
AI_USR112,Org-Delta-Team1,Org-Delta,2026-03-19,20,4.7,Debugging
AI_USR112,Org-Delta-Team1,Org-Delta,2026-03-20,18,3.5,Debugging
AI_USR112,Org-Delta-Team1,Org-Delta,2026-03-21,8,4.0,Summarization
AI_USR112,Org-Delta-Team1,Org-Delta,2026-03-23,20,4.4,Debugging
AI_USR112,Org-Delta-Team1,Org-Delta,2026-03-24,14,4.3,Planning
AI_USR112,Org-Delta-Team1,Org-Delta,2026-03-25,9,4.9,Documentation
AI_USR112,Org-Delta-Team1,Org-Delta,2026-03-26,17,4.4,Planning
AI_USR112,Org-Delta-Team1,Org-Delta,2026-03-27,2,5.1,Data Query
AI_USR112,Org-Delta-Team1,Org-Delta,2026-03-30,13,4.3,Code Generation
AI_USR113,Org-Delta-Team2,Org-Delta,2026-01-01,7,7.8,Summarization
AI_USR113,Org-Delta-Team2,Org-Delta,2026-01-02,16,8.0,Summarization
AI_USR113,Org-Delta-Team2,Org-Delta,2026-01-03,20,8.1,Data Query
AI_USR113,Org-Delta-Team2,Org-Delta,2026-01-04,19,8.8,Data Query
AI_USR113,Org-Delta-Team2,Org-Delta,2026-01-07,18,8.4,Data Query
AI_USR113,Org-Delta-Team2,Org-Delta,2026-01-08,17,7.6,Code Generation
AI_USR113,Org-Delta-Team2,Org-Delta,2026-01-09,7,8.1,Summarization
AI_USR113,Org-Delta-Team2,Org-Delta,2026-01-10,7,8.2,Planning
AI_USR113,Org-Delta-Team2,Org-Delta,2026-01-11,7,7.7,Code Generation
AI_USR113,Org-Delta-Team2,Org-Delta,2026-01-12,13,7.2,Planning
AI_USR113,Org-Delta-Team2,Org-Delta,2026-01-13,16,8.0,Documentation
AI_USR113,Org-Delta-Team2,Org-Delta,2026-01-15,8,8.4,Code Generation
AI_USR113,Org-Delta-Team2,Org-Delta,2026-01-18,2,7.2,Data Query
AI_USR113,Org-Delta-Team2,Org-Delta,2026-01-20,1,8.1,Data Query
AI_USR113,Org-Delta-Team2,Org-Delta,2026-01-21,2,7.6,Documentation
AI_USR113,Org-Delta-Team2,Org-Delta,2026-01-22,10,8.5,Code Generation
AI_USR113,Org-Delta-Team2,Org-Delta,2026-01-25,14,7.8,Summarization
AI_USR113,Org-Delta-Team2,Org-Delta,2026-01-26,20,7.4,Planning
AI_USR113,Org-Delta-Team2,Org-Delta,2026-01-27,11,8.5,Documentation
AI_USR113,Org-Delta-Team2,Org-Delta,2026-01-29,18,7.4,Planning
AI_USR113,Org-Delta-Team2,Org-Delta,2026-01-30,9,7.4,Debugging
AI_USR113,Org-Delta-Team2,Org-Delta,2026-02-01,9,8.9,Summarization
AI_USR113,Org-Delta-Team2,Org-Delta,2026-02-02,11,7.5,Data Query
AI_USR113,Org-Delta-Team2,Org-Delta,2026-02-03,12,7.2,Documentation
AI_USR113,Org-Delta-Team2,Org-Delta,2026-02-04,18,8.0,Debugging
AI_USR113,Org-Delta-Team2,Org-Delta,2026-02-07,1,7.5,Planning
AI_USR113,Org-Delta-Team2,Org-Delta,2026-02-08,12,7.6,Data Query
AI_USR113,Org-Delta-Team2,Org-Delta,2026-02-09,12,8.9,Summarization
AI_USR113,Org-Delta-Team2,Org-Delta,2026-02-12,8,7.4,Code Generation
AI_USR113,Org-Delta-Team2,Org-Delta,2026-02-13,14,7.9,Planning
AI_USR113,Org-Delta-Team2,Org-Delta,2026-02-14,4,7.9,Documentation
AI_USR113,Org-Delta-Team2,Org-Delta,2026-02-18,18,7.5,Documentation
AI_USR113,Org-Delta-Team2,Org-Delta,2026-02-19,18,7.7,Summarization
AI_USR113,Org-Delta-Team2,Org-Delta,2026-02-21,14,7.1,Documentation
AI_USR113,Org-Delta-Team2,Org-Delta,2026-02-23,11,8.7,Data Query
AI_USR113,Org-Delta-Team2,Org-Delta,2026-02-24,9,7.8,Code Generation
AI_USR113,Org-Delta-Team2,Org-Delta,2026-02-25,13,7.6,Data Query
AI_USR113,Org-Delta-Team2,Org-Delta,2026-02-26,1,7.7,Code Generation
AI_USR113,Org-Delta-Team2,Org-Delta,2026-02-27,14,8.7,Summarization
AI_USR113,Org-Delta-Team2,Org-Delta,2026-02-28,15,7.5,Planning
AI_USR113,Org-Delta-Team2,Org-Delta,2026-03-01,13,7.7,Planning
AI_USR113,Org-Delta-Team2,Org-Delta,2026-03-04,20,8.8,Data Query
AI_USR113,Org-Delta-Team2,Org-Delta,2026-03-05,4,8.7,Summarization
AI_USR113,Org-Delta-Team2,Org-Delta,2026-03-06,8,7.2,Planning
AI_USR113,Org-Delta-Team2,Org-Delta,2026-03-07,8,8.8,Code Generation
AI_USR113,Org-Delta-Team2,Org-Delta,2026-03-09,3,7.8,Debugging
AI_USR113,Org-Delta-Team2,Org-Delta,2026-03-10,5,8.6,Documentation
AI_USR113,Org-Delta-Team2,Org-Delta,2026-03-12,9,7.7,Planning
AI_USR113,Org-Delta-Team2,Org-Delta,2026-03-14,20,8.2,Planning
AI_USR113,Org-Delta-Team2,Org-Delta,2026-03-15,14,8.6,Planning
AI_USR113,Org-Delta-Team2,Org-Delta,2026-03-16,13,8.8,Documentation
AI_USR113,Org-Delta-Team2,Org-Delta,2026-03-18,4,7.6,Data Query
AI_USR113,Org-Delta-Team2,Org-Delta,2026-03-19,1,7.4,Code Generation
AI_USR113,Org-Delta-Team2,Org-Delta,2026-03-20,9,7.8,Documentation
AI_USR113,Org-Delta-Team2,Org-Delta,2026-03-22,11,8.5,Code Generation
AI_USR113,Org-Delta-Team2,Org-Delta,2026-03-23,17,7.0,Summarization
AI_USR113,Org-Delta-Team2,Org-Delta,2026-03-24,20,7.4,Documentation
AI_USR113,Org-Delta-Team2,Org-Delta,2026-03-26,9,8.9,Planning
AI_USR113,Org-Delta-Team2,Org-Delta,2026-03-27,10,7.8,Documentation
AI_USR113,Org-Delta-Team2,Org-Delta,2026-03-28,9,7.2,Documentation
AI_USR113,Org-Delta-Team2,Org-Delta,2026-03-29,12,8.6,Data Query
AI_USR113,Org-Delta-Team2,Org-Delta,2026-03-30,3,7.7,Debugging
AI_USR113,Org-Delta-Team2,Org-Delta,2026-03-31,14,7.0,Debugging
AI_USR114,Org-Beta-Team1,Org-Beta,2026-01-01,3,7.2,Debugging
AI_USR114,Org-Beta-Team1,Org-Beta,2026-01-04,1,7.7,Data Query
AI_USR114,Org-Beta-Team1,Org-Beta,2026-01-06,19,8.5,Documentation
AI_USR114,Org-Beta-Team1,Org-Beta,2026-01-08,15,8.6,Planning
AI_USR114,Org-Beta-Team1,Org-Beta,2026-01-09,9,7.8,Summarization
AI_USR114,Org-Beta-Team1,Org-Beta,2026-01-11,12,8.6,Documentation
AI_USR114,Org-Beta-Team1,Org-Beta,2026-01-12,17,7.2,Code Generation
AI_USR114,Org-Beta-Team1,Org-Beta,2026-01-13,19,8.1,Summarization
AI_USR114,Org-Beta-Team1,Org-Beta,2026-01-14,15,7.4,Summarization
AI_USR114,Org-Beta-Team1,Org-Beta,2026-01-16,18,8.1,Documentation
AI_USR114,Org-Beta-Team1,Org-Beta,2026-01-19,5,6.7,Data Query
AI_USR114,Org-Beta-Team1,Org-Beta,2026-01-20,7,7.3,Summarization
AI_USR114,Org-Beta-Team1,Org-Beta,2026-01-21,16,8.2,Debugging
AI_USR114,Org-Beta-Team1,Org-Beta,2026-01-23,4,7.3,Summarization
AI_USR114,Org-Beta-Team1,Org-Beta,2026-01-25,4,8.3,Debugging
AI_USR114,Org-Beta-Team1,Org-Beta,2026-01-26,13,8.5,Documentation
AI_USR114,Org-Beta-Team1,Org-Beta,2026-01-27,20,6.6,Debugging
AI_USR114,Org-Beta-Team1,Org-Beta,2026-01-29,5,6.6,Data Query
AI_USR114,Org-Beta-Team1,Org-Beta,2026-01-30,17,7.0,Debugging
AI_USR114,Org-Beta-Team1,Org-Beta,2026-01-31,1,7.4,Summarization
AI_USR114,Org-Beta-Team1,Org-Beta,2026-02-01,19,8.0,Documentation
AI_USR114,Org-Beta-Team1,Org-Beta,2026-02-02,8,7.3,Summarization
AI_USR114,Org-Beta-Team1,Org-Beta,2026-02-03,19,6.8,Planning
AI_USR114,Org-Beta-Team1,Org-Beta,2026-02-04,1,6.5,Debugging
AI_USR114,Org-Beta-Team1,Org-Beta,2026-02-05,5,6.7,Data Query
AI_USR114,Org-Beta-Team1,Org-Beta,2026-02-06,5,8.4,Documentation
AI_USR114,Org-Beta-Team1,Org-Beta,2026-02-07,15,7.2,Documentation
AI_USR114,Org-Beta-Team1,Org-Beta,2026-02-08,9,7.0,Planning
AI_USR114,Org-Beta-Team1,Org-Beta,2026-02-09,18,6.7,Documentation
AI_USR114,Org-Beta-Team1,Org-Beta,2026-02-10,11,6.6,Debugging
AI_USR114,Org-Beta-Team1,Org-Beta,2026-02-11,8,7.0,Data Query
AI_USR114,Org-Beta-Team1,Org-Beta,2026-02-12,16,8.0,Data Query
AI_USR114,Org-Beta-Team1,Org-Beta,2026-02-13,8,8.2,Summarization
AI_USR114,Org-Beta-Team1,Org-Beta,2026-02-15,10,8.1,Summarization
AI_USR114,Org-Beta-Team1,Org-Beta,2026-02-16,9,8.3,Documentation
AI_USR114,Org-Beta-Team1,Org-Beta,2026-02-19,18,7.8,Debugging
AI_USR114,Org-Beta-Team1,Org-Beta,2026-02-20,4,7.6,Code Generation
AI_USR114,Org-Beta-Team1,Org-Beta,2026-02-21,17,7.1,Summarization
AI_USR114,Org-Beta-Team1,Org-Beta,2026-02-22,15,6.5,Summarization
AI_USR114,Org-Beta-Team1,Org-Beta,2026-02-23,13,7.4,Documentation
AI_USR114,Org-Beta-Team1,Org-Beta,2026-02-24,3,7.2,Data Query
AI_USR114,Org-Beta-Team1,Org-Beta,2026-02-27,8,7.9,Summarization
AI_USR114,Org-Beta-Team1,Org-Beta,2026-02-28,20,7.8,Planning
AI_USR114,Org-Beta-Team1,Org-Beta,2026-03-01,2,7.6,Documentation
AI_USR114,Org-Beta-Team1,Org-Beta,2026-03-02,18,6.4,Planning
AI_USR114,Org-Beta-Team1,Org-Beta,2026-03-03,20,7.9,Summarization
AI_USR114,Org-Beta-Team1,Org-Beta,2026-03-04,5,6.7,Planning
AI_USR114,Org-Beta-Team1,Org-Beta,2026-03-05,13,7.2,Summarization
AI_USR114,Org-Beta-Team1,Org-Beta,2026-03-06,13,6.3,Summarization
AI_USR114,Org-Beta-Team1,Org-Beta,2026-03-07,1,7.5,Summarization
AI_USR114,Org-Beta-Team1,Org-Beta,2026-03-08,19,7.4,Code Generation
AI_USR114,Org-Beta-Team1,Org-Beta,2026-03-09,6,7.7,Planning
AI_USR114,Org-Beta-Team1,Org-Beta,2026-03-12,6,7.8,Planning
AI_USR114,Org-Beta-Team1,Org-Beta,2026-03-18,20,7.2,Planning
AI_USR114,Org-Beta-Team1,Org-Beta,2026-03-19,16,7.5,Data Query
AI_USR114,Org-Beta-Team1,Org-Beta,2026-03-20,18,7.2,Planning
AI_USR114,Org-Beta-Team1,Org-Beta,2026-03-21,11,6.6,Documentation
AI_USR114,Org-Beta-Team1,Org-Beta,2026-03-22,5,7.7,Data Query
AI_USR114,Org-Beta-Team1,Org-Beta,2026-03-23,3,6.8,Data Query
AI_USR114,Org-Beta-Team1,Org-Beta,2026-03-24,5,6.8,Summarization
AI_USR114,Org-Beta-Team1,Org-Beta,2026-03-25,13,6.7,Debugging
AI_USR114,Org-Beta-Team1,Org-Beta,2026-03-27,9,6.6,Documentation
AI_USR114,Org-Beta-Team1,Org-Beta,2026-03-28,19,7.1,Documentation
AI_USR114,Org-Beta-Team1,Org-Beta,2026-03-29,18,7.8,Documentation
AI_USR114,Org-Beta-Team1,Org-Beta,2026-03-30,2,7.3,Planning
AI_USR114,Org-Beta-Team1,Org-Beta,2026-03-31,20,8.0,Documentation
AI_USR115,Org-Alpha-Team3,Org-Alpha,2026-01-01,11,2.4,Summarization
AI_USR115,Org-Alpha-Team3,Org-Alpha,2026-01-02,9,2.4,Debugging
AI_USR115,Org-Alpha-Team3,Org-Alpha,2026-01-04,5,2.2,Summarization
AI_USR115,Org-Alpha-Team3,Org-Alpha,2026-01-05,12,3.0,Debugging
AI_USR115,Org-Alpha-Team3,Org-Alpha,2026-01-07,9,3.4,Summarization
AI_USR115,Org-Alpha-Team3,Org-Alpha,2026-01-08,7,3.9,Documentation
AI_USR115,Org-Alpha-Team3,Org-Alpha,2026-01-11,6,2.7,Code Generation
AI_USR115,Org-Alpha-Team3,Org-Alpha,2026-01-12,6,3.0,Planning
AI_USR115,Org-Alpha-Team3,Org-Alpha,2026-01-13,5,3.8,Debugging
AI_USR115,Org-Alpha-Team3,Org-Alpha,2026-01-14,17,4.0,Summarization
AI_USR115,Org-Alpha-Team3,Org-Alpha,2026-01-17,4,2.9,Summarization
AI_USR115,Org-Alpha-Team3,Org-Alpha,2026-01-18,20,4.1,Code Generation
AI_USR115,Org-Alpha-Team3,Org-Alpha,2026-01-19,17,2.6,Planning
AI_USR115,Org-Alpha-Team3,Org-Alpha,2026-01-22,10,2.9,Code Generation
AI_USR115,Org-Alpha-Team3,Org-Alpha,2026-01-23,9,3.5,Debugging
AI_USR115,Org-Alpha-Team3,Org-Alpha,2026-01-24,19,4.1,Planning
AI_USR115,Org-Alpha-Team3,Org-Alpha,2026-01-25,16,4.3,Code Generation
AI_USR115,Org-Alpha-Team3,Org-Alpha,2026-01-26,10,3.5,Documentation
AI_USR115,Org-Alpha-Team3,Org-Alpha,2026-01-27,20,2.5,Code Generation
AI_USR115,Org-Alpha-Team3,Org-Alpha,2026-01-30,8,3.2,Code Generation
AI_USR115,Org-Alpha-Team3,Org-Alpha,2026-01-31,7,3.0,Documentation
AI_USR115,Org-Alpha-Team3,Org-Alpha,2026-02-01,18,2.6,Documentation
AI_USR115,Org-Alpha-Team3,Org-Alpha,2026-02-02,16,3.5,Summarization
AI_USR115,Org-Alpha-Team3,Org-Alpha,2026-02-03,1,3.6,Debugging
AI_USR115,Org-Alpha-Team3,Org-Alpha,2026-02-04,2,2.7,Code Generation
AI_USR115,Org-Alpha-Team3,Org-Alpha,2026-02-05,17,2.6,Planning
AI_USR115,Org-Alpha-Team3,Org-Alpha,2026-02-06,8,4.2,Debugging
AI_USR115,Org-Alpha-Team3,Org-Alpha,2026-02-07,20,2.8,Summarization
AI_USR115,Org-Alpha-Team3,Org-Alpha,2026-02-10,7,3.5,Data Query
AI_USR115,Org-Alpha-Team3,Org-Alpha,2026-02-12,14,4.4,Planning
AI_USR115,Org-Alpha-Team3,Org-Alpha,2026-02-13,20,4.4,Summarization
AI_USR115,Org-Alpha-Team3,Org-Alpha,2026-02-15,11,3.4,Data Query
AI_USR115,Org-Alpha-Team3,Org-Alpha,2026-02-16,1,3.5,Code Generation
AI_USR115,Org-Alpha-Team3,Org-Alpha,2026-02-17,10,4.4,Code Generation
AI_USR115,Org-Alpha-Team3,Org-Alpha,2026-02-18,16,4.6,Data Query
AI_USR115,Org-Alpha-Team3,Org-Alpha,2026-02-21,5,3.1,Documentation
AI_USR115,Org-Alpha-Team3,Org-Alpha,2026-02-23,20,3.4,Data Query
AI_USR115,Org-Alpha-Team3,Org-Alpha,2026-02-25,16,3.9,Planning
AI_USR115,Org-Alpha-Team3,Org-Alpha,2026-02-26,16,3.3,Documentation
AI_USR115,Org-Alpha-Team3,Org-Alpha,2026-02-27,7,4.6,Debugging
AI_USR115,Org-Alpha-Team3,Org-Alpha,2026-03-03,12,3.5,Data Query
AI_USR115,Org-Alpha-Team3,Org-Alpha,2026-03-04,17,2.9,Data Query
AI_USR115,Org-Alpha-Team3,Org-Alpha,2026-03-08,3,3.2,Documentation
AI_USR115,Org-Alpha-Team3,Org-Alpha,2026-03-10,17,4.7,Summarization
AI_USR115,Org-Alpha-Team3,Org-Alpha,2026-03-11,4,3.1,Documentation
AI_USR115,Org-Alpha-Team3,Org-Alpha,2026-03-12,13,4.5,Planning
AI_USR115,Org-Alpha-Team3,Org-Alpha,2026-03-15,9,3.1,Summarization
AI_USR115,Org-Alpha-Team3,Org-Alpha,2026-03-17,15,4.5,Summarization
AI_USR115,Org-Alpha-Team3,Org-Alpha,2026-03-18,7,3.3,Code Generation
AI_USR115,Org-Alpha-Team3,Org-Alpha,2026-03-19,7,4.2,Debugging
AI_USR115,Org-Alpha-Team3,Org-Alpha,2026-03-20,16,4.6,Documentation
AI_USR115,Org-Alpha-Team3,Org-Alpha,2026-03-22,7,4.0,Debugging
AI_USR115,Org-Alpha-Team3,Org-Alpha,2026-03-23,10,3.6,Code Generation
AI_USR115,Org-Alpha-Team3,Org-Alpha,2026-03-24,11,4.7,Code Generation
AI_USR115,Org-Alpha-Team3,Org-Alpha,2026-03-27,15,4.4,Debugging
AI_USR115,Org-Alpha-Team3,Org-Alpha,2026-03-28,4,3.8,Code Generation
AI_USR115,Org-Alpha-Team3,Org-Alpha,2026-03-30,11,5.0,Summarization
AI_USR115,Org-Alpha-Team3,Org-Alpha,2026-03-31,5,4.0,Debugging
AI_USR116,Org-Gamma-Team4,Org-Gamma,2026-01-01,18,8.4,Code Generation
AI_USR116,Org-Gamma-Team4,Org-Gamma,2026-01-02,10,8.0,Documentation
AI_USR116,Org-Gamma-Team4,Org-Gamma,2026-01-03,9,8.7,Debugging
AI_USR116,Org-Gamma-Team4,Org-Gamma,2026-01-04,14,9.5,Documentation
AI_USR116,Org-Gamma-Team4,Org-Gamma,2026-01-05,10,8.3,Code Generation
AI_USR116,Org-Gamma-Team4,Org-Gamma,2026-01-07,9,8.2,Code Generation
AI_USR116,Org-Gamma-Team4,Org-Gamma,2026-01-09,1,9.5,Planning
AI_USR116,Org-Gamma-Team4,Org-Gamma,2026-01-10,20,9.1,Code Generation
AI_USR116,Org-Gamma-Team4,Org-Gamma,2026-01-11,7,9.1,Planning
AI_USR116,Org-Gamma-Team4,Org-Gamma,2026-01-13,1,9.5,Documentation
AI_USR116,Org-Gamma-Team4,Org-Gamma,2026-01-14,6,8.3,Code Generation
AI_USR116,Org-Gamma-Team4,Org-Gamma,2026-01-16,12,8.9,Code Generation
AI_USR116,Org-Gamma-Team4,Org-Gamma,2026-01-17,16,9.6,Data Query
AI_USR116,Org-Gamma-Team4,Org-Gamma,2026-01-19,14,9.0,Debugging
AI_USR116,Org-Gamma-Team4,Org-Gamma,2026-01-20,15,8.5,Debugging
AI_USR116,Org-Gamma-Team4,Org-Gamma,2026-01-22,15,8.4,Code Generation
AI_USR116,Org-Gamma-Team4,Org-Gamma,2026-01-23,20,8.3,Code Generation
AI_USR116,Org-Gamma-Team4,Org-Gamma,2026-01-25,6,9.0,Documentation
AI_USR116,Org-Gamma-Team4,Org-Gamma,2026-01-27,5,8.9,Summarization
AI_USR116,Org-Gamma-Team4,Org-Gamma,2026-01-28,13,9.1,Summarization
AI_USR116,Org-Gamma-Team4,Org-Gamma,2026-01-30,10,8.7,Documentation
AI_USR116,Org-Gamma-Team4,Org-Gamma,2026-01-31,18,7.8,Debugging
AI_USR116,Org-Gamma-Team4,Org-Gamma,2026-02-01,4,9.6,Code Generation
AI_USR116,Org-Gamma-Team4,Org-Gamma,2026-02-03,1,8.2,Debugging
AI_USR116,Org-Gamma-Team4,Org-Gamma,2026-02-05,9,9.2,Summarization
AI_USR116,Org-Gamma-Team4,Org-Gamma,2026-02-06,13,8.0,Planning
AI_USR116,Org-Gamma-Team4,Org-Gamma,2026-02-07,16,9.3,Debugging
AI_USR116,Org-Gamma-Team4,Org-Gamma,2026-02-09,3,8.2,Data Query
AI_USR116,Org-Gamma-Team4,Org-Gamma,2026-02-10,4,8.0,Code Generation
AI_USR116,Org-Gamma-Team4,Org-Gamma,2026-02-11,15,8.1,Planning
AI_USR116,Org-Gamma-Team4,Org-Gamma,2026-02-13,12,9.0,Data Query
AI_USR116,Org-Gamma-Team4,Org-Gamma,2026-02-14,17,9.3,Summarization
AI_USR116,Org-Gamma-Team4,Org-Gamma,2026-02-16,16,8.5,Code Generation
AI_USR116,Org-Gamma-Team4,Org-Gamma,2026-02-17,9,8.9,Summarization
AI_USR116,Org-Gamma-Team4,Org-Gamma,2026-02-18,5,7.9,Debugging
AI_USR116,Org-Gamma-Team4,Org-Gamma,2026-02-21,20,8.9,Planning
AI_USR116,Org-Gamma-Team4,Org-Gamma,2026-02-22,17,8.3,Planning
AI_USR116,Org-Gamma-Team4,Org-Gamma,2026-02-27,7,9.7,Documentation
AI_USR116,Org-Gamma-Team4,Org-Gamma,2026-02-28,12,8.1,Documentation
AI_USR116,Org-Gamma-Team4,Org-Gamma,2026-03-02,5,8.9,Documentation
AI_USR116,Org-Gamma-Team4,Org-Gamma,2026-03-04,1,8.8,Documentation
AI_USR116,Org-Gamma-Team4,Org-Gamma,2026-03-05,17,9.9,Summarization
AI_USR116,Org-Gamma-Team4,Org-Gamma,2026-03-07,5,9.9,Planning
AI_USR116,Org-Gamma-Team4,Org-Gamma,2026-03-08,10,8.2,Code Generation
AI_USR116,Org-Gamma-Team4,Org-Gamma,2026-03-09,13,9.0,Summarization
AI_USR116,Org-Gamma-Team4,Org-Gamma,2026-03-10,17,8.2,Documentation
AI_USR116,Org-Gamma-Team4,Org-Gamma,2026-03-11,9,8.4,Code Generation
AI_USR116,Org-Gamma-Team4,Org-Gamma,2026-03-12,8,8.6,Data Query
AI_USR116,Org-Gamma-Team4,Org-Gamma,2026-03-13,5,8.1,Debugging
AI_USR116,Org-Gamma-Team4,Org-Gamma,2026-03-14,10,9.8,Summarization
AI_USR116,Org-Gamma-Team4,Org-Gamma,2026-03-16,9,9.8,Documentation
AI_USR116,Org-Gamma-Team4,Org-Gamma,2026-03-18,7,8.7,Data Query
AI_USR116,Org-Gamma-Team4,Org-Gamma,2026-03-19,13,8.9,Code Generation
AI_USR116,Org-Gamma-Team4,Org-Gamma,2026-03-20,5,9.6,Data Query
AI_USR116,Org-Gamma-Team4,Org-Gamma,2026-03-21,19,8.4,Summarization
AI_USR116,Org-Gamma-Team4,Org-Gamma,2026-03-22,6,8.2,Documentation
AI_USR116,Org-Gamma-Team4,Org-Gamma,2026-03-23,12,9.8,Summarization
AI_USR116,Org-Gamma-Team4,Org-Gamma,2026-03-24,18,9.7,Documentation
AI_USR116,Org-Gamma-Team4,Org-Gamma,2026-03-25,18,10.0,Code Generation
AI_USR116,Org-Gamma-Team4,Org-Gamma,2026-03-27,16,9.8,Summarization
AI_USR116,Org-Gamma-Team4,Org-Gamma,2026-03-28,1,9.3,Debugging
AI_USR116,Org-Gamma-Team4,Org-Gamma,2026-03-29,4,9.4,Debugging
AI_USR116,Org-Gamma-Team4,Org-Gamma,2026-03-30,17,9.8,Debugging
AI_USR117,Org-Delta-Team2,Org-Delta,2026-01-01,7,6.2,Data Query
AI_USR117,Org-Delta-Team2,Org-Delta,2026-01-02,16,6.9,Data Query
AI_USR117,Org-Delta-Team2,Org-Delta,2026-01-03,5,7.5,Planning
AI_USR117,Org-Delta-Team2,Org-Delta,2026-01-04,1,5.8,Code Generation
AI_USR117,Org-Delta-Team2,Org-Delta,2026-01-05,8,7.1,Debugging
AI_USR117,Org-Delta-Team2,Org-Delta,2026-01-06,7,6.8,Data Query
AI_USR117,Org-Delta-Team2,Org-Delta,2026-01-07,2,5.7,Summarization
AI_USR117,Org-Delta-Team2,Org-Delta,2026-01-08,16,6.9,Code Generation
AI_USR117,Org-Delta-Team2,Org-Delta,2026-01-10,16,7.3,Planning
AI_USR117,Org-Delta-Team2,Org-Delta,2026-01-12,4,5.7,Data Query
AI_USR117,Org-Delta-Team2,Org-Delta,2026-01-14,17,5.7,Summarization
AI_USR117,Org-Delta-Team2,Org-Delta,2026-01-15,1,7.4,Data Query
AI_USR117,Org-Delta-Team2,Org-Delta,2026-01-20,3,6.0,Documentation
AI_USR117,Org-Delta-Team2,Org-Delta,2026-01-23,8,5.9,Planning
AI_USR117,Org-Delta-Team2,Org-Delta,2026-01-24,3,6.6,Documentation
AI_USR117,Org-Delta-Team2,Org-Delta,2026-01-29,9,6.2,Code Generation
AI_USR117,Org-Delta-Team2,Org-Delta,2026-01-30,16,6.9,Data Query
AI_USR117,Org-Delta-Team2,Org-Delta,2026-01-31,12,7.7,Documentation
AI_USR117,Org-Delta-Team2,Org-Delta,2026-02-01,11,6.9,Planning
AI_USR117,Org-Delta-Team2,Org-Delta,2026-02-02,13,7.7,Summarization
AI_USR117,Org-Delta-Team2,Org-Delta,2026-02-04,20,7.8,Debugging
AI_USR117,Org-Delta-Team2,Org-Delta,2026-02-07,14,7.2,Code Generation
AI_USR117,Org-Delta-Team2,Org-Delta,2026-02-08,16,7.6,Planning
AI_USR117,Org-Delta-Team2,Org-Delta,2026-02-10,6,7.5,Planning
AI_USR117,Org-Delta-Team2,Org-Delta,2026-02-11,11,7.7,Data Query
AI_USR117,Org-Delta-Team2,Org-Delta,2026-02-12,4,7.8,Code Generation
AI_USR117,Org-Delta-Team2,Org-Delta,2026-02-13,18,6.8,Documentation
AI_USR117,Org-Delta-Team2,Org-Delta,2026-02-15,9,7.4,Data Query
AI_USR117,Org-Delta-Team2,Org-Delta,2026-02-16,9,7.0,Summarization
AI_USR117,Org-Delta-Team2,Org-Delta,2026-02-17,11,6.6,Documentation
AI_USR117,Org-Delta-Team2,Org-Delta,2026-02-18,20,7.1,Documentation
AI_USR117,Org-Delta-Team2,Org-Delta,2026-02-19,16,7.5,Debugging
AI_USR117,Org-Delta-Team2,Org-Delta,2026-02-24,16,7.3,Code Generation
AI_USR117,Org-Delta-Team2,Org-Delta,2026-02-25,2,7.4,Summarization
AI_USR117,Org-Delta-Team2,Org-Delta,2026-02-27,6,7.1,Debugging
AI_USR117,Org-Delta-Team2,Org-Delta,2026-03-01,3,7.1,Planning
AI_USR117,Org-Delta-Team2,Org-Delta,2026-03-02,16,7.1,Data Query
AI_USR117,Org-Delta-Team2,Org-Delta,2026-03-04,2,7.6,Summarization
AI_USR117,Org-Delta-Team2,Org-Delta,2026-03-07,10,6.5,Data Query
AI_USR117,Org-Delta-Team2,Org-Delta,2026-03-08,4,7.0,Summarization
AI_USR117,Org-Delta-Team2,Org-Delta,2026-03-09,15,6.7,Documentation
AI_USR117,Org-Delta-Team2,Org-Delta,2026-03-11,12,7.5,Code Generation
AI_USR117,Org-Delta-Team2,Org-Delta,2026-03-12,12,6.4,Planning
AI_USR117,Org-Delta-Team2,Org-Delta,2026-03-13,11,6.5,Summarization
AI_USR117,Org-Delta-Team2,Org-Delta,2026-03-15,17,7.8,Code Generation
AI_USR117,Org-Delta-Team2,Org-Delta,2026-03-16,1,6.4,Code Generation
AI_USR117,Org-Delta-Team2,Org-Delta,2026-03-17,18,6.7,Planning
AI_USR117,Org-Delta-Team2,Org-Delta,2026-03-18,8,6.7,Summarization
AI_USR117,Org-Delta-Team2,Org-Delta,2026-03-19,1,6.4,Documentation
AI_USR117,Org-Delta-Team2,Org-Delta,2026-03-20,10,6.7,Documentation
AI_USR117,Org-Delta-Team2,Org-Delta,2026-03-23,15,6.8,Data Query
AI_USR117,Org-Delta-Team2,Org-Delta,2026-03-24,4,8.0,Documentation
AI_USR117,Org-Delta-Team2,Org-Delta,2026-03-25,5,7.8,Data Query
AI_USR117,Org-Delta-Team2,Org-Delta,2026-03-26,13,7.4,Data Query
AI_USR117,Org-Delta-Team2,Org-Delta,2026-03-27,14,6.6,Data Query
AI_USR117,Org-Delta-Team2,Org-Delta,2026-03-28,19,7.1,Documentation
AI_USR117,Org-Delta-Team2,Org-Delta,2026-03-29,10,7.7,Code Generation
AI_USR117,Org-Delta-Team2,Org-Delta,2026-03-30,10,8.0,Code Generation
AI_USR117,Org-Delta-Team2,Org-Delta,2026-03-31,7,7.4,Documentation
AI_USR118,Org-Delta-Team4,Org-Delta,2026-01-01,11,3.5,Planning
AI_USR118,Org-Delta-Team4,Org-Delta,2026-01-02,11,4.3,Documentation
AI_USR118,Org-Delta-Team4,Org-Delta,2026-01-03,5,4.2,Code Generation
AI_USR118,Org-Delta-Team4,Org-Delta,2026-01-10,8,4.1,Documentation
AI_USR118,Org-Delta-Team4,Org-Delta,2026-01-11,19,3.9,Debugging
AI_USR118,Org-Delta-Team4,Org-Delta,2026-01-12,5,4.8,Data Query
AI_USR118,Org-Delta-Team4,Org-Delta,2026-01-13,9,4.3,Data Query
AI_USR118,Org-Delta-Team4,Org-Delta,2026-01-14,12,4.7,Data Query
AI_USR118,Org-Delta-Team4,Org-Delta,2026-01-15,4,5.4,Data Query
AI_USR118,Org-Delta-Team4,Org-Delta,2026-01-17,12,4.9,Debugging
AI_USR118,Org-Delta-Team4,Org-Delta,2026-01-20,2,3.9,Code Generation
AI_USR118,Org-Delta-Team4,Org-Delta,2026-01-21,11,4.4,Summarization
AI_USR118,Org-Delta-Team4,Org-Delta,2026-01-23,9,5.6,Debugging
AI_USR118,Org-Delta-Team4,Org-Delta,2026-01-24,5,5.2,Data Query
AI_USR118,Org-Delta-Team4,Org-Delta,2026-01-25,19,5.2,Debugging
AI_USR118,Org-Delta-Team4,Org-Delta,2026-01-28,17,5.3,Code Generation
AI_USR118,Org-Delta-Team4,Org-Delta,2026-01-29,13,4.5,Summarization
AI_USR118,Org-Delta-Team4,Org-Delta,2026-01-31,9,5.0,Documentation
AI_USR118,Org-Delta-Team4,Org-Delta,2026-02-02,5,4.7,Code Generation
AI_USR118,Org-Delta-Team4,Org-Delta,2026-02-03,3,4.8,Summarization
AI_USR118,Org-Delta-Team4,Org-Delta,2026-02-04,10,5.9,Planning
AI_USR118,Org-Delta-Team4,Org-Delta,2026-02-06,3,6.1,Code Generation
AI_USR118,Org-Delta-Team4,Org-Delta,2026-02-07,3,5.6,Documentation
AI_USR118,Org-Delta-Team4,Org-Delta,2026-02-08,6,6.2,Documentation
AI_USR118,Org-Delta-Team4,Org-Delta,2026-02-11,6,4.6,Planning
AI_USR118,Org-Delta-Team4,Org-Delta,2026-02-13,14,5.0,Planning
AI_USR118,Org-Delta-Team4,Org-Delta,2026-02-14,2,6.1,Debugging
AI_USR118,Org-Delta-Team4,Org-Delta,2026-02-15,19,5.6,Code Generation
AI_USR118,Org-Delta-Team4,Org-Delta,2026-02-16,7,6.7,Summarization
AI_USR118,Org-Delta-Team4,Org-Delta,2026-02-17,18,6.1,Code Generation
AI_USR118,Org-Delta-Team4,Org-Delta,2026-02-18,8,6.6,Debugging
AI_USR118,Org-Delta-Team4,Org-Delta,2026-02-19,3,6.5,Planning
AI_USR118,Org-Delta-Team4,Org-Delta,2026-02-20,2,6.6,Planning
AI_USR118,Org-Delta-Team4,Org-Delta,2026-02-22,12,5.7,Planning
AI_USR118,Org-Delta-Team4,Org-Delta,2026-02-23,7,6.2,Debugging
AI_USR118,Org-Delta-Team4,Org-Delta,2026-02-24,2,6.0,Debugging
AI_USR118,Org-Delta-Team4,Org-Delta,2026-02-26,9,6.0,Documentation
AI_USR118,Org-Delta-Team4,Org-Delta,2026-02-27,8,6.0,Planning
AI_USR118,Org-Delta-Team4,Org-Delta,2026-02-28,2,6.0,Documentation
AI_USR118,Org-Delta-Team4,Org-Delta,2026-03-04,11,7.2,Documentation
AI_USR118,Org-Delta-Team4,Org-Delta,2026-03-05,2,7.0,Summarization
AI_USR118,Org-Delta-Team4,Org-Delta,2026-03-06,3,6.4,Debugging
AI_USR118,Org-Delta-Team4,Org-Delta,2026-03-08,5,7.4,Code Generation
AI_USR118,Org-Delta-Team4,Org-Delta,2026-03-11,6,6.4,Planning
AI_USR118,Org-Delta-Team4,Org-Delta,2026-03-12,14,7.3,Documentation
AI_USR118,Org-Delta-Team4,Org-Delta,2026-03-13,8,5.9,Documentation
AI_USR118,Org-Delta-Team4,Org-Delta,2026-03-15,9,7.3,Data Query
AI_USR118,Org-Delta-Team4,Org-Delta,2026-03-17,8,6.4,Debugging
AI_USR118,Org-Delta-Team4,Org-Delta,2026-03-21,18,6.6,Documentation
AI_USR118,Org-Delta-Team4,Org-Delta,2026-03-25,6,6.9,Data Query
AI_USR118,Org-Delta-Team4,Org-Delta,2026-03-26,8,6.4,Summarization
AI_USR118,Org-Delta-Team4,Org-Delta,2026-03-27,8,6.5,Planning
AI_USR118,Org-Delta-Team4,Org-Delta,2026-03-28,8,7.0,Summarization
AI_USR118,Org-Delta-Team4,Org-Delta,2026-03-30,6,7.6,Data Query
AI_USR118,Org-Delta-Team4,Org-Delta,2026-03-31,1,7.9,Debugging
AI_USR119,Org-Gamma-Team1,Org-Gamma,2026-01-02,11,7.8,Documentation
AI_USR119,Org-Gamma-Team1,Org-Gamma,2026-01-05,7,8.0,Code Generation
AI_USR119,Org-Gamma-Team1,Org-Gamma,2026-01-07,15,9.3,Data Query
AI_USR119,Org-Gamma-Team1,Org-Gamma,2026-01-08,4,9.4,Debugging
AI_USR119,Org-Gamma-Team1,Org-Gamma,2026-01-10,19,9.2,Code Generation
AI_USR119,Org-Gamma-Team1,Org-Gamma,2026-01-14,18,8.8,Documentation
AI_USR119,Org-Gamma-Team1,Org-Gamma,2026-01-15,5,7.5,Summarization
AI_USR119,Org-Gamma-Team1,Org-Gamma,2026-01-18,18,9.4,Planning
AI_USR119,Org-Gamma-Team1,Org-Gamma,2026-01-20,10,7.8,Debugging
AI_USR119,Org-Gamma-Team1,Org-Gamma,2026-01-22,17,7.7,Data Query
AI_USR119,Org-Gamma-Team1,Org-Gamma,2026-01-25,3,8.8,Data Query
AI_USR119,Org-Gamma-Team1,Org-Gamma,2026-01-26,17,7.7,Summarization
AI_USR119,Org-Gamma-Team1,Org-Gamma,2026-01-27,6,8.3,Debugging
AI_USR119,Org-Gamma-Team1,Org-Gamma,2026-01-30,19,8.6,Debugging
AI_USR119,Org-Gamma-Team1,Org-Gamma,2026-01-31,2,8.2,Code Generation
AI_USR119,Org-Gamma-Team1,Org-Gamma,2026-02-02,19,9.1,Data Query
AI_USR119,Org-Gamma-Team1,Org-Gamma,2026-02-03,5,8.0,Debugging
AI_USR119,Org-Gamma-Team1,Org-Gamma,2026-02-04,18,9.4,Documentation
AI_USR119,Org-Gamma-Team1,Org-Gamma,2026-02-06,5,7.6,Summarization
AI_USR119,Org-Gamma-Team1,Org-Gamma,2026-02-07,12,8.2,Debugging
AI_USR119,Org-Gamma-Team1,Org-Gamma,2026-02-08,1,7.7,Summarization
AI_USR119,Org-Gamma-Team1,Org-Gamma,2026-02-09,20,8.7,Data Query
AI_USR119,Org-Gamma-Team1,Org-Gamma,2026-02-10,18,8.9,Summarization
AI_USR119,Org-Gamma-Team1,Org-Gamma,2026-02-11,3,8.2,Planning
AI_USR119,Org-Gamma-Team1,Org-Gamma,2026-02-12,13,8.1,Debugging
AI_USR119,Org-Gamma-Team1,Org-Gamma,2026-02-14,14,8.8,Code Generation
AI_USR119,Org-Gamma-Team1,Org-Gamma,2026-02-18,9,8.9,Documentation
AI_USR119,Org-Gamma-Team1,Org-Gamma,2026-02-19,8,8.2,Summarization
AI_USR119,Org-Gamma-Team1,Org-Gamma,2026-02-20,16,7.5,Debugging
AI_USR119,Org-Gamma-Team1,Org-Gamma,2026-02-25,6,7.6,Code Generation
AI_USR119,Org-Gamma-Team1,Org-Gamma,2026-02-27,6,7.6,Data Query
AI_USR119,Org-Gamma-Team1,Org-Gamma,2026-03-01,10,9.3,Summarization
AI_USR119,Org-Gamma-Team1,Org-Gamma,2026-03-02,14,9.2,Planning
AI_USR119,Org-Gamma-Team1,Org-Gamma,2026-03-04,2,9.2,Planning
AI_USR119,Org-Gamma-Team1,Org-Gamma,2026-03-05,10,7.6,Documentation
AI_USR119,Org-Gamma-Team1,Org-Gamma,2026-03-07,9,8.3,Debugging
AI_USR119,Org-Gamma-Team1,Org-Gamma,2026-03-08,4,8.6,Data Query
AI_USR119,Org-Gamma-Team1,Org-Gamma,2026-03-09,18,8.0,Documentation
AI_USR119,Org-Gamma-Team1,Org-Gamma,2026-03-10,20,9.0,Planning
AI_USR119,Org-Gamma-Team1,Org-Gamma,2026-03-12,13,8.1,Code Generation
AI_USR119,Org-Gamma-Team1,Org-Gamma,2026-03-13,20,8.6,Debugging
AI_USR119,Org-Gamma-Team1,Org-Gamma,2026-03-14,16,8.7,Planning
AI_USR119,Org-Gamma-Team1,Org-Gamma,2026-03-15,1,7.9,Planning
AI_USR119,Org-Gamma-Team1,Org-Gamma,2026-03-17,20,8.8,Planning
AI_USR119,Org-Gamma-Team1,Org-Gamma,2026-03-18,12,8.8,Summarization
AI_USR119,Org-Gamma-Team1,Org-Gamma,2026-03-20,9,8.8,Debugging
AI_USR119,Org-Gamma-Team1,Org-Gamma,2026-03-22,19,8.3,Summarization
AI_USR119,Org-Gamma-Team1,Org-Gamma,2026-03-23,10,8.9,Documentation
AI_USR119,Org-Gamma-Team1,Org-Gamma,2026-03-26,20,7.8,Summarization
AI_USR119,Org-Gamma-Team1,Org-Gamma,2026-03-27,19,7.7,Debugging
AI_USR119,Org-Gamma-Team1,Org-Gamma,2026-03-28,17,9.3,Code Generation
AI_USR119,Org-Gamma-Team1,Org-Gamma,2026-03-29,11,7.7,Data Query
AI_USR119,Org-Gamma-Team1,Org-Gamma,2026-03-30,6,7.5,Code Generation
AI_USR119,Org-Gamma-Team1,Org-Gamma,2026-03-31,10,8.0,Debugging
AI_USR120,Org-Epsilon-Team2,Org-Epsilon,2026-01-01,11,2.7,Code Generation
AI_USR120,Org-Epsilon-Team2,Org-Epsilon,2026-01-02,9,2.3,Summarization
AI_USR120,Org-Epsilon-Team2,Org-Epsilon,2026-01-03,7,3.8,Debugging
AI_USR120,Org-Epsilon-Team2,Org-Epsilon,2026-01-04,11,3.2,Summarization
AI_USR120,Org-Epsilon-Team2,Org-Epsilon,2026-01-08,6,3.4,Code Generation
AI_USR120,Org-Epsilon-Team2,Org-Epsilon,2026-01-10,15,2.3,Planning
AI_USR120,Org-Epsilon-Team2,Org-Epsilon,2026-01-11,18,3.4,Code Generation
AI_USR120,Org-Epsilon-Team2,Org-Epsilon,2026-01-12,13,3.6,Debugging
AI_USR120,Org-Epsilon-Team2,Org-Epsilon,2026-01-13,4,2.4,Debugging
AI_USR120,Org-Epsilon-Team2,Org-Epsilon,2026-01-14,16,2.1,Summarization
AI_USR120,Org-Epsilon-Team2,Org-Epsilon,2026-01-15,9,3.6,Summarization
AI_USR120,Org-Epsilon-Team2,Org-Epsilon,2026-01-16,18,3.1,Code Generation
AI_USR120,Org-Epsilon-Team2,Org-Epsilon,2026-01-17,14,3.1,Planning
AI_USR120,Org-Epsilon-Team2,Org-Epsilon,2026-01-22,1,2.2,Summarization
AI_USR120,Org-Epsilon-Team2,Org-Epsilon,2026-01-23,16,3.2,Summarization
AI_USR120,Org-Epsilon-Team2,Org-Epsilon,2026-01-24,1,3.3,Documentation
AI_USR120,Org-Epsilon-Team2,Org-Epsilon,2026-01-25,8,4.0,Debugging
AI_USR120,Org-Epsilon-Team2,Org-Epsilon,2026-01-26,12,3.4,Debugging
AI_USR120,Org-Epsilon-Team2,Org-Epsilon,2026-01-28,7,3.2,Code Generation
AI_USR120,Org-Epsilon-Team2,Org-Epsilon,2026-01-29,4,2.4,Code Generation
AI_USR120,Org-Epsilon-Team2,Org-Epsilon,2026-01-30,1,3.4,Data Query
AI_USR120,Org-Epsilon-Team2,Org-Epsilon,2026-02-01,5,3.7,Planning
AI_USR120,Org-Epsilon-Team2,Org-Epsilon,2026-02-02,5,3.2,Documentation
AI_USR120,Org-Epsilon-Team2,Org-Epsilon,2026-02-03,8,3.6,Summarization
AI_USR120,Org-Epsilon-Team2,Org-Epsilon,2026-02-05,3,3.0,Summarization
AI_USR120,Org-Epsilon-Team2,Org-Epsilon,2026-02-06,20,3.6,Documentation
AI_USR120,Org-Epsilon-Team2,Org-Epsilon,2026-02-07,18,3.6,Planning
AI_USR120,Org-Epsilon-Team2,Org-Epsilon,2026-02-08,4,2.4,Summarization
AI_USR120,Org-Epsilon-Team2,Org-Epsilon,2026-02-09,15,3.6,Documentation
AI_USR120,Org-Epsilon-Team2,Org-Epsilon,2026-02-10,14,3.6,Planning
AI_USR120,Org-Epsilon-Team2,Org-Epsilon,2026-02-12,13,2.7,Planning
AI_USR120,Org-Epsilon-Team2,Org-Epsilon,2026-02-13,3,2.7,Code Generation
AI_USR120,Org-Epsilon-Team2,Org-Epsilon,2026-02-14,16,3.8,Debugging
AI_USR120,Org-Epsilon-Team2,Org-Epsilon,2026-02-16,19,2.0,Code Generation
AI_USR120,Org-Epsilon-Team2,Org-Epsilon,2026-02-17,6,3.3,Documentation
AI_USR120,Org-Epsilon-Team2,Org-Epsilon,2026-02-19,4,3.3,Planning
AI_USR120,Org-Epsilon-Team2,Org-Epsilon,2026-02-20,1,2.0,Data Query
AI_USR120,Org-Epsilon-Team2,Org-Epsilon,2026-02-22,14,2.5,Debugging
AI_USR120,Org-Epsilon-Team2,Org-Epsilon,2026-02-25,9,2.5,Planning
AI_USR120,Org-Epsilon-Team2,Org-Epsilon,2026-03-01,11,2.1,Data Query
AI_USR120,Org-Epsilon-Team2,Org-Epsilon,2026-03-02,15,2.5,Documentation
AI_USR120,Org-Epsilon-Team2,Org-Epsilon,2026-03-06,20,3.2,Code Generation
AI_USR120,Org-Epsilon-Team2,Org-Epsilon,2026-03-07,11,2.6,Code Generation
AI_USR120,Org-Epsilon-Team2,Org-Epsilon,2026-03-08,5,2.2,Data Query
AI_USR120,Org-Epsilon-Team2,Org-Epsilon,2026-03-10,13,2.4,Code Generation
AI_USR120,Org-Epsilon-Team2,Org-Epsilon,2026-03-11,3,3.6,Planning
AI_USR120,Org-Epsilon-Team2,Org-Epsilon,2026-03-12,15,1.9,Planning
AI_USR120,Org-Epsilon-Team2,Org-Epsilon,2026-03-16,16,3.0,Code Generation
AI_USR120,Org-Epsilon-Team2,Org-Epsilon,2026-03-18,17,2.2,Code Generation
AI_USR120,Org-Epsilon-Team2,Org-Epsilon,2026-03-19,1,3.3,Code Generation
AI_USR120,Org-Epsilon-Team2,Org-Epsilon,2026-03-20,8,3.1,Debugging
AI_USR120,Org-Epsilon-Team2,Org-Epsilon,2026-03-21,14,1.6,Code Generation
AI_USR120,Org-Epsilon-Team2,Org-Epsilon,2026-03-22,8,3.2,Documentation
AI_USR120,Org-Epsilon-Team2,Org-Epsilon,2026-03-23,20,3.5,Planning
AI_USR120,Org-Epsilon-Team2,Org-Epsilon,2026-03-24,14,2.0,Summarization
AI_USR120,Org-Epsilon-Team2,Org-Epsilon,2026-03-25,19,2.6,Code Generation
AI_USR120,Org-Epsilon-Team2,Org-Epsilon,2026-03-26,13,1.6,Data Query
AI_USR120,Org-Epsilon-Team2,Org-Epsilon,2026-03-28,20,2.1,Debugging
AI_USR120,Org-Epsilon-Team2,Org-Epsilon,2026-03-30,8,1.6,Data Query
AI_USR121,Org-Delta-Team1,Org-Delta,2026-01-04,7,7.6,Planning
AI_USR121,Org-Delta-Team1,Org-Delta,2026-01-05,16,8.5,Data Query
AI_USR121,Org-Delta-Team1,Org-Delta,2026-01-06,4,7.9,Documentation
AI_USR121,Org-Delta-Team1,Org-Delta,2026-01-09,14,7.2,Documentation
AI_USR121,Org-Delta-Team1,Org-Delta,2026-01-10,9,8.1,Documentation
AI_USR121,Org-Delta-Team1,Org-Delta,2026-01-11,10,8.8,Summarization
AI_USR121,Org-Delta-Team1,Org-Delta,2026-01-12,1,8.6,Data Query
AI_USR121,Org-Delta-Team1,Org-Delta,2026-01-14,20,7.4,Code Generation
AI_USR121,Org-Delta-Team1,Org-Delta,2026-01-16,13,8.0,Data Query
AI_USR121,Org-Delta-Team1,Org-Delta,2026-01-17,10,9.2,Summarization
AI_USR121,Org-Delta-Team1,Org-Delta,2026-01-18,16,7.9,Documentation
AI_USR121,Org-Delta-Team1,Org-Delta,2026-01-20,2,9.3,Planning
AI_USR121,Org-Delta-Team1,Org-Delta,2026-01-21,3,8.2,Debugging
AI_USR121,Org-Delta-Team1,Org-Delta,2026-01-22,12,8.3,Summarization
AI_USR121,Org-Delta-Team1,Org-Delta,2026-01-23,13,8.9,Debugging
AI_USR121,Org-Delta-Team1,Org-Delta,2026-01-24,7,9.4,Debugging
AI_USR121,Org-Delta-Team1,Org-Delta,2026-01-26,3,8.4,Code Generation
AI_USR121,Org-Delta-Team1,Org-Delta,2026-01-27,1,9.3,Debugging
AI_USR121,Org-Delta-Team1,Org-Delta,2026-01-28,9,8.8,Code Generation
AI_USR121,Org-Delta-Team1,Org-Delta,2026-01-29,17,8.9,Debugging
AI_USR121,Org-Delta-Team1,Org-Delta,2026-01-30,4,8.5,Documentation
AI_USR121,Org-Delta-Team1,Org-Delta,2026-02-04,20,8.0,Planning
AI_USR121,Org-Delta-Team1,Org-Delta,2026-02-05,8,9.2,Debugging
AI_USR121,Org-Delta-Team1,Org-Delta,2026-02-06,20,9.5,Data Query
AI_USR121,Org-Delta-Team1,Org-Delta,2026-02-07,2,9.7,Code Generation
AI_USR121,Org-Delta-Team1,Org-Delta,2026-02-09,19,8.9,Planning
AI_USR121,Org-Delta-Team1,Org-Delta,2026-02-10,10,9.5,Code Generation
AI_USR121,Org-Delta-Team1,Org-Delta,2026-02-12,16,9.9,Planning
AI_USR121,Org-Delta-Team1,Org-Delta,2026-02-13,5,9.7,Data Query
AI_USR121,Org-Delta-Team1,Org-Delta,2026-02-14,9,8.9,Code Generation
AI_USR121,Org-Delta-Team1,Org-Delta,2026-02-15,9,8.8,Planning
AI_USR121,Org-Delta-Team1,Org-Delta,2026-02-18,14,9.7,Code Generation
AI_USR121,Org-Delta-Team1,Org-Delta,2026-02-19,13,8.4,Planning
AI_USR121,Org-Delta-Team1,Org-Delta,2026-02-21,7,8.3,Debugging
AI_USR121,Org-Delta-Team1,Org-Delta,2026-02-24,18,9.5,Debugging
AI_USR121,Org-Delta-Team1,Org-Delta,2026-02-25,9,8.8,Debugging
AI_USR121,Org-Delta-Team1,Org-Delta,2026-02-26,2,9.8,Code Generation
AI_USR121,Org-Delta-Team1,Org-Delta,2026-03-01,18,8.4,Code Generation
AI_USR121,Org-Delta-Team1,Org-Delta,2026-03-02,3,10.0,Data Query
AI_USR121,Org-Delta-Team1,Org-Delta,2026-03-03,7,9.1,Summarization
AI_USR121,Org-Delta-Team1,Org-Delta,2026-03-04,12,9.5,Code Generation
AI_USR121,Org-Delta-Team1,Org-Delta,2026-03-05,18,9.8,Code Generation
AI_USR121,Org-Delta-Team1,Org-Delta,2026-03-06,7,10.0,Summarization
AI_USR121,Org-Delta-Team1,Org-Delta,2026-03-11,1,9.3,Debugging
AI_USR121,Org-Delta-Team1,Org-Delta,2026-03-12,19,10.0,Summarization
AI_USR121,Org-Delta-Team1,Org-Delta,2026-03-13,19,9.7,Data Query
AI_USR121,Org-Delta-Team1,Org-Delta,2026-03-14,18,10.0,Documentation
AI_USR121,Org-Delta-Team1,Org-Delta,2026-03-17,1,10.0,Code Generation
AI_USR121,Org-Delta-Team1,Org-Delta,2026-03-18,13,10.0,Code Generation
AI_USR121,Org-Delta-Team1,Org-Delta,2026-03-19,19,9.0,Documentation
AI_USR121,Org-Delta-Team1,Org-Delta,2026-03-20,19,9.1,Data Query
AI_USR121,Org-Delta-Team1,Org-Delta,2026-03-22,3,9.5,Summarization
AI_USR121,Org-Delta-Team1,Org-Delta,2026-03-25,9,10.0,Planning
AI_USR121,Org-Delta-Team1,Org-Delta,2026-03-26,5,10.0,Debugging
AI_USR121,Org-Delta-Team1,Org-Delta,2026-03-27,4,10.0,Code Generation
AI_USR121,Org-Delta-Team1,Org-Delta,2026-03-28,2,10.0,Planning
AI_USR121,Org-Delta-Team1,Org-Delta,2026-03-29,7,9.4,Code Generation
AI_USR121,Org-Delta-Team1,Org-Delta,2026-03-30,12,9.5,Debugging
AI_USR121,Org-Delta-Team1,Org-Delta,2026-03-31,15,10.0,Data Query
AI_USR122,Org-Beta-Team3,Org-Beta,2026-01-01,3,5.0,Planning
AI_USR122,Org-Beta-Team3,Org-Beta,2026-01-02,3,5.0,Debugging
AI_USR122,Org-Beta-Team3,Org-Beta,2026-01-04,9,6.0,Summarization
AI_USR122,Org-Beta-Team3,Org-Beta,2026-01-05,3,6.0,Planning
AI_USR122,Org-Beta-Team3,Org-Beta,2026-01-07,4,5.6,Planning
AI_USR122,Org-Beta-Team3,Org-Beta,2026-01-09,5,5.7,Documentation
AI_USR122,Org-Beta-Team3,Org-Beta,2026-01-10,11,6.8,Debugging
AI_USR122,Org-Beta-Team3,Org-Beta,2026-01-11,13,5.8,Data Query
AI_USR122,Org-Beta-Team3,Org-Beta,2026-01-12,14,6.5,Documentation
AI_USR122,Org-Beta-Team3,Org-Beta,2026-01-13,12,5.5,Code Generation
AI_USR122,Org-Beta-Team3,Org-Beta,2026-01-14,8,5.5,Documentation
AI_USR122,Org-Beta-Team3,Org-Beta,2026-01-17,3,7.2,Summarization
AI_USR122,Org-Beta-Team3,Org-Beta,2026-01-18,4,5.9,Data Query
AI_USR122,Org-Beta-Team3,Org-Beta,2026-01-19,1,6.9,Code Generation
AI_USR122,Org-Beta-Team3,Org-Beta,2026-01-23,4,7.2,Summarization
AI_USR122,Org-Beta-Team3,Org-Beta,2026-01-25,15,6.4,Documentation
AI_USR122,Org-Beta-Team3,Org-Beta,2026-01-28,8,5.7,Documentation
AI_USR122,Org-Beta-Team3,Org-Beta,2026-01-30,4,7.1,Planning
AI_USR122,Org-Beta-Team3,Org-Beta,2026-01-31,14,7.1,Documentation
AI_USR122,Org-Beta-Team3,Org-Beta,2026-02-02,1,6.2,Planning
AI_USR122,Org-Beta-Team3,Org-Beta,2026-02-03,14,7.8,Planning
AI_USR122,Org-Beta-Team3,Org-Beta,2026-02-04,12,6.0,Summarization
AI_USR122,Org-Beta-Team3,Org-Beta,2026-02-05,3,7.4,Summarization
AI_USR122,Org-Beta-Team3,Org-Beta,2026-02-06,4,7.2,Debugging
AI_USR122,Org-Beta-Team3,Org-Beta,2026-02-09,11,6.4,Planning
AI_USR122,Org-Beta-Team3,Org-Beta,2026-02-10,17,7.5,Debugging
AI_USR122,Org-Beta-Team3,Org-Beta,2026-02-11,20,7.5,Debugging
AI_USR122,Org-Beta-Team3,Org-Beta,2026-02-12,10,6.4,Code Generation
AI_USR122,Org-Beta-Team3,Org-Beta,2026-02-13,3,7.0,Debugging
AI_USR122,Org-Beta-Team3,Org-Beta,2026-02-14,5,6.8,Summarization
AI_USR122,Org-Beta-Team3,Org-Beta,2026-02-15,17,6.5,Summarization
AI_USR122,Org-Beta-Team3,Org-Beta,2026-02-17,5,6.8,Summarization
AI_USR122,Org-Beta-Team3,Org-Beta,2026-02-22,11,7.6,Documentation
AI_USR122,Org-Beta-Team3,Org-Beta,2026-02-24,13,7.6,Documentation
AI_USR122,Org-Beta-Team3,Org-Beta,2026-02-25,5,7.7,Summarization
AI_USR122,Org-Beta-Team3,Org-Beta,2026-02-27,13,6.6,Code Generation
AI_USR122,Org-Beta-Team3,Org-Beta,2026-02-28,1,8.2,Debugging
AI_USR122,Org-Beta-Team3,Org-Beta,2026-03-02,18,8.5,Code Generation
AI_USR122,Org-Beta-Team3,Org-Beta,2026-03-04,5,8.7,Summarization
AI_USR122,Org-Beta-Team3,Org-Beta,2026-03-05,15,7.0,Debugging
AI_USR122,Org-Beta-Team3,Org-Beta,2026-03-07,18,7.4,Documentation
AI_USR122,Org-Beta-Team3,Org-Beta,2026-03-09,9,7.4,Summarization
AI_USR122,Org-Beta-Team3,Org-Beta,2026-03-10,16,8.2,Data Query
AI_USR122,Org-Beta-Team3,Org-Beta,2026-03-13,3,7.4,Documentation
AI_USR122,Org-Beta-Team3,Org-Beta,2026-03-15,18,7.6,Debugging
AI_USR122,Org-Beta-Team3,Org-Beta,2026-03-16,16,7.8,Documentation
AI_USR122,Org-Beta-Team3,Org-Beta,2026-03-17,16,8.6,Summarization
AI_USR122,Org-Beta-Team3,Org-Beta,2026-03-20,12,8.1,Debugging
AI_USR122,Org-Beta-Team3,Org-Beta,2026-03-22,13,8.8,Data Query
AI_USR122,Org-Beta-Team3,Org-Beta,2026-03-23,12,9.2,Data Query
AI_USR122,Org-Beta-Team3,Org-Beta,2026-03-25,2,8.6,Debugging
AI_USR122,Org-Beta-Team3,Org-Beta,2026-03-26,10,8.7,Summarization
AI_USR122,Org-Beta-Team3,Org-Beta,2026-03-27,5,8.3,Planning
AI_USR122,Org-Beta-Team3,Org-Beta,2026-03-29,10,8.5,Documentation
AI_USR123,Org-Delta-Team4,Org-Delta,2026-01-01,2,7.0,Summarization
AI_USR123,Org-Delta-Team4,Org-Delta,2026-01-02,13,8.3,Planning
AI_USR123,Org-Delta-Team4,Org-Delta,2026-01-05,20,8.9,Planning
AI_USR123,Org-Delta-Team4,Org-Delta,2026-01-06,15,8.3,Debugging
AI_USR123,Org-Delta-Team4,Org-Delta,2026-01-07,15,8.4,Documentation
AI_USR123,Org-Delta-Team4,Org-Delta,2026-01-09,15,7.7,Code Generation
AI_USR123,Org-Delta-Team4,Org-Delta,2026-01-10,6,8.8,Summarization
AI_USR123,Org-Delta-Team4,Org-Delta,2026-01-11,20,7.8,Documentation
AI_USR123,Org-Delta-Team4,Org-Delta,2026-01-12,10,7.4,Code Generation
AI_USR123,Org-Delta-Team4,Org-Delta,2026-01-15,3,8.9,Debugging
AI_USR123,Org-Delta-Team4,Org-Delta,2026-01-16,16,8.1,Code Generation
AI_USR123,Org-Delta-Team4,Org-Delta,2026-01-17,15,8.9,Code Generation
AI_USR123,Org-Delta-Team4,Org-Delta,2026-01-18,17,8.3,Debugging
AI_USR123,Org-Delta-Team4,Org-Delta,2026-01-19,10,7.9,Debugging
AI_USR123,Org-Delta-Team4,Org-Delta,2026-01-20,8,9.0,Summarization
AI_USR123,Org-Delta-Team4,Org-Delta,2026-01-22,13,7.4,Summarization
AI_USR123,Org-Delta-Team4,Org-Delta,2026-01-23,17,8.7,Data Query
AI_USR123,Org-Delta-Team4,Org-Delta,2026-01-24,15,8.6,Summarization
AI_USR123,Org-Delta-Team4,Org-Delta,2026-01-28,2,7.5,Code Generation
AI_USR123,Org-Delta-Team4,Org-Delta,2026-01-29,12,7.9,Debugging
AI_USR123,Org-Delta-Team4,Org-Delta,2026-02-02,16,8.3,Code Generation
AI_USR123,Org-Delta-Team4,Org-Delta,2026-02-04,13,9.3,Documentation
AI_USR123,Org-Delta-Team4,Org-Delta,2026-02-05,8,9.2,Data Query
AI_USR123,Org-Delta-Team4,Org-Delta,2026-02-07,17,8.3,Debugging
AI_USR123,Org-Delta-Team4,Org-Delta,2026-02-08,19,7.9,Debugging
AI_USR123,Org-Delta-Team4,Org-Delta,2026-02-10,15,9.1,Data Query
AI_USR123,Org-Delta-Team4,Org-Delta,2026-02-11,5,8.1,Debugging
AI_USR123,Org-Delta-Team4,Org-Delta,2026-02-12,4,8.6,Code Generation
AI_USR123,Org-Delta-Team4,Org-Delta,2026-02-13,15,9.5,Documentation
AI_USR123,Org-Delta-Team4,Org-Delta,2026-02-15,19,9.0,Data Query
AI_USR123,Org-Delta-Team4,Org-Delta,2026-02-16,11,9.5,Code Generation
AI_USR123,Org-Delta-Team4,Org-Delta,2026-02-19,17,9.0,Debugging
AI_USR123,Org-Delta-Team4,Org-Delta,2026-02-20,9,8.4,Planning
AI_USR123,Org-Delta-Team4,Org-Delta,2026-02-21,4,9.8,Code Generation
AI_USR123,Org-Delta-Team4,Org-Delta,2026-02-22,2,9.2,Planning
AI_USR123,Org-Delta-Team4,Org-Delta,2026-02-23,8,8.1,Summarization
AI_USR123,Org-Delta-Team4,Org-Delta,2026-02-24,19,9.4,Debugging
AI_USR123,Org-Delta-Team4,Org-Delta,2026-02-25,14,9.5,Data Query
AI_USR123,Org-Delta-Team4,Org-Delta,2026-02-26,16,8.1,Documentation
AI_USR123,Org-Delta-Team4,Org-Delta,2026-02-28,18,10.0,Debugging
AI_USR123,Org-Delta-Team4,Org-Delta,2026-03-01,10,9.1,Debugging
AI_USR123,Org-Delta-Team4,Org-Delta,2026-03-02,15,9.7,Data Query
AI_USR123,Org-Delta-Team4,Org-Delta,2026-03-03,2,8.5,Summarization
AI_USR123,Org-Delta-Team4,Org-Delta,2026-03-04,20,8.6,Summarization
AI_USR123,Org-Delta-Team4,Org-Delta,2026-03-05,12,10.0,Debugging
AI_USR123,Org-Delta-Team4,Org-Delta,2026-03-06,2,8.5,Code Generation
AI_USR123,Org-Delta-Team4,Org-Delta,2026-03-07,15,10.0,Data Query
AI_USR123,Org-Delta-Team4,Org-Delta,2026-03-09,3,8.5,Debugging
AI_USR123,Org-Delta-Team4,Org-Delta,2026-03-11,3,8.3,Summarization
AI_USR123,Org-Delta-Team4,Org-Delta,2026-03-12,15,10.0,Code Generation
AI_USR123,Org-Delta-Team4,Org-Delta,2026-03-13,9,9.0,Planning
AI_USR123,Org-Delta-Team4,Org-Delta,2026-03-16,16,8.8,Summarization
AI_USR123,Org-Delta-Team4,Org-Delta,2026-03-18,10,9.2,Debugging
AI_USR123,Org-Delta-Team4,Org-Delta,2026-03-19,8,9.1,Debugging
AI_USR123,Org-Delta-Team4,Org-Delta,2026-03-20,11,9.9,Planning
AI_USR123,Org-Delta-Team4,Org-Delta,2026-03-21,7,9.6,Summarization
AI_USR123,Org-Delta-Team4,Org-Delta,2026-03-22,2,9.2,Debugging
AI_USR123,Org-Delta-Team4,Org-Delta,2026-03-24,16,9.3,Debugging
AI_USR123,Org-Delta-Team4,Org-Delta,2026-03-25,13,8.6,Summarization
AI_USR123,Org-Delta-Team4,Org-Delta,2026-03-26,8,9.6,Code Generation
AI_USR123,Org-Delta-Team4,Org-Delta,2026-03-28,14,10.0,Data Query
AI_USR123,Org-Delta-Team4,Org-Delta,2026-03-29,9,9.9,Summarization
AI_USR123,Org-Delta-Team4,Org-Delta,2026-03-31,4,9.2,Data Query
AI_USR124,Org-Gamma-Team2,Org-Gamma,2026-01-02,6,5.7,Documentation
AI_USR124,Org-Gamma-Team2,Org-Gamma,2026-01-03,17,6.3,Code Generation
AI_USR124,Org-Gamma-Team2,Org-Gamma,2026-01-04,16,6.4,Debugging
AI_USR124,Org-Gamma-Team2,Org-Gamma,2026-01-05,11,5.7,Planning
AI_USR124,Org-Gamma-Team2,Org-Gamma,2026-01-06,19,6.1,Summarization
AI_USR124,Org-Gamma-Team2,Org-Gamma,2026-01-07,11,6.5,Debugging
AI_USR124,Org-Gamma-Team2,Org-Gamma,2026-01-08,17,6.2,Documentation
AI_USR124,Org-Gamma-Team2,Org-Gamma,2026-01-09,11,5.6,Summarization
AI_USR124,Org-Gamma-Team2,Org-Gamma,2026-01-11,2,5.5,Documentation
AI_USR124,Org-Gamma-Team2,Org-Gamma,2026-01-12,5,6.3,Debugging
AI_USR124,Org-Gamma-Team2,Org-Gamma,2026-01-13,13,5.5,Data Query
AI_USR124,Org-Gamma-Team2,Org-Gamma,2026-01-14,6,6.0,Debugging
AI_USR124,Org-Gamma-Team2,Org-Gamma,2026-01-15,6,5.6,Documentation
AI_USR124,Org-Gamma-Team2,Org-Gamma,2026-01-16,19,6.2,Debugging
AI_USR124,Org-Gamma-Team2,Org-Gamma,2026-01-17,4,6.8,Planning
AI_USR124,Org-Gamma-Team2,Org-Gamma,2026-01-20,8,6.7,Code Generation
AI_USR124,Org-Gamma-Team2,Org-Gamma,2026-01-21,16,4.9,Summarization
AI_USR124,Org-Gamma-Team2,Org-Gamma,2026-01-25,16,5.7,Planning
AI_USR124,Org-Gamma-Team2,Org-Gamma,2026-01-26,6,6.0,Data Query
AI_USR124,Org-Gamma-Team2,Org-Gamma,2026-01-27,7,6.4,Planning
AI_USR124,Org-Gamma-Team2,Org-Gamma,2026-01-29,14,5.3,Planning
AI_USR124,Org-Gamma-Team2,Org-Gamma,2026-01-31,3,6.1,Summarization
AI_USR124,Org-Gamma-Team2,Org-Gamma,2026-02-05,10,5.8,Code Generation
AI_USR124,Org-Gamma-Team2,Org-Gamma,2026-02-06,17,5.4,Data Query
AI_USR124,Org-Gamma-Team2,Org-Gamma,2026-02-09,3,5.5,Summarization
AI_USR124,Org-Gamma-Team2,Org-Gamma,2026-02-11,11,5.3,Summarization
AI_USR124,Org-Gamma-Team2,Org-Gamma,2026-02-13,15,6.3,Data Query
AI_USR124,Org-Gamma-Team2,Org-Gamma,2026-02-15,3,6.5,Documentation
AI_USR124,Org-Gamma-Team2,Org-Gamma,2026-02-16,10,6.8,Debugging
AI_USR124,Org-Gamma-Team2,Org-Gamma,2026-02-17,16,5.3,Code Generation
AI_USR124,Org-Gamma-Team2,Org-Gamma,2026-02-18,12,6.9,Data Query
AI_USR124,Org-Gamma-Team2,Org-Gamma,2026-02-19,15,7.1,Summarization
AI_USR124,Org-Gamma-Team2,Org-Gamma,2026-02-20,1,5.5,Debugging
AI_USR124,Org-Gamma-Team2,Org-Gamma,2026-02-21,8,5.7,Planning
AI_USR124,Org-Gamma-Team2,Org-Gamma,2026-02-22,19,6.7,Planning
AI_USR124,Org-Gamma-Team2,Org-Gamma,2026-02-23,20,6.8,Code Generation
AI_USR124,Org-Gamma-Team2,Org-Gamma,2026-02-25,17,6.9,Data Query
AI_USR124,Org-Gamma-Team2,Org-Gamma,2026-02-26,12,6.8,Summarization
AI_USR124,Org-Gamma-Team2,Org-Gamma,2026-03-03,8,6.6,Code Generation
AI_USR124,Org-Gamma-Team2,Org-Gamma,2026-03-04,10,6.2,Debugging
AI_USR124,Org-Gamma-Team2,Org-Gamma,2026-03-05,4,6.0,Summarization
AI_USR124,Org-Gamma-Team2,Org-Gamma,2026-03-07,8,6.5,Data Query
AI_USR124,Org-Gamma-Team2,Org-Gamma,2026-03-08,18,6.5,Code Generation
AI_USR124,Org-Gamma-Team2,Org-Gamma,2026-03-09,16,5.7,Planning
AI_USR124,Org-Gamma-Team2,Org-Gamma,2026-03-10,15,6.3,Code Generation
AI_USR124,Org-Gamma-Team2,Org-Gamma,2026-03-11,11,7.2,Debugging
AI_USR124,Org-Gamma-Team2,Org-Gamma,2026-03-12,17,6.2,Planning
AI_USR124,Org-Gamma-Team2,Org-Gamma,2026-03-13,1,6.4,Debugging
AI_USR124,Org-Gamma-Team2,Org-Gamma,2026-03-15,20,6.1,Data Query
AI_USR124,Org-Gamma-Team2,Org-Gamma,2026-03-16,11,7.3,Data Query
AI_USR124,Org-Gamma-Team2,Org-Gamma,2026-03-17,19,6.7,Planning
AI_USR124,Org-Gamma-Team2,Org-Gamma,2026-03-18,1,7.3,Debugging
AI_USR124,Org-Gamma-Team2,Org-Gamma,2026-03-19,17,6.0,Summarization
AI_USR124,Org-Gamma-Team2,Org-Gamma,2026-03-20,6,7.0,Data Query
AI_USR124,Org-Gamma-Team2,Org-Gamma,2026-03-24,7,7.0,Data Query
AI_USR124,Org-Gamma-Team2,Org-Gamma,2026-03-25,7,6.8,Data Query
AI_USR124,Org-Gamma-Team2,Org-Gamma,2026-03-26,15,6.6,Summarization
AI_USR124,Org-Gamma-Team2,Org-Gamma,2026-03-29,8,6.4,Code Generation
AI_USR124,Org-Gamma-Team2,Org-Gamma,2026-03-30,16,6.3,Data Query
AI_USR125,Org-Delta-Team4,Org-Delta,2026-01-01,7,7.4,Debugging
AI_USR125,Org-Delta-Team4,Org-Delta,2026-01-02,17,7.7,Data Query
AI_USR125,Org-Delta-Team4,Org-Delta,2026-01-03,9,7.5,Debugging
AI_USR125,Org-Delta-Team4,Org-Delta,2026-01-04,20,6.8,Summarization
AI_USR125,Org-Delta-Team4,Org-Delta,2026-01-05,13,6.6,Code Generation
AI_USR125,Org-Delta-Team4,Org-Delta,2026-01-07,13,6.9,Debugging
AI_USR125,Org-Delta-Team4,Org-Delta,2026-01-09,2,6.5,Summarization
AI_USR125,Org-Delta-Team4,Org-Delta,2026-01-10,15,7.5,Code Generation
AI_USR125,Org-Delta-Team4,Org-Delta,2026-01-14,18,6.2,Debugging
AI_USR125,Org-Delta-Team4,Org-Delta,2026-01-15,9,7.3,Data Query
AI_USR125,Org-Delta-Team4,Org-Delta,2026-01-16,10,7.9,Data Query
AI_USR125,Org-Delta-Team4,Org-Delta,2026-01-18,20,8.1,Code Generation
AI_USR125,Org-Delta-Team4,Org-Delta,2026-01-20,12,7.1,Planning
AI_USR125,Org-Delta-Team4,Org-Delta,2026-01-21,15,8.2,Code Generation
AI_USR125,Org-Delta-Team4,Org-Delta,2026-01-22,14,7.5,Data Query
AI_USR125,Org-Delta-Team4,Org-Delta,2026-01-23,4,7.6,Summarization
AI_USR125,Org-Delta-Team4,Org-Delta,2026-01-24,5,7.4,Code Generation
AI_USR125,Org-Delta-Team4,Org-Delta,2026-01-25,8,8.5,Summarization
AI_USR125,Org-Delta-Team4,Org-Delta,2026-01-26,18,7.9,Data Query
AI_USR125,Org-Delta-Team4,Org-Delta,2026-01-27,13,7.9,Data Query
AI_USR125,Org-Delta-Team4,Org-Delta,2026-01-28,7,6.9,Code Generation
AI_USR125,Org-Delta-Team4,Org-Delta,2026-01-29,6,7.5,Debugging
AI_USR125,Org-Delta-Team4,Org-Delta,2026-01-30,12,7.1,Summarization
AI_USR125,Org-Delta-Team4,Org-Delta,2026-01-31,7,8.2,Documentation
AI_USR125,Org-Delta-Team4,Org-Delta,2026-02-01,20,7.8,Planning
AI_USR125,Org-Delta-Team4,Org-Delta,2026-02-04,13,7.9,Summarization
AI_USR125,Org-Delta-Team4,Org-Delta,2026-02-08,18,8.6,Documentation
AI_USR125,Org-Delta-Team4,Org-Delta,2026-02-10,9,8.8,Summarization
AI_USR125,Org-Delta-Team4,Org-Delta,2026-02-12,7,8.2,Summarization
AI_USR125,Org-Delta-Team4,Org-Delta,2026-02-13,7,8.9,Code Generation
AI_USR125,Org-Delta-Team4,Org-Delta,2026-02-17,9,8.2,Data Query
AI_USR125,Org-Delta-Team4,Org-Delta,2026-02-18,12,8.6,Documentation
AI_USR125,Org-Delta-Team4,Org-Delta,2026-02-20,9,8.9,Summarization
AI_USR125,Org-Delta-Team4,Org-Delta,2026-02-21,4,8.6,Summarization
AI_USR125,Org-Delta-Team4,Org-Delta,2026-02-22,10,9.2,Summarization
AI_USR125,Org-Delta-Team4,Org-Delta,2026-02-25,1,7.9,Code Generation
AI_USR125,Org-Delta-Team4,Org-Delta,2026-02-26,3,8.7,Documentation
AI_USR125,Org-Delta-Team4,Org-Delta,2026-02-27,5,8.8,Summarization
AI_USR125,Org-Delta-Team4,Org-Delta,2026-03-02,17,7.9,Code Generation
AI_USR125,Org-Delta-Team4,Org-Delta,2026-03-04,1,9.6,Documentation
AI_USR125,Org-Delta-Team4,Org-Delta,2026-03-07,16,8.9,Data Query
AI_USR125,Org-Delta-Team4,Org-Delta,2026-03-08,17,9.6,Code Generation
AI_USR125,Org-Delta-Team4,Org-Delta,2026-03-09,2,9.2,Debugging
AI_USR125,Org-Delta-Team4,Org-Delta,2026-03-10,17,8.6,Planning
AI_USR125,Org-Delta-Team4,Org-Delta,2026-03-12,1,8.5,Documentation
AI_USR125,Org-Delta-Team4,Org-Delta,2026-03-14,18,9.8,Data Query
AI_USR125,Org-Delta-Team4,Org-Delta,2026-03-15,6,9.6,Planning
AI_USR125,Org-Delta-Team4,Org-Delta,2026-03-16,8,8.4,Code Generation
AI_USR125,Org-Delta-Team4,Org-Delta,2026-03-18,8,9.1,Debugging
AI_USR125,Org-Delta-Team4,Org-Delta,2026-03-19,8,8.4,Debugging
AI_USR125,Org-Delta-Team4,Org-Delta,2026-03-20,3,10.0,Data Query
AI_USR125,Org-Delta-Team4,Org-Delta,2026-03-21,8,9.8,Planning
AI_USR125,Org-Delta-Team4,Org-Delta,2026-03-22,3,9.5,Documentation
AI_USR125,Org-Delta-Team4,Org-Delta,2026-03-23,4,10.0,Documentation
AI_USR125,Org-Delta-Team4,Org-Delta,2026-03-24,5,9.7,Data Query
AI_USR125,Org-Delta-Team4,Org-Delta,2026-03-25,19,9.2,Documentation
AI_USR125,Org-Delta-Team4,Org-Delta,2026-03-26,9,9.5,Debugging
AI_USR125,Org-Delta-Team4,Org-Delta,2026-03-28,8,10.0,Code Generation
AI_USR125,Org-Delta-Team4,Org-Delta,2026-03-29,5,9.8,Documentation
AI_USR125,Org-Delta-Team4,Org-Delta,2026-03-30,18,10.0,Documentation
AI_USR126,Org-Alpha-Team2,Org-Alpha,2026-01-02,7,6.9,Debugging
AI_USR126,Org-Alpha-Team2,Org-Alpha,2026-01-04,7,5.9,Code Generation
AI_USR126,Org-Alpha-Team2,Org-Alpha,2026-01-05,3,6.6,Debugging
AI_USR126,Org-Alpha-Team2,Org-Alpha,2026-01-06,3,6.9,Documentation
AI_USR126,Org-Alpha-Team2,Org-Alpha,2026-01-07,3,5.8,Data Query
AI_USR126,Org-Alpha-Team2,Org-Alpha,2026-01-08,18,6.6,Code Generation
AI_USR126,Org-Alpha-Team2,Org-Alpha,2026-01-10,9,5.4,Planning
AI_USR126,Org-Alpha-Team2,Org-Alpha,2026-01-12,13,5.7,Debugging
AI_USR126,Org-Alpha-Team2,Org-Alpha,2026-01-13,20,6.0,Code Generation
AI_USR126,Org-Alpha-Team2,Org-Alpha,2026-01-15,17,5.9,Debugging
AI_USR126,Org-Alpha-Team2,Org-Alpha,2026-01-16,7,5.3,Documentation
AI_USR126,Org-Alpha-Team2,Org-Alpha,2026-01-17,20,6.7,Debugging
AI_USR126,Org-Alpha-Team2,Org-Alpha,2026-01-18,9,5.7,Planning
AI_USR126,Org-Alpha-Team2,Org-Alpha,2026-01-20,4,7.2,Code Generation
AI_USR126,Org-Alpha-Team2,Org-Alpha,2026-01-21,3,6.9,Code Generation
AI_USR126,Org-Alpha-Team2,Org-Alpha,2026-01-22,13,6.0,Documentation
AI_USR126,Org-Alpha-Team2,Org-Alpha,2026-01-23,16,5.9,Data Query
AI_USR126,Org-Alpha-Team2,Org-Alpha,2026-01-26,10,6.3,Debugging
AI_USR126,Org-Alpha-Team2,Org-Alpha,2026-01-27,8,6.1,Debugging
AI_USR126,Org-Alpha-Team2,Org-Alpha,2026-01-29,12,6.9,Documentation
AI_USR126,Org-Alpha-Team2,Org-Alpha,2026-01-30,15,7.3,Documentation
AI_USR126,Org-Alpha-Team2,Org-Alpha,2026-01-31,14,5.9,Planning
AI_USR126,Org-Alpha-Team2,Org-Alpha,2026-02-02,7,6.0,Planning
AI_USR126,Org-Alpha-Team2,Org-Alpha,2026-02-03,7,5.9,Planning
AI_USR126,Org-Alpha-Team2,Org-Alpha,2026-02-04,1,6.5,Data Query
AI_USR126,Org-Alpha-Team2,Org-Alpha,2026-02-05,1,6.5,Planning
AI_USR126,Org-Alpha-Team2,Org-Alpha,2026-02-06,14,6.7,Code Generation
AI_USR126,Org-Alpha-Team2,Org-Alpha,2026-02-09,6,6.4,Debugging
AI_USR126,Org-Alpha-Team2,Org-Alpha,2026-02-10,3,5.9,Code Generation
AI_USR126,Org-Alpha-Team2,Org-Alpha,2026-02-11,13,7.3,Documentation
AI_USR126,Org-Alpha-Team2,Org-Alpha,2026-02-12,16,6.1,Code Generation
AI_USR126,Org-Alpha-Team2,Org-Alpha,2026-02-13,20,7.4,Documentation
AI_USR126,Org-Alpha-Team2,Org-Alpha,2026-02-14,3,6.6,Documentation
AI_USR126,Org-Alpha-Team2,Org-Alpha,2026-02-15,9,6.3,Documentation
AI_USR126,Org-Alpha-Team2,Org-Alpha,2026-02-16,20,7.1,Planning
AI_USR126,Org-Alpha-Team2,Org-Alpha,2026-02-17,11,7.7,Code Generation
AI_USR126,Org-Alpha-Team2,Org-Alpha,2026-02-19,18,6.9,Code Generation
AI_USR126,Org-Alpha-Team2,Org-Alpha,2026-02-21,2,7.1,Debugging
AI_USR126,Org-Alpha-Team2,Org-Alpha,2026-02-22,20,7.8,Data Query
AI_USR126,Org-Alpha-Team2,Org-Alpha,2026-02-23,7,6.2,Data Query
AI_USR126,Org-Alpha-Team2,Org-Alpha,2026-02-24,10,7.5,Planning
AI_USR126,Org-Alpha-Team2,Org-Alpha,2026-02-25,11,7.5,Documentation
AI_USR126,Org-Alpha-Team2,Org-Alpha,2026-02-26,8,6.3,Code Generation
AI_USR126,Org-Alpha-Team2,Org-Alpha,2026-02-27,13,6.5,Summarization
AI_USR126,Org-Alpha-Team2,Org-Alpha,2026-02-28,14,7.1,Data Query
AI_USR126,Org-Alpha-Team2,Org-Alpha,2026-03-02,17,8.0,Planning
AI_USR126,Org-Alpha-Team2,Org-Alpha,2026-03-04,1,8.0,Summarization
AI_USR126,Org-Alpha-Team2,Org-Alpha,2026-03-05,12,7.9,Planning
AI_USR126,Org-Alpha-Team2,Org-Alpha,2026-03-06,8,7.0,Summarization
AI_USR126,Org-Alpha-Team2,Org-Alpha,2026-03-07,13,6.2,Data Query
AI_USR126,Org-Alpha-Team2,Org-Alpha,2026-03-09,16,6.7,Planning
AI_USR126,Org-Alpha-Team2,Org-Alpha,2026-03-10,16,6.7,Summarization
AI_USR126,Org-Alpha-Team2,Org-Alpha,2026-03-12,18,7.3,Debugging
AI_USR126,Org-Alpha-Team2,Org-Alpha,2026-03-14,18,6.7,Documentation
AI_USR126,Org-Alpha-Team2,Org-Alpha,2026-03-15,10,6.6,Debugging
AI_USR126,Org-Alpha-Team2,Org-Alpha,2026-03-16,12,7.7,Documentation
AI_USR126,Org-Alpha-Team2,Org-Alpha,2026-03-17,18,8.2,Documentation
AI_USR126,Org-Alpha-Team2,Org-Alpha,2026-03-18,16,7.2,Code Generation
AI_USR126,Org-Alpha-Team2,Org-Alpha,2026-03-19,6,7.4,Summarization
AI_USR126,Org-Alpha-Team2,Org-Alpha,2026-03-20,14,7.5,Summarization
AI_USR126,Org-Alpha-Team2,Org-Alpha,2026-03-21,20,7.1,Documentation
AI_USR126,Org-Alpha-Team2,Org-Alpha,2026-03-22,13,7.9,Data Query
AI_USR126,Org-Alpha-Team2,Org-Alpha,2026-03-24,11,8.3,Debugging
AI_USR126,Org-Alpha-Team2,Org-Alpha,2026-03-25,19,7.5,Data Query
AI_USR126,Org-Alpha-Team2,Org-Alpha,2026-03-26,4,7.8,Documentation
AI_USR126,Org-Alpha-Team2,Org-Alpha,2026-03-27,14,6.7,Code Generation
AI_USR126,Org-Alpha-Team2,Org-Alpha,2026-03-28,18,6.6,Planning
AI_USR126,Org-Alpha-Team2,Org-Alpha,2026-03-29,2,6.9,Documentation
AI_USR126,Org-Alpha-Team2,Org-Alpha,2026-03-30,13,7.0,Planning
AI_USR126,Org-Alpha-Team2,Org-Alpha,2026-03-31,7,7.9,Data Query
AI_USR127,Org-Beta-Team4,Org-Beta,2026-01-02,1,2.8,Planning
AI_USR127,Org-Beta-Team4,Org-Beta,2026-01-03,14,4.3,Summarization
AI_USR127,Org-Beta-Team4,Org-Beta,2026-01-06,6,4.6,Summarization
AI_USR127,Org-Beta-Team4,Org-Beta,2026-01-07,15,4.5,Data Query
AI_USR127,Org-Beta-Team4,Org-Beta,2026-01-08,19,2.9,Planning
AI_USR127,Org-Beta-Team4,Org-Beta,2026-01-09,7,4.6,Debugging
AI_USR127,Org-Beta-Team4,Org-Beta,2026-01-10,4,3.4,Documentation
AI_USR127,Org-Beta-Team4,Org-Beta,2026-01-11,3,3.6,Data Query
AI_USR127,Org-Beta-Team4,Org-Beta,2026-01-13,11,3.1,Summarization
AI_USR127,Org-Beta-Team4,Org-Beta,2026-01-15,16,3.9,Code Generation
AI_USR127,Org-Beta-Team4,Org-Beta,2026-01-16,17,3.0,Documentation
AI_USR127,Org-Beta-Team4,Org-Beta,2026-01-17,4,4.4,Code Generation
AI_USR127,Org-Beta-Team4,Org-Beta,2026-01-18,1,4.7,Data Query
AI_USR127,Org-Beta-Team4,Org-Beta,2026-01-19,18,3.2,Documentation
AI_USR127,Org-Beta-Team4,Org-Beta,2026-01-20,7,3.7,Planning
AI_USR127,Org-Beta-Team4,Org-Beta,2026-01-22,19,3.3,Planning
AI_USR127,Org-Beta-Team4,Org-Beta,2026-01-23,17,4.5,Summarization
AI_USR127,Org-Beta-Team4,Org-Beta,2026-01-24,9,4.0,Documentation
AI_USR127,Org-Beta-Team4,Org-Beta,2026-01-26,13,4.6,Documentation
AI_USR127,Org-Beta-Team4,Org-Beta,2026-01-27,5,4.7,Debugging
AI_USR127,Org-Beta-Team4,Org-Beta,2026-01-30,10,4.7,Summarization
AI_USR127,Org-Beta-Team4,Org-Beta,2026-02-01,12,3.5,Data Query
AI_USR127,Org-Beta-Team4,Org-Beta,2026-02-02,7,3.5,Documentation
AI_USR127,Org-Beta-Team4,Org-Beta,2026-02-03,12,4.8,Planning
AI_USR127,Org-Beta-Team4,Org-Beta,2026-02-04,7,4.8,Planning
AI_USR127,Org-Beta-Team4,Org-Beta,2026-02-05,16,4.7,Debugging
AI_USR127,Org-Beta-Team4,Org-Beta,2026-02-06,13,3.2,Summarization
AI_USR127,Org-Beta-Team4,Org-Beta,2026-02-07,20,3.7,Code Generation
AI_USR127,Org-Beta-Team4,Org-Beta,2026-02-08,8,3.6,Debugging
AI_USR127,Org-Beta-Team4,Org-Beta,2026-02-09,13,3.8,Planning
AI_USR127,Org-Beta-Team4,Org-Beta,2026-02-10,8,3.6,Summarization
AI_USR127,Org-Beta-Team4,Org-Beta,2026-02-16,15,4.9,Summarization
AI_USR127,Org-Beta-Team4,Org-Beta,2026-02-17,9,4.2,Debugging
AI_USR127,Org-Beta-Team4,Org-Beta,2026-02-18,18,4.0,Data Query
AI_USR127,Org-Beta-Team4,Org-Beta,2026-02-19,12,3.4,Planning
AI_USR127,Org-Beta-Team4,Org-Beta,2026-02-20,8,5.0,Planning
AI_USR127,Org-Beta-Team4,Org-Beta,2026-02-23,16,4.9,Data Query
AI_USR127,Org-Beta-Team4,Org-Beta,2026-02-25,3,4.3,Documentation
AI_USR127,Org-Beta-Team4,Org-Beta,2026-02-26,19,4.6,Debugging
AI_USR127,Org-Beta-Team4,Org-Beta,2026-02-28,14,4.0,Debugging
AI_USR127,Org-Beta-Team4,Org-Beta,2026-03-01,16,4.6,Data Query
AI_USR127,Org-Beta-Team4,Org-Beta,2026-03-02,9,4.8,Debugging
AI_USR127,Org-Beta-Team4,Org-Beta,2026-03-03,1,3.1,Summarization
AI_USR127,Org-Beta-Team4,Org-Beta,2026-03-04,6,4.0,Code Generation
AI_USR127,Org-Beta-Team4,Org-Beta,2026-03-08,1,4.3,Summarization
AI_USR127,Org-Beta-Team4,Org-Beta,2026-03-09,6,3.1,Summarization
AI_USR127,Org-Beta-Team4,Org-Beta,2026-03-10,7,3.2,Documentation
AI_USR127,Org-Beta-Team4,Org-Beta,2026-03-11,8,3.6,Documentation
AI_USR127,Org-Beta-Team4,Org-Beta,2026-03-12,13,4.2,Documentation
AI_USR127,Org-Beta-Team4,Org-Beta,2026-03-14,5,4.5,Code Generation
AI_USR127,Org-Beta-Team4,Org-Beta,2026-03-16,11,4.1,Data Query
AI_USR127,Org-Beta-Team4,Org-Beta,2026-03-17,1,3.5,Planning
AI_USR127,Org-Beta-Team4,Org-Beta,2026-03-19,2,4.4,Summarization
AI_USR127,Org-Beta-Team4,Org-Beta,2026-03-24,11,3.8,Documentation
AI_USR127,Org-Beta-Team4,Org-Beta,2026-03-28,16,4.0,Planning
AI_USR127,Org-Beta-Team4,Org-Beta,2026-03-29,19,3.3,Documentation
AI_USR127,Org-Beta-Team4,Org-Beta,2026-03-31,19,3.9,Data Query
AI_USR128,Org-Alpha-Team1,Org-Alpha,2026-01-01,7,5.7,Data Query
AI_USR128,Org-Alpha-Team1,Org-Alpha,2026-01-03,15,4.9,Debugging
AI_USR128,Org-Alpha-Team1,Org-Alpha,2026-01-04,8,3.9,Code Generation
AI_USR128,Org-Alpha-Team1,Org-Alpha,2026-01-07,11,4.7,Debugging
AI_USR128,Org-Alpha-Team1,Org-Alpha,2026-01-08,18,5.1,Data Query
AI_USR128,Org-Alpha-Team1,Org-Alpha,2026-01-10,18,5.2,Code Generation
AI_USR128,Org-Alpha-Team1,Org-Alpha,2026-01-11,5,5.9,Summarization
AI_USR128,Org-Alpha-Team1,Org-Alpha,2026-01-12,11,5.8,Documentation
AI_USR128,Org-Alpha-Team1,Org-Alpha,2026-01-13,7,5.0,Data Query
AI_USR128,Org-Alpha-Team1,Org-Alpha,2026-01-14,12,5.4,Data Query
AI_USR128,Org-Alpha-Team1,Org-Alpha,2026-01-15,7,5.7,Code Generation
AI_USR128,Org-Alpha-Team1,Org-Alpha,2026-01-17,10,4.2,Data Query
AI_USR128,Org-Alpha-Team1,Org-Alpha,2026-01-18,2,4.5,Documentation
AI_USR128,Org-Alpha-Team1,Org-Alpha,2026-01-19,18,4.8,Planning
AI_USR128,Org-Alpha-Team1,Org-Alpha,2026-01-21,2,5.7,Code Generation
AI_USR128,Org-Alpha-Team1,Org-Alpha,2026-01-22,13,4.6,Debugging
AI_USR128,Org-Alpha-Team1,Org-Alpha,2026-01-23,19,6.0,Documentation
AI_USR128,Org-Alpha-Team1,Org-Alpha,2026-01-24,20,5.9,Planning
AI_USR128,Org-Alpha-Team1,Org-Alpha,2026-01-25,14,5.4,Documentation
AI_USR128,Org-Alpha-Team1,Org-Alpha,2026-01-26,4,4.5,Planning
AI_USR128,Org-Alpha-Team1,Org-Alpha,2026-01-27,12,4.9,Data Query
AI_USR128,Org-Alpha-Team1,Org-Alpha,2026-01-28,20,5.7,Debugging
AI_USR128,Org-Alpha-Team1,Org-Alpha,2026-01-29,12,4.7,Planning
AI_USR128,Org-Alpha-Team1,Org-Alpha,2026-01-31,4,5.4,Code Generation
AI_USR128,Org-Alpha-Team1,Org-Alpha,2026-02-01,3,6.2,Planning
AI_USR128,Org-Alpha-Team1,Org-Alpha,2026-02-02,17,6.0,Code Generation
AI_USR128,Org-Alpha-Team1,Org-Alpha,2026-02-03,17,5.5,Planning
AI_USR128,Org-Alpha-Team1,Org-Alpha,2026-02-04,13,6.1,Code Generation
AI_USR128,Org-Alpha-Team1,Org-Alpha,2026-02-05,3,5.2,Debugging
AI_USR128,Org-Alpha-Team1,Org-Alpha,2026-02-06,19,5.1,Data Query
AI_USR128,Org-Alpha-Team1,Org-Alpha,2026-02-07,3,4.8,Data Query
AI_USR128,Org-Alpha-Team1,Org-Alpha,2026-02-08,20,5.1,Planning
AI_USR128,Org-Alpha-Team1,Org-Alpha,2026-02-10,3,4.4,Documentation
AI_USR128,Org-Alpha-Team1,Org-Alpha,2026-02-12,12,5.7,Debugging
AI_USR128,Org-Alpha-Team1,Org-Alpha,2026-02-13,11,5.3,Planning
AI_USR128,Org-Alpha-Team1,Org-Alpha,2026-02-14,1,6.1,Data Query
AI_USR128,Org-Alpha-Team1,Org-Alpha,2026-02-15,13,5.0,Planning
AI_USR128,Org-Alpha-Team1,Org-Alpha,2026-02-16,8,6.1,Summarization
AI_USR128,Org-Alpha-Team1,Org-Alpha,2026-02-17,9,4.9,Summarization
AI_USR128,Org-Alpha-Team1,Org-Alpha,2026-02-18,18,5.5,Documentation
AI_USR128,Org-Alpha-Team1,Org-Alpha,2026-02-19,20,4.5,Planning
AI_USR128,Org-Alpha-Team1,Org-Alpha,2026-02-20,7,5.8,Debugging
AI_USR128,Org-Alpha-Team1,Org-Alpha,2026-02-24,6,4.7,Planning
AI_USR128,Org-Alpha-Team1,Org-Alpha,2026-02-25,20,4.8,Documentation
AI_USR128,Org-Alpha-Team1,Org-Alpha,2026-02-26,9,5.2,Code Generation
AI_USR128,Org-Alpha-Team1,Org-Alpha,2026-02-28,4,6.4,Code Generation
AI_USR128,Org-Alpha-Team1,Org-Alpha,2026-03-07,19,5.3,Debugging
AI_USR128,Org-Alpha-Team1,Org-Alpha,2026-03-08,9,5.3,Summarization
AI_USR128,Org-Alpha-Team1,Org-Alpha,2026-03-09,16,4.8,Summarization
AI_USR128,Org-Alpha-Team1,Org-Alpha,2026-03-10,1,5.6,Data Query
AI_USR128,Org-Alpha-Team1,Org-Alpha,2026-03-13,15,5.8,Data Query
AI_USR128,Org-Alpha-Team1,Org-Alpha,2026-03-14,16,4.8,Data Query
AI_USR128,Org-Alpha-Team1,Org-Alpha,2026-03-16,7,5.5,Planning
AI_USR128,Org-Alpha-Team1,Org-Alpha,2026-03-17,16,4.9,Planning
AI_USR128,Org-Alpha-Team1,Org-Alpha,2026-03-18,1,5.6,Code Generation
AI_USR128,Org-Alpha-Team1,Org-Alpha,2026-03-19,2,5.6,Code Generation
AI_USR128,Org-Alpha-Team1,Org-Alpha,2026-03-20,15,5.2,Code Generation
AI_USR128,Org-Alpha-Team1,Org-Alpha,2026-03-23,5,5.6,Debugging
AI_USR128,Org-Alpha-Team1,Org-Alpha,2026-03-24,18,6.3,Documentation
AI_USR128,Org-Alpha-Team1,Org-Alpha,2026-03-25,19,5.5,Summarization
AI_USR128,Org-Alpha-Team1,Org-Alpha,2026-03-26,17,4.8,Code Generation
AI_USR128,Org-Alpha-Team1,Org-Alpha,2026-03-27,5,6.2,Data Query
AI_USR128,Org-Alpha-Team1,Org-Alpha,2026-03-28,20,5.5,Planning
AI_USR128,Org-Alpha-Team1,Org-Alpha,2026-03-29,5,6.1,Planning
AI_USR128,Org-Alpha-Team1,Org-Alpha,2026-03-30,12,5.8,Code Generation
AI_USR128,Org-Alpha-Team1,Org-Alpha,2026-03-31,7,5.0,Documentation
AI_USR129,Org-Beta-Team3,Org-Beta,2026-01-02,20,3.2,Summarization
AI_USR129,Org-Beta-Team3,Org-Beta,2026-01-03,16,3.7,Code Generation
AI_USR129,Org-Beta-Team3,Org-Beta,2026-01-04,15,4.2,Planning
AI_USR129,Org-Beta-Team3,Org-Beta,2026-01-05,9,2.7,Planning
AI_USR129,Org-Beta-Team3,Org-Beta,2026-01-06,11,2.9,Summarization
AI_USR129,Org-Beta-Team3,Org-Beta,2026-01-07,15,2.6,Planning
AI_USR129,Org-Beta-Team3,Org-Beta,2026-01-09,7,3.3,Planning
AI_USR129,Org-Beta-Team3,Org-Beta,2026-01-12,4,3.1,Summarization
AI_USR129,Org-Beta-Team3,Org-Beta,2026-01-13,9,3.8,Data Query
AI_USR129,Org-Beta-Team3,Org-Beta,2026-01-14,2,3.1,Code Generation
AI_USR129,Org-Beta-Team3,Org-Beta,2026-01-15,12,4.1,Planning
AI_USR129,Org-Beta-Team3,Org-Beta,2026-01-17,18,4.3,Debugging
AI_USR129,Org-Beta-Team3,Org-Beta,2026-01-18,5,3.6,Data Query
AI_USR129,Org-Beta-Team3,Org-Beta,2026-01-21,7,3.6,Debugging
AI_USR129,Org-Beta-Team3,Org-Beta,2026-01-22,16,4.4,Planning
AI_USR129,Org-Beta-Team3,Org-Beta,2026-01-23,11,3.3,Summarization
AI_USR129,Org-Beta-Team3,Org-Beta,2026-01-25,19,3.7,Planning
AI_USR129,Org-Beta-Team3,Org-Beta,2026-01-27,10,4.2,Debugging
AI_USR129,Org-Beta-Team3,Org-Beta,2026-01-28,5,4.1,Documentation
AI_USR129,Org-Beta-Team3,Org-Beta,2026-01-29,18,4.3,Code Generation
AI_USR129,Org-Beta-Team3,Org-Beta,2026-01-31,14,4.9,Documentation
AI_USR129,Org-Beta-Team3,Org-Beta,2026-02-01,3,4.1,Debugging
AI_USR129,Org-Beta-Team3,Org-Beta,2026-02-03,16,4.5,Summarization
AI_USR129,Org-Beta-Team3,Org-Beta,2026-02-04,3,4.7,Code Generation
AI_USR129,Org-Beta-Team3,Org-Beta,2026-02-07,1,5.2,Documentation
AI_USR129,Org-Beta-Team3,Org-Beta,2026-02-08,15,3.7,Documentation
AI_USR129,Org-Beta-Team3,Org-Beta,2026-02-12,16,3.5,Code Generation
AI_USR129,Org-Beta-Team3,Org-Beta,2026-02-13,20,3.8,Summarization
AI_USR129,Org-Beta-Team3,Org-Beta,2026-02-14,12,5.2,Summarization
AI_USR129,Org-Beta-Team3,Org-Beta,2026-02-15,13,3.7,Summarization
AI_USR129,Org-Beta-Team3,Org-Beta,2026-02-16,14,4.3,Documentation
AI_USR129,Org-Beta-Team3,Org-Beta,2026-02-17,20,4.0,Planning
AI_USR129,Org-Beta-Team3,Org-Beta,2026-02-19,12,3.6,Documentation
AI_USR129,Org-Beta-Team3,Org-Beta,2026-02-20,17,4.3,Code Generation
AI_USR129,Org-Beta-Team3,Org-Beta,2026-02-22,13,5.4,Debugging
AI_USR129,Org-Beta-Team3,Org-Beta,2026-02-25,13,4.5,Documentation
AI_USR129,Org-Beta-Team3,Org-Beta,2026-02-26,19,4.3,Data Query
AI_USR129,Org-Beta-Team3,Org-Beta,2026-02-27,15,4.6,Documentation
AI_USR129,Org-Beta-Team3,Org-Beta,2026-02-28,11,4.6,Data Query
AI_USR129,Org-Beta-Team3,Org-Beta,2026-03-01,19,5.6,Planning
AI_USR129,Org-Beta-Team3,Org-Beta,2026-03-04,11,5.4,Summarization
AI_USR129,Org-Beta-Team3,Org-Beta,2026-03-05,2,5.5,Planning
AI_USR129,Org-Beta-Team3,Org-Beta,2026-03-07,11,5.0,Code Generation
AI_USR129,Org-Beta-Team3,Org-Beta,2026-03-08,18,5.2,Documentation
AI_USR129,Org-Beta-Team3,Org-Beta,2026-03-09,4,5.9,Code Generation
AI_USR129,Org-Beta-Team3,Org-Beta,2026-03-12,1,5.8,Documentation
AI_USR129,Org-Beta-Team3,Org-Beta,2026-03-13,3,5.4,Data Query
AI_USR129,Org-Beta-Team3,Org-Beta,2026-03-14,10,4.9,Documentation
AI_USR129,Org-Beta-Team3,Org-Beta,2026-03-15,12,5.3,Data Query
AI_USR129,Org-Beta-Team3,Org-Beta,2026-03-16,5,5.0,Documentation
AI_USR129,Org-Beta-Team3,Org-Beta,2026-03-17,15,6.1,Data Query
AI_USR129,Org-Beta-Team3,Org-Beta,2026-03-18,2,6.4,Planning
AI_USR129,Org-Beta-Team3,Org-Beta,2026-03-20,12,5.3,Documentation
AI_USR129,Org-Beta-Team3,Org-Beta,2026-03-22,12,6.4,Planning
AI_USR129,Org-Beta-Team3,Org-Beta,2026-03-25,11,5.9,Code Generation
AI_USR129,Org-Beta-Team3,Org-Beta,2026-03-30,3,6.3,Summarization
AI_USR129,Org-Beta-Team3,Org-Beta,2026-03-31,20,6.1,Planning
AI_USR130,Org-Delta-Team2,Org-Delta,2026-01-01,20,4.9,Documentation
AI_USR130,Org-Delta-Team2,Org-Delta,2026-01-02,5,5.9,Data Query
AI_USR130,Org-Delta-Team2,Org-Delta,2026-01-03,11,4.9,Planning
AI_USR130,Org-Delta-Team2,Org-Delta,2026-01-04,9,5.5,Planning
AI_USR130,Org-Delta-Team2,Org-Delta,2026-01-05,11,5.6,Summarization
AI_USR130,Org-Delta-Team2,Org-Delta,2026-01-07,16,6.0,Debugging
AI_USR130,Org-Delta-Team2,Org-Delta,2026-01-08,14,4.5,Summarization
AI_USR130,Org-Delta-Team2,Org-Delta,2026-01-09,6,5.7,Planning
AI_USR130,Org-Delta-Team2,Org-Delta,2026-01-11,4,4.2,Summarization
AI_USR130,Org-Delta-Team2,Org-Delta,2026-01-13,15,4.9,Documentation
AI_USR130,Org-Delta-Team2,Org-Delta,2026-01-14,8,5.9,Code Generation
AI_USR130,Org-Delta-Team2,Org-Delta,2026-01-15,4,4.6,Documentation
AI_USR130,Org-Delta-Team2,Org-Delta,2026-01-17,6,4.7,Documentation
AI_USR130,Org-Delta-Team2,Org-Delta,2026-01-18,3,5.6,Code Generation
AI_USR130,Org-Delta-Team2,Org-Delta,2026-01-19,14,4.9,Summarization
AI_USR130,Org-Delta-Team2,Org-Delta,2026-01-20,15,5.8,Debugging
AI_USR130,Org-Delta-Team2,Org-Delta,2026-01-22,2,5.2,Documentation
AI_USR130,Org-Delta-Team2,Org-Delta,2026-01-24,4,4.7,Data Query
AI_USR130,Org-Delta-Team2,Org-Delta,2026-01-25,8,5.9,Debugging
AI_USR130,Org-Delta-Team2,Org-Delta,2026-01-26,6,4.5,Documentation
AI_USR130,Org-Delta-Team2,Org-Delta,2026-01-27,13,4.8,Data Query
AI_USR130,Org-Delta-Team2,Org-Delta,2026-01-31,16,5.1,Planning
AI_USR130,Org-Delta-Team2,Org-Delta,2026-02-01,6,5.8,Planning
AI_USR130,Org-Delta-Team2,Org-Delta,2026-02-02,8,4.4,Documentation
AI_USR130,Org-Delta-Team2,Org-Delta,2026-02-03,3,6.3,Documentation
AI_USR130,Org-Delta-Team2,Org-Delta,2026-02-04,12,5.5,Data Query
AI_USR130,Org-Delta-Team2,Org-Delta,2026-02-05,5,5.1,Data Query
AI_USR130,Org-Delta-Team2,Org-Delta,2026-02-07,7,5.5,Debugging
AI_USR130,Org-Delta-Team2,Org-Delta,2026-02-08,14,5.4,Planning
AI_USR130,Org-Delta-Team2,Org-Delta,2026-02-09,11,5.3,Code Generation
AI_USR130,Org-Delta-Team2,Org-Delta,2026-02-10,15,4.8,Documentation
AI_USR130,Org-Delta-Team2,Org-Delta,2026-02-11,11,4.7,Summarization
AI_USR130,Org-Delta-Team2,Org-Delta,2026-02-14,6,5.2,Summarization
AI_USR130,Org-Delta-Team2,Org-Delta,2026-02-15,13,5.0,Summarization
AI_USR130,Org-Delta-Team2,Org-Delta,2026-02-18,2,4.5,Debugging
AI_USR130,Org-Delta-Team2,Org-Delta,2026-02-19,18,6.4,Debugging
AI_USR130,Org-Delta-Team2,Org-Delta,2026-02-20,5,4.4,Code Generation
AI_USR130,Org-Delta-Team2,Org-Delta,2026-02-21,7,6.1,Data Query
AI_USR130,Org-Delta-Team2,Org-Delta,2026-02-22,8,4.6,Code Generation
AI_USR130,Org-Delta-Team2,Org-Delta,2026-02-25,15,5.0,Data Query
AI_USR130,Org-Delta-Team2,Org-Delta,2026-03-01,12,5.3,Documentation
AI_USR130,Org-Delta-Team2,Org-Delta,2026-03-05,3,4.9,Code Generation
AI_USR130,Org-Delta-Team2,Org-Delta,2026-03-08,1,5.3,Code Generation
AI_USR130,Org-Delta-Team2,Org-Delta,2026-03-09,8,5.0,Debugging
AI_USR130,Org-Delta-Team2,Org-Delta,2026-03-10,13,5.7,Planning
AI_USR130,Org-Delta-Team2,Org-Delta,2026-03-11,9,6.4,Summarization
AI_USR130,Org-Delta-Team2,Org-Delta,2026-03-12,6,4.9,Debugging
AI_USR130,Org-Delta-Team2,Org-Delta,2026-03-13,6,6.4,Planning
AI_USR130,Org-Delta-Team2,Org-Delta,2026-03-14,16,5.5,Code Generation
AI_USR130,Org-Delta-Team2,Org-Delta,2026-03-15,3,5.8,Data Query
AI_USR130,Org-Delta-Team2,Org-Delta,2026-03-16,16,4.6,Debugging
AI_USR130,Org-Delta-Team2,Org-Delta,2026-03-18,5,4.8,Code Generation
AI_USR130,Org-Delta-Team2,Org-Delta,2026-03-21,6,5.0,Summarization
AI_USR130,Org-Delta-Team2,Org-Delta,2026-03-22,3,5.1,Planning
AI_USR130,Org-Delta-Team2,Org-Delta,2026-03-24,3,4.9,Planning
AI_USR130,Org-Delta-Team2,Org-Delta,2026-03-25,10,4.8,Debugging
AI_USR130,Org-Delta-Team2,Org-Delta,2026-03-27,7,4.6,Debugging
AI_USR130,Org-Delta-Team2,Org-Delta,2026-03-29,12,5.0,Debugging
AI_USR130,Org-Delta-Team2,Org-Delta,2026-03-30,9,6.1,Documentation
AI_USR130,Org-Delta-Team2,Org-Delta,2026-03-31,7,6.4,Documentation
AI_USR131,Org-Delta-Team1,Org-Delta,2026-01-01,3,6.8,Data Query
AI_USR131,Org-Delta-Team1,Org-Delta,2026-01-02,5,7.5,Data Query
AI_USR131,Org-Delta-Team1,Org-Delta,2026-01-03,20,7.8,Debugging
AI_USR131,Org-Delta-Team1,Org-Delta,2026-01-05,14,6.6,Planning
AI_USR131,Org-Delta-Team1,Org-Delta,2026-01-06,9,6.6,Data Query
AI_USR131,Org-Delta-Team1,Org-Delta,2026-01-07,14,7.7,Code Generation
AI_USR131,Org-Delta-Team1,Org-Delta,2026-01-08,12,7.9,Debugging
AI_USR131,Org-Delta-Team1,Org-Delta,2026-01-09,1,6.6,Data Query
AI_USR131,Org-Delta-Team1,Org-Delta,2026-01-10,13,8.4,Planning
AI_USR131,Org-Delta-Team1,Org-Delta,2026-01-14,13,7.0,Debugging
AI_USR131,Org-Delta-Team1,Org-Delta,2026-01-16,19,8.5,Summarization
AI_USR131,Org-Delta-Team1,Org-Delta,2026-01-17,19,7.3,Documentation
AI_USR131,Org-Delta-Team1,Org-Delta,2026-01-18,3,7.4,Documentation
AI_USR131,Org-Delta-Team1,Org-Delta,2026-01-20,16,8.3,Debugging
AI_USR131,Org-Delta-Team1,Org-Delta,2026-01-21,9,8.5,Code Generation
AI_USR131,Org-Delta-Team1,Org-Delta,2026-01-26,16,7.0,Code Generation
AI_USR131,Org-Delta-Team1,Org-Delta,2026-01-27,14,7.1,Debugging
AI_USR131,Org-Delta-Team1,Org-Delta,2026-01-28,20,8.5,Documentation
AI_USR131,Org-Delta-Team1,Org-Delta,2026-01-31,2,8.1,Planning
AI_USR131,Org-Delta-Team1,Org-Delta,2026-02-02,15,6.9,Data Query
AI_USR131,Org-Delta-Team1,Org-Delta,2026-02-03,1,7.3,Data Query
AI_USR131,Org-Delta-Team1,Org-Delta,2026-02-05,9,7.0,Debugging
AI_USR131,Org-Delta-Team1,Org-Delta,2026-02-06,9,7.4,Documentation
AI_USR131,Org-Delta-Team1,Org-Delta,2026-02-07,8,7.5,Debugging
AI_USR131,Org-Delta-Team1,Org-Delta,2026-02-09,19,8.0,Code Generation
AI_USR131,Org-Delta-Team1,Org-Delta,2026-02-11,2,8.2,Code Generation
AI_USR131,Org-Delta-Team1,Org-Delta,2026-02-12,5,8.3,Summarization
AI_USR131,Org-Delta-Team1,Org-Delta,2026-02-13,15,6.9,Documentation
AI_USR131,Org-Delta-Team1,Org-Delta,2026-02-16,18,8.5,Documentation
AI_USR131,Org-Delta-Team1,Org-Delta,2026-02-17,2,7.5,Planning
AI_USR131,Org-Delta-Team1,Org-Delta,2026-02-18,12,7.0,Documentation
AI_USR131,Org-Delta-Team1,Org-Delta,2026-02-19,8,8.8,Debugging
AI_USR131,Org-Delta-Team1,Org-Delta,2026-02-20,15,8.4,Data Query
AI_USR131,Org-Delta-Team1,Org-Delta,2026-02-21,2,7.1,Data Query
AI_USR131,Org-Delta-Team1,Org-Delta,2026-02-24,8,7.2,Summarization
AI_USR131,Org-Delta-Team1,Org-Delta,2026-02-25,10,8.6,Debugging
AI_USR131,Org-Delta-Team1,Org-Delta,2026-02-28,13,8.6,Code Generation
AI_USR131,Org-Delta-Team1,Org-Delta,2026-03-03,16,7.2,Planning
AI_USR131,Org-Delta-Team1,Org-Delta,2026-03-07,16,8.8,Data Query
AI_USR131,Org-Delta-Team1,Org-Delta,2026-03-10,12,8.3,Debugging
AI_USR131,Org-Delta-Team1,Org-Delta,2026-03-14,13,7.3,Planning
AI_USR131,Org-Delta-Team1,Org-Delta,2026-03-15,14,7.3,Planning
AI_USR131,Org-Delta-Team1,Org-Delta,2026-03-16,8,7.7,Debugging
AI_USR131,Org-Delta-Team1,Org-Delta,2026-03-17,13,8.3,Planning
AI_USR131,Org-Delta-Team1,Org-Delta,2026-03-18,15,8.9,Summarization
AI_USR131,Org-Delta-Team1,Org-Delta,2026-03-21,15,8.8,Documentation
AI_USR131,Org-Delta-Team1,Org-Delta,2026-03-23,12,9.0,Debugging
AI_USR131,Org-Delta-Team1,Org-Delta,2026-03-24,18,8.0,Data Query
AI_USR131,Org-Delta-Team1,Org-Delta,2026-03-25,19,7.4,Code Generation
AI_USR131,Org-Delta-Team1,Org-Delta,2026-03-26,20,7.9,Summarization
AI_USR131,Org-Delta-Team1,Org-Delta,2026-03-27,16,8.3,Planning
AI_USR131,Org-Delta-Team1,Org-Delta,2026-03-30,8,7.7,Planning
AI_USR131,Org-Delta-Team1,Org-Delta,2026-03-31,12,8.2,Data Query
AI_USR132,Org-Beta-Team4,Org-Beta,2026-01-01,13,5.2,Debugging
AI_USR132,Org-Beta-Team4,Org-Beta,2026-01-02,5,4.2,Planning
AI_USR132,Org-Beta-Team4,Org-Beta,2026-01-04,16,5.0,Documentation
AI_USR132,Org-Beta-Team4,Org-Beta,2026-01-05,10,4.7,Data Query
AI_USR132,Org-Beta-Team4,Org-Beta,2026-01-08,10,5.1,Debugging
AI_USR132,Org-Beta-Team4,Org-Beta,2026-01-09,9,4.2,Data Query
AI_USR132,Org-Beta-Team4,Org-Beta,2026-01-10,8,4.2,Documentation
AI_USR132,Org-Beta-Team4,Org-Beta,2026-01-11,13,4.8,Summarization
AI_USR132,Org-Beta-Team4,Org-Beta,2026-01-12,7,4.6,Planning
AI_USR132,Org-Beta-Team4,Org-Beta,2026-01-13,6,4.8,Debugging
AI_USR132,Org-Beta-Team4,Org-Beta,2026-01-14,5,5.3,Data Query
AI_USR132,Org-Beta-Team4,Org-Beta,2026-01-15,8,4.4,Planning
AI_USR132,Org-Beta-Team4,Org-Beta,2026-01-17,1,6.0,Code Generation
AI_USR132,Org-Beta-Team4,Org-Beta,2026-01-18,11,6.2,Data Query
AI_USR132,Org-Beta-Team4,Org-Beta,2026-01-20,17,5.1,Summarization
AI_USR132,Org-Beta-Team4,Org-Beta,2026-01-21,1,4.9,Documentation
AI_USR132,Org-Beta-Team4,Org-Beta,2026-01-22,10,4.4,Documentation
AI_USR132,Org-Beta-Team4,Org-Beta,2026-01-23,2,4.8,Planning
AI_USR132,Org-Beta-Team4,Org-Beta,2026-01-24,7,5.2,Planning
AI_USR132,Org-Beta-Team4,Org-Beta,2026-01-27,13,6.1,Debugging
AI_USR132,Org-Beta-Team4,Org-Beta,2026-01-28,18,4.9,Summarization
AI_USR132,Org-Beta-Team4,Org-Beta,2026-01-29,6,5.1,Code Generation
AI_USR132,Org-Beta-Team4,Org-Beta,2026-01-30,1,5.6,Documentation
AI_USR132,Org-Beta-Team4,Org-Beta,2026-01-31,3,4.9,Data Query
AI_USR132,Org-Beta-Team4,Org-Beta,2026-02-01,6,5.5,Planning
AI_USR132,Org-Beta-Team4,Org-Beta,2026-02-02,1,5.6,Code Generation
AI_USR132,Org-Beta-Team4,Org-Beta,2026-02-04,20,4.8,Summarization
AI_USR132,Org-Beta-Team4,Org-Beta,2026-02-06,15,5.8,Code Generation
AI_USR132,Org-Beta-Team4,Org-Beta,2026-02-07,12,4.7,Code Generation
AI_USR132,Org-Beta-Team4,Org-Beta,2026-02-08,3,6.2,Code Generation
AI_USR132,Org-Beta-Team4,Org-Beta,2026-02-11,16,6.5,Planning
AI_USR132,Org-Beta-Team4,Org-Beta,2026-02-12,8,5.7,Documentation
AI_USR132,Org-Beta-Team4,Org-Beta,2026-02-13,16,5.5,Summarization
AI_USR132,Org-Beta-Team4,Org-Beta,2026-02-14,13,5.7,Code Generation
AI_USR132,Org-Beta-Team4,Org-Beta,2026-02-18,15,4.8,Documentation
AI_USR132,Org-Beta-Team4,Org-Beta,2026-02-20,16,5.4,Debugging
AI_USR132,Org-Beta-Team4,Org-Beta,2026-02-21,9,5.4,Code Generation
AI_USR132,Org-Beta-Team4,Org-Beta,2026-02-22,13,5.1,Data Query
AI_USR132,Org-Beta-Team4,Org-Beta,2026-02-23,17,6.4,Documentation
AI_USR132,Org-Beta-Team4,Org-Beta,2026-02-26,2,6.7,Data Query
AI_USR132,Org-Beta-Team4,Org-Beta,2026-02-28,14,5.9,Planning
AI_USR132,Org-Beta-Team4,Org-Beta,2026-03-01,10,5.3,Planning
AI_USR132,Org-Beta-Team4,Org-Beta,2026-03-02,10,6.7,Code Generation
AI_USR132,Org-Beta-Team4,Org-Beta,2026-03-03,8,6.2,Summarization
AI_USR132,Org-Beta-Team4,Org-Beta,2026-03-04,12,6.4,Code Generation
AI_USR132,Org-Beta-Team4,Org-Beta,2026-03-06,2,6.5,Debugging
AI_USR132,Org-Beta-Team4,Org-Beta,2026-03-09,2,5.4,Data Query
AI_USR132,Org-Beta-Team4,Org-Beta,2026-03-10,13,6.1,Planning
AI_USR132,Org-Beta-Team4,Org-Beta,2026-03-11,14,6.1,Planning
AI_USR132,Org-Beta-Team4,Org-Beta,2026-03-12,10,5.5,Documentation
AI_USR132,Org-Beta-Team4,Org-Beta,2026-03-13,3,6.7,Debugging
AI_USR132,Org-Beta-Team4,Org-Beta,2026-03-15,8,6.4,Data Query
AI_USR132,Org-Beta-Team4,Org-Beta,2026-03-16,4,6.7,Summarization
AI_USR132,Org-Beta-Team4,Org-Beta,2026-03-17,11,6.7,Summarization
AI_USR132,Org-Beta-Team4,Org-Beta,2026-03-18,8,6.6,Code Generation
AI_USR132,Org-Beta-Team4,Org-Beta,2026-03-19,17,6.2,Debugging
AI_USR132,Org-Beta-Team4,Org-Beta,2026-03-20,9,6.4,Code Generation
AI_USR132,Org-Beta-Team4,Org-Beta,2026-03-24,6,6.5,Code Generation
AI_USR132,Org-Beta-Team4,Org-Beta,2026-03-25,17,6.2,Documentation
AI_USR132,Org-Beta-Team4,Org-Beta,2026-03-26,4,6.1,Summarization
AI_USR132,Org-Beta-Team4,Org-Beta,2026-03-27,17,6.1,Summarization
AI_USR132,Org-Beta-Team4,Org-Beta,2026-03-28,17,5.6,Summarization
AI_USR132,Org-Beta-Team4,Org-Beta,2026-03-29,19,6.3,Documentation
AI_USR132,Org-Beta-Team4,Org-Beta,2026-03-30,7,5.9,Debugging
AI_USR132,Org-Beta-Team4,Org-Beta,2026-03-31,11,7.4,Debugging
AI_USR133,Org-Epsilon-Team1,Org-Epsilon,2026-01-01,7,6.5,Documentation
AI_USR133,Org-Epsilon-Team1,Org-Epsilon,2026-01-02,17,6.3,Planning
AI_USR133,Org-Epsilon-Team1,Org-Epsilon,2026-01-04,4,7.9,Documentation
AI_USR133,Org-Epsilon-Team1,Org-Epsilon,2026-01-06,9,6.1,Data Query
AI_USR133,Org-Epsilon-Team1,Org-Epsilon,2026-01-07,19,6.6,Summarization
AI_USR133,Org-Epsilon-Team1,Org-Epsilon,2026-01-08,5,8.0,Data Query
AI_USR133,Org-Epsilon-Team1,Org-Epsilon,2026-01-09,10,7.2,Data Query
AI_USR133,Org-Epsilon-Team1,Org-Epsilon,2026-01-10,10,7.5,Planning
AI_USR133,Org-Epsilon-Team1,Org-Epsilon,2026-01-11,10,6.6,Documentation
AI_USR133,Org-Epsilon-Team1,Org-Epsilon,2026-01-12,13,7.9,Data Query
AI_USR133,Org-Epsilon-Team1,Org-Epsilon,2026-01-13,4,8.1,Planning
AI_USR133,Org-Epsilon-Team1,Org-Epsilon,2026-01-14,18,8.0,Planning
AI_USR133,Org-Epsilon-Team1,Org-Epsilon,2026-01-15,15,8.3,Code Generation
AI_USR133,Org-Epsilon-Team1,Org-Epsilon,2026-01-16,18,7.1,Documentation
AI_USR133,Org-Epsilon-Team1,Org-Epsilon,2026-01-17,12,8.3,Code Generation
AI_USR133,Org-Epsilon-Team1,Org-Epsilon,2026-01-20,7,7.1,Data Query
AI_USR133,Org-Epsilon-Team1,Org-Epsilon,2026-01-21,7,7.5,Debugging
AI_USR133,Org-Epsilon-Team1,Org-Epsilon,2026-01-22,11,7.8,Debugging
AI_USR133,Org-Epsilon-Team1,Org-Epsilon,2026-01-23,15,7.0,Planning
AI_USR133,Org-Epsilon-Team1,Org-Epsilon,2026-01-24,9,8.4,Debugging
AI_USR133,Org-Epsilon-Team1,Org-Epsilon,2026-01-25,2,7.9,Planning
AI_USR133,Org-Epsilon-Team1,Org-Epsilon,2026-01-26,4,7.8,Documentation
AI_USR133,Org-Epsilon-Team1,Org-Epsilon,2026-01-28,17,8.7,Data Query
AI_USR133,Org-Epsilon-Team1,Org-Epsilon,2026-01-29,12,7.8,Documentation
AI_USR133,Org-Epsilon-Team1,Org-Epsilon,2026-01-30,1,7.8,Documentation
AI_USR133,Org-Epsilon-Team1,Org-Epsilon,2026-02-01,5,7.4,Documentation
AI_USR133,Org-Epsilon-Team1,Org-Epsilon,2026-02-02,18,8.7,Data Query
AI_USR133,Org-Epsilon-Team1,Org-Epsilon,2026-02-03,11,8.3,Debugging
AI_USR133,Org-Epsilon-Team1,Org-Epsilon,2026-02-04,7,7.6,Documentation
AI_USR133,Org-Epsilon-Team1,Org-Epsilon,2026-02-05,9,7.6,Documentation
AI_USR133,Org-Epsilon-Team1,Org-Epsilon,2026-02-06,19,8.3,Documentation
AI_USR133,Org-Epsilon-Team1,Org-Epsilon,2026-02-09,18,7.8,Code Generation
AI_USR133,Org-Epsilon-Team1,Org-Epsilon,2026-02-10,13,7.1,Data Query
AI_USR133,Org-Epsilon-Team1,Org-Epsilon,2026-02-11,6,8.8,Data Query
AI_USR133,Org-Epsilon-Team1,Org-Epsilon,2026-02-12,5,8.8,Debugging
AI_USR133,Org-Epsilon-Team1,Org-Epsilon,2026-02-14,11,7.4,Debugging
AI_USR133,Org-Epsilon-Team1,Org-Epsilon,2026-02-17,8,9.2,Debugging
AI_USR133,Org-Epsilon-Team1,Org-Epsilon,2026-02-19,4,8.2,Planning
AI_USR133,Org-Epsilon-Team1,Org-Epsilon,2026-02-20,9,7.7,Debugging
AI_USR133,Org-Epsilon-Team1,Org-Epsilon,2026-02-22,3,8.8,Debugging
AI_USR133,Org-Epsilon-Team1,Org-Epsilon,2026-02-23,1,9.4,Code Generation
AI_USR133,Org-Epsilon-Team1,Org-Epsilon,2026-02-24,2,8.9,Planning
AI_USR133,Org-Epsilon-Team1,Org-Epsilon,2026-02-28,13,9.0,Debugging
AI_USR133,Org-Epsilon-Team1,Org-Epsilon,2026-03-01,5,8.4,Code Generation
AI_USR133,Org-Epsilon-Team1,Org-Epsilon,2026-03-02,20,9.6,Planning
AI_USR133,Org-Epsilon-Team1,Org-Epsilon,2026-03-03,17,9.4,Data Query
AI_USR133,Org-Epsilon-Team1,Org-Epsilon,2026-03-04,16,9.5,Code Generation
AI_USR133,Org-Epsilon-Team1,Org-Epsilon,2026-03-05,11,8.9,Documentation
AI_USR133,Org-Epsilon-Team1,Org-Epsilon,2026-03-06,16,8.8,Summarization
AI_USR133,Org-Epsilon-Team1,Org-Epsilon,2026-03-07,8,8.4,Debugging
AI_USR133,Org-Epsilon-Team1,Org-Epsilon,2026-03-08,9,8.9,Documentation
AI_USR133,Org-Epsilon-Team1,Org-Epsilon,2026-03-10,4,8.2,Code Generation
AI_USR133,Org-Epsilon-Team1,Org-Epsilon,2026-03-11,12,9.6,Summarization
AI_USR133,Org-Epsilon-Team1,Org-Epsilon,2026-03-12,16,9.9,Code Generation
AI_USR133,Org-Epsilon-Team1,Org-Epsilon,2026-03-14,2,9.8,Code Generation
AI_USR133,Org-Epsilon-Team1,Org-Epsilon,2026-03-18,19,9.4,Code Generation
AI_USR133,Org-Epsilon-Team1,Org-Epsilon,2026-03-21,18,10.0,Debugging
AI_USR133,Org-Epsilon-Team1,Org-Epsilon,2026-03-22,16,9.8,Data Query
AI_USR133,Org-Epsilon-Team1,Org-Epsilon,2026-03-23,9,10.0,Documentation
AI_USR133,Org-Epsilon-Team1,Org-Epsilon,2026-03-24,9,8.4,Planning
AI_USR133,Org-Epsilon-Team1,Org-Epsilon,2026-03-25,15,9.0,Data Query
AI_USR133,Org-Epsilon-Team1,Org-Epsilon,2026-03-26,14,9.6,Summarization
AI_USR133,Org-Epsilon-Team1,Org-Epsilon,2026-03-27,1,8.7,Code Generation
AI_USR133,Org-Epsilon-Team1,Org-Epsilon,2026-03-30,11,9.3,Documentation
AI_USR133,Org-Epsilon-Team1,Org-Epsilon,2026-03-31,6,9.1,Planning
AI_USR134,Org-Delta-Team2,Org-Delta,2026-01-01,15,4.3,Documentation
AI_USR134,Org-Delta-Team2,Org-Delta,2026-01-02,1,3.7,Data Query
AI_USR134,Org-Delta-Team2,Org-Delta,2026-01-03,17,3.5,Documentation
AI_USR134,Org-Delta-Team2,Org-Delta,2026-01-04,4,4.6,Data Query
AI_USR134,Org-Delta-Team2,Org-Delta,2026-01-05,7,5.3,Summarization
AI_USR134,Org-Delta-Team2,Org-Delta,2026-01-06,15,5.2,Data Query
AI_USR134,Org-Delta-Team2,Org-Delta,2026-01-07,7,4.0,Code Generation
AI_USR134,Org-Delta-Team2,Org-Delta,2026-01-08,11,5.0,Documentation
AI_USR134,Org-Delta-Team2,Org-Delta,2026-01-09,6,4.0,Code Generation
AI_USR134,Org-Delta-Team2,Org-Delta,2026-01-11,11,3.7,Summarization
AI_USR134,Org-Delta-Team2,Org-Delta,2026-01-12,16,5.3,Planning
AI_USR134,Org-Delta-Team2,Org-Delta,2026-01-13,2,3.7,Code Generation
AI_USR134,Org-Delta-Team2,Org-Delta,2026-01-14,9,4.9,Debugging
AI_USR134,Org-Delta-Team2,Org-Delta,2026-01-15,7,3.9,Debugging
AI_USR134,Org-Delta-Team2,Org-Delta,2026-01-16,5,5.4,Code Generation
AI_USR134,Org-Delta-Team2,Org-Delta,2026-01-18,17,3.9,Documentation
AI_USR134,Org-Delta-Team2,Org-Delta,2026-01-22,10,5.6,Code Generation
AI_USR134,Org-Delta-Team2,Org-Delta,2026-01-24,12,4.8,Data Query
AI_USR134,Org-Delta-Team2,Org-Delta,2026-01-26,7,3.9,Planning
AI_USR134,Org-Delta-Team2,Org-Delta,2026-01-27,7,4.9,Code Generation
AI_USR134,Org-Delta-Team2,Org-Delta,2026-01-28,13,5.0,Code Generation
AI_USR134,Org-Delta-Team2,Org-Delta,2026-01-29,5,4.8,Documentation
AI_USR134,Org-Delta-Team2,Org-Delta,2026-01-30,3,5.1,Summarization
AI_USR134,Org-Delta-Team2,Org-Delta,2026-01-31,16,4.2,Summarization
AI_USR134,Org-Delta-Team2,Org-Delta,2026-02-01,12,5.2,Data Query
AI_USR134,Org-Delta-Team2,Org-Delta,2026-02-02,1,5.3,Planning
AI_USR134,Org-Delta-Team2,Org-Delta,2026-02-04,19,4.5,Planning
AI_USR134,Org-Delta-Team2,Org-Delta,2026-02-05,16,4.7,Data Query
AI_USR134,Org-Delta-Team2,Org-Delta,2026-02-06,3,5.5,Data Query
AI_USR134,Org-Delta-Team2,Org-Delta,2026-02-08,9,4.5,Planning
AI_USR134,Org-Delta-Team2,Org-Delta,2026-02-11,5,4.9,Debugging
AI_USR134,Org-Delta-Team2,Org-Delta,2026-02-12,12,4.9,Code Generation
AI_USR134,Org-Delta-Team2,Org-Delta,2026-02-13,15,5.5,Summarization
AI_USR134,Org-Delta-Team2,Org-Delta,2026-02-14,14,4.5,Code Generation
AI_USR134,Org-Delta-Team2,Org-Delta,2026-02-15,18,5.1,Planning
AI_USR134,Org-Delta-Team2,Org-Delta,2026-02-16,4,5.1,Summarization
AI_USR134,Org-Delta-Team2,Org-Delta,2026-02-18,8,5.3,Documentation
AI_USR134,Org-Delta-Team2,Org-Delta,2026-02-24,14,4.5,Debugging
AI_USR134,Org-Delta-Team2,Org-Delta,2026-02-25,19,5.1,Code Generation
AI_USR134,Org-Delta-Team2,Org-Delta,2026-02-26,17,4.5,Data Query
AI_USR134,Org-Delta-Team2,Org-Delta,2026-02-27,10,6.0,Data Query
AI_USR134,Org-Delta-Team2,Org-Delta,2026-02-28,7,4.2,Planning
AI_USR134,Org-Delta-Team2,Org-Delta,2026-03-01,2,5.6,Planning
AI_USR134,Org-Delta-Team2,Org-Delta,2026-03-02,18,5.7,Data Query
AI_USR134,Org-Delta-Team2,Org-Delta,2026-03-04,9,4.5,Data Query
AI_USR134,Org-Delta-Team2,Org-Delta,2026-03-05,8,5.8,Debugging
AI_USR134,Org-Delta-Team2,Org-Delta,2026-03-07,5,4.7,Summarization
AI_USR134,Org-Delta-Team2,Org-Delta,2026-03-08,6,5.2,Code Generation
AI_USR134,Org-Delta-Team2,Org-Delta,2026-03-09,5,5.5,Data Query
AI_USR134,Org-Delta-Team2,Org-Delta,2026-03-11,6,6.1,Data Query
AI_USR134,Org-Delta-Team2,Org-Delta,2026-03-12,19,4.7,Documentation
AI_USR134,Org-Delta-Team2,Org-Delta,2026-03-14,20,4.4,Documentation
AI_USR134,Org-Delta-Team2,Org-Delta,2026-03-16,15,5.3,Summarization
AI_USR134,Org-Delta-Team2,Org-Delta,2026-03-17,17,5.3,Documentation
AI_USR134,Org-Delta-Team2,Org-Delta,2026-03-18,13,5.1,Planning
AI_USR134,Org-Delta-Team2,Org-Delta,2026-03-19,9,5.3,Debugging
AI_USR134,Org-Delta-Team2,Org-Delta,2026-03-20,5,5.5,Documentation
AI_USR134,Org-Delta-Team2,Org-Delta,2026-03-22,10,5.3,Documentation
AI_USR134,Org-Delta-Team2,Org-Delta,2026-03-23,19,5.8,Summarization
AI_USR134,Org-Delta-Team2,Org-Delta,2026-03-24,13,5.9,Debugging
AI_USR134,Org-Delta-Team2,Org-Delta,2026-03-25,2,5.6,Planning
AI_USR134,Org-Delta-Team2,Org-Delta,2026-03-26,12,5.3,Planning
AI_USR134,Org-Delta-Team2,Org-Delta,2026-03-27,4,6.3,Debugging
AI_USR134,Org-Delta-Team2,Org-Delta,2026-03-29,19,4.6,Summarization
AI_USR134,Org-Delta-Team2,Org-Delta,2026-03-30,14,5.4,Code Generation
AI_USR134,Org-Delta-Team2,Org-Delta,2026-03-31,3,5.8,Debugging
AI_USR135,Org-Alpha-Team2,Org-Alpha,2026-01-01,9,4.2,Debugging
AI_USR135,Org-Alpha-Team2,Org-Alpha,2026-01-02,6,3.2,Summarization
AI_USR135,Org-Alpha-Team2,Org-Alpha,2026-01-03,6,4.0,Debugging
AI_USR135,Org-Alpha-Team2,Org-Alpha,2026-01-05,20,3.5,Data Query
AI_USR135,Org-Alpha-Team2,Org-Alpha,2026-01-07,13,4.1,Data Query
AI_USR135,Org-Alpha-Team2,Org-Alpha,2026-01-08,8,4.0,Code Generation
AI_USR135,Org-Alpha-Team2,Org-Alpha,2026-01-10,4,4.0,Summarization
AI_USR135,Org-Alpha-Team2,Org-Alpha,2026-01-11,10,3.2,Documentation
AI_USR135,Org-Alpha-Team2,Org-Alpha,2026-01-12,16,4.7,Code Generation
AI_USR135,Org-Alpha-Team2,Org-Alpha,2026-01-13,4,4.7,Debugging
AI_USR135,Org-Alpha-Team2,Org-Alpha,2026-01-14,7,3.6,Data Query
AI_USR135,Org-Alpha-Team2,Org-Alpha,2026-01-15,16,4.8,Summarization
AI_USR135,Org-Alpha-Team2,Org-Alpha,2026-01-18,9,4.5,Documentation
AI_USR135,Org-Alpha-Team2,Org-Alpha,2026-01-19,8,3.1,Documentation
AI_USR135,Org-Alpha-Team2,Org-Alpha,2026-01-20,16,3.9,Planning
AI_USR135,Org-Alpha-Team2,Org-Alpha,2026-01-21,1,4.7,Planning
AI_USR135,Org-Alpha-Team2,Org-Alpha,2026-01-22,8,3.6,Documentation
AI_USR135,Org-Alpha-Team2,Org-Alpha,2026-01-25,5,4.2,Summarization
AI_USR135,Org-Alpha-Team2,Org-Alpha,2026-01-26,19,4.3,Summarization
AI_USR135,Org-Alpha-Team2,Org-Alpha,2026-01-27,12,4.7,Documentation
AI_USR135,Org-Alpha-Team2,Org-Alpha,2026-01-28,10,5.0,Code Generation
AI_USR135,Org-Alpha-Team2,Org-Alpha,2026-01-30,16,4.4,Code Generation
AI_USR135,Org-Alpha-Team2,Org-Alpha,2026-02-01,2,4.9,Code Generation
AI_USR135,Org-Alpha-Team2,Org-Alpha,2026-02-03,20,5.1,Data Query
AI_USR135,Org-Alpha-Team2,Org-Alpha,2026-02-06,8,5.0,Data Query
AI_USR135,Org-Alpha-Team2,Org-Alpha,2026-02-07,18,3.4,Documentation
AI_USR135,Org-Alpha-Team2,Org-Alpha,2026-02-09,10,5.1,Summarization
AI_USR135,Org-Alpha-Team2,Org-Alpha,2026-02-11,2,4.8,Summarization
AI_USR135,Org-Alpha-Team2,Org-Alpha,2026-02-14,1,4.5,Data Query
AI_USR135,Org-Alpha-Team2,Org-Alpha,2026-02-16,9,5.0,Debugging
AI_USR135,Org-Alpha-Team2,Org-Alpha,2026-02-17,16,4.4,Summarization
AI_USR135,Org-Alpha-Team2,Org-Alpha,2026-02-18,17,5.0,Data Query
AI_USR135,Org-Alpha-Team2,Org-Alpha,2026-02-19,17,3.7,Planning
AI_USR135,Org-Alpha-Team2,Org-Alpha,2026-02-20,19,3.5,Planning
AI_USR135,Org-Alpha-Team2,Org-Alpha,2026-02-21,9,4.2,Debugging
AI_USR135,Org-Alpha-Team2,Org-Alpha,2026-02-22,8,4.8,Summarization
AI_USR135,Org-Alpha-Team2,Org-Alpha,2026-02-23,12,3.8,Planning
AI_USR135,Org-Alpha-Team2,Org-Alpha,2026-02-24,18,4.6,Data Query
AI_USR135,Org-Alpha-Team2,Org-Alpha,2026-02-25,8,4.1,Data Query
AI_USR135,Org-Alpha-Team2,Org-Alpha,2026-02-26,16,4.2,Code Generation
AI_USR135,Org-Alpha-Team2,Org-Alpha,2026-02-27,16,4.6,Summarization
AI_USR135,Org-Alpha-Team2,Org-Alpha,2026-02-28,6,4.7,Planning
AI_USR135,Org-Alpha-Team2,Org-Alpha,2026-03-01,9,4.5,Code Generation
AI_USR135,Org-Alpha-Team2,Org-Alpha,2026-03-02,4,4.8,Planning
AI_USR135,Org-Alpha-Team2,Org-Alpha,2026-03-03,12,4.4,Planning
AI_USR135,Org-Alpha-Team2,Org-Alpha,2026-03-04,7,4.5,Data Query
AI_USR135,Org-Alpha-Team2,Org-Alpha,2026-03-05,16,4.3,Data Query
AI_USR135,Org-Alpha-Team2,Org-Alpha,2026-03-06,4,5.0,Planning
AI_USR135,Org-Alpha-Team2,Org-Alpha,2026-03-07,15,3.5,Planning
AI_USR135,Org-Alpha-Team2,Org-Alpha,2026-03-08,14,4.0,Data Query
AI_USR135,Org-Alpha-Team2,Org-Alpha,2026-03-11,5,4.7,Summarization
AI_USR135,Org-Alpha-Team2,Org-Alpha,2026-03-13,7,4.0,Planning
AI_USR135,Org-Alpha-Team2,Org-Alpha,2026-03-14,13,4.6,Debugging
AI_USR135,Org-Alpha-Team2,Org-Alpha,2026-03-15,19,4.0,Documentation
AI_USR135,Org-Alpha-Team2,Org-Alpha,2026-03-16,10,3.5,Debugging
AI_USR135,Org-Alpha-Team2,Org-Alpha,2026-03-17,14,5.2,Documentation
AI_USR135,Org-Alpha-Team2,Org-Alpha,2026-03-18,2,3.5,Documentation
AI_USR135,Org-Alpha-Team2,Org-Alpha,2026-03-19,9,5.5,Code Generation
AI_USR135,Org-Alpha-Team2,Org-Alpha,2026-03-21,20,4.6,Debugging
AI_USR135,Org-Alpha-Team2,Org-Alpha,2026-03-22,2,4.6,Documentation
AI_USR135,Org-Alpha-Team2,Org-Alpha,2026-03-23,18,4.2,Debugging
AI_USR135,Org-Alpha-Team2,Org-Alpha,2026-03-24,1,4.8,Code Generation
AI_USR135,Org-Alpha-Team2,Org-Alpha,2026-03-25,9,4.4,Summarization
AI_USR135,Org-Alpha-Team2,Org-Alpha,2026-03-28,10,4.8,Planning
AI_USR135,Org-Alpha-Team2,Org-Alpha,2026-03-30,11,5.4,Summarization
AI_USR135,Org-Alpha-Team2,Org-Alpha,2026-03-31,5,4.7,Debugging
AI_USR136,Org-Beta-Team1,Org-Beta,2026-01-03,20,3.7,Planning
AI_USR136,Org-Beta-Team1,Org-Beta,2026-01-04,18,3.7,Summarization
AI_USR136,Org-Beta-Team1,Org-Beta,2026-01-05,9,2.9,Summarization
AI_USR136,Org-Beta-Team1,Org-Beta,2026-01-06,15,4.6,Planning
AI_USR136,Org-Beta-Team1,Org-Beta,2026-01-07,1,3.7,Data Query
AI_USR136,Org-Beta-Team1,Org-Beta,2026-01-08,12,3.5,Debugging
AI_USR136,Org-Beta-Team1,Org-Beta,2026-01-09,9,3.9,Code Generation
AI_USR136,Org-Beta-Team1,Org-Beta,2026-01-11,10,3.2,Data Query
AI_USR136,Org-Beta-Team1,Org-Beta,2026-01-12,4,4.4,Code Generation
AI_USR136,Org-Beta-Team1,Org-Beta,2026-01-13,16,3.1,Data Query
AI_USR136,Org-Beta-Team1,Org-Beta,2026-01-15,10,3.8,Debugging
AI_USR136,Org-Beta-Team1,Org-Beta,2026-01-18,17,3.8,Data Query
AI_USR136,Org-Beta-Team1,Org-Beta,2026-01-19,18,4.6,Summarization
AI_USR136,Org-Beta-Team1,Org-Beta,2026-01-20,4,4.4,Documentation
AI_USR136,Org-Beta-Team1,Org-Beta,2026-01-21,13,3.2,Planning
AI_USR136,Org-Beta-Team1,Org-Beta,2026-01-22,1,4.2,Data Query
AI_USR136,Org-Beta-Team1,Org-Beta,2026-01-23,9,4.3,Debugging
AI_USR136,Org-Beta-Team1,Org-Beta,2026-01-25,20,3.4,Planning
AI_USR136,Org-Beta-Team1,Org-Beta,2026-01-27,18,3.8,Documentation
AI_USR136,Org-Beta-Team1,Org-Beta,2026-01-28,5,4.2,Data Query
AI_USR136,Org-Beta-Team1,Org-Beta,2026-01-29,9,3.4,Data Query
AI_USR136,Org-Beta-Team1,Org-Beta,2026-01-31,4,4.8,Code Generation
AI_USR136,Org-Beta-Team1,Org-Beta,2026-02-01,5,3.4,Planning
AI_USR136,Org-Beta-Team1,Org-Beta,2026-02-02,16,4.1,Documentation
AI_USR136,Org-Beta-Team1,Org-Beta,2026-02-04,18,3.2,Code Generation
AI_USR136,Org-Beta-Team1,Org-Beta,2026-02-05,10,4.6,Documentation
AI_USR136,Org-Beta-Team1,Org-Beta,2026-02-06,16,4.4,Summarization
AI_USR136,Org-Beta-Team1,Org-Beta,2026-02-07,1,3.6,Code Generation
AI_USR136,Org-Beta-Team1,Org-Beta,2026-02-11,13,4.7,Summarization
AI_USR136,Org-Beta-Team1,Org-Beta,2026-02-12,1,3.2,Documentation
AI_USR136,Org-Beta-Team1,Org-Beta,2026-02-13,12,5.0,Debugging
AI_USR136,Org-Beta-Team1,Org-Beta,2026-02-14,13,5.0,Debugging
AI_USR136,Org-Beta-Team1,Org-Beta,2026-02-15,6,4.0,Summarization
AI_USR136,Org-Beta-Team1,Org-Beta,2026-02-16,8,3.7,Planning
AI_USR136,Org-Beta-Team1,Org-Beta,2026-02-17,1,4.4,Planning
AI_USR136,Org-Beta-Team1,Org-Beta,2026-02-18,8,3.2,Documentation
AI_USR136,Org-Beta-Team1,Org-Beta,2026-02-21,2,4.6,Debugging
AI_USR136,Org-Beta-Team1,Org-Beta,2026-02-26,16,4.3,Code Generation
AI_USR136,Org-Beta-Team1,Org-Beta,2026-02-27,8,4.6,Code Generation
AI_USR136,Org-Beta-Team1,Org-Beta,2026-02-28,14,3.7,Summarization
AI_USR136,Org-Beta-Team1,Org-Beta,2026-03-01,4,3.6,Documentation
AI_USR136,Org-Beta-Team1,Org-Beta,2026-03-03,18,3.8,Documentation
AI_USR136,Org-Beta-Team1,Org-Beta,2026-03-04,16,4.4,Debugging
AI_USR136,Org-Beta-Team1,Org-Beta,2026-03-05,4,5.2,Code Generation
AI_USR136,Org-Beta-Team1,Org-Beta,2026-03-07,14,5.2,Planning
AI_USR136,Org-Beta-Team1,Org-Beta,2026-03-08,8,4.4,Debugging
AI_USR136,Org-Beta-Team1,Org-Beta,2026-03-11,4,3.5,Code Generation
AI_USR136,Org-Beta-Team1,Org-Beta,2026-03-16,2,4.4,Code Generation
AI_USR136,Org-Beta-Team1,Org-Beta,2026-03-17,20,4.8,Documentation
AI_USR136,Org-Beta-Team1,Org-Beta,2026-03-19,6,3.7,Documentation
AI_USR136,Org-Beta-Team1,Org-Beta,2026-03-20,18,4.2,Documentation
AI_USR136,Org-Beta-Team1,Org-Beta,2026-03-21,16,5.0,Documentation
AI_USR136,Org-Beta-Team1,Org-Beta,2026-03-22,12,4.5,Code Generation
AI_USR136,Org-Beta-Team1,Org-Beta,2026-03-23,15,4.5,Code Generation
AI_USR136,Org-Beta-Team1,Org-Beta,2026-03-25,6,5.0,Data Query
AI_USR136,Org-Beta-Team1,Org-Beta,2026-03-29,12,5.1,Data Query
AI_USR136,Org-Beta-Team1,Org-Beta,2026-03-30,13,5.0,Summarization
AI_USR136,Org-Beta-Team1,Org-Beta,2026-03-31,4,4.6,Data Query
AI_USR137,Org-Delta-Team1,Org-Delta,2026-01-02,9,5.8,Code Generation
AI_USR137,Org-Delta-Team1,Org-Delta,2026-01-03,1,4.8,Summarization
AI_USR137,Org-Delta-Team1,Org-Delta,2026-01-04,2,5.9,Planning
AI_USR137,Org-Delta-Team1,Org-Delta,2026-01-06,9,6.5,Debugging
AI_USR137,Org-Delta-Team1,Org-Delta,2026-01-07,12,5.2,Debugging
AI_USR137,Org-Delta-Team1,Org-Delta,2026-01-11,11,5.2,Planning
AI_USR137,Org-Delta-Team1,Org-Delta,2026-01-12,6,6.5,Planning
AI_USR137,Org-Delta-Team1,Org-Delta,2026-01-13,10,4.8,Planning
AI_USR137,Org-Delta-Team1,Org-Delta,2026-01-14,11,6.2,Code Generation
AI_USR137,Org-Delta-Team1,Org-Delta,2026-01-17,13,6.0,Debugging
AI_USR137,Org-Delta-Team1,Org-Delta,2026-01-19,13,5.7,Documentation
AI_USR137,Org-Delta-Team1,Org-Delta,2026-01-20,17,5.0,Documentation
AI_USR137,Org-Delta-Team1,Org-Delta,2026-01-21,13,6.4,Data Query
AI_USR137,Org-Delta-Team1,Org-Delta,2026-01-22,17,5.5,Summarization
AI_USR137,Org-Delta-Team1,Org-Delta,2026-01-24,1,5.6,Summarization
AI_USR137,Org-Delta-Team1,Org-Delta,2026-01-25,2,6.3,Documentation
AI_USR137,Org-Delta-Team1,Org-Delta,2026-01-26,9,6.9,Code Generation
AI_USR137,Org-Delta-Team1,Org-Delta,2026-01-27,19,6.8,Debugging
AI_USR137,Org-Delta-Team1,Org-Delta,2026-01-30,14,5.9,Data Query
AI_USR137,Org-Delta-Team1,Org-Delta,2026-01-31,18,5.2,Documentation
AI_USR137,Org-Delta-Team1,Org-Delta,2026-02-01,15,5.6,Debugging
AI_USR137,Org-Delta-Team1,Org-Delta,2026-02-02,20,6.2,Documentation
AI_USR137,Org-Delta-Team1,Org-Delta,2026-02-08,13,5.4,Debugging
AI_USR137,Org-Delta-Team1,Org-Delta,2026-02-09,11,6.8,Code Generation
AI_USR137,Org-Delta-Team1,Org-Delta,2026-02-10,18,7.3,Data Query
AI_USR137,Org-Delta-Team1,Org-Delta,2026-02-12,15,7.0,Documentation
AI_USR137,Org-Delta-Team1,Org-Delta,2026-02-13,20,6.3,Data Query
AI_USR137,Org-Delta-Team1,Org-Delta,2026-02-14,18,6.7,Debugging
AI_USR137,Org-Delta-Team1,Org-Delta,2026-02-15,1,5.8,Data Query
AI_USR137,Org-Delta-Team1,Org-Delta,2026-02-18,19,6.4,Debugging
AI_USR137,Org-Delta-Team1,Org-Delta,2026-02-19,13,6.8,Summarization
AI_USR137,Org-Delta-Team1,Org-Delta,2026-02-20,12,6.1,Debugging
AI_USR137,Org-Delta-Team1,Org-Delta,2026-02-22,19,6.5,Data Query
AI_USR137,Org-Delta-Team1,Org-Delta,2026-02-25,12,7.3,Summarization
AI_USR137,Org-Delta-Team1,Org-Delta,2026-02-26,1,7.3,Code Generation
AI_USR137,Org-Delta-Team1,Org-Delta,2026-03-01,4,7.2,Code Generation
AI_USR137,Org-Delta-Team1,Org-Delta,2026-03-03,17,7.2,Debugging
AI_USR137,Org-Delta-Team1,Org-Delta,2026-03-04,16,8.0,Code Generation
AI_USR137,Org-Delta-Team1,Org-Delta,2026-03-08,18,6.7,Debugging
AI_USR137,Org-Delta-Team1,Org-Delta,2026-03-11,7,7.8,Data Query
AI_USR137,Org-Delta-Team1,Org-Delta,2026-03-12,3,7.8,Summarization
AI_USR137,Org-Delta-Team1,Org-Delta,2026-03-14,5,8.2,Summarization
AI_USR137,Org-Delta-Team1,Org-Delta,2026-03-15,13,6.3,Debugging
AI_USR137,Org-Delta-Team1,Org-Delta,2026-03-17,14,7.4,Code Generation
AI_USR137,Org-Delta-Team1,Org-Delta,2026-03-19,9,8.3,Data Query
AI_USR137,Org-Delta-Team1,Org-Delta,2026-03-20,15,7.2,Planning
AI_USR137,Org-Delta-Team1,Org-Delta,2026-03-21,14,6.7,Planning
AI_USR137,Org-Delta-Team1,Org-Delta,2026-03-23,2,7.0,Debugging
AI_USR137,Org-Delta-Team1,Org-Delta,2026-03-24,6,7.8,Code Generation
AI_USR137,Org-Delta-Team1,Org-Delta,2026-03-25,7,8.5,Code Generation
AI_USR137,Org-Delta-Team1,Org-Delta,2026-03-26,2,7.4,Debugging
AI_USR137,Org-Delta-Team1,Org-Delta,2026-03-27,14,7.1,Data Query
AI_USR137,Org-Delta-Team1,Org-Delta,2026-03-28,15,6.8,Code Generation
AI_USR137,Org-Delta-Team1,Org-Delta,2026-03-29,7,8.6,Planning
AI_USR137,Org-Delta-Team1,Org-Delta,2026-03-31,4,8.3,Debugging
AI_USR138,Org-Epsilon-Team1,Org-Epsilon,2026-01-01,4,3.1,Documentation
AI_USR138,Org-Epsilon-Team1,Org-Epsilon,2026-01-05,15,1.9,Data Query
AI_USR138,Org-Epsilon-Team1,Org-Epsilon,2026-01-06,2,3.1,Data Query
AI_USR138,Org-Epsilon-Team1,Org-Epsilon,2026-01-07,12,3.0,Planning
AI_USR138,Org-Epsilon-Team1,Org-Epsilon,2026-01-08,10,3.0,Documentation
AI_USR138,Org-Epsilon-Team1,Org-Epsilon,2026-01-09,5,3.2,Documentation
AI_USR138,Org-Epsilon-Team1,Org-Epsilon,2026-01-11,11,1.7,Code Generation
AI_USR138,Org-Epsilon-Team1,Org-Epsilon,2026-01-13,9,2.9,Documentation
AI_USR138,Org-Epsilon-Team1,Org-Epsilon,2026-01-14,6,2.2,Documentation
AI_USR138,Org-Epsilon-Team1,Org-Epsilon,2026-01-15,3,3.5,Summarization
AI_USR138,Org-Epsilon-Team1,Org-Epsilon,2026-01-18,9,2.0,Debugging
AI_USR138,Org-Epsilon-Team1,Org-Epsilon,2026-01-19,7,3.1,Code Generation
AI_USR138,Org-Epsilon-Team1,Org-Epsilon,2026-01-20,10,3.5,Code Generation
AI_USR138,Org-Epsilon-Team1,Org-Epsilon,2026-01-21,16,2.3,Code Generation
AI_USR138,Org-Epsilon-Team1,Org-Epsilon,2026-01-22,14,2.0,Summarization
AI_USR138,Org-Epsilon-Team1,Org-Epsilon,2026-01-23,1,3.6,Documentation
AI_USR138,Org-Epsilon-Team1,Org-Epsilon,2026-01-24,14,2.9,Summarization
AI_USR138,Org-Epsilon-Team1,Org-Epsilon,2026-01-26,17,2.7,Code Generation
AI_USR138,Org-Epsilon-Team1,Org-Epsilon,2026-01-28,13,2.1,Code Generation
AI_USR138,Org-Epsilon-Team1,Org-Epsilon,2026-01-29,12,3.3,Summarization
AI_USR138,Org-Epsilon-Team1,Org-Epsilon,2026-02-02,13,2.2,Debugging
AI_USR138,Org-Epsilon-Team1,Org-Epsilon,2026-02-03,4,2.8,Data Query
AI_USR138,Org-Epsilon-Team1,Org-Epsilon,2026-02-04,13,2.0,Code Generation
AI_USR138,Org-Epsilon-Team1,Org-Epsilon,2026-02-05,17,2.2,Documentation
AI_USR138,Org-Epsilon-Team1,Org-Epsilon,2026-02-06,4,3.5,Debugging
AI_USR138,Org-Epsilon-Team1,Org-Epsilon,2026-02-07,2,1.9,Planning
AI_USR138,Org-Epsilon-Team1,Org-Epsilon,2026-02-08,10,3.7,Summarization
AI_USR138,Org-Epsilon-Team1,Org-Epsilon,2026-02-09,10,3.5,Data Query
AI_USR138,Org-Epsilon-Team1,Org-Epsilon,2026-02-10,1,3.7,Summarization
AI_USR138,Org-Epsilon-Team1,Org-Epsilon,2026-02-11,13,2.6,Documentation
AI_USR138,Org-Epsilon-Team1,Org-Epsilon,2026-02-12,16,2.4,Summarization
AI_USR138,Org-Epsilon-Team1,Org-Epsilon,2026-02-15,17,3.6,Debugging
AI_USR138,Org-Epsilon-Team1,Org-Epsilon,2026-02-18,17,2.7,Summarization
AI_USR138,Org-Epsilon-Team1,Org-Epsilon,2026-02-19,3,1.9,Data Query
AI_USR138,Org-Epsilon-Team1,Org-Epsilon,2026-02-20,15,3.5,Planning
AI_USR138,Org-Epsilon-Team1,Org-Epsilon,2026-02-21,18,3.1,Code Generation
AI_USR138,Org-Epsilon-Team1,Org-Epsilon,2026-02-22,14,2.1,Code Generation
AI_USR138,Org-Epsilon-Team1,Org-Epsilon,2026-02-24,5,2.4,Summarization
AI_USR138,Org-Epsilon-Team1,Org-Epsilon,2026-03-01,13,3.1,Data Query
AI_USR138,Org-Epsilon-Team1,Org-Epsilon,2026-03-02,20,3.5,Planning
AI_USR138,Org-Epsilon-Team1,Org-Epsilon,2026-03-03,16,3.4,Data Query
AI_USR138,Org-Epsilon-Team1,Org-Epsilon,2026-03-04,11,3.5,Code Generation
AI_USR138,Org-Epsilon-Team1,Org-Epsilon,2026-03-05,12,2.2,Data Query
AI_USR138,Org-Epsilon-Team1,Org-Epsilon,2026-03-06,7,2.2,Planning
AI_USR138,Org-Epsilon-Team1,Org-Epsilon,2026-03-07,4,2.3,Data Query
AI_USR138,Org-Epsilon-Team1,Org-Epsilon,2026-03-08,1,3.5,Debugging
AI_USR138,Org-Epsilon-Team1,Org-Epsilon,2026-03-09,1,2.2,Documentation
AI_USR138,Org-Epsilon-Team1,Org-Epsilon,2026-03-14,4,3.8,Planning
AI_USR138,Org-Epsilon-Team1,Org-Epsilon,2026-03-17,11,3.1,Debugging
AI_USR138,Org-Epsilon-Team1,Org-Epsilon,2026-03-18,2,3.6,Debugging
AI_USR138,Org-Epsilon-Team1,Org-Epsilon,2026-03-19,8,2.3,Debugging
AI_USR138,Org-Epsilon-Team1,Org-Epsilon,2026-03-20,12,2.7,Data Query
AI_USR138,Org-Epsilon-Team1,Org-Epsilon,2026-03-21,13,2.0,Debugging
AI_USR138,Org-Epsilon-Team1,Org-Epsilon,2026-03-22,10,1.9,Data Query
AI_USR138,Org-Epsilon-Team1,Org-Epsilon,2026-03-25,7,2.5,Code Generation
AI_USR138,Org-Epsilon-Team1,Org-Epsilon,2026-03-26,2,3.4,Code Generation
AI_USR138,Org-Epsilon-Team1,Org-Epsilon,2026-03-27,14,3.3,Code Generation
AI_USR138,Org-Epsilon-Team1,Org-Epsilon,2026-03-28,9,2.0,Debugging
AI_USR138,Org-Epsilon-Team1,Org-Epsilon,2026-03-30,3,3.8,Planning
AI_USR139,Org-Delta-Team3,Org-Delta,2026-01-01,14,6.4,Code Generation
AI_USR139,Org-Delta-Team3,Org-Delta,2026-01-02,15,5.6,Documentation
AI_USR139,Org-Delta-Team3,Org-Delta,2026-01-03,10,6.1,Code Generation
AI_USR139,Org-Delta-Team3,Org-Delta,2026-01-05,16,6.4,Code Generation
AI_USR139,Org-Delta-Team3,Org-Delta,2026-01-06,11,5.9,Summarization
AI_USR139,Org-Delta-Team3,Org-Delta,2026-01-07,5,5.9,Debugging
AI_USR139,Org-Delta-Team3,Org-Delta,2026-01-09,17,6.1,Documentation
AI_USR139,Org-Delta-Team3,Org-Delta,2026-01-10,12,6.7,Code Generation
AI_USR139,Org-Delta-Team3,Org-Delta,2026-01-13,9,5.7,Documentation
AI_USR139,Org-Delta-Team3,Org-Delta,2026-01-16,19,5.6,Debugging
AI_USR139,Org-Delta-Team3,Org-Delta,2026-01-18,9,6.9,Documentation
AI_USR139,Org-Delta-Team3,Org-Delta,2026-01-20,1,6.5,Planning
AI_USR139,Org-Delta-Team3,Org-Delta,2026-01-23,13,5.7,Documentation
AI_USR139,Org-Delta-Team3,Org-Delta,2026-01-24,1,7.0,Data Query
AI_USR139,Org-Delta-Team3,Org-Delta,2026-01-25,15,7.2,Code Generation
AI_USR139,Org-Delta-Team3,Org-Delta,2026-01-27,15,7.3,Code Generation
AI_USR139,Org-Delta-Team3,Org-Delta,2026-01-28,7,7.4,Debugging
AI_USR139,Org-Delta-Team3,Org-Delta,2026-01-29,18,5.8,Data Query
AI_USR139,Org-Delta-Team3,Org-Delta,2026-01-30,19,5.7,Code Generation
AI_USR139,Org-Delta-Team3,Org-Delta,2026-02-01,11,6.5,Documentation
AI_USR139,Org-Delta-Team3,Org-Delta,2026-02-02,2,5.7,Planning
AI_USR139,Org-Delta-Team3,Org-Delta,2026-02-03,6,7.2,Summarization
AI_USR139,Org-Delta-Team3,Org-Delta,2026-02-05,6,6.3,Data Query
AI_USR139,Org-Delta-Team3,Org-Delta,2026-02-06,19,6.6,Code Generation
AI_USR139,Org-Delta-Team3,Org-Delta,2026-02-08,10,6.9,Documentation
AI_USR139,Org-Delta-Team3,Org-Delta,2026-02-10,17,6.1,Code Generation
AI_USR139,Org-Delta-Team3,Org-Delta,2026-02-11,16,7.5,Debugging
AI_USR139,Org-Delta-Team3,Org-Delta,2026-02-12,19,6.7,Code Generation
AI_USR139,Org-Delta-Team3,Org-Delta,2026-02-15,16,7.7,Data Query
AI_USR139,Org-Delta-Team3,Org-Delta,2026-02-16,2,7.4,Data Query
AI_USR139,Org-Delta-Team3,Org-Delta,2026-02-18,2,7.3,Code Generation
AI_USR139,Org-Delta-Team3,Org-Delta,2026-02-19,11,6.5,Debugging
AI_USR139,Org-Delta-Team3,Org-Delta,2026-02-20,11,6.7,Data Query
AI_USR139,Org-Delta-Team3,Org-Delta,2026-02-21,2,6.9,Debugging
AI_USR139,Org-Delta-Team3,Org-Delta,2026-02-27,14,7.3,Documentation
AI_USR139,Org-Delta-Team3,Org-Delta,2026-03-02,20,7.5,Documentation
AI_USR139,Org-Delta-Team3,Org-Delta,2026-03-04,4,7.0,Planning
AI_USR139,Org-Delta-Team3,Org-Delta,2026-03-05,3,7.6,Planning
AI_USR139,Org-Delta-Team3,Org-Delta,2026-03-06,6,6.7,Data Query
AI_USR139,Org-Delta-Team3,Org-Delta,2026-03-09,5,7.0,Planning
AI_USR139,Org-Delta-Team3,Org-Delta,2026-03-12,3,8.1,Code Generation
AI_USR139,Org-Delta-Team3,Org-Delta,2026-03-13,13,7.8,Code Generation
AI_USR139,Org-Delta-Team3,Org-Delta,2026-03-16,5,7.1,Debugging
AI_USR139,Org-Delta-Team3,Org-Delta,2026-03-17,15,6.9,Documentation
AI_USR139,Org-Delta-Team3,Org-Delta,2026-03-18,12,7.6,Code Generation
AI_USR139,Org-Delta-Team3,Org-Delta,2026-03-19,13,7.7,Documentation
AI_USR139,Org-Delta-Team3,Org-Delta,2026-03-21,14,7.0,Planning
AI_USR139,Org-Delta-Team3,Org-Delta,2026-03-22,7,7.7,Documentation
AI_USR139,Org-Delta-Team3,Org-Delta,2026-03-24,8,7.0,Data Query
AI_USR139,Org-Delta-Team3,Org-Delta,2026-03-25,16,8.6,Debugging
AI_USR139,Org-Delta-Team3,Org-Delta,2026-03-26,10,8.4,Planning
AI_USR139,Org-Delta-Team3,Org-Delta,2026-03-27,7,7.7,Code Generation
AI_USR139,Org-Delta-Team3,Org-Delta,2026-03-28,17,7.4,Planning
AI_USR139,Org-Delta-Team3,Org-Delta,2026-03-29,9,8.8,Summarization
AI_USR139,Org-Delta-Team3,Org-Delta,2026-03-30,11,8.2,Summarization
AI_USR140,Org-Alpha-Team4,Org-Alpha,2026-01-01,15,4.3,Code Generation
AI_USR140,Org-Alpha-Team4,Org-Alpha,2026-01-03,4,4.9,Debugging
AI_USR140,Org-Alpha-Team4,Org-Alpha,2026-01-04,18,3.8,Documentation
AI_USR140,Org-Alpha-Team4,Org-Alpha,2026-01-05,8,4.2,Data Query
AI_USR140,Org-Alpha-Team4,Org-Alpha,2026-01-06,19,3.8,Documentation
AI_USR140,Org-Alpha-Team4,Org-Alpha,2026-01-07,20,4.8,Code Generation
AI_USR140,Org-Alpha-Team4,Org-Alpha,2026-01-08,2,4.9,Planning
AI_USR140,Org-Alpha-Team4,Org-Alpha,2026-01-12,11,3.9,Documentation
AI_USR140,Org-Alpha-Team4,Org-Alpha,2026-01-14,17,5.4,Summarization
AI_USR140,Org-Alpha-Team4,Org-Alpha,2026-01-15,17,4.3,Debugging
AI_USR140,Org-Alpha-Team4,Org-Alpha,2026-01-17,15,4.0,Summarization
AI_USR140,Org-Alpha-Team4,Org-Alpha,2026-01-18,14,4.4,Debugging
AI_USR140,Org-Alpha-Team4,Org-Alpha,2026-01-19,7,4.4,Documentation
AI_USR140,Org-Alpha-Team4,Org-Alpha,2026-01-21,13,4.6,Data Query
AI_USR140,Org-Alpha-Team4,Org-Alpha,2026-01-22,10,4.7,Code Generation
AI_USR140,Org-Alpha-Team4,Org-Alpha,2026-01-23,3,5.1,Data Query
AI_USR140,Org-Alpha-Team4,Org-Alpha,2026-01-25,2,5.9,Planning
AI_USR140,Org-Alpha-Team4,Org-Alpha,2026-01-26,16,4.5,Summarization
AI_USR140,Org-Alpha-Team4,Org-Alpha,2026-01-27,14,6.1,Data Query
AI_USR140,Org-Alpha-Team4,Org-Alpha,2026-01-28,14,5.9,Summarization
AI_USR140,Org-Alpha-Team4,Org-Alpha,2026-01-29,20,6.1,Code Generation
AI_USR140,Org-Alpha-Team4,Org-Alpha,2026-01-30,16,6.1,Documentation
AI_USR140,Org-Alpha-Team4,Org-Alpha,2026-02-01,13,6.3,Data Query
AI_USR140,Org-Alpha-Team4,Org-Alpha,2026-02-02,14,6.1,Planning
AI_USR140,Org-Alpha-Team4,Org-Alpha,2026-02-03,13,6.1,Debugging
AI_USR140,Org-Alpha-Team4,Org-Alpha,2026-02-05,16,5.3,Documentation
AI_USR140,Org-Alpha-Team4,Org-Alpha,2026-02-09,5,5.4,Planning
AI_USR140,Org-Alpha-Team4,Org-Alpha,2026-02-10,16,5.9,Summarization
AI_USR140,Org-Alpha-Team4,Org-Alpha,2026-02-11,11,6.4,Data Query
AI_USR140,Org-Alpha-Team4,Org-Alpha,2026-02-12,18,6.1,Planning
AI_USR140,Org-Alpha-Team4,Org-Alpha,2026-02-13,20,5.5,Planning
AI_USR140,Org-Alpha-Team4,Org-Alpha,2026-02-14,5,5.3,Debugging
AI_USR140,Org-Alpha-Team4,Org-Alpha,2026-02-16,20,5.9,Code Generation
AI_USR140,Org-Alpha-Team4,Org-Alpha,2026-02-19,5,5.4,Debugging
AI_USR140,Org-Alpha-Team4,Org-Alpha,2026-02-20,18,5.9,Debugging
AI_USR140,Org-Alpha-Team4,Org-Alpha,2026-02-22,20,5.5,Summarization
AI_USR140,Org-Alpha-Team4,Org-Alpha,2026-02-23,20,6.9,Debugging
AI_USR140,Org-Alpha-Team4,Org-Alpha,2026-02-25,12,6.5,Documentation
AI_USR140,Org-Alpha-Team4,Org-Alpha,2026-02-26,9,5.4,Documentation
AI_USR140,Org-Alpha-Team4,Org-Alpha,2026-02-28,18,7.3,Summarization
AI_USR140,Org-Alpha-Team4,Org-Alpha,2026-03-01,7,5.5,Planning
AI_USR140,Org-Alpha-Team4,Org-Alpha,2026-03-02,20,6.7,Summarization
AI_USR140,Org-Alpha-Team4,Org-Alpha,2026-03-04,14,5.7,Code Generation
AI_USR140,Org-Alpha-Team4,Org-Alpha,2026-03-05,15,6.1,Debugging
AI_USR140,Org-Alpha-Team4,Org-Alpha,2026-03-06,9,6.1,Debugging
AI_USR140,Org-Alpha-Team4,Org-Alpha,2026-03-08,5,7.3,Code Generation
AI_USR140,Org-Alpha-Team4,Org-Alpha,2026-03-09,11,6.1,Code Generation
AI_USR140,Org-Alpha-Team4,Org-Alpha,2026-03-11,2,7.4,Debugging
AI_USR140,Org-Alpha-Team4,Org-Alpha,2026-03-14,17,6.9,Documentation
AI_USR140,Org-Alpha-Team4,Org-Alpha,2026-03-15,13,6.6,Code Generation
AI_USR140,Org-Alpha-Team4,Org-Alpha,2026-03-16,4,6.8,Summarization
AI_USR140,Org-Alpha-Team4,Org-Alpha,2026-03-17,8,7.6,Data Query
AI_USR140,Org-Alpha-Team4,Org-Alpha,2026-03-18,15,6.9,Debugging
AI_USR140,Org-Alpha-Team4,Org-Alpha,2026-03-21,16,6.1,Debugging
AI_USR140,Org-Alpha-Team4,Org-Alpha,2026-03-22,15,7.5,Code Generation
AI_USR140,Org-Alpha-Team4,Org-Alpha,2026-03-23,5,7.7,Planning
AI_USR140,Org-Alpha-Team4,Org-Alpha,2026-03-24,13,7.4,Summarization
AI_USR140,Org-Alpha-Team4,Org-Alpha,2026-03-27,10,7.5,Code Generation
AI_USR140,Org-Alpha-Team4,Org-Alpha,2026-03-28,10,6.9,Code Generation
AI_USR140,Org-Alpha-Team4,Org-Alpha,2026-03-29,6,8.3,Summarization
AI_USR140,Org-Alpha-Team4,Org-Alpha,2026-03-30,9,6.4,Code Generation
AI_USR140,Org-Alpha-Team4,Org-Alpha,2026-03-31,4,8.3,Debugging
AI_USR141,Org-Delta-Team3,Org-Delta,2026-01-01,12,6.9,Debugging
AI_USR141,Org-Delta-Team3,Org-Delta,2026-01-02,7,7.1,Planning
AI_USR141,Org-Delta-Team3,Org-Delta,2026-01-04,6,6.3,Summarization
AI_USR141,Org-Delta-Team3,Org-Delta,2026-01-05,11,6.3,Summarization
AI_USR141,Org-Delta-Team3,Org-Delta,2026-01-06,20,6.3,Debugging
AI_USR141,Org-Delta-Team3,Org-Delta,2026-01-07,14,7.3,Documentation
AI_USR141,Org-Delta-Team3,Org-Delta,2026-01-08,14,7.6,Data Query
AI_USR141,Org-Delta-Team3,Org-Delta,2026-01-09,16,5.9,Documentation
AI_USR141,Org-Delta-Team3,Org-Delta,2026-01-10,6,7.4,Planning
AI_USR141,Org-Delta-Team3,Org-Delta,2026-01-11,13,6.2,Code Generation
AI_USR141,Org-Delta-Team3,Org-Delta,2026-01-15,4,6.4,Documentation
AI_USR141,Org-Delta-Team3,Org-Delta,2026-01-16,1,5.9,Documentation
AI_USR141,Org-Delta-Team3,Org-Delta,2026-01-17,11,6.1,Planning
AI_USR141,Org-Delta-Team3,Org-Delta,2026-01-21,2,7.3,Planning
AI_USR141,Org-Delta-Team3,Org-Delta,2026-01-26,8,7.4,Planning
AI_USR141,Org-Delta-Team3,Org-Delta,2026-01-27,18,5.9,Summarization
AI_USR141,Org-Delta-Team3,Org-Delta,2026-02-02,6,7.6,Planning
AI_USR141,Org-Delta-Team3,Org-Delta,2026-02-03,3,6.0,Code Generation
AI_USR141,Org-Delta-Team3,Org-Delta,2026-02-05,9,6.6,Code Generation
AI_USR141,Org-Delta-Team3,Org-Delta,2026-02-06,10,7.1,Debugging
AI_USR141,Org-Delta-Team3,Org-Delta,2026-02-07,14,6.3,Planning
AI_USR141,Org-Delta-Team3,Org-Delta,2026-02-10,1,6.1,Code Generation
AI_USR141,Org-Delta-Team3,Org-Delta,2026-02-11,10,7.7,Documentation
AI_USR141,Org-Delta-Team3,Org-Delta,2026-02-12,8,6.0,Planning
AI_USR141,Org-Delta-Team3,Org-Delta,2026-02-13,11,6.7,Debugging
AI_USR141,Org-Delta-Team3,Org-Delta,2026-02-14,15,7.2,Planning
AI_USR141,Org-Delta-Team3,Org-Delta,2026-02-15,14,6.6,Data Query
AI_USR141,Org-Delta-Team3,Org-Delta,2026-02-16,5,6.8,Data Query
AI_USR141,Org-Delta-Team3,Org-Delta,2026-02-17,20,6.2,Code Generation
AI_USR141,Org-Delta-Team3,Org-Delta,2026-02-19,2,7.2,Data Query
AI_USR141,Org-Delta-Team3,Org-Delta,2026-02-22,12,6.2,Planning
AI_USR141,Org-Delta-Team3,Org-Delta,2026-02-24,13,6.5,Summarization
AI_USR141,Org-Delta-Team3,Org-Delta,2026-02-25,4,6.3,Data Query
AI_USR141,Org-Delta-Team3,Org-Delta,2026-02-26,1,7.5,Planning
AI_USR141,Org-Delta-Team3,Org-Delta,2026-02-27,13,7.0,Debugging
AI_USR141,Org-Delta-Team3,Org-Delta,2026-03-01,10,7.3,Code Generation
AI_USR141,Org-Delta-Team3,Org-Delta,2026-03-03,6,7.5,Code Generation
AI_USR141,Org-Delta-Team3,Org-Delta,2026-03-06,18,7.6,Data Query
AI_USR141,Org-Delta-Team3,Org-Delta,2026-03-07,12,7.2,Data Query
AI_USR141,Org-Delta-Team3,Org-Delta,2026-03-09,17,7.8,Planning
AI_USR141,Org-Delta-Team3,Org-Delta,2026-03-10,12,7.3,Debugging
AI_USR141,Org-Delta-Team3,Org-Delta,2026-03-12,19,7.5,Data Query
AI_USR141,Org-Delta-Team3,Org-Delta,2026-03-13,9,6.4,Documentation
AI_USR141,Org-Delta-Team3,Org-Delta,2026-03-14,15,7.4,Debugging
AI_USR141,Org-Delta-Team3,Org-Delta,2026-03-15,15,7.8,Code Generation
AI_USR141,Org-Delta-Team3,Org-Delta,2026-03-17,2,7.1,Summarization
AI_USR141,Org-Delta-Team3,Org-Delta,2026-03-19,8,8.0,Debugging
AI_USR141,Org-Delta-Team3,Org-Delta,2026-03-21,10,6.8,Documentation
AI_USR141,Org-Delta-Team3,Org-Delta,2026-03-22,11,7.7,Documentation
AI_USR141,Org-Delta-Team3,Org-Delta,2026-03-25,1,6.3,Code Generation
AI_USR141,Org-Delta-Team3,Org-Delta,2026-03-26,18,7.1,Summarization
AI_USR141,Org-Delta-Team3,Org-Delta,2026-03-27,1,6.2,Documentation
AI_USR141,Org-Delta-Team3,Org-Delta,2026-03-29,11,6.5,Code Generation
AI_USR141,Org-Delta-Team3,Org-Delta,2026-03-31,12,6.3,Planning
AI_USR142,Org-Gamma-Team3,Org-Gamma,2026-01-01,16,4.7,Planning
AI_USR142,Org-Gamma-Team3,Org-Gamma,2026-01-02,7,4.1,Documentation
AI_USR142,Org-Gamma-Team3,Org-Gamma,2026-01-04,4,5.8,Code Generation
AI_USR142,Org-Gamma-Team3,Org-Gamma,2026-01-05,6,4.6,Documentation
AI_USR142,Org-Gamma-Team3,Org-Gamma,2026-01-06,9,5.0,Code Generation
AI_USR142,Org-Gamma-Team3,Org-Gamma,2026-01-07,6,4.8,Debugging
AI_USR142,Org-Gamma-Team3,Org-Gamma,2026-01-08,16,5.6,Planning
AI_USR142,Org-Gamma-Team3,Org-Gamma,2026-01-09,8,4.3,Summarization
AI_USR142,Org-Gamma-Team3,Org-Gamma,2026-01-11,9,5.9,Debugging
AI_USR142,Org-Gamma-Team3,Org-Gamma,2026-01-13,15,5.7,Code Generation
AI_USR142,Org-Gamma-Team3,Org-Gamma,2026-01-14,8,5.2,Documentation
AI_USR142,Org-Gamma-Team3,Org-Gamma,2026-01-15,13,4.8,Documentation
AI_USR142,Org-Gamma-Team3,Org-Gamma,2026-01-16,5,5.4,Debugging
AI_USR142,Org-Gamma-Team3,Org-Gamma,2026-01-17,7,4.2,Summarization
AI_USR142,Org-Gamma-Team3,Org-Gamma,2026-01-18,1,4.8,Code Generation
AI_USR142,Org-Gamma-Team3,Org-Gamma,2026-01-19,16,6.0,Data Query
AI_USR142,Org-Gamma-Team3,Org-Gamma,2026-01-22,12,4.8,Summarization
AI_USR142,Org-Gamma-Team3,Org-Gamma,2026-01-23,10,4.8,Planning
AI_USR142,Org-Gamma-Team3,Org-Gamma,2026-01-24,16,4.8,Debugging
AI_USR142,Org-Gamma-Team3,Org-Gamma,2026-01-25,9,5.8,Data Query
AI_USR142,Org-Gamma-Team3,Org-Gamma,2026-01-26,20,5.1,Data Query
AI_USR142,Org-Gamma-Team3,Org-Gamma,2026-01-28,8,4.2,Data Query
AI_USR142,Org-Gamma-Team3,Org-Gamma,2026-01-29,2,5.1,Documentation
AI_USR142,Org-Gamma-Team3,Org-Gamma,2026-01-30,6,4.2,Planning
AI_USR142,Org-Gamma-Team3,Org-Gamma,2026-01-31,14,5.7,Documentation
AI_USR142,Org-Gamma-Team3,Org-Gamma,2026-02-01,13,5.8,Debugging
AI_USR142,Org-Gamma-Team3,Org-Gamma,2026-02-02,17,5.8,Documentation
AI_USR142,Org-Gamma-Team3,Org-Gamma,2026-02-03,10,5.5,Data Query
AI_USR142,Org-Gamma-Team3,Org-Gamma,2026-02-04,2,5.7,Data Query
AI_USR142,Org-Gamma-Team3,Org-Gamma,2026-02-05,11,4.6,Data Query
AI_USR142,Org-Gamma-Team3,Org-Gamma,2026-02-06,4,4.9,Summarization
AI_USR142,Org-Gamma-Team3,Org-Gamma,2026-02-08,2,6.1,Data Query
AI_USR142,Org-Gamma-Team3,Org-Gamma,2026-02-09,16,5.4,Documentation
AI_USR142,Org-Gamma-Team3,Org-Gamma,2026-02-10,7,5.5,Planning
AI_USR142,Org-Gamma-Team3,Org-Gamma,2026-02-12,19,5.7,Data Query
AI_USR142,Org-Gamma-Team3,Org-Gamma,2026-02-13,15,6.3,Code Generation
AI_USR142,Org-Gamma-Team3,Org-Gamma,2026-02-14,2,4.7,Documentation
AI_USR142,Org-Gamma-Team3,Org-Gamma,2026-02-15,16,4.4,Summarization
AI_USR142,Org-Gamma-Team3,Org-Gamma,2026-02-16,8,4.5,Debugging
AI_USR142,Org-Gamma-Team3,Org-Gamma,2026-02-18,13,4.4,Documentation
AI_USR142,Org-Gamma-Team3,Org-Gamma,2026-02-20,10,5.8,Planning
AI_USR142,Org-Gamma-Team3,Org-Gamma,2026-02-22,6,5.4,Summarization
AI_USR142,Org-Gamma-Team3,Org-Gamma,2026-02-23,4,6.3,Data Query
AI_USR142,Org-Gamma-Team3,Org-Gamma,2026-02-26,8,5.9,Summarization
AI_USR142,Org-Gamma-Team3,Org-Gamma,2026-02-27,19,5.5,Data Query
AI_USR142,Org-Gamma-Team3,Org-Gamma,2026-02-28,7,4.7,Code Generation
AI_USR142,Org-Gamma-Team3,Org-Gamma,2026-03-01,20,4.8,Debugging
AI_USR142,Org-Gamma-Team3,Org-Gamma,2026-03-02,3,6.2,Data Query
AI_USR142,Org-Gamma-Team3,Org-Gamma,2026-03-05,11,5.8,Data Query
AI_USR142,Org-Gamma-Team3,Org-Gamma,2026-03-06,16,4.7,Data Query
AI_USR142,Org-Gamma-Team3,Org-Gamma,2026-03-10,14,6.2,Summarization
AI_USR142,Org-Gamma-Team3,Org-Gamma,2026-03-12,11,6.5,Summarization
AI_USR142,Org-Gamma-Team3,Org-Gamma,2026-03-14,13,5.1,Planning
AI_USR142,Org-Gamma-Team3,Org-Gamma,2026-03-15,10,5.8,Documentation
AI_USR142,Org-Gamma-Team3,Org-Gamma,2026-03-16,9,6.0,Summarization
AI_USR142,Org-Gamma-Team3,Org-Gamma,2026-03-21,1,4.8,Summarization
AI_USR142,Org-Gamma-Team3,Org-Gamma,2026-03-23,8,6.1,Debugging
AI_USR142,Org-Gamma-Team3,Org-Gamma,2026-03-24,1,5.1,Summarization
AI_USR142,Org-Gamma-Team3,Org-Gamma,2026-03-25,5,5.8,Planning
AI_USR142,Org-Gamma-Team3,Org-Gamma,2026-03-26,5,6.4,Summarization
AI_USR142,Org-Gamma-Team3,Org-Gamma,2026-03-28,11,4.8,Data Query
AI_USR142,Org-Gamma-Team3,Org-Gamma,2026-03-30,6,5.4,Data Query
AI_USR142,Org-Gamma-Team3,Org-Gamma,2026-03-31,7,6.2,Data Query
AI_USR143,Org-Epsilon-Team1,Org-Epsilon,2026-01-02,19,2.4,Summarization
AI_USR143,Org-Epsilon-Team1,Org-Epsilon,2026-01-03,13,4.2,Planning
AI_USR143,Org-Epsilon-Team1,Org-Epsilon,2026-01-04,13,3.7,Summarization
AI_USR143,Org-Epsilon-Team1,Org-Epsilon,2026-01-06,15,4.0,Code Generation
AI_USR143,Org-Epsilon-Team1,Org-Epsilon,2026-01-08,6,3.1,Summarization
AI_USR143,Org-Epsilon-Team1,Org-Epsilon,2026-01-10,4,3.0,Data Query
AI_USR143,Org-Epsilon-Team1,Org-Epsilon,2026-01-11,3,4.2,Documentation
AI_USR143,Org-Epsilon-Team1,Org-Epsilon,2026-01-12,3,3.8,Planning
AI_USR143,Org-Epsilon-Team1,Org-Epsilon,2026-01-13,16,3.3,Debugging
AI_USR143,Org-Epsilon-Team1,Org-Epsilon,2026-01-16,7,4.4,Data Query
AI_USR143,Org-Epsilon-Team1,Org-Epsilon,2026-01-17,3,3.9,Planning
AI_USR143,Org-Epsilon-Team1,Org-Epsilon,2026-01-18,8,4.3,Data Query
AI_USR143,Org-Epsilon-Team1,Org-Epsilon,2026-01-21,13,2.9,Summarization
AI_USR143,Org-Epsilon-Team1,Org-Epsilon,2026-01-23,8,4.5,Data Query
AI_USR143,Org-Epsilon-Team1,Org-Epsilon,2026-01-25,6,4.9,Code Generation
AI_USR143,Org-Epsilon-Team1,Org-Epsilon,2026-01-28,12,4.4,Debugging
AI_USR143,Org-Epsilon-Team1,Org-Epsilon,2026-01-29,6,3.1,Code Generation
AI_USR143,Org-Epsilon-Team1,Org-Epsilon,2026-01-31,2,3.6,Data Query
AI_USR143,Org-Epsilon-Team1,Org-Epsilon,2026-02-01,10,5.1,Debugging
AI_USR143,Org-Epsilon-Team1,Org-Epsilon,2026-02-02,10,4.4,Summarization
AI_USR143,Org-Epsilon-Team1,Org-Epsilon,2026-02-04,2,4.7,Documentation
AI_USR143,Org-Epsilon-Team1,Org-Epsilon,2026-02-05,16,3.6,Documentation
AI_USR143,Org-Epsilon-Team1,Org-Epsilon,2026-02-06,17,4.7,Code Generation
AI_USR143,Org-Epsilon-Team1,Org-Epsilon,2026-02-08,3,4.0,Documentation
AI_USR143,Org-Epsilon-Team1,Org-Epsilon,2026-02-09,14,4.0,Planning
AI_USR143,Org-Epsilon-Team1,Org-Epsilon,2026-02-10,15,3.8,Code Generation
AI_USR143,Org-Epsilon-Team1,Org-Epsilon,2026-02-11,1,5.2,Code Generation
AI_USR143,Org-Epsilon-Team1,Org-Epsilon,2026-02-13,9,4.3,Summarization
AI_USR143,Org-Epsilon-Team1,Org-Epsilon,2026-02-14,5,4.6,Data Query
AI_USR143,Org-Epsilon-Team1,Org-Epsilon,2026-02-15,11,4.7,Summarization
AI_USR143,Org-Epsilon-Team1,Org-Epsilon,2026-02-16,5,4.0,Data Query
AI_USR143,Org-Epsilon-Team1,Org-Epsilon,2026-02-17,19,4.6,Summarization
AI_USR143,Org-Epsilon-Team1,Org-Epsilon,2026-02-18,13,3.9,Code Generation
AI_USR143,Org-Epsilon-Team1,Org-Epsilon,2026-02-19,2,4.7,Documentation
AI_USR143,Org-Epsilon-Team1,Org-Epsilon,2026-02-21,1,5.1,Summarization
AI_USR143,Org-Epsilon-Team1,Org-Epsilon,2026-02-23,20,5.1,Documentation
AI_USR143,Org-Epsilon-Team1,Org-Epsilon,2026-02-25,12,4.8,Code Generation
AI_USR143,Org-Epsilon-Team1,Org-Epsilon,2026-02-28,16,4.4,Planning
AI_USR143,Org-Epsilon-Team1,Org-Epsilon,2026-03-05,1,5.8,Planning
AI_USR143,Org-Epsilon-Team1,Org-Epsilon,2026-03-06,13,5.6,Debugging
AI_USR143,Org-Epsilon-Team1,Org-Epsilon,2026-03-08,8,5.4,Documentation
AI_USR143,Org-Epsilon-Team1,Org-Epsilon,2026-03-09,17,4.4,Data Query
AI_USR143,Org-Epsilon-Team1,Org-Epsilon,2026-03-11,5,5.2,Planning
AI_USR143,Org-Epsilon-Team1,Org-Epsilon,2026-03-13,16,5.3,Summarization
AI_USR143,Org-Epsilon-Team1,Org-Epsilon,2026-03-14,12,4.5,Planning
AI_USR143,Org-Epsilon-Team1,Org-Epsilon,2026-03-15,12,4.6,Code Generation
AI_USR143,Org-Epsilon-Team1,Org-Epsilon,2026-03-16,20,5.8,Summarization
AI_USR143,Org-Epsilon-Team1,Org-Epsilon,2026-03-17,16,5.5,Documentation
AI_USR143,Org-Epsilon-Team1,Org-Epsilon,2026-03-19,18,4.8,Debugging
AI_USR143,Org-Epsilon-Team1,Org-Epsilon,2026-03-21,12,5.8,Debugging
AI_USR143,Org-Epsilon-Team1,Org-Epsilon,2026-03-22,17,6.6,Planning
AI_USR143,Org-Epsilon-Team1,Org-Epsilon,2026-03-25,19,5.1,Code Generation
AI_USR143,Org-Epsilon-Team1,Org-Epsilon,2026-03-27,19,6.5,Planning
AI_USR143,Org-Epsilon-Team1,Org-Epsilon,2026-03-28,3,6.4,Data Query
AI_USR143,Org-Epsilon-Team1,Org-Epsilon,2026-03-29,16,6.2,Code Generation
AI_USR143,Org-Epsilon-Team1,Org-Epsilon,2026-03-30,16,7.0,Planning
AI_USR144,Org-Gamma-Team1,Org-Gamma,2026-01-01,8,7.2,Summarization
AI_USR144,Org-Gamma-Team1,Org-Gamma,2026-01-04,9,7.9,Documentation
AI_USR144,Org-Gamma-Team1,Org-Gamma,2026-01-05,5,7.3,Summarization
AI_USR144,Org-Gamma-Team1,Org-Gamma,2026-01-06,9,8.2,Code Generation
AI_USR144,Org-Gamma-Team1,Org-Gamma,2026-01-08,17,7.8,Summarization
AI_USR144,Org-Gamma-Team1,Org-Gamma,2026-01-12,6,8.7,Documentation
AI_USR144,Org-Gamma-Team1,Org-Gamma,2026-01-14,9,7.0,Planning
AI_USR144,Org-Gamma-Team1,Org-Gamma,2026-01-16,17,7.4,Code Generation
AI_USR144,Org-Gamma-Team1,Org-Gamma,2026-01-17,7,8.5,Debugging
AI_USR144,Org-Gamma-Team1,Org-Gamma,2026-01-19,14,8.9,Debugging
AI_USR144,Org-Gamma-Team1,Org-Gamma,2026-01-21,7,8.0,Summarization
AI_USR144,Org-Gamma-Team1,Org-Gamma,2026-01-22,6,7.2,Planning
AI_USR144,Org-Gamma-Team1,Org-Gamma,2026-01-23,12,7.2,Planning
AI_USR144,Org-Gamma-Team1,Org-Gamma,2026-01-24,16,7.3,Debugging
AI_USR144,Org-Gamma-Team1,Org-Gamma,2026-01-26,19,7.3,Data Query
AI_USR144,Org-Gamma-Team1,Org-Gamma,2026-01-27,2,8.2,Code Generation
AI_USR144,Org-Gamma-Team1,Org-Gamma,2026-01-28,3,8.1,Documentation
AI_USR144,Org-Gamma-Team1,Org-Gamma,2026-01-30,4,8.9,Planning
AI_USR144,Org-Gamma-Team1,Org-Gamma,2026-02-03,11,7.6,Data Query
AI_USR144,Org-Gamma-Team1,Org-Gamma,2026-02-05,3,8.2,Summarization
AI_USR144,Org-Gamma-Team1,Org-Gamma,2026-02-08,15,7.8,Planning
AI_USR144,Org-Gamma-Team1,Org-Gamma,2026-02-09,11,8.9,Data Query
AI_USR144,Org-Gamma-Team1,Org-Gamma,2026-02-10,20,8.0,Debugging
AI_USR144,Org-Gamma-Team1,Org-Gamma,2026-02-13,4,8.6,Code Generation
AI_USR144,Org-Gamma-Team1,Org-Gamma,2026-02-14,17,8.8,Planning
AI_USR144,Org-Gamma-Team1,Org-Gamma,2026-02-15,3,8.5,Code Generation
AI_USR144,Org-Gamma-Team1,Org-Gamma,2026-02-17,13,9.1,Documentation
AI_USR144,Org-Gamma-Team1,Org-Gamma,2026-02-19,5,8.4,Code Generation
AI_USR144,Org-Gamma-Team1,Org-Gamma,2026-02-20,11,9.1,Debugging
AI_USR144,Org-Gamma-Team1,Org-Gamma,2026-02-22,10,9.5,Data Query
AI_USR144,Org-Gamma-Team1,Org-Gamma,2026-02-24,7,9.9,Planning
AI_USR144,Org-Gamma-Team1,Org-Gamma,2026-02-25,2,9.2,Planning
AI_USR144,Org-Gamma-Team1,Org-Gamma,2026-02-26,2,8.8,Summarization
AI_USR144,Org-Gamma-Team1,Org-Gamma,2026-02-27,16,9.0,Documentation
AI_USR144,Org-Gamma-Team1,Org-Gamma,2026-03-01,3,9.1,Debugging
AI_USR144,Org-Gamma-Team1,Org-Gamma,2026-03-02,5,8.7,Debugging
AI_USR144,Org-Gamma-Team1,Org-Gamma,2026-03-03,18,10.0,Documentation
AI_USR144,Org-Gamma-Team1,Org-Gamma,2026-03-04,2,9.9,Debugging
AI_USR144,Org-Gamma-Team1,Org-Gamma,2026-03-05,14,9.4,Documentation
AI_USR144,Org-Gamma-Team1,Org-Gamma,2026-03-06,9,8.8,Summarization
AI_USR144,Org-Gamma-Team1,Org-Gamma,2026-03-07,10,10.0,Debugging
AI_USR144,Org-Gamma-Team1,Org-Gamma,2026-03-09,10,10.0,Planning
AI_USR144,Org-Gamma-Team1,Org-Gamma,2026-03-10,11,9.9,Documentation
AI_USR144,Org-Gamma-Team1,Org-Gamma,2026-03-12,2,9.2,Planning
AI_USR144,Org-Gamma-Team1,Org-Gamma,2026-03-13,8,10.0,Debugging
AI_USR144,Org-Gamma-Team1,Org-Gamma,2026-03-14,7,10.0,Summarization
AI_USR144,Org-Gamma-Team1,Org-Gamma,2026-03-15,6,10.0,Summarization
AI_USR144,Org-Gamma-Team1,Org-Gamma,2026-03-16,10,9.5,Summarization
AI_USR144,Org-Gamma-Team1,Org-Gamma,2026-03-17,12,8.8,Debugging
AI_USR144,Org-Gamma-Team1,Org-Gamma,2026-03-19,1,10.0,Planning
AI_USR144,Org-Gamma-Team1,Org-Gamma,2026-03-20,9,10.0,Planning
AI_USR144,Org-Gamma-Team1,Org-Gamma,2026-03-21,7,9.8,Code Generation
AI_USR144,Org-Gamma-Team1,Org-Gamma,2026-03-23,11,9.2,Summarization
AI_USR144,Org-Gamma-Team1,Org-Gamma,2026-03-27,8,10.0,Documentation
AI_USR144,Org-Gamma-Team1,Org-Gamma,2026-03-28,5,9.5,Documentation
AI_USR144,Org-Gamma-Team1,Org-Gamma,2026-03-29,14,10.0,Planning
AI_USR144,Org-Gamma-Team1,Org-Gamma,2026-03-31,11,9.3,Debugging
AI_USR145,Org-Alpha-Team1,Org-Alpha,2026-01-01,13,3.5,Debugging
AI_USR145,Org-Alpha-Team1,Org-Alpha,2026-01-02,15,2.7,Debugging
AI_USR145,Org-Alpha-Team1,Org-Alpha,2026-01-04,13,2.6,Summarization
AI_USR145,Org-Alpha-Team1,Org-Alpha,2026-01-09,20,3.1,Data Query
AI_USR145,Org-Alpha-Team1,Org-Alpha,2026-01-14,16,3.7,Data Query
AI_USR145,Org-Alpha-Team1,Org-Alpha,2026-01-15,13,3.6,Data Query
AI_USR145,Org-Alpha-Team1,Org-Alpha,2026-01-16,7,3.6,Summarization
AI_USR145,Org-Alpha-Team1,Org-Alpha,2026-01-19,14,3.0,Summarization
AI_USR145,Org-Alpha-Team1,Org-Alpha,2026-01-22,11,3.7,Debugging
AI_USR145,Org-Alpha-Team1,Org-Alpha,2026-01-23,9,2.9,Planning
AI_USR145,Org-Alpha-Team1,Org-Alpha,2026-01-24,4,3.5,Code Generation
AI_USR145,Org-Alpha-Team1,Org-Alpha,2026-01-25,20,2.4,Code Generation
AI_USR145,Org-Alpha-Team1,Org-Alpha,2026-01-26,18,2.5,Code Generation
AI_USR145,Org-Alpha-Team1,Org-Alpha,2026-01-27,5,2.6,Documentation
AI_USR145,Org-Alpha-Team1,Org-Alpha,2026-01-28,1,2.7,Debugging
AI_USR145,Org-Alpha-Team1,Org-Alpha,2026-01-29,2,3.1,Data Query
AI_USR145,Org-Alpha-Team1,Org-Alpha,2026-01-30,4,2.9,Data Query
AI_USR145,Org-Alpha-Team1,Org-Alpha,2026-01-31,15,3.9,Code Generation
AI_USR145,Org-Alpha-Team1,Org-Alpha,2026-02-01,6,2.9,Debugging
AI_USR145,Org-Alpha-Team1,Org-Alpha,2026-02-02,12,2.6,Documentation
AI_USR145,Org-Alpha-Team1,Org-Alpha,2026-02-03,20,2.8,Planning
AI_USR145,Org-Alpha-Team1,Org-Alpha,2026-02-04,9,3.0,Code Generation
AI_USR145,Org-Alpha-Team1,Org-Alpha,2026-02-08,14,2.2,Data Query
AI_USR145,Org-Alpha-Team1,Org-Alpha,2026-02-09,19,3.6,Planning
AI_USR145,Org-Alpha-Team1,Org-Alpha,2026-02-10,17,3.9,Code Generation
AI_USR145,Org-Alpha-Team1,Org-Alpha,2026-02-12,8,4.1,Debugging
AI_USR145,Org-Alpha-Team1,Org-Alpha,2026-02-17,16,3.8,Debugging
AI_USR145,Org-Alpha-Team1,Org-Alpha,2026-02-18,16,4.1,Summarization
AI_USR145,Org-Alpha-Team1,Org-Alpha,2026-02-20,12,2.5,Debugging
AI_USR145,Org-Alpha-Team1,Org-Alpha,2026-02-21,10,3.1,Data Query
AI_USR145,Org-Alpha-Team1,Org-Alpha,2026-02-22,9,3.9,Summarization
AI_USR145,Org-Alpha-Team1,Org-Alpha,2026-02-23,2,4.3,Code Generation
AI_USR145,Org-Alpha-Team1,Org-Alpha,2026-02-24,7,3.6,Code Generation
AI_USR145,Org-Alpha-Team1,Org-Alpha,2026-02-25,2,4.3,Planning
AI_USR145,Org-Alpha-Team1,Org-Alpha,2026-02-26,4,4.2,Code Generation
AI_USR145,Org-Alpha-Team1,Org-Alpha,2026-02-28,19,3.0,Code Generation
AI_USR145,Org-Alpha-Team1,Org-Alpha,2026-03-01,7,3.9,Planning
AI_USR145,Org-Alpha-Team1,Org-Alpha,2026-03-02,13,3.2,Debugging
AI_USR145,Org-Alpha-Team1,Org-Alpha,2026-03-06,8,4.6,Debugging
AI_USR145,Org-Alpha-Team1,Org-Alpha,2026-03-07,1,3.4,Summarization
AI_USR145,Org-Alpha-Team1,Org-Alpha,2026-03-08,13,3.8,Summarization
AI_USR145,Org-Alpha-Team1,Org-Alpha,2026-03-10,2,4.4,Debugging
AI_USR145,Org-Alpha-Team1,Org-Alpha,2026-03-11,18,4.3,Documentation
AI_USR145,Org-Alpha-Team1,Org-Alpha,2026-03-12,5,3.2,Debugging
AI_USR145,Org-Alpha-Team1,Org-Alpha,2026-03-13,4,3.5,Planning
AI_USR145,Org-Alpha-Team1,Org-Alpha,2026-03-16,17,4.4,Summarization
AI_USR145,Org-Alpha-Team1,Org-Alpha,2026-03-17,15,2.8,Data Query
AI_USR145,Org-Alpha-Team1,Org-Alpha,2026-03-18,17,3.2,Planning
AI_USR145,Org-Alpha-Team1,Org-Alpha,2026-03-19,11,3.3,Summarization
AI_USR145,Org-Alpha-Team1,Org-Alpha,2026-03-21,13,3.6,Summarization
AI_USR145,Org-Alpha-Team1,Org-Alpha,2026-03-22,5,3.4,Documentation
AI_USR145,Org-Alpha-Team1,Org-Alpha,2026-03-23,11,4.1,Documentation
AI_USR145,Org-Alpha-Team1,Org-Alpha,2026-03-24,20,4.0,Planning
AI_USR145,Org-Alpha-Team1,Org-Alpha,2026-03-26,11,4.8,Data Query
AI_USR145,Org-Alpha-Team1,Org-Alpha,2026-03-27,18,4.7,Debugging
AI_USR145,Org-Alpha-Team1,Org-Alpha,2026-03-28,16,3.7,Data Query
AI_USR145,Org-Alpha-Team1,Org-Alpha,2026-03-29,18,3.4,Code Generation
AI_USR145,Org-Alpha-Team1,Org-Alpha,2026-03-30,11,4.1,Summarization
AI_USR145,Org-Alpha-Team1,Org-Alpha,2026-03-31,13,3.0,Documentation
AI_USR146,Org-Gamma-Team3,Org-Gamma,2026-01-02,19,5.7,Documentation
AI_USR146,Org-Gamma-Team3,Org-Gamma,2026-01-03,1,7.2,Planning
AI_USR146,Org-Gamma-Team3,Org-Gamma,2026-01-04,5,6.4,Documentation
AI_USR146,Org-Gamma-Team3,Org-Gamma,2026-01-05,9,5.8,Code Generation
AI_USR146,Org-Gamma-Team3,Org-Gamma,2026-01-06,17,6.7,Planning
AI_USR146,Org-Gamma-Team3,Org-Gamma,2026-01-07,9,5.8,Summarization
AI_USR146,Org-Gamma-Team3,Org-Gamma,2026-01-10,14,7.1,Data Query
AI_USR146,Org-Gamma-Team3,Org-Gamma,2026-01-11,13,5.7,Planning
AI_USR146,Org-Gamma-Team3,Org-Gamma,2026-01-12,6,5.9,Summarization
AI_USR146,Org-Gamma-Team3,Org-Gamma,2026-01-13,2,6.5,Planning
AI_USR146,Org-Gamma-Team3,Org-Gamma,2026-01-16,1,6.1,Documentation
AI_USR146,Org-Gamma-Team3,Org-Gamma,2026-01-17,12,6.9,Data Query
AI_USR146,Org-Gamma-Team3,Org-Gamma,2026-01-18,18,7.0,Summarization
AI_USR146,Org-Gamma-Team3,Org-Gamma,2026-01-19,11,5.7,Summarization
AI_USR146,Org-Gamma-Team3,Org-Gamma,2026-01-20,7,7.2,Documentation
AI_USR146,Org-Gamma-Team3,Org-Gamma,2026-01-23,12,6.3,Summarization
AI_USR146,Org-Gamma-Team3,Org-Gamma,2026-01-24,13,6.6,Documentation
AI_USR146,Org-Gamma-Team3,Org-Gamma,2026-01-25,3,7.1,Summarization
AI_USR146,Org-Gamma-Team3,Org-Gamma,2026-01-27,12,7.3,Planning
AI_USR146,Org-Gamma-Team3,Org-Gamma,2026-01-28,10,7.0,Data Query
AI_USR146,Org-Gamma-Team3,Org-Gamma,2026-01-29,16,7.4,Planning
AI_USR146,Org-Gamma-Team3,Org-Gamma,2026-01-30,6,5.9,Debugging
AI_USR146,Org-Gamma-Team3,Org-Gamma,2026-01-31,8,7.1,Documentation
AI_USR146,Org-Gamma-Team3,Org-Gamma,2026-02-01,5,5.5,Data Query
AI_USR146,Org-Gamma-Team3,Org-Gamma,2026-02-03,8,7.5,Summarization
AI_USR146,Org-Gamma-Team3,Org-Gamma,2026-02-04,14,6.5,Planning
AI_USR146,Org-Gamma-Team3,Org-Gamma,2026-02-07,1,5.6,Code Generation
AI_USR146,Org-Gamma-Team3,Org-Gamma,2026-02-08,2,6.7,Data Query
AI_USR146,Org-Gamma-Team3,Org-Gamma,2026-02-09,6,6.7,Debugging
AI_USR146,Org-Gamma-Team3,Org-Gamma,2026-02-10,20,5.9,Code Generation
AI_USR146,Org-Gamma-Team3,Org-Gamma,2026-02-15,14,5.8,Data Query
AI_USR146,Org-Gamma-Team3,Org-Gamma,2026-02-17,12,5.7,Debugging
AI_USR146,Org-Gamma-Team3,Org-Gamma,2026-02-18,13,6.9,Documentation
AI_USR146,Org-Gamma-Team3,Org-Gamma,2026-02-19,1,5.7,Data Query
AI_USR146,Org-Gamma-Team3,Org-Gamma,2026-02-20,10,6.8,Code Generation
AI_USR146,Org-Gamma-Team3,Org-Gamma,2026-02-22,15,6.9,Documentation
AI_USR146,Org-Gamma-Team3,Org-Gamma,2026-02-23,6,6.9,Debugging
AI_USR146,Org-Gamma-Team3,Org-Gamma,2026-02-24,18,6.5,Data Query
AI_USR146,Org-Gamma-Team3,Org-Gamma,2026-02-25,8,7.0,Data Query
AI_USR146,Org-Gamma-Team3,Org-Gamma,2026-02-27,7,7.5,Code Generation
AI_USR146,Org-Gamma-Team3,Org-Gamma,2026-02-28,15,6.3,Planning
AI_USR146,Org-Gamma-Team3,Org-Gamma,2026-03-01,18,6.8,Summarization
AI_USR146,Org-Gamma-Team3,Org-Gamma,2026-03-02,17,5.9,Summarization
AI_USR146,Org-Gamma-Team3,Org-Gamma,2026-03-03,9,5.6,Planning
AI_USR146,Org-Gamma-Team3,Org-Gamma,2026-03-05,2,5.9,Documentation
AI_USR146,Org-Gamma-Team3,Org-Gamma,2026-03-06,6,5.8,Documentation
AI_USR146,Org-Gamma-Team3,Org-Gamma,2026-03-07,2,7.0,Code Generation
AI_USR146,Org-Gamma-Team3,Org-Gamma,2026-03-09,16,7.2,Data Query
AI_USR146,Org-Gamma-Team3,Org-Gamma,2026-03-10,12,6.8,Planning
AI_USR146,Org-Gamma-Team3,Org-Gamma,2026-03-11,8,6.3,Summarization
AI_USR146,Org-Gamma-Team3,Org-Gamma,2026-03-12,6,6.5,Summarization
AI_USR146,Org-Gamma-Team3,Org-Gamma,2026-03-14,3,5.7,Planning
AI_USR146,Org-Gamma-Team3,Org-Gamma,2026-03-15,4,5.7,Planning
AI_USR146,Org-Gamma-Team3,Org-Gamma,2026-03-16,10,6.6,Planning
AI_USR146,Org-Gamma-Team3,Org-Gamma,2026-03-17,5,6.6,Planning
AI_USR146,Org-Gamma-Team3,Org-Gamma,2026-03-18,11,6.1,Debugging
AI_USR146,Org-Gamma-Team3,Org-Gamma,2026-03-20,10,6.1,Debugging
AI_USR146,Org-Gamma-Team3,Org-Gamma,2026-03-21,12,6.5,Documentation
AI_USR146,Org-Gamma-Team3,Org-Gamma,2026-03-22,2,6.9,Data Query
AI_USR146,Org-Gamma-Team3,Org-Gamma,2026-03-24,18,7.1,Summarization
AI_USR146,Org-Gamma-Team3,Org-Gamma,2026-03-25,14,5.7,Data Query
AI_USR146,Org-Gamma-Team3,Org-Gamma,2026-03-26,9,6.0,Documentation
AI_USR146,Org-Gamma-Team3,Org-Gamma,2026-03-27,2,6.1,Summarization
AI_USR146,Org-Gamma-Team3,Org-Gamma,2026-03-29,20,7.3,Debugging
AI_USR146,Org-Gamma-Team3,Org-Gamma,2026-03-30,13,6.3,Planning
AI_USR147,Org-Beta-Team4,Org-Beta,2026-01-02,13,3.7,Data Query
AI_USR147,Org-Beta-Team4,Org-Beta,2026-01-03,20,3.5,Code Generation
AI_USR147,Org-Beta-Team4,Org-Beta,2026-01-04,4,3.2,Planning
AI_USR147,Org-Beta-Team4,Org-Beta,2026-01-06,19,4.6,Documentation
AI_USR147,Org-Beta-Team4,Org-Beta,2026-01-07,3,4.6,Planning
AI_USR147,Org-Beta-Team4,Org-Beta,2026-01-08,13,4.4,Debugging
AI_USR147,Org-Beta-Team4,Org-Beta,2026-01-09,18,4.6,Debugging
AI_USR147,Org-Beta-Team4,Org-Beta,2026-01-12,13,4.9,Code Generation
AI_USR147,Org-Beta-Team4,Org-Beta,2026-01-13,11,4.0,Code Generation
AI_USR147,Org-Beta-Team4,Org-Beta,2026-01-14,11,4.4,Planning
AI_USR147,Org-Beta-Team4,Org-Beta,2026-01-15,5,4.1,Summarization
AI_USR147,Org-Beta-Team4,Org-Beta,2026-01-16,15,4.5,Code Generation
AI_USR147,Org-Beta-Team4,Org-Beta,2026-01-18,12,5.4,Debugging
AI_USR147,Org-Beta-Team4,Org-Beta,2026-01-19,18,5.0,Code Generation
AI_USR147,Org-Beta-Team4,Org-Beta,2026-01-20,12,3.9,Data Query
AI_USR147,Org-Beta-Team4,Org-Beta,2026-01-21,4,4.1,Planning
AI_USR147,Org-Beta-Team4,Org-Beta,2026-01-23,7,4.3,Planning
AI_USR147,Org-Beta-Team4,Org-Beta,2026-01-24,9,5.6,Debugging
AI_USR147,Org-Beta-Team4,Org-Beta,2026-01-26,14,4.8,Data Query
AI_USR147,Org-Beta-Team4,Org-Beta,2026-01-28,1,4.0,Data Query
AI_USR147,Org-Beta-Team4,Org-Beta,2026-01-30,13,5.8,Code Generation
AI_USR147,Org-Beta-Team4,Org-Beta,2026-02-01,16,5.7,Debugging
AI_USR147,Org-Beta-Team4,Org-Beta,2026-02-07,10,4.6,Code Generation
AI_USR147,Org-Beta-Team4,Org-Beta,2026-02-08,2,5.9,Debugging
AI_USR147,Org-Beta-Team4,Org-Beta,2026-02-09,20,6.1,Summarization
AI_USR147,Org-Beta-Team4,Org-Beta,2026-02-10,7,6.0,Documentation
AI_USR147,Org-Beta-Team4,Org-Beta,2026-02-11,13,5.5,Data Query
AI_USR147,Org-Beta-Team4,Org-Beta,2026-02-12,17,4.9,Data Query
AI_USR147,Org-Beta-Team4,Org-Beta,2026-02-13,17,6.5,Data Query
AI_USR147,Org-Beta-Team4,Org-Beta,2026-02-14,17,5.1,Data Query
AI_USR147,Org-Beta-Team4,Org-Beta,2026-02-15,7,5.0,Data Query
AI_USR147,Org-Beta-Team4,Org-Beta,2026-02-18,19,6.7,Code Generation
AI_USR147,Org-Beta-Team4,Org-Beta,2026-02-19,4,6.6,Code Generation
AI_USR147,Org-Beta-Team4,Org-Beta,2026-02-20,7,5.9,Planning
AI_USR147,Org-Beta-Team4,Org-Beta,2026-02-21,3,6.1,Documentation
AI_USR147,Org-Beta-Team4,Org-Beta,2026-02-22,7,5.2,Planning
AI_USR147,Org-Beta-Team4,Org-Beta,2026-02-23,13,6.4,Data Query
AI_USR147,Org-Beta-Team4,Org-Beta,2026-02-24,19,6.1,Planning
AI_USR147,Org-Beta-Team4,Org-Beta,2026-02-25,4,5.0,Planning
AI_USR147,Org-Beta-Team4,Org-Beta,2026-02-28,12,7.0,Planning
AI_USR147,Org-Beta-Team4,Org-Beta,2026-03-02,9,7.0,Data Query
AI_USR147,Org-Beta-Team4,Org-Beta,2026-03-03,16,6.5,Planning
AI_USR147,Org-Beta-Team4,Org-Beta,2026-03-04,2,5.3,Data Query
AI_USR147,Org-Beta-Team4,Org-Beta,2026-03-06,2,6.6,Debugging
AI_USR147,Org-Beta-Team4,Org-Beta,2026-03-07,14,6.0,Documentation
AI_USR147,Org-Beta-Team4,Org-Beta,2026-03-08,10,7.1,Planning
AI_USR147,Org-Beta-Team4,Org-Beta,2026-03-12,1,7.0,Data Query
AI_USR147,Org-Beta-Team4,Org-Beta,2026-03-13,20,7.4,Documentation
AI_USR147,Org-Beta-Team4,Org-Beta,2026-03-14,12,6.1,Summarization
AI_USR147,Org-Beta-Team4,Org-Beta,2026-03-15,6,6.8,Summarization
AI_USR147,Org-Beta-Team4,Org-Beta,2026-03-16,6,6.9,Data Query
AI_USR147,Org-Beta-Team4,Org-Beta,2026-03-17,2,6.0,Data Query
AI_USR147,Org-Beta-Team4,Org-Beta,2026-03-18,13,6.3,Code Generation
AI_USR147,Org-Beta-Team4,Org-Beta,2026-03-19,4,6.5,Debugging
AI_USR147,Org-Beta-Team4,Org-Beta,2026-03-20,20,7.3,Debugging
AI_USR147,Org-Beta-Team4,Org-Beta,2026-03-21,8,7.2,Summarization
AI_USR147,Org-Beta-Team4,Org-Beta,2026-03-22,12,7.7,Documentation
AI_USR147,Org-Beta-Team4,Org-Beta,2026-03-23,18,7.8,Debugging
AI_USR147,Org-Beta-Team4,Org-Beta,2026-03-24,8,7.3,Summarization
AI_USR147,Org-Beta-Team4,Org-Beta,2026-03-25,12,6.0,Code Generation
AI_USR147,Org-Beta-Team4,Org-Beta,2026-03-26,15,6.9,Planning
AI_USR147,Org-Beta-Team4,Org-Beta,2026-03-27,2,7.4,Summarization
AI_USR147,Org-Beta-Team4,Org-Beta,2026-03-28,2,7.0,Debugging
AI_USR147,Org-Beta-Team4,Org-Beta,2026-03-30,1,7.9,Planning
AI_USR147,Org-Beta-Team4,Org-Beta,2026-03-31,17,7.8,Data Query
AI_USR148,Org-Alpha-Team3,Org-Alpha,2026-01-01,7,3.7,Summarization
AI_USR148,Org-Alpha-Team3,Org-Alpha,2026-01-04,19,4.4,Documentation
AI_USR148,Org-Alpha-Team3,Org-Alpha,2026-01-07,9,5.0,Summarization
AI_USR148,Org-Alpha-Team3,Org-Alpha,2026-01-08,5,5.7,Documentation
AI_USR148,Org-Alpha-Team3,Org-Alpha,2026-01-09,12,5.8,Documentation
AI_USR148,Org-Alpha-Team3,Org-Alpha,2026-01-11,20,5.5,Code Generation
AI_USR148,Org-Alpha-Team3,Org-Alpha,2026-01-12,16,4.2,Planning
AI_USR148,Org-Alpha-Team3,Org-Alpha,2026-01-14,6,5.6,Summarization
AI_USR148,Org-Alpha-Team3,Org-Alpha,2026-01-15,12,4.9,Debugging
AI_USR148,Org-Alpha-Team3,Org-Alpha,2026-01-19,19,4.8,Data Query
AI_USR148,Org-Alpha-Team3,Org-Alpha,2026-01-20,13,4.9,Summarization
AI_USR148,Org-Alpha-Team3,Org-Alpha,2026-01-22,3,5.9,Debugging
AI_USR148,Org-Alpha-Team3,Org-Alpha,2026-01-23,8,5.0,Summarization
AI_USR148,Org-Alpha-Team3,Org-Alpha,2026-01-25,2,5.5,Data Query
AI_USR148,Org-Alpha-Team3,Org-Alpha,2026-01-26,17,5.2,Documentation
AI_USR148,Org-Alpha-Team3,Org-Alpha,2026-01-28,3,4.7,Planning
AI_USR148,Org-Alpha-Team3,Org-Alpha,2026-01-30,7,4.6,Planning
AI_USR148,Org-Alpha-Team3,Org-Alpha,2026-02-01,3,6.5,Code Generation
AI_USR148,Org-Alpha-Team3,Org-Alpha,2026-02-03,2,4.6,Debugging
AI_USR148,Org-Alpha-Team3,Org-Alpha,2026-02-04,19,6.3,Data Query
AI_USR148,Org-Alpha-Team3,Org-Alpha,2026-02-05,14,5.4,Documentation
AI_USR148,Org-Alpha-Team3,Org-Alpha,2026-02-06,16,6.6,Documentation
AI_USR148,Org-Alpha-Team3,Org-Alpha,2026-02-07,9,6.1,Summarization
AI_USR148,Org-Alpha-Team3,Org-Alpha,2026-02-09,2,5.5,Planning
AI_USR148,Org-Alpha-Team3,Org-Alpha,2026-02-13,11,5.9,Planning
AI_USR148,Org-Alpha-Team3,Org-Alpha,2026-02-14,13,6.5,Summarization
AI_USR148,Org-Alpha-Team3,Org-Alpha,2026-02-17,10,6.2,Documentation
AI_USR148,Org-Alpha-Team3,Org-Alpha,2026-02-18,16,6.2,Summarization
AI_USR148,Org-Alpha-Team3,Org-Alpha,2026-02-21,10,6.0,Code Generation
AI_USR148,Org-Alpha-Team3,Org-Alpha,2026-02-22,9,6.0,Planning
AI_USR148,Org-Alpha-Team3,Org-Alpha,2026-02-24,5,6.8,Code Generation
AI_USR148,Org-Alpha-Team3,Org-Alpha,2026-02-25,2,6.1,Summarization
AI_USR148,Org-Alpha-Team3,Org-Alpha,2026-02-27,7,5.9,Documentation
AI_USR148,Org-Alpha-Team3,Org-Alpha,2026-02-28,18,5.4,Debugging
AI_USR148,Org-Alpha-Team3,Org-Alpha,2026-03-01,13,5.5,Summarization
AI_USR148,Org-Alpha-Team3,Org-Alpha,2026-03-04,8,5.7,Planning
AI_USR148,Org-Alpha-Team3,Org-Alpha,2026-03-06,13,5.8,Planning
AI_USR148,Org-Alpha-Team3,Org-Alpha,2026-03-08,15,7.4,Summarization
AI_USR148,Org-Alpha-Team3,Org-Alpha,2026-03-09,3,5.8,Documentation
AI_USR148,Org-Alpha-Team3,Org-Alpha,2026-03-10,14,5.6,Data Query
AI_USR148,Org-Alpha-Team3,Org-Alpha,2026-03-12,18,7.2,Planning
AI_USR148,Org-Alpha-Team3,Org-Alpha,2026-03-13,1,6.4,Data Query
AI_USR148,Org-Alpha-Team3,Org-Alpha,2026-03-14,5,6.4,Debugging
AI_USR148,Org-Alpha-Team3,Org-Alpha,2026-03-16,20,6.1,Summarization
AI_USR148,Org-Alpha-Team3,Org-Alpha,2026-03-17,7,7.3,Planning
AI_USR148,Org-Alpha-Team3,Org-Alpha,2026-03-18,20,6.0,Summarization
AI_USR148,Org-Alpha-Team3,Org-Alpha,2026-03-20,11,7.0,Debugging
AI_USR148,Org-Alpha-Team3,Org-Alpha,2026-03-21,14,6.2,Data Query
AI_USR148,Org-Alpha-Team3,Org-Alpha,2026-03-22,2,5.9,Debugging
AI_USR148,Org-Alpha-Team3,Org-Alpha,2026-03-24,10,7.5,Planning
AI_USR148,Org-Alpha-Team3,Org-Alpha,2026-03-25,4,6.1,Code Generation
AI_USR148,Org-Alpha-Team3,Org-Alpha,2026-03-27,20,7.6,Code Generation
AI_USR148,Org-Alpha-Team3,Org-Alpha,2026-03-29,15,6.2,Planning
AI_USR148,Org-Alpha-Team3,Org-Alpha,2026-03-31,13,7.5,Planning
AI_USR149,Org-Epsilon-Team2,Org-Epsilon,2026-01-02,18,3.2,Data Query
AI_USR149,Org-Epsilon-Team2,Org-Epsilon,2026-01-03,19,4.2,Summarization
AI_USR149,Org-Epsilon-Team2,Org-Epsilon,2026-01-04,16,2.8,Code Generation
AI_USR149,Org-Epsilon-Team2,Org-Epsilon,2026-01-05,1,3.2,Debugging
AI_USR149,Org-Epsilon-Team2,Org-Epsilon,2026-01-06,20,3.2,Debugging
AI_USR149,Org-Epsilon-Team2,Org-Epsilon,2026-01-07,15,3.1,Summarization
AI_USR149,Org-Epsilon-Team2,Org-Epsilon,2026-01-08,20,4.0,Debugging
AI_USR149,Org-Epsilon-Team2,Org-Epsilon,2026-01-09,13,3.1,Planning
AI_USR149,Org-Epsilon-Team2,Org-Epsilon,2026-01-10,8,3.8,Debugging
AI_USR149,Org-Epsilon-Team2,Org-Epsilon,2026-01-11,7,4.1,Documentation
AI_USR149,Org-Epsilon-Team2,Org-Epsilon,2026-01-14,9,2.4,Summarization
AI_USR149,Org-Epsilon-Team2,Org-Epsilon,2026-01-15,12,3.6,Summarization
AI_USR149,Org-Epsilon-Team2,Org-Epsilon,2026-01-16,18,3.8,Debugging
AI_USR149,Org-Epsilon-Team2,Org-Epsilon,2026-01-19,17,3.2,Code Generation
AI_USR149,Org-Epsilon-Team2,Org-Epsilon,2026-01-20,12,3.2,Data Query
AI_USR149,Org-Epsilon-Team2,Org-Epsilon,2026-01-21,3,4.0,Data Query
AI_USR149,Org-Epsilon-Team2,Org-Epsilon,2026-01-22,19,2.8,Code Generation
AI_USR149,Org-Epsilon-Team2,Org-Epsilon,2026-01-23,14,3.5,Summarization
AI_USR149,Org-Epsilon-Team2,Org-Epsilon,2026-01-25,19,4.3,Summarization
AI_USR149,Org-Epsilon-Team2,Org-Epsilon,2026-01-26,16,3.2,Summarization
AI_USR149,Org-Epsilon-Team2,Org-Epsilon,2026-01-29,13,3.9,Data Query
AI_USR149,Org-Epsilon-Team2,Org-Epsilon,2026-01-30,20,3.4,Data Query
AI_USR149,Org-Epsilon-Team2,Org-Epsilon,2026-02-01,16,3.4,Code Generation
AI_USR149,Org-Epsilon-Team2,Org-Epsilon,2026-02-04,16,2.7,Code Generation
AI_USR149,Org-Epsilon-Team2,Org-Epsilon,2026-02-05,3,3.1,Data Query
AI_USR149,Org-Epsilon-Team2,Org-Epsilon,2026-02-07,14,3.6,Data Query
AI_USR149,Org-Epsilon-Team2,Org-Epsilon,2026-02-08,4,3.7,Summarization
AI_USR149,Org-Epsilon-Team2,Org-Epsilon,2026-02-09,17,3.1,Planning
AI_USR149,Org-Epsilon-Team2,Org-Epsilon,2026-02-11,5,2.9,Code Generation
AI_USR149,Org-Epsilon-Team2,Org-Epsilon,2026-02-12,1,4.7,Summarization
AI_USR149,Org-Epsilon-Team2,Org-Epsilon,2026-02-13,18,3.6,Summarization
AI_USR149,Org-Epsilon-Team2,Org-Epsilon,2026-02-14,18,4.4,Summarization
AI_USR149,Org-Epsilon-Team2,Org-Epsilon,2026-02-16,17,4.2,Planning
AI_USR149,Org-Epsilon-Team2,Org-Epsilon,2026-02-18,1,3.3,Documentation
AI_USR149,Org-Epsilon-Team2,Org-Epsilon,2026-02-19,2,3.4,Documentation
AI_USR149,Org-Epsilon-Team2,Org-Epsilon,2026-02-20,19,3.9,Planning
AI_USR149,Org-Epsilon-Team2,Org-Epsilon,2026-02-21,16,3.2,Debugging
AI_USR149,Org-Epsilon-Team2,Org-Epsilon,2026-02-22,20,4.5,Summarization
AI_USR149,Org-Epsilon-Team2,Org-Epsilon,2026-02-23,16,3.5,Planning
AI_USR149,Org-Epsilon-Team2,Org-Epsilon,2026-02-25,12,3.0,Summarization
AI_USR149,Org-Epsilon-Team2,Org-Epsilon,2026-02-26,20,3.4,Planning
AI_USR149,Org-Epsilon-Team2,Org-Epsilon,2026-02-27,7,4.2,Planning
AI_USR149,Org-Epsilon-Team2,Org-Epsilon,2026-03-01,19,3.9,Data Query
AI_USR149,Org-Epsilon-Team2,Org-Epsilon,2026-03-04,1,3.1,Summarization
AI_USR149,Org-Epsilon-Team2,Org-Epsilon,2026-03-06,3,3.8,Planning
AI_USR149,Org-Epsilon-Team2,Org-Epsilon,2026-03-07,18,3.2,Summarization
AI_USR149,Org-Epsilon-Team2,Org-Epsilon,2026-03-08,19,3.3,Summarization
AI_USR149,Org-Epsilon-Team2,Org-Epsilon,2026-03-09,8,4.3,Data Query
AI_USR149,Org-Epsilon-Team2,Org-Epsilon,2026-03-13,13,3.3,Summarization
AI_USR149,Org-Epsilon-Team2,Org-Epsilon,2026-03-14,19,4.7,Data Query
AI_USR149,Org-Epsilon-Team2,Org-Epsilon,2026-03-15,14,3.9,Planning
AI_USR149,Org-Epsilon-Team2,Org-Epsilon,2026-03-16,18,3.6,Code Generation
AI_USR149,Org-Epsilon-Team2,Org-Epsilon,2026-03-18,20,3.5,Debugging
AI_USR149,Org-Epsilon-Team2,Org-Epsilon,2026-03-19,13,4.9,Documentation
AI_USR149,Org-Epsilon-Team2,Org-Epsilon,2026-03-20,11,4.8,Documentation
AI_USR149,Org-Epsilon-Team2,Org-Epsilon,2026-03-22,20,3.7,Summarization
AI_USR149,Org-Epsilon-Team2,Org-Epsilon,2026-03-23,18,3.7,Code Generation
AI_USR149,Org-Epsilon-Team2,Org-Epsilon,2026-03-24,19,3.8,Planning
AI_USR149,Org-Epsilon-Team2,Org-Epsilon,2026-03-26,14,3.6,Summarization
AI_USR149,Org-Epsilon-Team2,Org-Epsilon,2026-03-27,15,3.8,Debugging
AI_USR149,Org-Epsilon-Team2,Org-Epsilon,2026-03-29,16,3.6,Data Query
AI_USR149,Org-Epsilon-Team2,Org-Epsilon,2026-03-31,5,4.2,Debugging
AI_USR150,Org-Epsilon-Team2,Org-Epsilon,2026-01-01,4,6.8,Debugging
AI_USR150,Org-Epsilon-Team2,Org-Epsilon,2026-01-04,17,6.1,Summarization
AI_USR150,Org-Epsilon-Team2,Org-Epsilon,2026-01-05,9,6.1,Planning
AI_USR150,Org-Epsilon-Team2,Org-Epsilon,2026-01-06,4,6.1,Summarization
AI_USR150,Org-Epsilon-Team2,Org-Epsilon,2026-01-08,15,6.2,Debugging
AI_USR150,Org-Epsilon-Team2,Org-Epsilon,2026-01-10,4,7.9,Code Generation
AI_USR150,Org-Epsilon-Team2,Org-Epsilon,2026-01-11,6,6.9,Data Query
AI_USR150,Org-Epsilon-Team2,Org-Epsilon,2026-01-13,4,7.5,Debugging
AI_USR150,Org-Epsilon-Team2,Org-Epsilon,2026-01-14,6,7.7,Data Query
AI_USR150,Org-Epsilon-Team2,Org-Epsilon,2026-01-15,10,6.6,Documentation
AI_USR150,Org-Epsilon-Team2,Org-Epsilon,2026-01-16,18,7.5,Planning
AI_USR150,Org-Epsilon-Team2,Org-Epsilon,2026-01-17,2,7.0,Planning
AI_USR150,Org-Epsilon-Team2,Org-Epsilon,2026-01-21,11,7.9,Documentation
AI_USR150,Org-Epsilon-Team2,Org-Epsilon,2026-01-23,4,6.9,Summarization
AI_USR150,Org-Epsilon-Team2,Org-Epsilon,2026-01-27,10,6.8,Debugging
AI_USR150,Org-Epsilon-Team2,Org-Epsilon,2026-01-31,18,6.5,Debugging
AI_USR150,Org-Epsilon-Team2,Org-Epsilon,2026-02-01,6,7.4,Code Generation
AI_USR150,Org-Epsilon-Team2,Org-Epsilon,2026-02-03,6,8.3,Planning
AI_USR150,Org-Epsilon-Team2,Org-Epsilon,2026-02-04,8,7.9,Code Generation
AI_USR150,Org-Epsilon-Team2,Org-Epsilon,2026-02-05,14,7.7,Code Generation
AI_USR150,Org-Epsilon-Team2,Org-Epsilon,2026-02-07,15,6.7,Documentation
AI_USR150,Org-Epsilon-Team2,Org-Epsilon,2026-02-08,10,6.8,Planning
AI_USR150,Org-Epsilon-Team2,Org-Epsilon,2026-02-09,11,6.7,Data Query
AI_USR150,Org-Epsilon-Team2,Org-Epsilon,2026-02-14,3,7.9,Documentation
AI_USR150,Org-Epsilon-Team2,Org-Epsilon,2026-02-15,6,8.6,Data Query
AI_USR150,Org-Epsilon-Team2,Org-Epsilon,2026-02-16,18,7.1,Code Generation
AI_USR150,Org-Epsilon-Team2,Org-Epsilon,2026-02-17,19,7.3,Data Query
AI_USR150,Org-Epsilon-Team2,Org-Epsilon,2026-02-20,7,7.8,Planning
AI_USR150,Org-Epsilon-Team2,Org-Epsilon,2026-02-21,19,6.8,Data Query
AI_USR150,Org-Epsilon-Team2,Org-Epsilon,2026-02-22,9,6.9,Code Generation
AI_USR150,Org-Epsilon-Team2,Org-Epsilon,2026-02-23,4,7.0,Summarization
AI_USR150,Org-Epsilon-Team2,Org-Epsilon,2026-02-25,11,7.4,Data Query
AI_USR150,Org-Epsilon-Team2,Org-Epsilon,2026-02-26,6,6.8,Documentation
AI_USR150,Org-Epsilon-Team2,Org-Epsilon,2026-02-27,15,7.3,Debugging
AI_USR150,Org-Epsilon-Team2,Org-Epsilon,2026-02-28,20,7.9,Code Generation
AI_USR150,Org-Epsilon-Team2,Org-Epsilon,2026-03-02,8,8.3,Code Generation
AI_USR150,Org-Epsilon-Team2,Org-Epsilon,2026-03-04,1,7.8,Summarization
AI_USR150,Org-Epsilon-Team2,Org-Epsilon,2026-03-05,15,7.5,Data Query
AI_USR150,Org-Epsilon-Team2,Org-Epsilon,2026-03-07,4,8.6,Documentation
AI_USR150,Org-Epsilon-Team2,Org-Epsilon,2026-03-10,15,7.2,Data Query
AI_USR150,Org-Epsilon-Team2,Org-Epsilon,2026-03-11,9,8.6,Code Generation
AI_USR150,Org-Epsilon-Team2,Org-Epsilon,2026-03-12,10,7.7,Code Generation
AI_USR150,Org-Epsilon-Team2,Org-Epsilon,2026-03-13,19,7.9,Summarization
AI_USR150,Org-Epsilon-Team2,Org-Epsilon,2026-03-14,14,8.6,Planning
AI_USR150,Org-Epsilon-Team2,Org-Epsilon,2026-03-15,10,7.4,Code Generation
AI_USR150,Org-Epsilon-Team2,Org-Epsilon,2026-03-16,13,7.2,Documentation
AI_USR150,Org-Epsilon-Team2,Org-Epsilon,2026-03-17,20,7.4,Documentation
AI_USR150,Org-Epsilon-Team2,Org-Epsilon,2026-03-19,8,7.7,Documentation
AI_USR150,Org-Epsilon-Team2,Org-Epsilon,2026-03-20,19,7.3,Summarization
AI_USR150,Org-Epsilon-Team2,Org-Epsilon,2026-03-23,2,8.3,Data Query
AI_USR150,Org-Epsilon-Team2,Org-Epsilon,2026-03-24,13,8.7,Data Query
AI_USR150,Org-Epsilon-Team2,Org-Epsilon,2026-03-25,6,7.4,Summarization
AI_USR150,Org-Epsilon-Team2,Org-Epsilon,2026-03-26,19,8.0,Documentation
AI_USR150,Org-Epsilon-Team2,Org-Epsilon,2026-03-27,19,8.3,Data Query
AI_USR150,Org-Epsilon-Team2,Org-Epsilon,2026-03-30,16,8.9,Planning
AI_USR150,Org-Epsilon-Team2,Org-Epsilon,2026-03-31,15,9.1,Documentation
AI_USR151,Org-Delta-Team2,Org-Delta,2026-01-02,18,4.7,Summarization
AI_USR151,Org-Delta-Team2,Org-Delta,2026-01-04,9,5.3,Planning
AI_USR151,Org-Delta-Team2,Org-Delta,2026-01-06,3,5.0,Documentation
AI_USR151,Org-Delta-Team2,Org-Delta,2026-01-07,8,4.9,Code Generation
AI_USR151,Org-Delta-Team2,Org-Delta,2026-01-08,19,5.4,Planning
AI_USR151,Org-Delta-Team2,Org-Delta,2026-01-09,9,5.3,Summarization
AI_USR151,Org-Delta-Team2,Org-Delta,2026-01-11,15,5.1,Code Generation
AI_USR151,Org-Delta-Team2,Org-Delta,2026-01-12,11,6.3,Data Query
AI_USR151,Org-Delta-Team2,Org-Delta,2026-01-13,18,4.6,Code Generation
AI_USR151,Org-Delta-Team2,Org-Delta,2026-01-14,20,5.5,Documentation
AI_USR151,Org-Delta-Team2,Org-Delta,2026-01-15,3,5.6,Code Generation
AI_USR151,Org-Delta-Team2,Org-Delta,2026-01-16,4,5.7,Debugging
AI_USR151,Org-Delta-Team2,Org-Delta,2026-01-17,18,5.6,Planning
AI_USR151,Org-Delta-Team2,Org-Delta,2026-01-18,13,5.4,Debugging
AI_USR151,Org-Delta-Team2,Org-Delta,2026-01-20,17,6.1,Planning
AI_USR151,Org-Delta-Team2,Org-Delta,2026-01-21,5,5.1,Documentation
AI_USR151,Org-Delta-Team2,Org-Delta,2026-01-22,18,5.6,Code Generation
AI_USR151,Org-Delta-Team2,Org-Delta,2026-01-26,20,6.4,Planning
AI_USR151,Org-Delta-Team2,Org-Delta,2026-01-27,9,6.4,Debugging
AI_USR151,Org-Delta-Team2,Org-Delta,2026-01-28,2,5.4,Documentation
AI_USR151,Org-Delta-Team2,Org-Delta,2026-01-30,11,7.0,Data Query
AI_USR151,Org-Delta-Team2,Org-Delta,2026-01-31,14,5.5,Summarization
AI_USR151,Org-Delta-Team2,Org-Delta,2026-02-02,10,5.4,Debugging
AI_USR151,Org-Delta-Team2,Org-Delta,2026-02-03,12,6.1,Summarization
AI_USR151,Org-Delta-Team2,Org-Delta,2026-02-04,20,6.5,Documentation
AI_USR151,Org-Delta-Team2,Org-Delta,2026-02-06,6,6.0,Code Generation
AI_USR151,Org-Delta-Team2,Org-Delta,2026-02-07,6,6.5,Data Query
AI_USR151,Org-Delta-Team2,Org-Delta,2026-02-08,14,7.0,Data Query
AI_USR151,Org-Delta-Team2,Org-Delta,2026-02-09,8,7.5,Debugging
AI_USR151,Org-Delta-Team2,Org-Delta,2026-02-11,6,7.6,Debugging
AI_USR151,Org-Delta-Team2,Org-Delta,2026-02-13,16,6.6,Code Generation
AI_USR151,Org-Delta-Team2,Org-Delta,2026-02-14,1,6.1,Code Generation
AI_USR151,Org-Delta-Team2,Org-Delta,2026-02-15,18,6.0,Data Query
AI_USR151,Org-Delta-Team2,Org-Delta,2026-02-16,16,5.9,Debugging
AI_USR151,Org-Delta-Team2,Org-Delta,2026-02-18,7,6.1,Planning
AI_USR151,Org-Delta-Team2,Org-Delta,2026-02-19,5,7.4,Data Query
AI_USR151,Org-Delta-Team2,Org-Delta,2026-02-20,7,7.8,Data Query
AI_USR151,Org-Delta-Team2,Org-Delta,2026-02-22,17,6.6,Debugging
AI_USR151,Org-Delta-Team2,Org-Delta,2026-02-25,8,7.1,Planning
AI_USR151,Org-Delta-Team2,Org-Delta,2026-02-27,18,6.6,Documentation
AI_USR151,Org-Delta-Team2,Org-Delta,2026-03-02,9,6.5,Debugging
AI_USR151,Org-Delta-Team2,Org-Delta,2026-03-03,1,7.2,Data Query
AI_USR151,Org-Delta-Team2,Org-Delta,2026-03-04,4,7.9,Code Generation
AI_USR151,Org-Delta-Team2,Org-Delta,2026-03-05,1,7.8,Documentation
AI_USR151,Org-Delta-Team2,Org-Delta,2026-03-06,14,6.9,Debugging
AI_USR151,Org-Delta-Team2,Org-Delta,2026-03-07,6,7.5,Code Generation
AI_USR151,Org-Delta-Team2,Org-Delta,2026-03-08,6,6.8,Code Generation
AI_USR151,Org-Delta-Team2,Org-Delta,2026-03-09,11,7.7,Summarization
AI_USR151,Org-Delta-Team2,Org-Delta,2026-03-10,17,8.5,Data Query
AI_USR151,Org-Delta-Team2,Org-Delta,2026-03-13,11,7.5,Summarization
AI_USR151,Org-Delta-Team2,Org-Delta,2026-03-14,10,8.5,Summarization
AI_USR151,Org-Delta-Team2,Org-Delta,2026-03-15,7,7.8,Planning
AI_USR151,Org-Delta-Team2,Org-Delta,2026-03-16,8,7.7,Code Generation
AI_USR151,Org-Delta-Team2,Org-Delta,2026-03-17,11,7.3,Documentation
AI_USR151,Org-Delta-Team2,Org-Delta,2026-03-18,17,7.4,Data Query
AI_USR151,Org-Delta-Team2,Org-Delta,2026-03-21,3,8.7,Summarization
AI_USR151,Org-Delta-Team2,Org-Delta,2026-03-22,9,8.4,Debugging
AI_USR151,Org-Delta-Team2,Org-Delta,2026-03-23,18,7.5,Data Query
AI_USR151,Org-Delta-Team2,Org-Delta,2026-03-25,4,7.3,Data Query
AI_USR151,Org-Delta-Team2,Org-Delta,2026-03-26,16,7.2,Documentation
AI_USR151,Org-Delta-Team2,Org-Delta,2026-03-27,20,8.8,Documentation
AI_USR151,Org-Delta-Team2,Org-Delta,2026-03-28,13,8.1,Debugging
AI_USR151,Org-Delta-Team2,Org-Delta,2026-03-30,9,7.8,Planning
AI_USR152,Org-Gamma-Team3,Org-Gamma,2026-01-01,15,8.4,Debugging
AI_USR152,Org-Gamma-Team3,Org-Gamma,2026-01-02,11,7.6,Documentation
AI_USR152,Org-Gamma-Team3,Org-Gamma,2026-01-03,14,7.5,Data Query
AI_USR152,Org-Gamma-Team3,Org-Gamma,2026-01-04,6,8.2,Summarization
AI_USR152,Org-Gamma-Team3,Org-Gamma,2026-01-05,11,6.9,Planning
AI_USR152,Org-Gamma-Team3,Org-Gamma,2026-01-07,8,7.9,Planning
AI_USR152,Org-Gamma-Team3,Org-Gamma,2026-01-08,8,8.0,Data Query
AI_USR152,Org-Gamma-Team3,Org-Gamma,2026-01-09,4,7.4,Code Generation
AI_USR152,Org-Gamma-Team3,Org-Gamma,2026-01-10,12,7.9,Data Query
AI_USR152,Org-Gamma-Team3,Org-Gamma,2026-01-14,20,8.3,Debugging
AI_USR152,Org-Gamma-Team3,Org-Gamma,2026-01-15,8,8.8,Planning
AI_USR152,Org-Gamma-Team3,Org-Gamma,2026-01-17,6,8.1,Data Query
AI_USR152,Org-Gamma-Team3,Org-Gamma,2026-01-18,12,7.3,Data Query
AI_USR152,Org-Gamma-Team3,Org-Gamma,2026-01-19,14,8.7,Planning
AI_USR152,Org-Gamma-Team3,Org-Gamma,2026-01-20,3,8.1,Data Query
AI_USR152,Org-Gamma-Team3,Org-Gamma,2026-01-21,15,7.9,Debugging
AI_USR152,Org-Gamma-Team3,Org-Gamma,2026-01-23,5,8.9,Code Generation
AI_USR152,Org-Gamma-Team3,Org-Gamma,2026-01-24,12,8.8,Documentation
AI_USR152,Org-Gamma-Team3,Org-Gamma,2026-01-25,5,7.6,Planning
AI_USR152,Org-Gamma-Team3,Org-Gamma,2026-01-27,9,8.7,Documentation
AI_USR152,Org-Gamma-Team3,Org-Gamma,2026-01-29,3,9.5,Summarization
AI_USR152,Org-Gamma-Team3,Org-Gamma,2026-01-31,17,9.2,Debugging
AI_USR152,Org-Gamma-Team3,Org-Gamma,2026-02-06,16,8.4,Code Generation
AI_USR152,Org-Gamma-Team3,Org-Gamma,2026-02-08,13,9.5,Code Generation
AI_USR152,Org-Gamma-Team3,Org-Gamma,2026-02-09,19,9.2,Planning
AI_USR152,Org-Gamma-Team3,Org-Gamma,2026-02-10,11,9.3,Documentation
AI_USR152,Org-Gamma-Team3,Org-Gamma,2026-02-11,13,8.5,Planning
AI_USR152,Org-Gamma-Team3,Org-Gamma,2026-02-12,11,8.5,Code Generation
AI_USR152,Org-Gamma-Team3,Org-Gamma,2026-02-13,4,9.9,Planning
AI_USR152,Org-Gamma-Team3,Org-Gamma,2026-02-14,14,8.5,Summarization
AI_USR152,Org-Gamma-Team3,Org-Gamma,2026-02-19,11,10.0,Code Generation
AI_USR152,Org-Gamma-Team3,Org-Gamma,2026-02-23,5,10.0,Data Query
AI_USR152,Org-Gamma-Team3,Org-Gamma,2026-02-24,15,10.0,Documentation
AI_USR152,Org-Gamma-Team3,Org-Gamma,2026-02-25,5,10.0,Code Generation
AI_USR152,Org-Gamma-Team3,Org-Gamma,2026-02-27,17,10.0,Code Generation
AI_USR152,Org-Gamma-Team3,Org-Gamma,2026-02-28,19,10.0,Data Query
AI_USR152,Org-Gamma-Team3,Org-Gamma,2026-03-01,19,10.0,Summarization
AI_USR152,Org-Gamma-Team3,Org-Gamma,2026-03-02,16,9.6,Data Query
AI_USR152,Org-Gamma-Team3,Org-Gamma,2026-03-07,3,10.0,Planning
AI_USR152,Org-Gamma-Team3,Org-Gamma,2026-03-08,9,9.2,Summarization
AI_USR152,Org-Gamma-Team3,Org-Gamma,2026-03-11,19,10.0,Documentation
AI_USR152,Org-Gamma-Team3,Org-Gamma,2026-03-12,16,10.0,Planning
AI_USR152,Org-Gamma-Team3,Org-Gamma,2026-03-13,17,9.8,Data Query
AI_USR152,Org-Gamma-Team3,Org-Gamma,2026-03-14,6,10.0,Debugging
AI_USR152,Org-Gamma-Team3,Org-Gamma,2026-03-15,6,10.0,Debugging
AI_USR152,Org-Gamma-Team3,Org-Gamma,2026-03-18,2,10.0,Debugging
AI_USR152,Org-Gamma-Team3,Org-Gamma,2026-03-21,11,10.0,Debugging
AI_USR152,Org-Gamma-Team3,Org-Gamma,2026-03-22,10,10.0,Summarization
AI_USR152,Org-Gamma-Team3,Org-Gamma,2026-03-24,9,10.0,Planning
AI_USR152,Org-Gamma-Team3,Org-Gamma,2026-03-25,14,10.0,Planning
AI_USR152,Org-Gamma-Team3,Org-Gamma,2026-03-26,11,10.0,Planning
AI_USR152,Org-Gamma-Team3,Org-Gamma,2026-03-27,1,10.0,Planning
AI_USR152,Org-Gamma-Team3,Org-Gamma,2026-03-29,18,10.0,Summarization
AI_USR152,Org-Gamma-Team3,Org-Gamma,2026-03-30,19,10.0,Code Generation
AI_USR153,Org-Epsilon-Team2,Org-Epsilon,2026-01-02,17,4.6,Planning
AI_USR153,Org-Epsilon-Team2,Org-Epsilon,2026-01-04,10,6.2,Planning
AI_USR153,Org-Epsilon-Team2,Org-Epsilon,2026-01-06,6,4.5,Code Generation
AI_USR153,Org-Epsilon-Team2,Org-Epsilon,2026-01-08,18,5.4,Planning
AI_USR153,Org-Epsilon-Team2,Org-Epsilon,2026-01-11,17,5.5,Debugging
AI_USR153,Org-Epsilon-Team2,Org-Epsilon,2026-01-12,20,5.5,Data Query
AI_USR153,Org-Epsilon-Team2,Org-Epsilon,2026-01-13,16,4.9,Data Query
AI_USR153,Org-Epsilon-Team2,Org-Epsilon,2026-01-14,6,5.2,Documentation
AI_USR153,Org-Epsilon-Team2,Org-Epsilon,2026-01-15,14,5.1,Planning
AI_USR153,Org-Epsilon-Team2,Org-Epsilon,2026-01-17,15,6.3,Debugging
AI_USR153,Org-Epsilon-Team2,Org-Epsilon,2026-01-19,14,4.6,Documentation
AI_USR153,Org-Epsilon-Team2,Org-Epsilon,2026-01-20,18,6.2,Code Generation
AI_USR153,Org-Epsilon-Team2,Org-Epsilon,2026-01-21,8,6.1,Debugging
AI_USR153,Org-Epsilon-Team2,Org-Epsilon,2026-01-22,9,4.7,Summarization
AI_USR153,Org-Epsilon-Team2,Org-Epsilon,2026-01-24,7,5.6,Data Query
AI_USR153,Org-Epsilon-Team2,Org-Epsilon,2026-01-28,2,5.8,Code Generation
AI_USR153,Org-Epsilon-Team2,Org-Epsilon,2026-01-30,14,5.8,Documentation
AI_USR153,Org-Epsilon-Team2,Org-Epsilon,2026-01-31,18,4.6,Planning
AI_USR153,Org-Epsilon-Team2,Org-Epsilon,2026-02-01,7,5.8,Data Query
AI_USR153,Org-Epsilon-Team2,Org-Epsilon,2026-02-02,8,5.6,Planning
AI_USR153,Org-Epsilon-Team2,Org-Epsilon,2026-02-03,3,5.0,Documentation
AI_USR153,Org-Epsilon-Team2,Org-Epsilon,2026-02-04,19,4.8,Planning
AI_USR153,Org-Epsilon-Team2,Org-Epsilon,2026-02-06,14,5.6,Data Query
AI_USR153,Org-Epsilon-Team2,Org-Epsilon,2026-02-07,9,6.4,Documentation
AI_USR153,Org-Epsilon-Team2,Org-Epsilon,2026-02-08,12,4.9,Debugging
AI_USR153,Org-Epsilon-Team2,Org-Epsilon,2026-02-13,7,6.4,Summarization
AI_USR153,Org-Epsilon-Team2,Org-Epsilon,2026-02-15,20,6.6,Code Generation
AI_USR153,Org-Epsilon-Team2,Org-Epsilon,2026-02-16,10,4.8,Documentation
AI_USR153,Org-Epsilon-Team2,Org-Epsilon,2026-02-17,8,6.1,Code Generation
AI_USR153,Org-Epsilon-Team2,Org-Epsilon,2026-02-22,14,5.1,Data Query
AI_USR153,Org-Epsilon-Team2,Org-Epsilon,2026-02-23,5,5.7,Planning
AI_USR153,Org-Epsilon-Team2,Org-Epsilon,2026-03-02,13,6.3,Summarization
AI_USR153,Org-Epsilon-Team2,Org-Epsilon,2026-03-03,11,6.6,Data Query
AI_USR153,Org-Epsilon-Team2,Org-Epsilon,2026-03-05,20,4.7,Data Query
AI_USR153,Org-Epsilon-Team2,Org-Epsilon,2026-03-06,3,5.7,Summarization
AI_USR153,Org-Epsilon-Team2,Org-Epsilon,2026-03-09,1,5.9,Data Query
AI_USR153,Org-Epsilon-Team2,Org-Epsilon,2026-03-11,7,4.9,Code Generation
AI_USR153,Org-Epsilon-Team2,Org-Epsilon,2026-03-12,19,6.2,Planning
AI_USR153,Org-Epsilon-Team2,Org-Epsilon,2026-03-13,6,6.5,Debugging
AI_USR153,Org-Epsilon-Team2,Org-Epsilon,2026-03-15,4,6.3,Summarization
AI_USR153,Org-Epsilon-Team2,Org-Epsilon,2026-03-16,7,6.5,Documentation
AI_USR153,Org-Epsilon-Team2,Org-Epsilon,2026-03-18,12,5.2,Code Generation
AI_USR153,Org-Epsilon-Team2,Org-Epsilon,2026-03-19,13,5.4,Documentation
AI_USR153,Org-Epsilon-Team2,Org-Epsilon,2026-03-20,1,6.3,Data Query
AI_USR153,Org-Epsilon-Team2,Org-Epsilon,2026-03-22,14,4.8,Code Generation
AI_USR153,Org-Epsilon-Team2,Org-Epsilon,2026-03-23,2,5.3,Planning
AI_USR153,Org-Epsilon-Team2,Org-Epsilon,2026-03-24,18,5.6,Code Generation
AI_USR153,Org-Epsilon-Team2,Org-Epsilon,2026-03-27,11,5.0,Debugging
AI_USR153,Org-Epsilon-Team2,Org-Epsilon,2026-03-29,20,6.8,Summarization
AI_USR153,Org-Epsilon-Team2,Org-Epsilon,2026-03-31,8,5.8,Debugging
AI_USR154,Org-Gamma-Team3,Org-Gamma,2026-01-02,19,7.1,Documentation
AI_USR154,Org-Gamma-Team3,Org-Gamma,2026-01-03,15,8.3,Planning
AI_USR154,Org-Gamma-Team3,Org-Gamma,2026-01-04,4,7.1,Summarization
AI_USR154,Org-Gamma-Team3,Org-Gamma,2026-01-05,7,7.2,Code Generation
AI_USR154,Org-Gamma-Team3,Org-Gamma,2026-01-06,19,6.8,Data Query
AI_USR154,Org-Gamma-Team3,Org-Gamma,2026-01-07,6,7.4,Documentation
AI_USR154,Org-Gamma-Team3,Org-Gamma,2026-01-08,4,7.3,Debugging
AI_USR154,Org-Gamma-Team3,Org-Gamma,2026-01-09,2,6.6,Summarization
AI_USR154,Org-Gamma-Team3,Org-Gamma,2026-01-10,3,8.3,Data Query
AI_USR154,Org-Gamma-Team3,Org-Gamma,2026-01-13,2,7.0,Data Query
AI_USR154,Org-Gamma-Team3,Org-Gamma,2026-01-14,19,7.4,Data Query
AI_USR154,Org-Gamma-Team3,Org-Gamma,2026-01-15,4,7.4,Summarization
AI_USR154,Org-Gamma-Team3,Org-Gamma,2026-01-16,7,6.7,Debugging
AI_USR154,Org-Gamma-Team3,Org-Gamma,2026-01-17,8,8.4,Data Query
AI_USR154,Org-Gamma-Team3,Org-Gamma,2026-01-19,5,8.4,Planning
AI_USR154,Org-Gamma-Team3,Org-Gamma,2026-01-20,9,7.5,Summarization
AI_USR154,Org-Gamma-Team3,Org-Gamma,2026-01-21,8,7.8,Debugging
AI_USR154,Org-Gamma-Team3,Org-Gamma,2026-01-22,10,8.0,Debugging
AI_USR154,Org-Gamma-Team3,Org-Gamma,2026-01-23,6,8.0,Planning
AI_USR154,Org-Gamma-Team3,Org-Gamma,2026-01-25,6,7.0,Code Generation
AI_USR154,Org-Gamma-Team3,Org-Gamma,2026-01-26,11,6.9,Data Query
AI_USR154,Org-Gamma-Team3,Org-Gamma,2026-01-27,9,6.5,Data Query
AI_USR154,Org-Gamma-Team3,Org-Gamma,2026-01-30,8,7.1,Code Generation
AI_USR154,Org-Gamma-Team3,Org-Gamma,2026-01-31,7,7.2,Debugging
AI_USR154,Org-Gamma-Team3,Org-Gamma,2026-02-01,18,8.1,Code Generation
AI_USR154,Org-Gamma-Team3,Org-Gamma,2026-02-02,5,6.8,Summarization
AI_USR154,Org-Gamma-Team3,Org-Gamma,2026-02-03,2,7.3,Planning
AI_USR154,Org-Gamma-Team3,Org-Gamma,2026-02-06,3,6.4,Planning
AI_USR154,Org-Gamma-Team3,Org-Gamma,2026-02-07,15,6.6,Data Query
AI_USR154,Org-Gamma-Team3,Org-Gamma,2026-02-08,5,7.4,Summarization
AI_USR154,Org-Gamma-Team3,Org-Gamma,2026-02-12,19,7.9,Debugging
AI_USR154,Org-Gamma-Team3,Org-Gamma,2026-02-13,20,8.0,Planning
AI_USR154,Org-Gamma-Team3,Org-Gamma,2026-02-14,6,7.5,Code Generation
AI_USR154,Org-Gamma-Team3,Org-Gamma,2026-02-15,14,7.8,Planning
AI_USR154,Org-Gamma-Team3,Org-Gamma,2026-02-16,3,8.0,Planning
AI_USR154,Org-Gamma-Team3,Org-Gamma,2026-02-17,2,6.4,Code Generation
AI_USR154,Org-Gamma-Team3,Org-Gamma,2026-02-20,3,7.9,Debugging
AI_USR154,Org-Gamma-Team3,Org-Gamma,2026-02-21,16,7.6,Documentation
AI_USR154,Org-Gamma-Team3,Org-Gamma,2026-02-22,18,6.3,Summarization
AI_USR154,Org-Gamma-Team3,Org-Gamma,2026-02-23,3,7.9,Documentation
AI_USR154,Org-Gamma-Team3,Org-Gamma,2026-02-25,8,6.2,Documentation
AI_USR154,Org-Gamma-Team3,Org-Gamma,2026-02-26,4,7.4,Data Query
AI_USR154,Org-Gamma-Team3,Org-Gamma,2026-02-28,5,6.3,Code Generation
AI_USR154,Org-Gamma-Team3,Org-Gamma,2026-03-02,12,7.4,Summarization
AI_USR154,Org-Gamma-Team3,Org-Gamma,2026-03-03,20,7.9,Code Generation
AI_USR154,Org-Gamma-Team3,Org-Gamma,2026-03-05,18,6.1,Debugging
AI_USR154,Org-Gamma-Team3,Org-Gamma,2026-03-06,11,8.0,Planning
AI_USR154,Org-Gamma-Team3,Org-Gamma,2026-03-08,18,6.3,Data Query
AI_USR154,Org-Gamma-Team3,Org-Gamma,2026-03-12,2,6.2,Debugging
AI_USR154,Org-Gamma-Team3,Org-Gamma,2026-03-14,17,7.4,Debugging
AI_USR154,Org-Gamma-Team3,Org-Gamma,2026-03-17,18,6.7,Code Generation
AI_USR154,Org-Gamma-Team3,Org-Gamma,2026-03-18,13,6.3,Data Query
AI_USR154,Org-Gamma-Team3,Org-Gamma,2026-03-19,7,6.6,Documentation
AI_USR154,Org-Gamma-Team3,Org-Gamma,2026-03-20,13,7.5,Code Generation
AI_USR154,Org-Gamma-Team3,Org-Gamma,2026-03-21,17,6.2,Code Generation
AI_USR154,Org-Gamma-Team3,Org-Gamma,2026-03-22,5,6.1,Summarization
AI_USR154,Org-Gamma-Team3,Org-Gamma,2026-03-24,1,7.3,Code Generation
AI_USR154,Org-Gamma-Team3,Org-Gamma,2026-03-25,13,7.2,Data Query
AI_USR154,Org-Gamma-Team3,Org-Gamma,2026-03-26,6,7.5,Summarization
AI_USR154,Org-Gamma-Team3,Org-Gamma,2026-03-27,12,7.1,Summarization
AI_USR154,Org-Gamma-Team3,Org-Gamma,2026-03-29,1,7.1,Data Query
AI_USR155,Org-Beta-Team2,Org-Beta,2026-01-01,5,3.7,Planning
AI_USR155,Org-Beta-Team2,Org-Beta,2026-01-02,13,2.0,Planning
AI_USR155,Org-Beta-Team2,Org-Beta,2026-01-03,16,2.8,Debugging
AI_USR155,Org-Beta-Team2,Org-Beta,2026-01-05,18,2.2,Summarization
AI_USR155,Org-Beta-Team2,Org-Beta,2026-01-06,3,2.0,Planning
AI_USR155,Org-Beta-Team2,Org-Beta,2026-01-07,14,2.6,Planning
AI_USR155,Org-Beta-Team2,Org-Beta,2026-01-09,17,3.3,Code Generation
AI_USR155,Org-Beta-Team2,Org-Beta,2026-01-10,20,3.5,Planning
AI_USR155,Org-Beta-Team2,Org-Beta,2026-01-11,17,3.3,Documentation
AI_USR155,Org-Beta-Team2,Org-Beta,2026-01-12,2,3.8,Summarization
AI_USR155,Org-Beta-Team2,Org-Beta,2026-01-13,6,3.8,Debugging
AI_USR155,Org-Beta-Team2,Org-Beta,2026-01-14,13,3.8,Data Query
AI_USR155,Org-Beta-Team2,Org-Beta,2026-01-17,8,3.7,Code Generation
AI_USR155,Org-Beta-Team2,Org-Beta,2026-01-19,8,3.4,Planning
AI_USR155,Org-Beta-Team2,Org-Beta,2026-01-20,4,2.6,Planning
AI_USR155,Org-Beta-Team2,Org-Beta,2026-01-22,7,2.3,Documentation
AI_USR155,Org-Beta-Team2,Org-Beta,2026-01-23,10,2.3,Debugging
AI_USR155,Org-Beta-Team2,Org-Beta,2026-01-24,2,3.5,Summarization
AI_USR155,Org-Beta-Team2,Org-Beta,2026-01-27,9,2.4,Data Query
AI_USR155,Org-Beta-Team2,Org-Beta,2026-01-29,5,2.6,Summarization
AI_USR155,Org-Beta-Team2,Org-Beta,2026-01-31,4,1.9,Documentation
AI_USR155,Org-Beta-Team2,Org-Beta,2026-02-01,10,3.5,Documentation
AI_USR155,Org-Beta-Team2,Org-Beta,2026-02-03,4,2.9,Data Query
AI_USR155,Org-Beta-Team2,Org-Beta,2026-02-04,14,3.5,Debugging
AI_USR155,Org-Beta-Team2,Org-Beta,2026-02-05,15,2.9,Code Generation
AI_USR155,Org-Beta-Team2,Org-Beta,2026-02-06,12,3.2,Data Query
AI_USR155,Org-Beta-Team2,Org-Beta,2026-02-07,18,3.6,Code Generation
AI_USR155,Org-Beta-Team2,Org-Beta,2026-02-09,4,2.6,Debugging
AI_USR155,Org-Beta-Team2,Org-Beta,2026-02-10,14,2.9,Documentation
AI_USR155,Org-Beta-Team2,Org-Beta,2026-02-11,15,2.8,Code Generation
AI_USR155,Org-Beta-Team2,Org-Beta,2026-02-13,4,2.4,Documentation
AI_USR155,Org-Beta-Team2,Org-Beta,2026-02-14,10,2.3,Summarization
AI_USR155,Org-Beta-Team2,Org-Beta,2026-02-15,13,3.5,Summarization
AI_USR155,Org-Beta-Team2,Org-Beta,2026-02-16,19,3.3,Planning
AI_USR155,Org-Beta-Team2,Org-Beta,2026-02-17,9,2.7,Summarization
AI_USR155,Org-Beta-Team2,Org-Beta,2026-02-18,17,2.2,Debugging
AI_USR155,Org-Beta-Team2,Org-Beta,2026-02-19,5,2.9,Debugging
AI_USR155,Org-Beta-Team2,Org-Beta,2026-02-20,6,2.9,Summarization
AI_USR155,Org-Beta-Team2,Org-Beta,2026-02-21,11,3.9,Code Generation
AI_USR155,Org-Beta-Team2,Org-Beta,2026-02-24,19,3.5,Planning
AI_USR155,Org-Beta-Team2,Org-Beta,2026-02-25,8,3.6,Data Query
AI_USR155,Org-Beta-Team2,Org-Beta,2026-02-27,14,3.2,Code Generation
AI_USR155,Org-Beta-Team2,Org-Beta,2026-02-28,16,2.5,Documentation
AI_USR155,Org-Beta-Team2,Org-Beta,2026-03-01,4,2.3,Documentation
AI_USR155,Org-Beta-Team2,Org-Beta,2026-03-02,13,2.5,Documentation
AI_USR155,Org-Beta-Team2,Org-Beta,2026-03-03,9,4.0,Debugging
AI_USR155,Org-Beta-Team2,Org-Beta,2026-03-05,7,3.5,Code Generation
AI_USR155,Org-Beta-Team2,Org-Beta,2026-03-07,7,3.9,Code Generation
AI_USR155,Org-Beta-Team2,Org-Beta,2026-03-08,1,2.9,Debugging
AI_USR155,Org-Beta-Team2,Org-Beta,2026-03-09,11,2.3,Data Query
AI_USR155,Org-Beta-Team2,Org-Beta,2026-03-10,15,3.9,Documentation
AI_USR155,Org-Beta-Team2,Org-Beta,2026-03-11,12,2.1,Documentation
AI_USR155,Org-Beta-Team2,Org-Beta,2026-03-13,3,3.6,Summarization
AI_USR155,Org-Beta-Team2,Org-Beta,2026-03-14,19,3.0,Code Generation
AI_USR155,Org-Beta-Team2,Org-Beta,2026-03-16,8,3.8,Debugging
AI_USR155,Org-Beta-Team2,Org-Beta,2026-03-17,12,3.0,Code Generation
AI_USR155,Org-Beta-Team2,Org-Beta,2026-03-18,4,3.9,Data Query
AI_USR155,Org-Beta-Team2,Org-Beta,2026-03-19,8,3.7,Code Generation
AI_USR155,Org-Beta-Team2,Org-Beta,2026-03-20,3,3.3,Planning
AI_USR155,Org-Beta-Team2,Org-Beta,2026-03-21,18,3.9,Summarization
AI_USR155,Org-Beta-Team2,Org-Beta,2026-03-22,5,3.2,Planning
AI_USR155,Org-Beta-Team2,Org-Beta,2026-03-24,2,4.0,Documentation
AI_USR155,Org-Beta-Team2,Org-Beta,2026-03-25,12,4.0,Summarization
AI_USR155,Org-Beta-Team2,Org-Beta,2026-03-26,15,3.8,Planning
AI_USR155,Org-Beta-Team2,Org-Beta,2026-03-27,20,3.4,Documentation
AI_USR155,Org-Beta-Team2,Org-Beta,2026-03-28,14,2.3,Data Query
AI_USR155,Org-Beta-Team2,Org-Beta,2026-03-29,14,3.7,Data Query
AI_USR155,Org-Beta-Team2,Org-Beta,2026-03-30,18,2.3,Data Query
AI_USR155,Org-Beta-Team2,Org-Beta,2026-03-31,8,3.6,Code Generation
AI_USR156,Org-Beta-Team2,Org-Beta,2026-01-01,14,2.8,Documentation
AI_USR156,Org-Beta-Team2,Org-Beta,2026-01-02,9,3.1,Debugging
AI_USR156,Org-Beta-Team2,Org-Beta,2026-01-03,5,4.0,Documentation
AI_USR156,Org-Beta-Team2,Org-Beta,2026-01-04,6,3.3,Summarization
AI_USR156,Org-Beta-Team2,Org-Beta,2026-01-05,8,4.1,Planning
AI_USR156,Org-Beta-Team2,Org-Beta,2026-01-07,13,3.9,Documentation
AI_USR156,Org-Beta-Team2,Org-Beta,2026-01-08,18,3.4,Planning
AI_USR156,Org-Beta-Team2,Org-Beta,2026-01-09,19,4.3,Code Generation
AI_USR156,Org-Beta-Team2,Org-Beta,2026-01-10,18,2.5,Code Generation
AI_USR156,Org-Beta-Team2,Org-Beta,2026-01-11,7,2.6,Data Query
AI_USR156,Org-Beta-Team2,Org-Beta,2026-01-13,18,4.4,Code Generation
AI_USR156,Org-Beta-Team2,Org-Beta,2026-01-14,5,4.0,Documentation
AI_USR156,Org-Beta-Team2,Org-Beta,2026-01-16,5,3.3,Documentation
AI_USR156,Org-Beta-Team2,Org-Beta,2026-01-17,17,3.2,Summarization
AI_USR156,Org-Beta-Team2,Org-Beta,2026-01-18,17,3.8,Debugging
AI_USR156,Org-Beta-Team2,Org-Beta,2026-01-19,4,3.0,Documentation
AI_USR156,Org-Beta-Team2,Org-Beta,2026-01-20,2,4.1,Code Generation
AI_USR156,Org-Beta-Team2,Org-Beta,2026-01-21,8,3.0,Debugging
AI_USR156,Org-Beta-Team2,Org-Beta,2026-01-24,6,2.9,Summarization
AI_USR156,Org-Beta-Team2,Org-Beta,2026-01-27,12,2.6,Documentation
AI_USR156,Org-Beta-Team2,Org-Beta,2026-01-28,3,3.2,Planning
AI_USR156,Org-Beta-Team2,Org-Beta,2026-01-29,15,4.1,Planning
AI_USR156,Org-Beta-Team2,Org-Beta,2026-01-30,13,3.3,Debugging
AI_USR156,Org-Beta-Team2,Org-Beta,2026-01-31,9,2.5,Data Query
AI_USR156,Org-Beta-Team2,Org-Beta,2026-02-03,9,4.0,Summarization
AI_USR156,Org-Beta-Team2,Org-Beta,2026-02-06,20,3.5,Data Query
AI_USR156,Org-Beta-Team2,Org-Beta,2026-02-07,16,4.0,Documentation
AI_USR156,Org-Beta-Team2,Org-Beta,2026-02-08,8,3.2,Code Generation
AI_USR156,Org-Beta-Team2,Org-Beta,2026-02-09,5,2.9,Data Query
AI_USR156,Org-Beta-Team2,Org-Beta,2026-02-10,3,3.7,Summarization
AI_USR156,Org-Beta-Team2,Org-Beta,2026-02-11,6,3.8,Planning
AI_USR156,Org-Beta-Team2,Org-Beta,2026-02-12,8,3.1,Planning
AI_USR156,Org-Beta-Team2,Org-Beta,2026-02-16,15,2.7,Planning
AI_USR156,Org-Beta-Team2,Org-Beta,2026-02-17,7,2.8,Planning
AI_USR156,Org-Beta-Team2,Org-Beta,2026-02-18,5,3.3,Debugging
AI_USR156,Org-Beta-Team2,Org-Beta,2026-02-19,1,3.0,Debugging
AI_USR156,Org-Beta-Team2,Org-Beta,2026-02-22,12,3.8,Debugging
AI_USR156,Org-Beta-Team2,Org-Beta,2026-02-23,5,2.7,Debugging
AI_USR156,Org-Beta-Team2,Org-Beta,2026-02-24,7,3.7,Documentation
AI_USR156,Org-Beta-Team2,Org-Beta,2026-02-25,17,3.3,Summarization
AI_USR156,Org-Beta-Team2,Org-Beta,2026-02-26,18,4.0,Documentation
AI_USR156,Org-Beta-Team2,Org-Beta,2026-03-01,12,3.6,Data Query
AI_USR156,Org-Beta-Team2,Org-Beta,2026-03-03,7,2.6,Code Generation
AI_USR156,Org-Beta-Team2,Org-Beta,2026-03-04,15,3.3,Code Generation
AI_USR156,Org-Beta-Team2,Org-Beta,2026-03-05,5,3.2,Documentation
AI_USR156,Org-Beta-Team2,Org-Beta,2026-03-08,18,3.0,Planning
AI_USR156,Org-Beta-Team2,Org-Beta,2026-03-12,18,2.4,Code Generation
AI_USR156,Org-Beta-Team2,Org-Beta,2026-03-14,2,3.8,Data Query
AI_USR156,Org-Beta-Team2,Org-Beta,2026-03-15,20,3.1,Debugging
AI_USR156,Org-Beta-Team2,Org-Beta,2026-03-16,6,2.3,Data Query
AI_USR156,Org-Beta-Team2,Org-Beta,2026-03-17,14,2.5,Debugging
AI_USR156,Org-Beta-Team2,Org-Beta,2026-03-18,10,3.4,Summarization
AI_USR156,Org-Beta-Team2,Org-Beta,2026-03-19,11,2.5,Data Query
AI_USR156,Org-Beta-Team2,Org-Beta,2026-03-20,8,2.7,Summarization
AI_USR156,Org-Beta-Team2,Org-Beta,2026-03-23,15,3.5,Code Generation
AI_USR156,Org-Beta-Team2,Org-Beta,2026-03-24,9,2.2,Summarization
AI_USR156,Org-Beta-Team2,Org-Beta,2026-03-25,12,3.7,Documentation
AI_USR156,Org-Beta-Team2,Org-Beta,2026-03-28,8,2.0,Planning
AI_USR156,Org-Beta-Team2,Org-Beta,2026-03-29,8,2.4,Planning
AI_USR156,Org-Beta-Team2,Org-Beta,2026-03-31,14,2.8,Documentation
AI_USR157,Org-Epsilon-Team1,Org-Epsilon,2026-01-01,6,8.1,Documentation
AI_USR157,Org-Epsilon-Team1,Org-Epsilon,2026-01-03,12,7.5,Summarization
AI_USR157,Org-Epsilon-Team1,Org-Epsilon,2026-01-07,2,7.6,Code Generation
AI_USR157,Org-Epsilon-Team1,Org-Epsilon,2026-01-08,15,8.2,Summarization
AI_USR157,Org-Epsilon-Team1,Org-Epsilon,2026-01-10,10,7.4,Summarization
AI_USR157,Org-Epsilon-Team1,Org-Epsilon,2026-01-11,17,7.9,Documentation
AI_USR157,Org-Epsilon-Team1,Org-Epsilon,2026-01-12,20,7.5,Code Generation
AI_USR157,Org-Epsilon-Team1,Org-Epsilon,2026-01-13,14,7.3,Documentation
AI_USR157,Org-Epsilon-Team1,Org-Epsilon,2026-01-14,20,6.8,Debugging
AI_USR157,Org-Epsilon-Team1,Org-Epsilon,2026-01-15,5,7.3,Planning
AI_USR157,Org-Epsilon-Team1,Org-Epsilon,2026-01-16,18,8.0,Summarization
AI_USR157,Org-Epsilon-Team1,Org-Epsilon,2026-01-17,15,8.4,Documentation
AI_USR157,Org-Epsilon-Team1,Org-Epsilon,2026-01-18,18,8.5,Documentation
AI_USR157,Org-Epsilon-Team1,Org-Epsilon,2026-01-20,13,8.9,Planning
AI_USR157,Org-Epsilon-Team1,Org-Epsilon,2026-01-21,3,7.5,Debugging
AI_USR157,Org-Epsilon-Team1,Org-Epsilon,2026-01-23,19,8.9,Documentation
AI_USR157,Org-Epsilon-Team1,Org-Epsilon,2026-01-24,19,8.2,Documentation
AI_USR157,Org-Epsilon-Team1,Org-Epsilon,2026-01-25,12,8.3,Planning
AI_USR157,Org-Epsilon-Team1,Org-Epsilon,2026-01-28,2,8.0,Documentation
AI_USR157,Org-Epsilon-Team1,Org-Epsilon,2026-01-31,13,8.0,Code Generation
AI_USR157,Org-Epsilon-Team1,Org-Epsilon,2026-02-02,17,8.9,Code Generation
AI_USR157,Org-Epsilon-Team1,Org-Epsilon,2026-02-04,15,9.1,Code Generation
AI_USR157,Org-Epsilon-Team1,Org-Epsilon,2026-02-05,17,9.3,Summarization
AI_USR157,Org-Epsilon-Team1,Org-Epsilon,2026-02-07,16,8.6,Debugging
AI_USR157,Org-Epsilon-Team1,Org-Epsilon,2026-02-09,6,8.2,Debugging
AI_USR157,Org-Epsilon-Team1,Org-Epsilon,2026-02-10,12,7.9,Planning
AI_USR157,Org-Epsilon-Team1,Org-Epsilon,2026-02-11,1,9.0,Data Query
AI_USR157,Org-Epsilon-Team1,Org-Epsilon,2026-02-13,8,8.0,Code Generation
AI_USR157,Org-Epsilon-Team1,Org-Epsilon,2026-02-14,6,8.3,Planning
AI_USR157,Org-Epsilon-Team1,Org-Epsilon,2026-02-15,13,8.5,Data Query
AI_USR157,Org-Epsilon-Team1,Org-Epsilon,2026-02-16,18,8.7,Code Generation
AI_USR157,Org-Epsilon-Team1,Org-Epsilon,2026-02-18,19,8.1,Code Generation
AI_USR157,Org-Epsilon-Team1,Org-Epsilon,2026-02-19,7,8.2,Summarization
AI_USR157,Org-Epsilon-Team1,Org-Epsilon,2026-02-21,15,8.5,Data Query
AI_USR157,Org-Epsilon-Team1,Org-Epsilon,2026-02-23,15,9.1,Documentation
AI_USR157,Org-Epsilon-Team1,Org-Epsilon,2026-02-24,3,8.6,Code Generation
AI_USR157,Org-Epsilon-Team1,Org-Epsilon,2026-02-26,15,9.0,Planning
AI_USR157,Org-Epsilon-Team1,Org-Epsilon,2026-02-27,9,8.1,Data Query
AI_USR157,Org-Epsilon-Team1,Org-Epsilon,2026-02-28,1,8.4,Data Query
AI_USR157,Org-Epsilon-Team1,Org-Epsilon,2026-03-01,3,9.3,Planning
AI_USR157,Org-Epsilon-Team1,Org-Epsilon,2026-03-02,11,10.0,Debugging
AI_USR157,Org-Epsilon-Team1,Org-Epsilon,2026-03-03,13,8.8,Debugging
AI_USR157,Org-Epsilon-Team1,Org-Epsilon,2026-03-05,14,10.0,Debugging
AI_USR157,Org-Epsilon-Team1,Org-Epsilon,2026-03-06,12,9.2,Debugging
AI_USR157,Org-Epsilon-Team1,Org-Epsilon,2026-03-09,16,8.4,Code Generation
AI_USR157,Org-Epsilon-Team1,Org-Epsilon,2026-03-10,11,8.6,Code Generation
AI_USR157,Org-Epsilon-Team1,Org-Epsilon,2026-03-12,15,9.3,Code Generation
AI_USR157,Org-Epsilon-Team1,Org-Epsilon,2026-03-13,13,10.0,Data Query
AI_USR157,Org-Epsilon-Team1,Org-Epsilon,2026-03-14,8,9.7,Planning
AI_USR157,Org-Epsilon-Team1,Org-Epsilon,2026-03-17,12,9.7,Debugging
AI_USR157,Org-Epsilon-Team1,Org-Epsilon,2026-03-18,18,10.0,Data Query
AI_USR157,Org-Epsilon-Team1,Org-Epsilon,2026-03-20,11,10.0,Code Generation
AI_USR157,Org-Epsilon-Team1,Org-Epsilon,2026-03-22,12,10.0,Planning
AI_USR157,Org-Epsilon-Team1,Org-Epsilon,2026-03-23,1,10.0,Debugging
AI_USR157,Org-Epsilon-Team1,Org-Epsilon,2026-03-24,8,9.9,Code Generation
AI_USR157,Org-Epsilon-Team1,Org-Epsilon,2026-03-25,15,9.2,Documentation
AI_USR157,Org-Epsilon-Team1,Org-Epsilon,2026-03-26,9,10.0,Debugging
AI_USR158,Org-Epsilon-Team1,Org-Epsilon,2026-01-01,13,2.6,Code Generation
AI_USR158,Org-Epsilon-Team1,Org-Epsilon,2026-01-03,12,3.2,Planning
AI_USR158,Org-Epsilon-Team1,Org-Epsilon,2026-01-05,20,3.2,Summarization
AI_USR158,Org-Epsilon-Team1,Org-Epsilon,2026-01-06,5,3.2,Debugging
AI_USR158,Org-Epsilon-Team1,Org-Epsilon,2026-01-09,7,2.6,Data Query
AI_USR158,Org-Epsilon-Team1,Org-Epsilon,2026-01-10,4,3.4,Documentation
AI_USR158,Org-Epsilon-Team1,Org-Epsilon,2026-01-15,11,2.4,Code Generation
AI_USR158,Org-Epsilon-Team1,Org-Epsilon,2026-01-16,15,3.7,Documentation
AI_USR158,Org-Epsilon-Team1,Org-Epsilon,2026-01-17,9,2.4,Summarization
AI_USR158,Org-Epsilon-Team1,Org-Epsilon,2026-01-18,1,3.2,Data Query
AI_USR158,Org-Epsilon-Team1,Org-Epsilon,2026-01-19,13,3.4,Data Query
AI_USR158,Org-Epsilon-Team1,Org-Epsilon,2026-01-21,14,3.0,Debugging
AI_USR158,Org-Epsilon-Team1,Org-Epsilon,2026-01-23,14,2.7,Code Generation
AI_USR158,Org-Epsilon-Team1,Org-Epsilon,2026-01-26,18,2.4,Planning
AI_USR158,Org-Epsilon-Team1,Org-Epsilon,2026-01-27,17,4.2,Data Query
AI_USR158,Org-Epsilon-Team1,Org-Epsilon,2026-01-28,20,3.9,Planning
AI_USR158,Org-Epsilon-Team1,Org-Epsilon,2026-01-29,12,2.5,Data Query
AI_USR158,Org-Epsilon-Team1,Org-Epsilon,2026-01-30,6,4.0,Code Generation
AI_USR158,Org-Epsilon-Team1,Org-Epsilon,2026-02-02,14,2.6,Documentation
AI_USR158,Org-Epsilon-Team1,Org-Epsilon,2026-02-03,13,3.9,Debugging
AI_USR158,Org-Epsilon-Team1,Org-Epsilon,2026-02-04,17,2.9,Code Generation
AI_USR158,Org-Epsilon-Team1,Org-Epsilon,2026-02-06,2,3.9,Summarization
AI_USR158,Org-Epsilon-Team1,Org-Epsilon,2026-02-09,3,2.5,Code Generation
AI_USR158,Org-Epsilon-Team1,Org-Epsilon,2026-02-10,4,2.7,Planning
AI_USR158,Org-Epsilon-Team1,Org-Epsilon,2026-02-11,15,2.3,Code Generation
AI_USR158,Org-Epsilon-Team1,Org-Epsilon,2026-02-14,1,4.0,Data Query
AI_USR158,Org-Epsilon-Team1,Org-Epsilon,2026-02-15,1,3.6,Summarization
AI_USR158,Org-Epsilon-Team1,Org-Epsilon,2026-02-16,4,3.1,Summarization
AI_USR158,Org-Epsilon-Team1,Org-Epsilon,2026-02-17,16,2.9,Summarization
AI_USR158,Org-Epsilon-Team1,Org-Epsilon,2026-02-18,5,3.5,Documentation
AI_USR158,Org-Epsilon-Team1,Org-Epsilon,2026-02-21,1,3.4,Debugging
AI_USR158,Org-Epsilon-Team1,Org-Epsilon,2026-02-22,13,2.3,Data Query
AI_USR158,Org-Epsilon-Team1,Org-Epsilon,2026-02-23,17,3.8,Summarization
AI_USR158,Org-Epsilon-Team1,Org-Epsilon,2026-02-24,18,4.2,Summarization
AI_USR158,Org-Epsilon-Team1,Org-Epsilon,2026-02-26,2,3.5,Planning
AI_USR158,Org-Epsilon-Team1,Org-Epsilon,2026-02-27,17,3.9,Planning
AI_USR158,Org-Epsilon-Team1,Org-Epsilon,2026-02-28,10,3.5,Code Generation
AI_USR158,Org-Epsilon-Team1,Org-Epsilon,2026-03-02,3,3.7,Summarization
AI_USR158,Org-Epsilon-Team1,Org-Epsilon,2026-03-03,3,2.4,Summarization
AI_USR158,Org-Epsilon-Team1,Org-Epsilon,2026-03-04,14,3.8,Debugging
AI_USR158,Org-Epsilon-Team1,Org-Epsilon,2026-03-05,18,2.5,Data Query
AI_USR158,Org-Epsilon-Team1,Org-Epsilon,2026-03-06,7,3.6,Code Generation
AI_USR158,Org-Epsilon-Team1,Org-Epsilon,2026-03-08,7,3.5,Summarization
AI_USR158,Org-Epsilon-Team1,Org-Epsilon,2026-03-09,3,2.3,Planning
AI_USR158,Org-Epsilon-Team1,Org-Epsilon,2026-03-11,16,2.9,Data Query
AI_USR158,Org-Epsilon-Team1,Org-Epsilon,2026-03-12,11,4.3,Planning
AI_USR158,Org-Epsilon-Team1,Org-Epsilon,2026-03-13,1,3.3,Data Query
AI_USR158,Org-Epsilon-Team1,Org-Epsilon,2026-03-15,20,2.7,Debugging
AI_USR158,Org-Epsilon-Team1,Org-Epsilon,2026-03-16,5,3.5,Data Query
AI_USR158,Org-Epsilon-Team1,Org-Epsilon,2026-03-19,3,3.1,Code Generation
AI_USR158,Org-Epsilon-Team1,Org-Epsilon,2026-03-20,18,2.9,Code Generation
AI_USR158,Org-Epsilon-Team1,Org-Epsilon,2026-03-21,7,2.4,Planning
AI_USR158,Org-Epsilon-Team1,Org-Epsilon,2026-03-23,13,3.9,Planning
AI_USR158,Org-Epsilon-Team1,Org-Epsilon,2026-03-24,18,3.0,Summarization
AI_USR158,Org-Epsilon-Team1,Org-Epsilon,2026-03-25,9,4.0,Debugging
AI_USR158,Org-Epsilon-Team1,Org-Epsilon,2026-03-26,11,3.4,Planning
AI_USR158,Org-Epsilon-Team1,Org-Epsilon,2026-03-27,18,3.5,Code Generation
AI_USR158,Org-Epsilon-Team1,Org-Epsilon,2026-03-29,7,2.5,Planning
AI_USR158,Org-Epsilon-Team1,Org-Epsilon,2026-03-30,14,3.6,Code Generation
AI_USR158,Org-Epsilon-Team1,Org-Epsilon,2026-03-31,20,4.2,Documentation
AI_USR159,Org-Delta-Team4,Org-Delta,2026-01-02,14,5.8,Debugging
AI_USR159,Org-Delta-Team4,Org-Delta,2026-01-03,7,6.1,Summarization
AI_USR159,Org-Delta-Team4,Org-Delta,2026-01-04,19,7.7,Code Generation
AI_USR159,Org-Delta-Team4,Org-Delta,2026-01-08,3,7.5,Documentation
AI_USR159,Org-Delta-Team4,Org-Delta,2026-01-09,11,6.3,Code Generation
AI_USR159,Org-Delta-Team4,Org-Delta,2026-01-10,10,6.1,Debugging
AI_USR159,Org-Delta-Team4,Org-Delta,2026-01-11,11,7.7,Code Generation
AI_USR159,Org-Delta-Team4,Org-Delta,2026-01-13,9,6.3,Debugging
AI_USR159,Org-Delta-Team4,Org-Delta,2026-01-14,19,6.5,Debugging
AI_USR159,Org-Delta-Team4,Org-Delta,2026-01-17,6,6.4,Debugging
AI_USR159,Org-Delta-Team4,Org-Delta,2026-01-18,2,8.0,Planning
AI_USR159,Org-Delta-Team4,Org-Delta,2026-01-20,9,8.0,Summarization
AI_USR159,Org-Delta-Team4,Org-Delta,2026-01-21,7,8.2,Debugging
AI_USR159,Org-Delta-Team4,Org-Delta,2026-01-22,5,7.3,Planning
AI_USR159,Org-Delta-Team4,Org-Delta,2026-01-23,3,8.3,Documentation
AI_USR159,Org-Delta-Team4,Org-Delta,2026-01-24,2,8.2,Planning
AI_USR159,Org-Delta-Team4,Org-Delta,2026-01-25,16,7.3,Code Generation
AI_USR159,Org-Delta-Team4,Org-Delta,2026-01-26,18,6.7,Debugging
AI_USR159,Org-Delta-Team4,Org-Delta,2026-01-27,5,8.5,Planning
AI_USR159,Org-Delta-Team4,Org-Delta,2026-01-30,13,7.2,Data Query
AI_USR159,Org-Delta-Team4,Org-Delta,2026-02-01,4,7.5,Data Query
AI_USR159,Org-Delta-Team4,Org-Delta,2026-02-03,4,7.3,Debugging
AI_USR159,Org-Delta-Team4,Org-Delta,2026-02-04,11,8.1,Summarization
AI_USR159,Org-Delta-Team4,Org-Delta,2026-02-05,20,7.3,Code Generation
AI_USR159,Org-Delta-Team4,Org-Delta,2026-02-07,10,7.8,Debugging
AI_USR159,Org-Delta-Team4,Org-Delta,2026-02-08,3,7.8,Code Generation
AI_USR159,Org-Delta-Team4,Org-Delta,2026-02-09,18,8.6,Summarization
AI_USR159,Org-Delta-Team4,Org-Delta,2026-02-11,14,7.3,Data Query
AI_USR159,Org-Delta-Team4,Org-Delta,2026-02-12,19,7.4,Debugging
AI_USR159,Org-Delta-Team4,Org-Delta,2026-02-13,20,7.4,Planning
AI_USR159,Org-Delta-Team4,Org-Delta,2026-02-14,16,8.9,Planning
AI_USR159,Org-Delta-Team4,Org-Delta,2026-02-15,11,7.6,Documentation
AI_USR159,Org-Delta-Team4,Org-Delta,2026-02-16,12,8.6,Documentation
AI_USR159,Org-Delta-Team4,Org-Delta,2026-02-19,3,8.2,Debugging
AI_USR159,Org-Delta-Team4,Org-Delta,2026-02-23,6,9.1,Summarization
AI_USR159,Org-Delta-Team4,Org-Delta,2026-02-24,3,8.6,Documentation
AI_USR159,Org-Delta-Team4,Org-Delta,2026-02-25,3,9.2,Documentation
AI_USR159,Org-Delta-Team4,Org-Delta,2026-02-26,3,8.1,Planning
AI_USR159,Org-Delta-Team4,Org-Delta,2026-02-28,7,8.2,Documentation
AI_USR159,Org-Delta-Team4,Org-Delta,2026-03-02,7,8.7,Planning
AI_USR159,Org-Delta-Team4,Org-Delta,2026-03-03,5,8.6,Documentation
AI_USR159,Org-Delta-Team4,Org-Delta,2026-03-05,6,8.9,Summarization
AI_USR159,Org-Delta-Team4,Org-Delta,2026-03-06,7,8.3,Planning
AI_USR159,Org-Delta-Team4,Org-Delta,2026-03-07,3,8.4,Data Query
AI_USR159,Org-Delta-Team4,Org-Delta,2026-03-08,8,8.5,Data Query
AI_USR159,Org-Delta-Team4,Org-Delta,2026-03-10,13,8.3,Code Generation
AI_USR159,Org-Delta-Team4,Org-Delta,2026-03-14,20,10.0,Code Generation
AI_USR159,Org-Delta-Team4,Org-Delta,2026-03-17,18,9.4,Data Query
AI_USR159,Org-Delta-Team4,Org-Delta,2026-03-18,2,8.6,Summarization
AI_USR159,Org-Delta-Team4,Org-Delta,2026-03-21,15,10.0,Debugging
AI_USR159,Org-Delta-Team4,Org-Delta,2026-03-23,11,9.0,Code Generation
AI_USR159,Org-Delta-Team4,Org-Delta,2026-03-24,15,10.0,Planning
AI_USR159,Org-Delta-Team4,Org-Delta,2026-03-25,4,9.1,Debugging
AI_USR159,Org-Delta-Team4,Org-Delta,2026-03-27,4,8.9,Planning
AI_USR159,Org-Delta-Team4,Org-Delta,2026-03-28,1,10.0,Code Generation
AI_USR159,Org-Delta-Team4,Org-Delta,2026-03-29,15,10.0,Summarization
AI_USR159,Org-Delta-Team4,Org-Delta,2026-03-30,7,9.7,Code Generation
AI_USR159,Org-Delta-Team4,Org-Delta,2026-03-31,8,10.0,Planning
AI_USR160,Org-Delta-Team1,Org-Delta,2026-01-02,12,5.5,Data Query
AI_USR160,Org-Delta-Team1,Org-Delta,2026-01-03,2,7.2,Planning
AI_USR160,Org-Delta-Team1,Org-Delta,2026-01-04,6,6.1,Planning
AI_USR160,Org-Delta-Team1,Org-Delta,2026-01-05,13,6.7,Code Generation
AI_USR160,Org-Delta-Team1,Org-Delta,2026-01-07,11,6.9,Data Query
AI_USR160,Org-Delta-Team1,Org-Delta,2026-01-11,4,6.1,Code Generation
AI_USR160,Org-Delta-Team1,Org-Delta,2026-01-12,6,6.4,Data Query
AI_USR160,Org-Delta-Team1,Org-Delta,2026-01-13,4,6.9,Code Generation
AI_USR160,Org-Delta-Team1,Org-Delta,2026-01-14,5,7.4,Data Query
AI_USR160,Org-Delta-Team1,Org-Delta,2026-01-15,9,6.9,Planning
AI_USR160,Org-Delta-Team1,Org-Delta,2026-01-16,2,7.7,Code Generation
AI_USR160,Org-Delta-Team1,Org-Delta,2026-01-18,1,7.0,Data Query
AI_USR160,Org-Delta-Team1,Org-Delta,2026-01-19,9,7.2,Summarization
AI_USR160,Org-Delta-Team1,Org-Delta,2026-01-20,6,7.0,Data Query
AI_USR160,Org-Delta-Team1,Org-Delta,2026-01-21,17,7.4,Planning
AI_USR160,Org-Delta-Team1,Org-Delta,2026-01-23,12,7.7,Debugging
AI_USR160,Org-Delta-Team1,Org-Delta,2026-01-25,4,7.9,Summarization
AI_USR160,Org-Delta-Team1,Org-Delta,2026-01-27,6,6.3,Summarization
AI_USR160,Org-Delta-Team1,Org-Delta,2026-01-28,12,7.1,Data Query
AI_USR160,Org-Delta-Team1,Org-Delta,2026-01-29,19,6.8,Documentation
AI_USR160,Org-Delta-Team1,Org-Delta,2026-01-31,11,6.6,Planning
AI_USR160,Org-Delta-Team1,Org-Delta,2026-02-02,14,7.9,Summarization
AI_USR160,Org-Delta-Team1,Org-Delta,2026-02-04,9,6.9,Code Generation
AI_USR160,Org-Delta-Team1,Org-Delta,2026-02-05,13,7.7,Documentation
AI_USR160,Org-Delta-Team1,Org-Delta,2026-02-06,4,7.8,Code Generation
AI_USR160,Org-Delta-Team1,Org-Delta,2026-02-07,3,7.6,Code Generation
AI_USR160,Org-Delta-Team1,Org-Delta,2026-02-10,12,8.3,Code Generation
AI_USR160,Org-Delta-Team1,Org-Delta,2026-02-12,12,7.4,Documentation
AI_USR160,Org-Delta-Team1,Org-Delta,2026-02-14,20,8.3,Planning
AI_USR160,Org-Delta-Team1,Org-Delta,2026-02-15,13,7.1,Debugging
AI_USR160,Org-Delta-Team1,Org-Delta,2026-02-16,7,8.8,Code Generation
AI_USR160,Org-Delta-Team1,Org-Delta,2026-02-17,12,8.4,Code Generation
AI_USR160,Org-Delta-Team1,Org-Delta,2026-02-21,16,9.1,Planning
AI_USR160,Org-Delta-Team1,Org-Delta,2026-02-22,10,8.8,Data Query
AI_USR160,Org-Delta-Team1,Org-Delta,2026-02-23,17,8.0,Documentation
AI_USR160,Org-Delta-Team1,Org-Delta,2026-02-24,20,8.1,Documentation
AI_USR160,Org-Delta-Team1,Org-Delta,2026-02-25,3,7.5,Planning
AI_USR160,Org-Delta-Team1,Org-Delta,2026-02-28,8,8.6,Debugging
AI_USR160,Org-Delta-Team1,Org-Delta,2026-03-02,17,8.9,Debugging
AI_USR160,Org-Delta-Team1,Org-Delta,2026-03-03,5,7.8,Summarization
AI_USR160,Org-Delta-Team1,Org-Delta,2026-03-05,8,8.6,Summarization
AI_USR160,Org-Delta-Team1,Org-Delta,2026-03-09,18,9.2,Debugging
AI_USR160,Org-Delta-Team1,Org-Delta,2026-03-10,7,8.2,Summarization
AI_USR160,Org-Delta-Team1,Org-Delta,2026-03-11,7,9.3,Data Query
AI_USR160,Org-Delta-Team1,Org-Delta,2026-03-12,6,8.6,Data Query
AI_USR160,Org-Delta-Team1,Org-Delta,2026-03-13,2,8.6,Code Generation
AI_USR160,Org-Delta-Team1,Org-Delta,2026-03-14,18,9.8,Code Generation
AI_USR160,Org-Delta-Team1,Org-Delta,2026-03-15,12,9.1,Planning
AI_USR160,Org-Delta-Team1,Org-Delta,2026-03-16,7,10.0,Planning
AI_USR160,Org-Delta-Team1,Org-Delta,2026-03-18,1,9.0,Planning
AI_USR160,Org-Delta-Team1,Org-Delta,2026-03-20,16,8.5,Summarization
AI_USR160,Org-Delta-Team1,Org-Delta,2026-03-21,6,8.4,Code Generation
AI_USR160,Org-Delta-Team1,Org-Delta,2026-03-22,16,8.4,Data Query
AI_USR160,Org-Delta-Team1,Org-Delta,2026-03-24,19,9.8,Planning
AI_USR160,Org-Delta-Team1,Org-Delta,2026-03-26,5,10.0,Debugging
AI_USR160,Org-Delta-Team1,Org-Delta,2026-03-27,20,8.6,Debugging
AI_USR160,Org-Delta-Team1,Org-Delta,2026-03-29,15,10.0,Code Generation
AI_USR161,Org-Alpha-Team4,Org-Alpha,2026-01-01,18,6.8,Planning
AI_USR161,Org-Alpha-Team4,Org-Alpha,2026-01-03,4,7.2,Data Query
AI_USR161,Org-Alpha-Team4,Org-Alpha,2026-01-05,9,8.2,Documentation
AI_USR161,Org-Alpha-Team4,Org-Alpha,2026-01-06,17,7.3,Code Generation
AI_USR161,Org-Alpha-Team4,Org-Alpha,2026-01-07,7,7.7,Data Query
AI_USR161,Org-Alpha-Team4,Org-Alpha,2026-01-08,18,6.6,Code Generation
AI_USR161,Org-Alpha-Team4,Org-Alpha,2026-01-11,16,6.5,Debugging
AI_USR161,Org-Alpha-Team4,Org-Alpha,2026-01-12,11,8.3,Planning
AI_USR161,Org-Alpha-Team4,Org-Alpha,2026-01-13,4,8.3,Data Query
AI_USR161,Org-Alpha-Team4,Org-Alpha,2026-01-14,3,7.4,Documentation
AI_USR161,Org-Alpha-Team4,Org-Alpha,2026-01-16,3,7.9,Summarization
AI_USR161,Org-Alpha-Team4,Org-Alpha,2026-01-17,10,6.7,Documentation
AI_USR161,Org-Alpha-Team4,Org-Alpha,2026-01-18,18,7.8,Data Query
AI_USR161,Org-Alpha-Team4,Org-Alpha,2026-01-19,15,8.5,Planning
AI_USR161,Org-Alpha-Team4,Org-Alpha,2026-01-20,16,6.9,Data Query
AI_USR161,Org-Alpha-Team4,Org-Alpha,2026-01-22,16,7.9,Data Query
AI_USR161,Org-Alpha-Team4,Org-Alpha,2026-01-23,2,8.2,Summarization
AI_USR161,Org-Alpha-Team4,Org-Alpha,2026-01-24,17,8.1,Debugging
AI_USR161,Org-Alpha-Team4,Org-Alpha,2026-01-25,15,6.9,Documentation
AI_USR161,Org-Alpha-Team4,Org-Alpha,2026-01-26,10,7.8,Debugging
AI_USR161,Org-Alpha-Team4,Org-Alpha,2026-01-28,18,6.7,Documentation
AI_USR161,Org-Alpha-Team4,Org-Alpha,2026-01-31,18,7.4,Documentation
AI_USR161,Org-Alpha-Team4,Org-Alpha,2026-02-01,11,8.2,Documentation
AI_USR161,Org-Alpha-Team4,Org-Alpha,2026-02-02,14,8.3,Debugging
AI_USR161,Org-Alpha-Team4,Org-Alpha,2026-02-03,6,8.1,Planning
AI_USR161,Org-Alpha-Team4,Org-Alpha,2026-02-04,14,7.3,Data Query
AI_USR161,Org-Alpha-Team4,Org-Alpha,2026-02-05,18,7.0,Debugging
AI_USR161,Org-Alpha-Team4,Org-Alpha,2026-02-07,1,7.3,Documentation
AI_USR161,Org-Alpha-Team4,Org-Alpha,2026-02-09,18,7.3,Debugging
AI_USR161,Org-Alpha-Team4,Org-Alpha,2026-02-12,1,8.4,Data Query
AI_USR161,Org-Alpha-Team4,Org-Alpha,2026-02-13,20,8.0,Debugging
AI_USR161,Org-Alpha-Team4,Org-Alpha,2026-02-14,8,8.4,Code Generation
AI_USR161,Org-Alpha-Team4,Org-Alpha,2026-02-15,1,7.4,Planning
AI_USR161,Org-Alpha-Team4,Org-Alpha,2026-02-17,12,8.8,Debugging
AI_USR161,Org-Alpha-Team4,Org-Alpha,2026-02-19,14,7.3,Planning
AI_USR161,Org-Alpha-Team4,Org-Alpha,2026-02-21,6,7.0,Debugging
AI_USR161,Org-Alpha-Team4,Org-Alpha,2026-02-22,4,7.5,Data Query
AI_USR161,Org-Alpha-Team4,Org-Alpha,2026-02-23,14,8.3,Documentation
AI_USR161,Org-Alpha-Team4,Org-Alpha,2026-02-24,6,8.6,Planning
AI_USR161,Org-Alpha-Team4,Org-Alpha,2026-02-25,16,8.5,Debugging
AI_USR161,Org-Alpha-Team4,Org-Alpha,2026-02-27,3,8.4,Documentation
AI_USR161,Org-Alpha-Team4,Org-Alpha,2026-02-28,10,7.5,Code Generation
AI_USR161,Org-Alpha-Team4,Org-Alpha,2026-03-01,12,8.9,Debugging
AI_USR161,Org-Alpha-Team4,Org-Alpha,2026-03-03,6,8.7,Planning
AI_USR161,Org-Alpha-Team4,Org-Alpha,2026-03-07,7,8.3,Debugging
AI_USR161,Org-Alpha-Team4,Org-Alpha,2026-03-08,20,9.1,Summarization
AI_USR161,Org-Alpha-Team4,Org-Alpha,2026-03-09,16,7.8,Data Query
AI_USR161,Org-Alpha-Team4,Org-Alpha,2026-03-10,18,8.8,Code Generation
AI_USR161,Org-Alpha-Team4,Org-Alpha,2026-03-11,20,8.3,Data Query
AI_USR161,Org-Alpha-Team4,Org-Alpha,2026-03-13,6,8.0,Code Generation
AI_USR161,Org-Alpha-Team4,Org-Alpha,2026-03-14,20,8.0,Documentation
AI_USR161,Org-Alpha-Team4,Org-Alpha,2026-03-15,18,8.9,Documentation
AI_USR161,Org-Alpha-Team4,Org-Alpha,2026-03-16,13,9.0,Data Query
AI_USR161,Org-Alpha-Team4,Org-Alpha,2026-03-19,9,7.8,Planning
AI_USR161,Org-Alpha-Team4,Org-Alpha,2026-03-21,1,9.2,Documentation
AI_USR161,Org-Alpha-Team4,Org-Alpha,2026-03-22,17,8.4,Code Generation
AI_USR161,Org-Alpha-Team4,Org-Alpha,2026-03-23,9,8.9,Summarization
AI_USR161,Org-Alpha-Team4,Org-Alpha,2026-03-24,5,8.0,Planning
AI_USR161,Org-Alpha-Team4,Org-Alpha,2026-03-27,19,9.4,Code Generation
AI_USR161,Org-Alpha-Team4,Org-Alpha,2026-03-30,18,7.6,Planning
AI_USR161,Org-Alpha-Team4,Org-Alpha,2026-03-31,5,9.1,Summarization
AI_USR162,Org-Delta-Team3,Org-Delta,2026-01-01,8,5.2,Code Generation
AI_USR162,Org-Delta-Team3,Org-Delta,2026-01-02,4,5.1,Code Generation
AI_USR162,Org-Delta-Team3,Org-Delta,2026-01-04,12,4.5,Code Generation
AI_USR162,Org-Delta-Team3,Org-Delta,2026-01-05,16,5.5,Debugging
AI_USR162,Org-Delta-Team3,Org-Delta,2026-01-06,9,4.8,Summarization
AI_USR162,Org-Delta-Team3,Org-Delta,2026-01-07,8,5.1,Summarization
AI_USR162,Org-Delta-Team3,Org-Delta,2026-01-08,9,4.2,Documentation
AI_USR162,Org-Delta-Team3,Org-Delta,2026-01-09,17,4.9,Debugging
AI_USR162,Org-Delta-Team3,Org-Delta,2026-01-11,15,4.5,Code Generation
AI_USR162,Org-Delta-Team3,Org-Delta,2026-01-12,6,5.5,Debugging
AI_USR162,Org-Delta-Team3,Org-Delta,2026-01-14,13,4.2,Summarization
AI_USR162,Org-Delta-Team3,Org-Delta,2026-01-17,3,3.9,Data Query
AI_USR162,Org-Delta-Team3,Org-Delta,2026-01-19,2,5.7,Summarization
AI_USR162,Org-Delta-Team3,Org-Delta,2026-01-21,14,4.6,Data Query
AI_USR162,Org-Delta-Team3,Org-Delta,2026-01-23,8,5.2,Debugging
AI_USR162,Org-Delta-Team3,Org-Delta,2026-01-25,8,4.6,Documentation
AI_USR162,Org-Delta-Team3,Org-Delta,2026-01-26,16,5.4,Documentation
AI_USR162,Org-Delta-Team3,Org-Delta,2026-01-27,14,4.4,Summarization
AI_USR162,Org-Delta-Team3,Org-Delta,2026-01-29,15,3.9,Data Query
AI_USR162,Org-Delta-Team3,Org-Delta,2026-01-30,16,4.5,Planning
AI_USR162,Org-Delta-Team3,Org-Delta,2026-01-31,8,4.5,Data Query
AI_USR162,Org-Delta-Team3,Org-Delta,2026-02-03,1,4.8,Documentation
AI_USR162,Org-Delta-Team3,Org-Delta,2026-02-05,13,4.8,Documentation
AI_USR162,Org-Delta-Team3,Org-Delta,2026-02-06,3,3.8,Debugging
AI_USR162,Org-Delta-Team3,Org-Delta,2026-02-08,18,5.7,Summarization
AI_USR162,Org-Delta-Team3,Org-Delta,2026-02-10,20,5.0,Debugging
AI_USR162,Org-Delta-Team3,Org-Delta,2026-02-11,2,3.9,Planning
AI_USR162,Org-Delta-Team3,Org-Delta,2026-02-12,18,5.0,Planning
AI_USR162,Org-Delta-Team3,Org-Delta,2026-02-13,14,4.6,Code Generation
AI_USR162,Org-Delta-Team3,Org-Delta,2026-02-14,13,4.1,Summarization
AI_USR162,Org-Delta-Team3,Org-Delta,2026-02-16,10,5.2,Summarization
AI_USR162,Org-Delta-Team3,Org-Delta,2026-02-18,14,4.2,Data Query
AI_USR162,Org-Delta-Team3,Org-Delta,2026-02-19,18,3.8,Documentation
AI_USR162,Org-Delta-Team3,Org-Delta,2026-02-22,7,4.6,Debugging
AI_USR162,Org-Delta-Team3,Org-Delta,2026-02-23,1,5.4,Summarization
AI_USR162,Org-Delta-Team3,Org-Delta,2026-02-24,10,5.5,Documentation
AI_USR162,Org-Delta-Team3,Org-Delta,2026-02-25,17,5.2,Documentation
AI_USR162,Org-Delta-Team3,Org-Delta,2026-02-28,8,4.6,Data Query
AI_USR162,Org-Delta-Team3,Org-Delta,2026-03-01,18,5.2,Documentation
AI_USR162,Org-Delta-Team3,Org-Delta,2026-03-09,9,5.6,Code Generation
AI_USR162,Org-Delta-Team3,Org-Delta,2026-03-10,18,3.9,Code Generation
AI_USR162,Org-Delta-Team3,Org-Delta,2026-03-13,18,5.4,Documentation
AI_USR162,Org-Delta-Team3,Org-Delta,2026-03-14,18,4.1,Planning
AI_USR162,Org-Delta-Team3,Org-Delta,2026-03-16,7,3.9,Data Query
AI_USR162,Org-Delta-Team3,Org-Delta,2026-03-18,3,5.3,Planning
AI_USR162,Org-Delta-Team3,Org-Delta,2026-03-20,6,5.0,Debugging
AI_USR162,Org-Delta-Team3,Org-Delta,2026-03-21,13,5.6,Summarization
AI_USR162,Org-Delta-Team3,Org-Delta,2026-03-22,16,4.6,Code Generation
AI_USR162,Org-Delta-Team3,Org-Delta,2026-03-26,13,4.7,Summarization
AI_USR162,Org-Delta-Team3,Org-Delta,2026-03-27,3,4.6,Planning
AI_USR162,Org-Delta-Team3,Org-Delta,2026-03-28,2,4.6,Code Generation
AI_USR162,Org-Delta-Team3,Org-Delta,2026-03-29,11,4.8,Data Query
AI_USR162,Org-Delta-Team3,Org-Delta,2026-03-31,6,4.9,Data Query
AI_USR163,Org-Beta-Team2,Org-Beta,2026-01-02,14,3.6,Planning
AI_USR163,Org-Beta-Team2,Org-Beta,2026-01-03,4,4.1,Planning
AI_USR163,Org-Beta-Team2,Org-Beta,2026-01-04,6,2.6,Data Query
AI_USR163,Org-Beta-Team2,Org-Beta,2026-01-05,18,3.3,Data Query
AI_USR163,Org-Beta-Team2,Org-Beta,2026-01-09,9,2.3,Summarization
AI_USR163,Org-Beta-Team2,Org-Beta,2026-01-11,3,3.4,Debugging
AI_USR163,Org-Beta-Team2,Org-Beta,2026-01-13,15,2.7,Code Generation
AI_USR163,Org-Beta-Team2,Org-Beta,2026-01-14,2,2.6,Summarization
AI_USR163,Org-Beta-Team2,Org-Beta,2026-01-15,10,2.8,Data Query
AI_USR163,Org-Beta-Team2,Org-Beta,2026-01-16,6,3.3,Documentation
AI_USR163,Org-Beta-Team2,Org-Beta,2026-01-17,12,2.6,Code Generation
AI_USR163,Org-Beta-Team2,Org-Beta,2026-01-18,3,3.3,Planning
AI_USR163,Org-Beta-Team2,Org-Beta,2026-01-19,18,3.1,Code Generation
AI_USR163,Org-Beta-Team2,Org-Beta,2026-01-20,20,2.8,Debugging
AI_USR163,Org-Beta-Team2,Org-Beta,2026-01-23,10,3.6,Documentation
AI_USR163,Org-Beta-Team2,Org-Beta,2026-01-24,2,2.2,Data Query
AI_USR163,Org-Beta-Team2,Org-Beta,2026-01-25,12,3.4,Data Query
AI_USR163,Org-Beta-Team2,Org-Beta,2026-01-26,14,3.5,Summarization
AI_USR163,Org-Beta-Team2,Org-Beta,2026-01-28,1,3.0,Documentation
AI_USR163,Org-Beta-Team2,Org-Beta,2026-01-30,17,3.7,Data Query
AI_USR163,Org-Beta-Team2,Org-Beta,2026-02-01,15,3.3,Data Query
AI_USR163,Org-Beta-Team2,Org-Beta,2026-02-02,6,3.5,Debugging
AI_USR163,Org-Beta-Team2,Org-Beta,2026-02-06,14,3.5,Documentation
AI_USR163,Org-Beta-Team2,Org-Beta,2026-02-07,19,3.0,Planning
AI_USR163,Org-Beta-Team2,Org-Beta,2026-02-08,7,3.7,Code Generation
AI_USR163,Org-Beta-Team2,Org-Beta,2026-02-09,3,3.2,Planning
AI_USR163,Org-Beta-Team2,Org-Beta,2026-02-10,10,3.5,Summarization
AI_USR163,Org-Beta-Team2,Org-Beta,2026-02-12,8,2.6,Code Generation
AI_USR163,Org-Beta-Team2,Org-Beta,2026-02-13,9,3.4,Debugging
AI_USR163,Org-Beta-Team2,Org-Beta,2026-02-14,14,2.8,Planning
AI_USR163,Org-Beta-Team2,Org-Beta,2026-02-16,18,3.1,Summarization
AI_USR163,Org-Beta-Team2,Org-Beta,2026-02-17,3,3.1,Documentation
AI_USR163,Org-Beta-Team2,Org-Beta,2026-02-18,9,2.7,Debugging
AI_USR163,Org-Beta-Team2,Org-Beta,2026-02-19,3,3.7,Data Query
AI_USR163,Org-Beta-Team2,Org-Beta,2026-02-20,7,2.7,Code Generation
AI_USR163,Org-Beta-Team2,Org-Beta,2026-02-21,18,3.0,Summarization
AI_USR163,Org-Beta-Team2,Org-Beta,2026-02-22,3,3.3,Summarization
AI_USR163,Org-Beta-Team2,Org-Beta,2026-02-23,19,2.0,Summarization
AI_USR163,Org-Beta-Team2,Org-Beta,2026-02-24,11,3.5,Documentation
AI_USR163,Org-Beta-Team2,Org-Beta,2026-02-25,10,3.2,Summarization
AI_USR163,Org-Beta-Team2,Org-Beta,2026-02-26,9,2.6,Planning
AI_USR163,Org-Beta-Team2,Org-Beta,2026-02-27,17,1.8,Data Query
AI_USR163,Org-Beta-Team2,Org-Beta,2026-02-28,9,2.2,Summarization
AI_USR163,Org-Beta-Team2,Org-Beta,2026-03-01,20,1.8,Summarization
AI_USR163,Org-Beta-Team2,Org-Beta,2026-03-02,15,3.3,Documentation
AI_USR163,Org-Beta-Team2,Org-Beta,2026-03-03,11,2.4,Debugging
AI_USR163,Org-Beta-Team2,Org-Beta,2026-03-05,5,1.7,Documentation
AI_USR163,Org-Beta-Team2,Org-Beta,2026-03-06,1,2.8,Summarization
AI_USR163,Org-Beta-Team2,Org-Beta,2026-03-07,10,2.9,Documentation
AI_USR163,Org-Beta-Team2,Org-Beta,2026-03-08,2,2.3,Documentation
AI_USR163,Org-Beta-Team2,Org-Beta,2026-03-09,12,3.1,Summarization
AI_USR163,Org-Beta-Team2,Org-Beta,2026-03-10,4,3.2,Code Generation
AI_USR163,Org-Beta-Team2,Org-Beta,2026-03-11,5,2.0,Planning
AI_USR163,Org-Beta-Team2,Org-Beta,2026-03-12,1,1.6,Summarization
AI_USR163,Org-Beta-Team2,Org-Beta,2026-03-15,5,2.5,Planning
AI_USR163,Org-Beta-Team2,Org-Beta,2026-03-16,16,3.0,Data Query
AI_USR163,Org-Beta-Team2,Org-Beta,2026-03-17,17,2.8,Documentation
AI_USR163,Org-Beta-Team2,Org-Beta,2026-03-18,5,2.4,Data Query
AI_USR163,Org-Beta-Team2,Org-Beta,2026-03-19,9,2.5,Summarization
AI_USR163,Org-Beta-Team2,Org-Beta,2026-03-22,5,1.6,Code Generation
AI_USR163,Org-Beta-Team2,Org-Beta,2026-03-25,10,3.3,Planning
AI_USR163,Org-Beta-Team2,Org-Beta,2026-03-26,18,2.2,Documentation
AI_USR163,Org-Beta-Team2,Org-Beta,2026-03-28,13,2.7,Debugging
AI_USR163,Org-Beta-Team2,Org-Beta,2026-03-29,18,2.7,Summarization
AI_USR163,Org-Beta-Team2,Org-Beta,2026-03-30,9,3.2,Planning
AI_USR164,Org-Delta-Team3,Org-Delta,2026-01-01,20,4.3,Documentation
AI_USR164,Org-Delta-Team3,Org-Delta,2026-01-02,5,6.0,Planning
AI_USR164,Org-Delta-Team3,Org-Delta,2026-01-04,3,5.9,Code Generation
AI_USR164,Org-Delta-Team3,Org-Delta,2026-01-07,19,4.6,Data Query
AI_USR164,Org-Delta-Team3,Org-Delta,2026-01-09,12,6.6,Code Generation
AI_USR164,Org-Delta-Team3,Org-Delta,2026-01-12,14,5.8,Data Query
AI_USR164,Org-Delta-Team3,Org-Delta,2026-01-13,9,4.8,Planning
AI_USR164,Org-Delta-Team3,Org-Delta,2026-01-14,20,6.7,Debugging
AI_USR164,Org-Delta-Team3,Org-Delta,2026-01-15,8,6.5,Documentation
AI_USR164,Org-Delta-Team3,Org-Delta,2026-01-16,20,6.3,Documentation
AI_USR164,Org-Delta-Team3,Org-Delta,2026-01-18,10,6.5,Code Generation
AI_USR164,Org-Delta-Team3,Org-Delta,2026-01-22,8,5.8,Documentation
AI_USR164,Org-Delta-Team3,Org-Delta,2026-01-23,10,5.2,Code Generation
AI_USR164,Org-Delta-Team3,Org-Delta,2026-01-24,19,6.8,Planning
AI_USR164,Org-Delta-Team3,Org-Delta,2026-01-25,8,6.3,Debugging
AI_USR164,Org-Delta-Team3,Org-Delta,2026-01-26,9,6.0,Code Generation
AI_USR164,Org-Delta-Team3,Org-Delta,2026-01-29,19,6.6,Documentation
AI_USR164,Org-Delta-Team3,Org-Delta,2026-02-01,18,6.0,Summarization
AI_USR164,Org-Delta-Team3,Org-Delta,2026-02-03,20,6.4,Summarization
AI_USR164,Org-Delta-Team3,Org-Delta,2026-02-04,14,5.7,Data Query
AI_USR164,Org-Delta-Team3,Org-Delta,2026-02-06,2,5.7,Data Query
AI_USR164,Org-Delta-Team3,Org-Delta,2026-02-09,2,6.5,Debugging
AI_USR164,Org-Delta-Team3,Org-Delta,2026-02-10,14,7.2,Planning
AI_USR164,Org-Delta-Team3,Org-Delta,2026-02-12,4,6.1,Debugging
AI_USR164,Org-Delta-Team3,Org-Delta,2026-02-13,10,6.3,Planning
AI_USR164,Org-Delta-Team3,Org-Delta,2026-02-14,6,7.9,Documentation
AI_USR164,Org-Delta-Team3,Org-Delta,2026-02-15,4,6.5,Summarization
AI_USR164,Org-Delta-Team3,Org-Delta,2026-02-16,15,7.2,Planning
AI_USR164,Org-Delta-Team3,Org-Delta,2026-02-17,10,6.9,Data Query
AI_USR164,Org-Delta-Team3,Org-Delta,2026-02-18,8,7.2,Planning
AI_USR164,Org-Delta-Team3,Org-Delta,2026-02-21,10,7.2,Documentation
AI_USR164,Org-Delta-Team3,Org-Delta,2026-02-22,13,7.3,Planning
AI_USR164,Org-Delta-Team3,Org-Delta,2026-02-23,3,6.9,Debugging
AI_USR164,Org-Delta-Team3,Org-Delta,2026-02-25,10,8.1,Debugging
AI_USR164,Org-Delta-Team3,Org-Delta,2026-02-26,1,7.4,Debugging
AI_USR164,Org-Delta-Team3,Org-Delta,2026-02-27,4,7.2,Planning
AI_USR164,Org-Delta-Team3,Org-Delta,2026-02-28,11,8.3,Data Query
AI_USR164,Org-Delta-Team3,Org-Delta,2026-03-02,10,6.9,Documentation
AI_USR164,Org-Delta-Team3,Org-Delta,2026-03-03,11,8.4,Planning
AI_USR164,Org-Delta-Team3,Org-Delta,2026-03-05,19,7.6,Summarization
AI_USR164,Org-Delta-Team3,Org-Delta,2026-03-07,16,7.6,Code Generation
AI_USR164,Org-Delta-Team3,Org-Delta,2026-03-09,3,8.2,Documentation
AI_USR164,Org-Delta-Team3,Org-Delta,2026-03-11,11,8.5,Code Generation
AI_USR164,Org-Delta-Team3,Org-Delta,2026-03-12,6,8.1,Summarization
AI_USR164,Org-Delta-Team3,Org-Delta,2026-03-13,5,8.1,Summarization
AI_USR164,Org-Delta-Team3,Org-Delta,2026-03-18,15,9.0,Debugging
AI_USR164,Org-Delta-Team3,Org-Delta,2026-03-20,5,8.9,Debugging
AI_USR164,Org-Delta-Team3,Org-Delta,2026-03-21,1,8.5,Summarization
AI_USR164,Org-Delta-Team3,Org-Delta,2026-03-22,5,7.6,Documentation
AI_USR164,Org-Delta-Team3,Org-Delta,2026-03-23,5,9.1,Summarization
AI_USR164,Org-Delta-Team3,Org-Delta,2026-03-26,9,9.1,Code Generation
AI_USR164,Org-Delta-Team3,Org-Delta,2026-03-29,8,7.9,Documentation
AI_USR164,Org-Delta-Team3,Org-Delta,2026-03-31,11,8.4,Data Query
AI_USR165,Org-Gamma-Team1,Org-Gamma,2026-01-01,14,6.0,Debugging
AI_USR165,Org-Gamma-Team1,Org-Gamma,2026-01-02,10,5.5,Summarization
AI_USR165,Org-Gamma-Team1,Org-Gamma,2026-01-04,7,4.8,Debugging
AI_USR165,Org-Gamma-Team1,Org-Gamma,2026-01-06,11,5.8,Summarization
AI_USR165,Org-Gamma-Team1,Org-Gamma,2026-01-08,4,6.4,Data Query
AI_USR165,Org-Gamma-Team1,Org-Gamma,2026-01-09,4,6.6,Summarization
AI_USR165,Org-Gamma-Team1,Org-Gamma,2026-01-10,20,6.0,Data Query
AI_USR165,Org-Gamma-Team1,Org-Gamma,2026-01-11,14,5.3,Documentation
AI_USR165,Org-Gamma-Team1,Org-Gamma,2026-01-13,4,6.5,Documentation
AI_USR165,Org-Gamma-Team1,Org-Gamma,2026-01-14,4,5.0,Planning
AI_USR165,Org-Gamma-Team1,Org-Gamma,2026-01-15,15,4.9,Code Generation
AI_USR165,Org-Gamma-Team1,Org-Gamma,2026-01-18,19,5.0,Planning
AI_USR165,Org-Gamma-Team1,Org-Gamma,2026-01-19,7,5.4,Code Generation
AI_USR165,Org-Gamma-Team1,Org-Gamma,2026-01-23,17,5.5,Planning
AI_USR165,Org-Gamma-Team1,Org-Gamma,2026-01-24,1,4.9,Debugging
AI_USR165,Org-Gamma-Team1,Org-Gamma,2026-01-25,6,5.8,Documentation
AI_USR165,Org-Gamma-Team1,Org-Gamma,2026-01-27,10,5.4,Data Query
AI_USR165,Org-Gamma-Team1,Org-Gamma,2026-01-28,13,5.2,Code Generation
AI_USR165,Org-Gamma-Team1,Org-Gamma,2026-01-29,17,5.6,Code Generation
AI_USR165,Org-Gamma-Team1,Org-Gamma,2026-01-31,9,5.2,Data Query
AI_USR165,Org-Gamma-Team1,Org-Gamma,2026-02-01,7,5.2,Planning
AI_USR165,Org-Gamma-Team1,Org-Gamma,2026-02-03,1,5.6,Debugging
AI_USR165,Org-Gamma-Team1,Org-Gamma,2026-02-04,3,4.9,Code Generation
AI_USR165,Org-Gamma-Team1,Org-Gamma,2026-02-05,17,5.7,Planning
AI_USR165,Org-Gamma-Team1,Org-Gamma,2026-02-06,12,4.9,Summarization
AI_USR165,Org-Gamma-Team1,Org-Gamma,2026-02-07,15,6.3,Data Query
AI_USR165,Org-Gamma-Team1,Org-Gamma,2026-02-08,17,5.8,Summarization
AI_USR165,Org-Gamma-Team1,Org-Gamma,2026-02-09,13,5.0,Debugging
AI_USR165,Org-Gamma-Team1,Org-Gamma,2026-02-10,7,4.6,Data Query
AI_USR165,Org-Gamma-Team1,Org-Gamma,2026-02-11,5,5.9,Code Generation
AI_USR165,Org-Gamma-Team1,Org-Gamma,2026-02-12,2,5.6,Documentation
AI_USR165,Org-Gamma-Team1,Org-Gamma,2026-02-13,3,5.0,Debugging
AI_USR165,Org-Gamma-Team1,Org-Gamma,2026-02-15,19,5.4,Data Query
AI_USR165,Org-Gamma-Team1,Org-Gamma,2026-02-18,4,4.9,Planning
AI_USR165,Org-Gamma-Team1,Org-Gamma,2026-02-19,6,5.5,Documentation
AI_USR165,Org-Gamma-Team1,Org-Gamma,2026-02-23,5,5.1,Summarization
AI_USR165,Org-Gamma-Team1,Org-Gamma,2026-02-25,17,5.0,Debugging
AI_USR165,Org-Gamma-Team1,Org-Gamma,2026-02-26,11,5.5,Summarization
AI_USR165,Org-Gamma-Team1,Org-Gamma,2026-02-27,6,5.0,Documentation
AI_USR165,Org-Gamma-Team1,Org-Gamma,2026-03-01,19,4.7,Documentation
AI_USR165,Org-Gamma-Team1,Org-Gamma,2026-03-02,17,4.5,Code Generation
AI_USR165,Org-Gamma-Team1,Org-Gamma,2026-03-03,13,5.4,Code Generation
AI_USR165,Org-Gamma-Team1,Org-Gamma,2026-03-06,5,5.8,Planning
AI_USR165,Org-Gamma-Team1,Org-Gamma,2026-03-07,10,4.3,Code Generation
AI_USR165,Org-Gamma-Team1,Org-Gamma,2026-03-08,3,5.0,Code Generation
AI_USR165,Org-Gamma-Team1,Org-Gamma,2026-03-10,14,4.8,Summarization
AI_USR165,Org-Gamma-Team1,Org-Gamma,2026-03-11,17,5.1,Planning
AI_USR165,Org-Gamma-Team1,Org-Gamma,2026-03-12,1,5.6,Debugging
AI_USR165,Org-Gamma-Team1,Org-Gamma,2026-03-13,9,4.4,Data Query
AI_USR165,Org-Gamma-Team1,Org-Gamma,2026-03-14,3,4.5,Code Generation
AI_USR165,Org-Gamma-Team1,Org-Gamma,2026-03-16,20,5.1,Summarization
AI_USR165,Org-Gamma-Team1,Org-Gamma,2026-03-17,6,4.5,Debugging
AI_USR165,Org-Gamma-Team1,Org-Gamma,2026-03-18,10,4.8,Debugging
AI_USR165,Org-Gamma-Team1,Org-Gamma,2026-03-21,13,5.3,Code Generation
AI_USR165,Org-Gamma-Team1,Org-Gamma,2026-03-23,5,5.1,Code Generation
AI_USR165,Org-Gamma-Team1,Org-Gamma,2026-03-24,7,5.2,Planning
AI_USR165,Org-Gamma-Team1,Org-Gamma,2026-03-25,10,5.4,Planning
AI_USR165,Org-Gamma-Team1,Org-Gamma,2026-03-30,19,5.2,Data Query
AI_USR165,Org-Gamma-Team1,Org-Gamma,2026-03-31,11,4.4,Documentation
AI_USR166,Org-Delta-Team2,Org-Delta,2026-01-01,2,4.3,Data Query
AI_USR166,Org-Delta-Team2,Org-Delta,2026-01-03,14,4.5,Summarization
AI_USR166,Org-Delta-Team2,Org-Delta,2026-01-05,17,3.6,Debugging
AI_USR166,Org-Delta-Team2,Org-Delta,2026-01-08,13,4.4,Data Query
AI_USR166,Org-Delta-Team2,Org-Delta,2026-01-09,12,3.4,Documentation
AI_USR166,Org-Delta-Team2,Org-Delta,2026-01-10,4,4.1,Debugging
AI_USR166,Org-Delta-Team2,Org-Delta,2026-01-14,11,3.6,Planning
AI_USR166,Org-Delta-Team2,Org-Delta,2026-01-15,11,4.2,Planning
AI_USR166,Org-Delta-Team2,Org-Delta,2026-01-16,17,3.7,Data Query
AI_USR166,Org-Delta-Team2,Org-Delta,2026-01-18,1,4.4,Data Query
AI_USR166,Org-Delta-Team2,Org-Delta,2026-01-19,7,4.9,Data Query
AI_USR166,Org-Delta-Team2,Org-Delta,2026-01-20,5,3.9,Data Query
AI_USR166,Org-Delta-Team2,Org-Delta,2026-01-21,6,4.5,Summarization
AI_USR166,Org-Delta-Team2,Org-Delta,2026-01-22,4,3.6,Planning
AI_USR166,Org-Delta-Team2,Org-Delta,2026-01-24,16,4.8,Debugging
AI_USR166,Org-Delta-Team2,Org-Delta,2026-01-25,16,4.9,Planning
AI_USR166,Org-Delta-Team2,Org-Delta,2026-01-28,14,4.9,Code Generation
AI_USR166,Org-Delta-Team2,Org-Delta,2026-01-29,17,5.3,Summarization
AI_USR166,Org-Delta-Team2,Org-Delta,2026-01-30,16,5.0,Planning
AI_USR166,Org-Delta-Team2,Org-Delta,2026-01-31,12,5.4,Planning
AI_USR166,Org-Delta-Team2,Org-Delta,2026-02-01,16,4.5,Data Query
AI_USR166,Org-Delta-Team2,Org-Delta,2026-02-02,12,5.7,Debugging
AI_USR166,Org-Delta-Team2,Org-Delta,2026-02-03,1,4.3,Data Query
AI_USR166,Org-Delta-Team2,Org-Delta,2026-02-05,6,4.6,Summarization
AI_USR166,Org-Delta-Team2,Org-Delta,2026-02-06,15,4.3,Debugging
AI_USR166,Org-Delta-Team2,Org-Delta,2026-02-08,2,5.9,Data Query
AI_USR166,Org-Delta-Team2,Org-Delta,2026-02-09,12,4.7,Summarization
AI_USR166,Org-Delta-Team2,Org-Delta,2026-02-10,6,6.0,Documentation
AI_USR166,Org-Delta-Team2,Org-Delta,2026-02-11,5,4.6,Debugging
AI_USR166,Org-Delta-Team2,Org-Delta,2026-02-12,1,6.2,Data Query
AI_USR166,Org-Delta-Team2,Org-Delta,2026-02-13,6,5.2,Summarization
AI_USR166,Org-Delta-Team2,Org-Delta,2026-02-14,9,4.5,Documentation
AI_USR166,Org-Delta-Team2,Org-Delta,2026-02-15,5,5.2,Code Generation
AI_USR166,Org-Delta-Team2,Org-Delta,2026-02-16,1,5.7,Data Query
AI_USR166,Org-Delta-Team2,Org-Delta,2026-02-18,13,5.9,Data Query
AI_USR166,Org-Delta-Team2,Org-Delta,2026-02-19,3,5.5,Summarization
AI_USR166,Org-Delta-Team2,Org-Delta,2026-02-20,1,6.1,Planning
AI_USR166,Org-Delta-Team2,Org-Delta,2026-02-22,12,6.1,Code Generation
AI_USR166,Org-Delta-Team2,Org-Delta,2026-02-23,19,6.5,Debugging
AI_USR166,Org-Delta-Team2,Org-Delta,2026-02-24,16,6.5,Summarization
AI_USR166,Org-Delta-Team2,Org-Delta,2026-02-25,3,6.6,Data Query
AI_USR166,Org-Delta-Team2,Org-Delta,2026-02-26,12,6.5,Debugging
AI_USR166,Org-Delta-Team2,Org-Delta,2026-02-27,20,5.0,Summarization
AI_USR166,Org-Delta-Team2,Org-Delta,2026-02-28,5,5.2,Debugging
AI_USR166,Org-Delta-Team2,Org-Delta,2026-03-01,2,5.6,Data Query
AI_USR166,Org-Delta-Team2,Org-Delta,2026-03-02,10,6.0,Documentation
AI_USR166,Org-Delta-Team2,Org-Delta,2026-03-03,19,5.1,Code Generation
AI_USR166,Org-Delta-Team2,Org-Delta,2026-03-04,5,5.0,Summarization
AI_USR166,Org-Delta-Team2,Org-Delta,2026-03-05,1,6.2,Debugging
AI_USR166,Org-Delta-Team2,Org-Delta,2026-03-06,9,6.9,Summarization
AI_USR166,Org-Delta-Team2,Org-Delta,2026-03-09,14,5.9,Debugging
AI_USR166,Org-Delta-Team2,Org-Delta,2026-03-10,6,5.6,Code Generation
AI_USR166,Org-Delta-Team2,Org-Delta,2026-03-11,17,6.0,Code Generation
AI_USR166,Org-Delta-Team2,Org-Delta,2026-03-12,16,5.8,Data Query
AI_USR166,Org-Delta-Team2,Org-Delta,2026-03-14,12,5.7,Planning
AI_USR166,Org-Delta-Team2,Org-Delta,2026-03-16,19,6.0,Planning
AI_USR166,Org-Delta-Team2,Org-Delta,2026-03-17,16,6.5,Data Query
AI_USR166,Org-Delta-Team2,Org-Delta,2026-03-19,12,5.7,Documentation
AI_USR166,Org-Delta-Team2,Org-Delta,2026-03-22,12,5.7,Data Query
AI_USR166,Org-Delta-Team2,Org-Delta,2026-03-23,1,5.6,Debugging
AI_USR166,Org-Delta-Team2,Org-Delta,2026-03-25,16,5.9,Documentation
AI_USR166,Org-Delta-Team2,Org-Delta,2026-03-26,8,6.4,Summarization
AI_USR166,Org-Delta-Team2,Org-Delta,2026-03-28,5,6.3,Summarization
AI_USR166,Org-Delta-Team2,Org-Delta,2026-03-29,10,6.5,Code Generation
AI_USR166,Org-Delta-Team2,Org-Delta,2026-03-30,16,5.9,Debugging
AI_USR167,Org-Alpha-Team2,Org-Alpha,2026-01-02,15,4.1,Data Query
AI_USR167,Org-Alpha-Team2,Org-Alpha,2026-01-03,4,5.7,Data Query
AI_USR167,Org-Alpha-Team2,Org-Alpha,2026-01-08,13,5.8,Summarization
AI_USR167,Org-Alpha-Team2,Org-Alpha,2026-01-09,15,5.3,Documentation
AI_USR167,Org-Alpha-Team2,Org-Alpha,2026-01-10,20,4.7,Documentation
AI_USR167,Org-Alpha-Team2,Org-Alpha,2026-01-11,17,5.7,Planning
AI_USR167,Org-Alpha-Team2,Org-Alpha,2026-01-12,5,5.6,Data Query
AI_USR167,Org-Alpha-Team2,Org-Alpha,2026-01-14,3,5.5,Code Generation
AI_USR167,Org-Alpha-Team2,Org-Alpha,2026-01-17,18,5.1,Documentation
AI_USR167,Org-Alpha-Team2,Org-Alpha,2026-01-18,17,5.0,Debugging
AI_USR167,Org-Alpha-Team2,Org-Alpha,2026-01-19,7,5.2,Code Generation
AI_USR167,Org-Alpha-Team2,Org-Alpha,2026-01-20,3,5.6,Code Generation
AI_USR167,Org-Alpha-Team2,Org-Alpha,2026-01-21,4,5.3,Documentation
AI_USR167,Org-Alpha-Team2,Org-Alpha,2026-01-22,7,4.9,Planning
AI_USR167,Org-Alpha-Team2,Org-Alpha,2026-01-23,17,5.2,Planning
AI_USR167,Org-Alpha-Team2,Org-Alpha,2026-01-24,18,5.2,Planning
AI_USR167,Org-Alpha-Team2,Org-Alpha,2026-01-26,20,5.0,Planning
AI_USR167,Org-Alpha-Team2,Org-Alpha,2026-01-27,11,6.0,Code Generation
AI_USR167,Org-Alpha-Team2,Org-Alpha,2026-01-29,20,6.3,Data Query
AI_USR167,Org-Alpha-Team2,Org-Alpha,2026-01-30,7,4.4,Data Query
AI_USR167,Org-Alpha-Team2,Org-Alpha,2026-01-31,14,4.4,Summarization
AI_USR167,Org-Alpha-Team2,Org-Alpha,2026-02-02,18,5.9,Summarization
AI_USR167,Org-Alpha-Team2,Org-Alpha,2026-02-04,7,5.2,Planning
AI_USR167,Org-Alpha-Team2,Org-Alpha,2026-02-06,7,5.0,Planning
AI_USR167,Org-Alpha-Team2,Org-Alpha,2026-02-08,5,5.4,Planning
AI_USR167,Org-Alpha-Team2,Org-Alpha,2026-02-09,7,5.9,Data Query
AI_USR167,Org-Alpha-Team2,Org-Alpha,2026-02-10,20,5.3,Debugging
AI_USR167,Org-Alpha-Team2,Org-Alpha,2026-02-11,9,5.2,Debugging
AI_USR167,Org-Alpha-Team2,Org-Alpha,2026-02-13,14,6.2,Code Generation
AI_USR167,Org-Alpha-Team2,Org-Alpha,2026-02-14,9,4.7,Planning
AI_USR167,Org-Alpha-Team2,Org-Alpha,2026-02-15,14,5.0,Summarization
AI_USR167,Org-Alpha-Team2,Org-Alpha,2026-02-17,10,5.2,Data Query
AI_USR167,Org-Alpha-Team2,Org-Alpha,2026-02-18,14,4.9,Documentation
AI_USR167,Org-Alpha-Team2,Org-Alpha,2026-02-22,12,5.1,Data Query
AI_USR167,Org-Alpha-Team2,Org-Alpha,2026-02-24,6,5.9,Debugging
AI_USR167,Org-Alpha-Team2,Org-Alpha,2026-02-27,6,6.7,Data Query
AI_USR167,Org-Alpha-Team2,Org-Alpha,2026-02-28,13,6.4,Code Generation
AI_USR167,Org-Alpha-Team2,Org-Alpha,2026-03-03,17,5.5,Planning
AI_USR167,Org-Alpha-Team2,Org-Alpha,2026-03-04,19,6.3,Planning
AI_USR167,Org-Alpha-Team2,Org-Alpha,2026-03-05,7,6.2,Summarization
AI_USR167,Org-Alpha-Team2,Org-Alpha,2026-03-06,9,5.5,Data Query
AI_USR167,Org-Alpha-Team2,Org-Alpha,2026-03-07,1,6.4,Documentation
AI_USR167,Org-Alpha-Team2,Org-Alpha,2026-03-11,16,6.0,Data Query
AI_USR167,Org-Alpha-Team2,Org-Alpha,2026-03-12,15,6.1,Code Generation
AI_USR167,Org-Alpha-Team2,Org-Alpha,2026-03-14,15,5.0,Summarization
AI_USR167,Org-Alpha-Team2,Org-Alpha,2026-03-15,8,6.8,Code Generation
AI_USR167,Org-Alpha-Team2,Org-Alpha,2026-03-16,16,5.3,Summarization
AI_USR167,Org-Alpha-Team2,Org-Alpha,2026-03-17,14,6.2,Debugging
AI_USR167,Org-Alpha-Team2,Org-Alpha,2026-03-20,13,6.7,Code Generation
AI_USR167,Org-Alpha-Team2,Org-Alpha,2026-03-21,14,6.3,Debugging
AI_USR167,Org-Alpha-Team2,Org-Alpha,2026-03-22,14,5.7,Documentation
AI_USR167,Org-Alpha-Team2,Org-Alpha,2026-03-23,12,6.9,Summarization
AI_USR167,Org-Alpha-Team2,Org-Alpha,2026-03-25,19,6.6,Data Query
AI_USR167,Org-Alpha-Team2,Org-Alpha,2026-03-26,4,5.3,Documentation
AI_USR167,Org-Alpha-Team2,Org-Alpha,2026-03-27,15,5.9,Debugging
AI_USR167,Org-Alpha-Team2,Org-Alpha,2026-03-28,10,5.8,Documentation
AI_USR167,Org-Alpha-Team2,Org-Alpha,2026-03-30,16,6.0,Data Query
AI_USR168,Org-Alpha-Team1,Org-Alpha,2026-01-03,10,3.0,Planning
AI_USR168,Org-Alpha-Team1,Org-Alpha,2026-01-04,13,3.7,Data Query
AI_USR168,Org-Alpha-Team1,Org-Alpha,2026-01-05,15,3.3,Data Query
AI_USR168,Org-Alpha-Team1,Org-Alpha,2026-01-06,20,2.4,Summarization
AI_USR168,Org-Alpha-Team1,Org-Alpha,2026-01-07,19,3.1,Code Generation
AI_USR168,Org-Alpha-Team1,Org-Alpha,2026-01-08,12,3.4,Summarization
AI_USR168,Org-Alpha-Team1,Org-Alpha,2026-01-09,16,2.2,Debugging
AI_USR168,Org-Alpha-Team1,Org-Alpha,2026-01-11,10,2.3,Debugging
AI_USR168,Org-Alpha-Team1,Org-Alpha,2026-01-12,10,2.3,Code Generation
AI_USR168,Org-Alpha-Team1,Org-Alpha,2026-01-13,1,2.1,Summarization
AI_USR168,Org-Alpha-Team1,Org-Alpha,2026-01-16,11,2.7,Summarization
AI_USR168,Org-Alpha-Team1,Org-Alpha,2026-01-18,1,2.3,Planning
AI_USR168,Org-Alpha-Team1,Org-Alpha,2026-01-20,6,3.7,Data Query
AI_USR168,Org-Alpha-Team1,Org-Alpha,2026-01-21,14,2.9,Documentation
AI_USR168,Org-Alpha-Team1,Org-Alpha,2026-01-22,17,2.9,Documentation
AI_USR168,Org-Alpha-Team1,Org-Alpha,2026-01-23,11,3.9,Summarization
AI_USR168,Org-Alpha-Team1,Org-Alpha,2026-01-24,12,3.3,Debugging
AI_USR168,Org-Alpha-Team1,Org-Alpha,2026-01-25,18,2.7,Data Query
AI_USR168,Org-Alpha-Team1,Org-Alpha,2026-01-26,12,2.9,Data Query
AI_USR168,Org-Alpha-Team1,Org-Alpha,2026-01-27,10,3.0,Debugging
AI_USR168,Org-Alpha-Team1,Org-Alpha,2026-01-30,17,2.6,Data Query
AI_USR168,Org-Alpha-Team1,Org-Alpha,2026-02-01,19,2.1,Debugging
AI_USR168,Org-Alpha-Team1,Org-Alpha,2026-02-03,19,4.0,Documentation
AI_USR168,Org-Alpha-Team1,Org-Alpha,2026-02-04,3,4.0,Documentation
AI_USR168,Org-Alpha-Team1,Org-Alpha,2026-02-05,17,3.6,Debugging
AI_USR168,Org-Alpha-Team1,Org-Alpha,2026-02-06,10,2.3,Documentation
AI_USR168,Org-Alpha-Team1,Org-Alpha,2026-02-09,16,3.3,Data Query
AI_USR168,Org-Alpha-Team1,Org-Alpha,2026-02-10,4,3.4,Planning
AI_USR168,Org-Alpha-Team1,Org-Alpha,2026-02-11,6,4.0,Debugging
AI_USR168,Org-Alpha-Team1,Org-Alpha,2026-02-12,6,3.3,Documentation
AI_USR168,Org-Alpha-Team1,Org-Alpha,2026-02-17,16,4.0,Documentation
AI_USR168,Org-Alpha-Team1,Org-Alpha,2026-02-19,9,2.7,Debugging
AI_USR168,Org-Alpha-Team1,Org-Alpha,2026-02-20,7,2.4,Code Generation
AI_USR168,Org-Alpha-Team1,Org-Alpha,2026-02-21,1,3.9,Code Generation
AI_USR168,Org-Alpha-Team1,Org-Alpha,2026-02-22,16,3.8,Debugging
AI_USR168,Org-Alpha-Team1,Org-Alpha,2026-02-23,8,2.3,Data Query
AI_USR168,Org-Alpha-Team1,Org-Alpha,2026-02-24,14,3.1,Debugging
AI_USR168,Org-Alpha-Team1,Org-Alpha,2026-02-25,8,2.6,Planning
AI_USR168,Org-Alpha-Team1,Org-Alpha,2026-02-26,2,2.7,Summarization
AI_USR168,Org-Alpha-Team1,Org-Alpha,2026-02-27,8,3.3,Planning
AI_USR168,Org-Alpha-Team1,Org-Alpha,2026-03-02,13,3.0,Code Generation
AI_USR168,Org-Alpha-Team1,Org-Alpha,2026-03-03,12,3.0,Data Query
AI_USR168,Org-Alpha-Team1,Org-Alpha,2026-03-05,13,2.9,Documentation
AI_USR168,Org-Alpha-Team1,Org-Alpha,2026-03-08,5,3.3,Debugging
AI_USR168,Org-Alpha-Team1,Org-Alpha,2026-03-10,4,3.0,Debugging
AI_USR168,Org-Alpha-Team1,Org-Alpha,2026-03-11,5,3.3,Planning
AI_USR168,Org-Alpha-Team1,Org-Alpha,2026-03-12,2,2.6,Documentation
AI_USR168,Org-Alpha-Team1,Org-Alpha,2026-03-13,5,3.8,Summarization
AI_USR168,Org-Alpha-Team1,Org-Alpha,2026-03-14,17,2.5,Documentation
AI_USR168,Org-Alpha-Team1,Org-Alpha,2026-03-16,9,2.6,Planning
AI_USR168,Org-Alpha-Team1,Org-Alpha,2026-03-18,20,3.2,Debugging
AI_USR168,Org-Alpha-Team1,Org-Alpha,2026-03-19,9,3.4,Documentation
AI_USR168,Org-Alpha-Team1,Org-Alpha,2026-03-20,8,3.2,Summarization
AI_USR168,Org-Alpha-Team1,Org-Alpha,2026-03-23,6,4.0,Planning
AI_USR168,Org-Alpha-Team1,Org-Alpha,2026-03-25,17,3.3,Debugging
AI_USR168,Org-Alpha-Team1,Org-Alpha,2026-03-27,3,2.5,Debugging
AI_USR168,Org-Alpha-Team1,Org-Alpha,2026-03-28,7,3.2,Planning
AI_USR168,Org-Alpha-Team1,Org-Alpha,2026-03-29,18,3.6,Code Generation
AI_USR168,Org-Alpha-Team1,Org-Alpha,2026-03-30,11,3.5,Documentation
AI_USR168,Org-Alpha-Team1,Org-Alpha,2026-03-31,18,2.8,Code Generation
AI_USR169,Org-Beta-Team4,Org-Beta,2026-01-02,11,4.2,Planning
AI_USR169,Org-Beta-Team4,Org-Beta,2026-01-03,1,2.8,Summarization
AI_USR169,Org-Beta-Team4,Org-Beta,2026-01-04,7,4.5,Debugging
AI_USR169,Org-Beta-Team4,Org-Beta,2026-01-08,20,3.4,Documentation
AI_USR169,Org-Beta-Team4,Org-Beta,2026-01-10,19,3.1,Debugging
AI_USR169,Org-Beta-Team4,Org-Beta,2026-01-13,9,4.2,Data Query
AI_USR169,Org-Beta-Team4,Org-Beta,2026-01-15,6,4.5,Debugging
AI_USR169,Org-Beta-Team4,Org-Beta,2026-01-17,20,4.6,Documentation
AI_USR169,Org-Beta-Team4,Org-Beta,2026-01-18,16,3.4,Documentation
AI_USR169,Org-Beta-Team4,Org-Beta,2026-01-19,15,3.3,Summarization
AI_USR169,Org-Beta-Team4,Org-Beta,2026-01-21,18,3.5,Code Generation
AI_USR169,Org-Beta-Team4,Org-Beta,2026-01-22,20,3.4,Planning
AI_USR169,Org-Beta-Team4,Org-Beta,2026-01-23,8,4.4,Debugging
AI_USR169,Org-Beta-Team4,Org-Beta,2026-01-28,6,4.7,Data Query
AI_USR169,Org-Beta-Team4,Org-Beta,2026-01-29,15,4.2,Debugging
AI_USR169,Org-Beta-Team4,Org-Beta,2026-01-30,8,5.6,Data Query
AI_USR169,Org-Beta-Team4,Org-Beta,2026-01-31,14,3.8,Planning
AI_USR169,Org-Beta-Team4,Org-Beta,2026-02-01,14,3.9,Planning
AI_USR169,Org-Beta-Team4,Org-Beta,2026-02-03,16,5.2,Documentation
AI_USR169,Org-Beta-Team4,Org-Beta,2026-02-06,17,4.8,Summarization
AI_USR169,Org-Beta-Team4,Org-Beta,2026-02-08,15,5.0,Summarization
AI_USR169,Org-Beta-Team4,Org-Beta,2026-02-10,18,5.0,Documentation
AI_USR169,Org-Beta-Team4,Org-Beta,2026-02-11,13,4.2,Planning
AI_USR169,Org-Beta-Team4,Org-Beta,2026-02-12,6,4.4,Summarization
AI_USR169,Org-Beta-Team4,Org-Beta,2026-02-13,14,5.1,Documentation
AI_USR169,Org-Beta-Team4,Org-Beta,2026-02-14,17,4.8,Summarization
AI_USR169,Org-Beta-Team4,Org-Beta,2026-02-15,3,4.6,Debugging
AI_USR169,Org-Beta-Team4,Org-Beta,2026-02-16,6,4.4,Debugging
AI_USR169,Org-Beta-Team4,Org-Beta,2026-02-17,20,4.7,Code Generation
AI_USR169,Org-Beta-Team4,Org-Beta,2026-02-18,16,5.9,Documentation
AI_USR169,Org-Beta-Team4,Org-Beta,2026-02-20,14,4.8,Summarization
AI_USR169,Org-Beta-Team4,Org-Beta,2026-02-21,9,5.4,Summarization
AI_USR169,Org-Beta-Team4,Org-Beta,2026-02-23,2,5.9,Data Query
AI_USR169,Org-Beta-Team4,Org-Beta,2026-02-24,15,4.6,Debugging
AI_USR169,Org-Beta-Team4,Org-Beta,2026-02-25,7,6.4,Debugging
AI_USR169,Org-Beta-Team4,Org-Beta,2026-02-26,2,6.3,Documentation
AI_USR169,Org-Beta-Team4,Org-Beta,2026-02-27,7,4.8,Code Generation
AI_USR169,Org-Beta-Team4,Org-Beta,2026-02-28,6,6.4,Debugging
AI_USR169,Org-Beta-Team4,Org-Beta,2026-03-01,2,5.2,Planning
AI_USR169,Org-Beta-Team4,Org-Beta,2026-03-02,17,5.9,Summarization
AI_USR169,Org-Beta-Team4,Org-Beta,2026-03-03,16,5.2,Code Generation
AI_USR169,Org-Beta-Team4,Org-Beta,2026-03-04,18,4.9,Summarization
AI_USR169,Org-Beta-Team4,Org-Beta,2026-03-06,14,6.7,Planning
AI_USR169,Org-Beta-Team4,Org-Beta,2026-03-08,19,5.6,Planning
AI_USR169,Org-Beta-Team4,Org-Beta,2026-03-11,4,6.1,Debugging
AI_USR169,Org-Beta-Team4,Org-Beta,2026-03-14,16,7.1,Summarization
AI_USR169,Org-Beta-Team4,Org-Beta,2026-03-15,4,5.6,Planning
AI_USR169,Org-Beta-Team4,Org-Beta,2026-03-16,11,6.8,Summarization
AI_USR169,Org-Beta-Team4,Org-Beta,2026-03-18,8,5.6,Debugging
AI_USR169,Org-Beta-Team4,Org-Beta,2026-03-19,18,7.0,Data Query
AI_USR169,Org-Beta-Team4,Org-Beta,2026-03-21,13,5.8,Planning
AI_USR169,Org-Beta-Team4,Org-Beta,2026-03-22,9,6.2,Planning
AI_USR169,Org-Beta-Team4,Org-Beta,2026-03-23,13,6.9,Documentation
AI_USR169,Org-Beta-Team4,Org-Beta,2026-03-24,18,7.3,Documentation
AI_USR169,Org-Beta-Team4,Org-Beta,2026-03-26,13,6.8,Debugging
AI_USR169,Org-Beta-Team4,Org-Beta,2026-03-28,11,6.5,Planning
AI_USR169,Org-Beta-Team4,Org-Beta,2026-03-29,19,6.8,Code Generation
AI_USR169,Org-Beta-Team4,Org-Beta,2026-03-30,7,6.4,Data Query
AI_USR170,Org-Gamma-Team2,Org-Gamma,2026-01-04,7,3.9,Planning
AI_USR170,Org-Gamma-Team2,Org-Gamma,2026-01-05,3,3.9,Documentation
AI_USR170,Org-Gamma-Team2,Org-Gamma,2026-01-06,8,5.0,Documentation
AI_USR170,Org-Gamma-Team2,Org-Gamma,2026-01-07,3,4.0,Debugging
AI_USR170,Org-Gamma-Team2,Org-Gamma,2026-01-08,14,4.8,Summarization
AI_USR170,Org-Gamma-Team2,Org-Gamma,2026-01-09,10,4.6,Data Query
AI_USR170,Org-Gamma-Team2,Org-Gamma,2026-01-10,2,3.7,Debugging
AI_USR170,Org-Gamma-Team2,Org-Gamma,2026-01-13,19,4.0,Code Generation
AI_USR170,Org-Gamma-Team2,Org-Gamma,2026-01-14,8,4.0,Data Query
AI_USR170,Org-Gamma-Team2,Org-Gamma,2026-01-17,8,4.3,Summarization
AI_USR170,Org-Gamma-Team2,Org-Gamma,2026-01-18,3,3.2,Data Query
AI_USR170,Org-Gamma-Team2,Org-Gamma,2026-01-19,9,3.4,Code Generation
AI_USR170,Org-Gamma-Team2,Org-Gamma,2026-01-20,12,5.0,Summarization
AI_USR170,Org-Gamma-Team2,Org-Gamma,2026-01-23,5,3.4,Summarization
AI_USR170,Org-Gamma-Team2,Org-Gamma,2026-01-24,4,5.0,Planning
AI_USR170,Org-Gamma-Team2,Org-Gamma,2026-01-31,16,3.6,Data Query
AI_USR170,Org-Gamma-Team2,Org-Gamma,2026-02-02,18,4.3,Summarization
AI_USR170,Org-Gamma-Team2,Org-Gamma,2026-02-03,17,4.9,Data Query
AI_USR170,Org-Gamma-Team2,Org-Gamma,2026-02-05,7,3.9,Summarization
AI_USR170,Org-Gamma-Team2,Org-Gamma,2026-02-07,8,4.1,Code Generation
AI_USR170,Org-Gamma-Team2,Org-Gamma,2026-02-09,18,5.0,Code Generation
AI_USR170,Org-Gamma-Team2,Org-Gamma,2026-02-10,14,3.7,Summarization
AI_USR170,Org-Gamma-Team2,Org-Gamma,2026-02-11,4,4.1,Code Generation
AI_USR170,Org-Gamma-Team2,Org-Gamma,2026-02-15,6,5.0,Data Query
AI_USR170,Org-Gamma-Team2,Org-Gamma,2026-02-17,15,5.0,Debugging
AI_USR170,Org-Gamma-Team2,Org-Gamma,2026-02-20,20,4.1,Debugging
AI_USR170,Org-Gamma-Team2,Org-Gamma,2026-02-21,3,3.5,Documentation
AI_USR170,Org-Gamma-Team2,Org-Gamma,2026-02-23,15,3.1,Code Generation
AI_USR170,Org-Gamma-Team2,Org-Gamma,2026-02-24,7,3.2,Debugging
AI_USR170,Org-Gamma-Team2,Org-Gamma,2026-02-26,7,4.5,Summarization
AI_USR170,Org-Gamma-Team2,Org-Gamma,2026-02-27,12,3.1,Summarization
AI_USR170,Org-Gamma-Team2,Org-Gamma,2026-03-03,19,4.5,Planning
AI_USR170,Org-Gamma-Team2,Org-Gamma,2026-03-04,16,3.4,Data Query
AI_USR170,Org-Gamma-Team2,Org-Gamma,2026-03-07,20,3.4,Summarization
AI_USR170,Org-Gamma-Team2,Org-Gamma,2026-03-11,6,3.8,Summarization
AI_USR170,Org-Gamma-Team2,Org-Gamma,2026-03-12,6,4.6,Planning
AI_USR170,Org-Gamma-Team2,Org-Gamma,2026-03-14,4,4.2,Documentation
AI_USR170,Org-Gamma-Team2,Org-Gamma,2026-03-15,14,4.0,Documentation
AI_USR170,Org-Gamma-Team2,Org-Gamma,2026-03-16,16,4.9,Code Generation
AI_USR170,Org-Gamma-Team2,Org-Gamma,2026-03-17,20,5.0,Data Query
AI_USR170,Org-Gamma-Team2,Org-Gamma,2026-03-21,8,3.4,Planning
AI_USR170,Org-Gamma-Team2,Org-Gamma,2026-03-25,20,3.5,Debugging
AI_USR170,Org-Gamma-Team2,Org-Gamma,2026-03-26,2,3.3,Data Query
AI_USR170,Org-Gamma-Team2,Org-Gamma,2026-03-29,14,3.7,Debugging
AI_USR171,Org-Alpha-Team3,Org-Alpha,2026-01-01,8,3.6,Documentation
AI_USR171,Org-Alpha-Team3,Org-Alpha,2026-01-02,11,3.5,Documentation
AI_USR171,Org-Alpha-Team3,Org-Alpha,2026-01-03,19,2.8,Summarization
AI_USR171,Org-Alpha-Team3,Org-Alpha,2026-01-04,19,2.9,Documentation
AI_USR171,Org-Alpha-Team3,Org-Alpha,2026-01-05,20,3.4,Documentation
AI_USR171,Org-Alpha-Team3,Org-Alpha,2026-01-06,3,2.7,Data Query
AI_USR171,Org-Alpha-Team3,Org-Alpha,2026-01-08,19,3.5,Data Query
AI_USR171,Org-Alpha-Team3,Org-Alpha,2026-01-10,6,3.2,Data Query
AI_USR171,Org-Alpha-Team3,Org-Alpha,2026-01-11,8,2.6,Code Generation
AI_USR171,Org-Alpha-Team3,Org-Alpha,2026-01-12,2,2.6,Documentation
AI_USR171,Org-Alpha-Team3,Org-Alpha,2026-01-13,13,3.8,Documentation
AI_USR171,Org-Alpha-Team3,Org-Alpha,2026-01-15,3,3.7,Documentation
AI_USR171,Org-Alpha-Team3,Org-Alpha,2026-01-16,2,2.8,Summarization
AI_USR171,Org-Alpha-Team3,Org-Alpha,2026-01-17,10,4.3,Data Query
AI_USR171,Org-Alpha-Team3,Org-Alpha,2026-01-18,18,2.5,Summarization
AI_USR171,Org-Alpha-Team3,Org-Alpha,2026-01-19,14,3.4,Documentation
AI_USR171,Org-Alpha-Team3,Org-Alpha,2026-01-21,13,3.4,Planning
AI_USR171,Org-Alpha-Team3,Org-Alpha,2026-01-22,18,2.9,Debugging
AI_USR171,Org-Alpha-Team3,Org-Alpha,2026-01-23,9,3.6,Data Query
AI_USR171,Org-Alpha-Team3,Org-Alpha,2026-01-24,10,3.8,Documentation
AI_USR171,Org-Alpha-Team3,Org-Alpha,2026-01-28,20,2.5,Documentation
AI_USR171,Org-Alpha-Team3,Org-Alpha,2026-01-30,10,2.6,Debugging
AI_USR171,Org-Alpha-Team3,Org-Alpha,2026-01-31,4,3.4,Data Query
AI_USR171,Org-Alpha-Team3,Org-Alpha,2026-02-01,10,3.7,Summarization
AI_USR171,Org-Alpha-Team3,Org-Alpha,2026-02-03,12,3.4,Planning
AI_USR171,Org-Alpha-Team3,Org-Alpha,2026-02-04,4,2.4,Code Generation
AI_USR171,Org-Alpha-Team3,Org-Alpha,2026-02-05,3,2.5,Debugging
AI_USR171,Org-Alpha-Team3,Org-Alpha,2026-02-06,13,4.1,Planning
AI_USR171,Org-Alpha-Team3,Org-Alpha,2026-02-07,7,3.2,Planning
AI_USR171,Org-Alpha-Team3,Org-Alpha,2026-02-09,16,3.9,Debugging
AI_USR171,Org-Alpha-Team3,Org-Alpha,2026-02-11,12,3.6,Summarization
AI_USR171,Org-Alpha-Team3,Org-Alpha,2026-02-12,20,2.6,Debugging
AI_USR171,Org-Alpha-Team3,Org-Alpha,2026-02-13,13,3.4,Code Generation
AI_USR171,Org-Alpha-Team3,Org-Alpha,2026-02-14,16,2.8,Code Generation
AI_USR171,Org-Alpha-Team3,Org-Alpha,2026-02-15,13,3.0,Data Query
AI_USR171,Org-Alpha-Team3,Org-Alpha,2026-02-16,14,2.4,Planning
AI_USR171,Org-Alpha-Team3,Org-Alpha,2026-02-18,11,2.4,Planning
AI_USR171,Org-Alpha-Team3,Org-Alpha,2026-02-19,1,3.3,Code Generation
AI_USR171,Org-Alpha-Team3,Org-Alpha,2026-02-21,15,3.9,Summarization
AI_USR171,Org-Alpha-Team3,Org-Alpha,2026-02-28,20,2.5,Code Generation
AI_USR171,Org-Alpha-Team3,Org-Alpha,2026-03-01,4,3.0,Debugging
AI_USR171,Org-Alpha-Team3,Org-Alpha,2026-03-02,14,3.5,Summarization
AI_USR171,Org-Alpha-Team3,Org-Alpha,2026-03-03,9,2.2,Summarization
AI_USR171,Org-Alpha-Team3,Org-Alpha,2026-03-04,7,3.3,Code Generation
AI_USR171,Org-Alpha-Team3,Org-Alpha,2026-03-06,2,2.5,Planning
AI_USR171,Org-Alpha-Team3,Org-Alpha,2026-03-07,2,3.9,Code Generation
AI_USR171,Org-Alpha-Team3,Org-Alpha,2026-03-08,10,3.8,Data Query
AI_USR171,Org-Alpha-Team3,Org-Alpha,2026-03-09,7,2.8,Data Query
AI_USR171,Org-Alpha-Team3,Org-Alpha,2026-03-12,15,3.3,Planning
AI_USR171,Org-Alpha-Team3,Org-Alpha,2026-03-15,1,2.5,Debugging
AI_USR171,Org-Alpha-Team3,Org-Alpha,2026-03-18,15,2.6,Documentation
AI_USR171,Org-Alpha-Team3,Org-Alpha,2026-03-20,14,1.9,Documentation
AI_USR171,Org-Alpha-Team3,Org-Alpha,2026-03-21,3,2.6,Data Query
AI_USR171,Org-Alpha-Team3,Org-Alpha,2026-03-22,20,2.4,Planning
AI_USR171,Org-Alpha-Team3,Org-Alpha,2026-03-26,9,2.1,Summarization
AI_USR171,Org-Alpha-Team3,Org-Alpha,2026-03-27,11,3.8,Data Query
AI_USR171,Org-Alpha-Team3,Org-Alpha,2026-03-30,10,3.4,Code Generation
AI_USR171,Org-Alpha-Team3,Org-Alpha,2026-03-31,20,2.9,Planning
AI_USR172,Org-Alpha-Team1,Org-Alpha,2026-01-01,3,4.4,Summarization
AI_USR172,Org-Alpha-Team1,Org-Alpha,2026-01-02,12,5.0,Documentation
AI_USR172,Org-Alpha-Team1,Org-Alpha,2026-01-03,5,3.7,Data Query
AI_USR172,Org-Alpha-Team1,Org-Alpha,2026-01-04,13,4.4,Documentation
AI_USR172,Org-Alpha-Team1,Org-Alpha,2026-01-06,14,4.4,Code Generation
AI_USR172,Org-Alpha-Team1,Org-Alpha,2026-01-08,7,3.8,Debugging
AI_USR172,Org-Alpha-Team1,Org-Alpha,2026-01-09,1,4.1,Documentation
AI_USR172,Org-Alpha-Team1,Org-Alpha,2026-01-10,3,5.3,Data Query
AI_USR172,Org-Alpha-Team1,Org-Alpha,2026-01-11,17,5.0,Summarization
AI_USR172,Org-Alpha-Team1,Org-Alpha,2026-01-12,3,4.8,Data Query
AI_USR172,Org-Alpha-Team1,Org-Alpha,2026-01-13,16,4.5,Debugging
AI_USR172,Org-Alpha-Team1,Org-Alpha,2026-01-14,13,3.8,Data Query
AI_USR172,Org-Alpha-Team1,Org-Alpha,2026-01-16,20,4.0,Documentation
AI_USR172,Org-Alpha-Team1,Org-Alpha,2026-01-18,19,5.8,Debugging
AI_USR172,Org-Alpha-Team1,Org-Alpha,2026-01-19,2,5.6,Summarization
AI_USR172,Org-Alpha-Team1,Org-Alpha,2026-01-21,17,4.6,Data Query
AI_USR172,Org-Alpha-Team1,Org-Alpha,2026-01-22,6,4.3,Debugging
AI_USR172,Org-Alpha-Team1,Org-Alpha,2026-01-23,4,4.5,Code Generation
AI_USR172,Org-Alpha-Team1,Org-Alpha,2026-01-24,19,6.0,Documentation
AI_USR172,Org-Alpha-Team1,Org-Alpha,2026-01-26,11,5.7,Code Generation
AI_USR172,Org-Alpha-Team1,Org-Alpha,2026-01-27,4,5.2,Planning
AI_USR172,Org-Alpha-Team1,Org-Alpha,2026-01-31,10,4.6,Code Generation
AI_USR172,Org-Alpha-Team1,Org-Alpha,2026-02-01,5,5.1,Documentation
AI_USR172,Org-Alpha-Team1,Org-Alpha,2026-02-02,1,5.3,Documentation
AI_USR172,Org-Alpha-Team1,Org-Alpha,2026-02-03,1,6.0,Data Query
AI_USR172,Org-Alpha-Team1,Org-Alpha,2026-02-05,1,6.2,Documentation
AI_USR172,Org-Alpha-Team1,Org-Alpha,2026-02-07,20,5.8,Debugging
AI_USR172,Org-Alpha-Team1,Org-Alpha,2026-02-08,17,5.6,Documentation
AI_USR172,Org-Alpha-Team1,Org-Alpha,2026-02-09,10,5.8,Documentation
AI_USR172,Org-Alpha-Team1,Org-Alpha,2026-02-10,20,4.5,Documentation
AI_USR172,Org-Alpha-Team1,Org-Alpha,2026-02-11,20,5.5,Summarization
AI_USR172,Org-Alpha-Team1,Org-Alpha,2026-02-13,10,5.0,Planning
AI_USR172,Org-Alpha-Team1,Org-Alpha,2026-02-14,12,6.1,Summarization
AI_USR172,Org-Alpha-Team1,Org-Alpha,2026-02-15,1,5.5,Debugging
AI_USR172,Org-Alpha-Team1,Org-Alpha,2026-02-17,19,5.3,Summarization
AI_USR172,Org-Alpha-Team1,Org-Alpha,2026-02-18,19,5.5,Planning
AI_USR172,Org-Alpha-Team1,Org-Alpha,2026-02-20,3,4.8,Documentation
AI_USR172,Org-Alpha-Team1,Org-Alpha,2026-02-21,2,6.0,Documentation
AI_USR172,Org-Alpha-Team1,Org-Alpha,2026-02-22,6,6.4,Documentation
AI_USR172,Org-Alpha-Team1,Org-Alpha,2026-02-23,5,5.4,Code Generation
AI_USR172,Org-Alpha-Team1,Org-Alpha,2026-02-25,1,6.3,Code Generation
AI_USR172,Org-Alpha-Team1,Org-Alpha,2026-03-01,6,6.5,Summarization
AI_USR172,Org-Alpha-Team1,Org-Alpha,2026-03-02,11,5.5,Data Query
AI_USR172,Org-Alpha-Team1,Org-Alpha,2026-03-03,8,5.2,Debugging
AI_USR172,Org-Alpha-Team1,Org-Alpha,2026-03-05,15,6.4,Code Generation
AI_USR172,Org-Alpha-Team1,Org-Alpha,2026-03-06,11,5.2,Summarization
AI_USR172,Org-Alpha-Team1,Org-Alpha,2026-03-10,20,5.8,Planning
AI_USR172,Org-Alpha-Team1,Org-Alpha,2026-03-11,4,5.9,Data Query
AI_USR172,Org-Alpha-Team1,Org-Alpha,2026-03-12,14,6.1,Summarization
AI_USR172,Org-Alpha-Team1,Org-Alpha,2026-03-13,13,5.3,Code Generation
AI_USR172,Org-Alpha-Team1,Org-Alpha,2026-03-14,1,5.3,Data Query
AI_USR172,Org-Alpha-Team1,Org-Alpha,2026-03-15,18,5.7,Summarization
AI_USR172,Org-Alpha-Team1,Org-Alpha,2026-03-16,20,5.7,Debugging
AI_USR172,Org-Alpha-Team1,Org-Alpha,2026-03-17,18,5.6,Planning
AI_USR172,Org-Alpha-Team1,Org-Alpha,2026-03-20,4,5.3,Data Query
AI_USR172,Org-Alpha-Team1,Org-Alpha,2026-03-23,3,6.3,Documentation
AI_USR172,Org-Alpha-Team1,Org-Alpha,2026-03-24,18,6.2,Code Generation
AI_USR172,Org-Alpha-Team1,Org-Alpha,2026-03-28,5,5.9,Code Generation
AI_USR172,Org-Alpha-Team1,Org-Alpha,2026-03-29,2,6.7,Data Query
AI_USR172,Org-Alpha-Team1,Org-Alpha,2026-03-30,15,6.4,Data Query
AI_USR172,Org-Alpha-Team1,Org-Alpha,2026-03-31,11,7.3,Summarization
AI_USR173,Org-Gamma-Team4,Org-Gamma,2026-01-01,20,8.1,Data Query
AI_USR173,Org-Gamma-Team4,Org-Gamma,2026-01-03,3,8.1,Data Query
AI_USR173,Org-Gamma-Team4,Org-Gamma,2026-01-04,17,7.1,Summarization
AI_USR173,Org-Gamma-Team4,Org-Gamma,2026-01-05,19,8.7,Code Generation
AI_USR173,Org-Gamma-Team4,Org-Gamma,2026-01-06,20,8.0,Code Generation
AI_USR173,Org-Gamma-Team4,Org-Gamma,2026-01-07,6,8.8,Debugging
AI_USR173,Org-Gamma-Team4,Org-Gamma,2026-01-08,14,7.3,Documentation
AI_USR173,Org-Gamma-Team4,Org-Gamma,2026-01-11,1,7.4,Summarization
AI_USR173,Org-Gamma-Team4,Org-Gamma,2026-01-14,13,7.2,Summarization
AI_USR173,Org-Gamma-Team4,Org-Gamma,2026-01-18,13,8.8,Documentation
AI_USR173,Org-Gamma-Team4,Org-Gamma,2026-01-21,7,7.0,Debugging
AI_USR173,Org-Gamma-Team4,Org-Gamma,2026-01-22,2,8.8,Code Generation
AI_USR173,Org-Gamma-Team4,Org-Gamma,2026-01-23,14,7.6,Summarization
AI_USR173,Org-Gamma-Team4,Org-Gamma,2026-01-26,20,7.9,Summarization
AI_USR173,Org-Gamma-Team4,Org-Gamma,2026-01-28,9,8.4,Documentation
AI_USR173,Org-Gamma-Team4,Org-Gamma,2026-01-29,3,8.5,Planning
AI_USR173,Org-Gamma-Team4,Org-Gamma,2026-01-31,9,8.4,Documentation
AI_USR173,Org-Gamma-Team4,Org-Gamma,2026-02-03,1,8.8,Summarization
AI_USR173,Org-Gamma-Team4,Org-Gamma,2026-02-04,15,7.4,Code Generation
AI_USR173,Org-Gamma-Team4,Org-Gamma,2026-02-05,12,7.0,Debugging
AI_USR173,Org-Gamma-Team4,Org-Gamma,2026-02-07,2,7.7,Data Query
AI_USR173,Org-Gamma-Team4,Org-Gamma,2026-02-08,5,7.5,Planning
AI_USR173,Org-Gamma-Team4,Org-Gamma,2026-02-09,4,7.1,Summarization
AI_USR173,Org-Gamma-Team4,Org-Gamma,2026-02-10,14,7.3,Debugging
AI_USR173,Org-Gamma-Team4,Org-Gamma,2026-02-14,12,8.1,Documentation
AI_USR173,Org-Gamma-Team4,Org-Gamma,2026-02-17,10,8.0,Debugging
AI_USR173,Org-Gamma-Team4,Org-Gamma,2026-02-18,14,7.2,Data Query
AI_USR173,Org-Gamma-Team4,Org-Gamma,2026-02-20,4,7.2,Summarization
AI_USR173,Org-Gamma-Team4,Org-Gamma,2026-02-22,5,8.7,Documentation
AI_USR173,Org-Gamma-Team4,Org-Gamma,2026-02-23,18,8.7,Code Generation
AI_USR173,Org-Gamma-Team4,Org-Gamma,2026-02-25,2,8.5,Documentation
AI_USR173,Org-Gamma-Team4,Org-Gamma,2026-02-26,7,8.4,Debugging
AI_USR173,Org-Gamma-Team4,Org-Gamma,2026-03-03,9,7.7,Data Query
AI_USR173,Org-Gamma-Team4,Org-Gamma,2026-03-04,10,7.7,Documentation
AI_USR173,Org-Gamma-Team4,Org-Gamma,2026-03-09,7,7.2,Debugging
AI_USR173,Org-Gamma-Team4,Org-Gamma,2026-03-10,12,6.8,Data Query
AI_USR173,Org-Gamma-Team4,Org-Gamma,2026-03-11,6,8.0,Documentation
AI_USR173,Org-Gamma-Team4,Org-Gamma,2026-03-12,2,6.7,Planning
AI_USR173,Org-Gamma-Team4,Org-Gamma,2026-03-13,13,7.6,Planning
AI_USR173,Org-Gamma-Team4,Org-Gamma,2026-03-14,14,7.9,Planning
AI_USR173,Org-Gamma-Team4,Org-Gamma,2026-03-18,17,7.1,Summarization
AI_USR173,Org-Gamma-Team4,Org-Gamma,2026-03-20,19,6.9,Code Generation
AI_USR173,Org-Gamma-Team4,Org-Gamma,2026-03-21,18,8.4,Summarization
AI_USR173,Org-Gamma-Team4,Org-Gamma,2026-03-23,11,8.6,Data Query
AI_USR173,Org-Gamma-Team4,Org-Gamma,2026-03-24,16,7.7,Data Query
AI_USR173,Org-Gamma-Team4,Org-Gamma,2026-03-26,6,7.8,Summarization
AI_USR173,Org-Gamma-Team4,Org-Gamma,2026-03-27,15,7.6,Documentation
AI_USR173,Org-Gamma-Team4,Org-Gamma,2026-03-28,7,6.7,Planning
AI_USR173,Org-Gamma-Team4,Org-Gamma,2026-03-29,12,7.7,Planning
AI_USR173,Org-Gamma-Team4,Org-Gamma,2026-03-30,17,8.2,Summarization
AI_USR174,Org-Epsilon-Team2,Org-Epsilon,2026-01-01,1,6.4,Planning
AI_USR174,Org-Epsilon-Team2,Org-Epsilon,2026-01-03,4,7.4,Documentation
AI_USR174,Org-Epsilon-Team2,Org-Epsilon,2026-01-04,2,7.3,Debugging
AI_USR174,Org-Epsilon-Team2,Org-Epsilon,2026-01-05,5,7.2,Data Query
AI_USR174,Org-Epsilon-Team2,Org-Epsilon,2026-01-06,19,6.1,Planning
AI_USR174,Org-Epsilon-Team2,Org-Epsilon,2026-01-07,6,7.3,Debugging
AI_USR174,Org-Epsilon-Team2,Org-Epsilon,2026-01-09,3,7.3,Data Query
AI_USR174,Org-Epsilon-Team2,Org-Epsilon,2026-01-11,7,7.7,Documentation
AI_USR174,Org-Epsilon-Team2,Org-Epsilon,2026-01-14,1,6.2,Data Query
AI_USR174,Org-Epsilon-Team2,Org-Epsilon,2026-01-16,1,5.9,Debugging
AI_USR174,Org-Epsilon-Team2,Org-Epsilon,2026-01-18,16,6.9,Summarization
AI_USR174,Org-Epsilon-Team2,Org-Epsilon,2026-01-20,13,6.4,Data Query
AI_USR174,Org-Epsilon-Team2,Org-Epsilon,2026-01-22,8,7.7,Planning
AI_USR174,Org-Epsilon-Team2,Org-Epsilon,2026-01-23,14,7.7,Data Query
AI_USR174,Org-Epsilon-Team2,Org-Epsilon,2026-01-24,11,7.8,Summarization
AI_USR174,Org-Epsilon-Team2,Org-Epsilon,2026-01-25,8,6.2,Planning
AI_USR174,Org-Epsilon-Team2,Org-Epsilon,2026-01-26,18,7.0,Debugging
AI_USR174,Org-Epsilon-Team2,Org-Epsilon,2026-01-27,17,7.2,Code Generation
AI_USR174,Org-Epsilon-Team2,Org-Epsilon,2026-01-29,16,7.8,Debugging
AI_USR174,Org-Epsilon-Team2,Org-Epsilon,2026-01-30,10,7.1,Documentation
AI_USR174,Org-Epsilon-Team2,Org-Epsilon,2026-02-01,2,7.1,Data Query
AI_USR174,Org-Epsilon-Team2,Org-Epsilon,2026-02-02,19,7.6,Documentation
AI_USR174,Org-Epsilon-Team2,Org-Epsilon,2026-02-03,13,7.2,Summarization
AI_USR174,Org-Epsilon-Team2,Org-Epsilon,2026-02-05,15,6.3,Planning
AI_USR174,Org-Epsilon-Team2,Org-Epsilon,2026-02-06,5,6.0,Code Generation
AI_USR174,Org-Epsilon-Team2,Org-Epsilon,2026-02-08,9,7.5,Debugging
AI_USR174,Org-Epsilon-Team2,Org-Epsilon,2026-02-09,14,6.3,Debugging
AI_USR174,Org-Epsilon-Team2,Org-Epsilon,2026-02-12,14,6.7,Summarization
AI_USR174,Org-Epsilon-Team2,Org-Epsilon,2026-02-13,11,6.5,Summarization
AI_USR174,Org-Epsilon-Team2,Org-Epsilon,2026-02-14,17,6.9,Data Query
AI_USR174,Org-Epsilon-Team2,Org-Epsilon,2026-02-17,15,6.4,Debugging
AI_USR174,Org-Epsilon-Team2,Org-Epsilon,2026-02-18,18,6.3,Debugging
AI_USR174,Org-Epsilon-Team2,Org-Epsilon,2026-02-20,17,6.7,Documentation
AI_USR174,Org-Epsilon-Team2,Org-Epsilon,2026-02-21,6,5.9,Documentation
AI_USR174,Org-Epsilon-Team2,Org-Epsilon,2026-02-22,2,5.8,Summarization
AI_USR174,Org-Epsilon-Team2,Org-Epsilon,2026-02-23,3,6.8,Planning
AI_USR174,Org-Epsilon-Team2,Org-Epsilon,2026-02-24,16,6.0,Data Query
AI_USR174,Org-Epsilon-Team2,Org-Epsilon,2026-02-27,4,6.1,Summarization
AI_USR174,Org-Epsilon-Team2,Org-Epsilon,2026-02-28,13,7.5,Planning
AI_USR174,Org-Epsilon-Team2,Org-Epsilon,2026-03-01,14,7.4,Summarization
AI_USR174,Org-Epsilon-Team2,Org-Epsilon,2026-03-02,10,7.5,Debugging
AI_USR174,Org-Epsilon-Team2,Org-Epsilon,2026-03-04,2,6.9,Data Query
AI_USR174,Org-Epsilon-Team2,Org-Epsilon,2026-03-05,15,6.5,Code Generation
AI_USR174,Org-Epsilon-Team2,Org-Epsilon,2026-03-06,5,7.0,Summarization
AI_USR174,Org-Epsilon-Team2,Org-Epsilon,2026-03-08,13,6.6,Code Generation
AI_USR174,Org-Epsilon-Team2,Org-Epsilon,2026-03-09,10,5.7,Documentation
AI_USR174,Org-Epsilon-Team2,Org-Epsilon,2026-03-10,5,6.5,Planning
AI_USR174,Org-Epsilon-Team2,Org-Epsilon,2026-03-11,18,6.5,Data Query
AI_USR174,Org-Epsilon-Team2,Org-Epsilon,2026-03-13,20,6.4,Summarization
AI_USR174,Org-Epsilon-Team2,Org-Epsilon,2026-03-16,3,6.3,Summarization
AI_USR174,Org-Epsilon-Team2,Org-Epsilon,2026-03-19,10,5.9,Data Query
AI_USR174,Org-Epsilon-Team2,Org-Epsilon,2026-03-21,18,5.8,Planning
AI_USR174,Org-Epsilon-Team2,Org-Epsilon,2026-03-22,13,6.4,Summarization
AI_USR174,Org-Epsilon-Team2,Org-Epsilon,2026-03-24,10,7.2,Summarization
AI_USR174,Org-Epsilon-Team2,Org-Epsilon,2026-03-25,8,7.1,Planning
AI_USR174,Org-Epsilon-Team2,Org-Epsilon,2026-03-26,5,6.0,Summarization
AI_USR174,Org-Epsilon-Team2,Org-Epsilon,2026-03-31,17,7.1,Data Query
AI_USR175,Org-Epsilon-Team2,Org-Epsilon,2026-01-01,17,3.0,Documentation
AI_USR175,Org-Epsilon-Team2,Org-Epsilon,2026-01-03,13,4.9,Data Query
AI_USR175,Org-Epsilon-Team2,Org-Epsilon,2026-01-04,8,4.8,Summarization
AI_USR175,Org-Epsilon-Team2,Org-Epsilon,2026-01-05,6,3.6,Planning
AI_USR175,Org-Epsilon-Team2,Org-Epsilon,2026-01-06,11,4.6,Summarization
AI_USR175,Org-Epsilon-Team2,Org-Epsilon,2026-01-08,4,3.3,Data Query
AI_USR175,Org-Epsilon-Team2,Org-Epsilon,2026-01-09,2,4.8,Data Query
AI_USR175,Org-Epsilon-Team2,Org-Epsilon,2026-01-11,1,4.3,Planning
AI_USR175,Org-Epsilon-Team2,Org-Epsilon,2026-01-13,20,3.7,Documentation
AI_USR175,Org-Epsilon-Team2,Org-Epsilon,2026-01-14,8,5.3,Data Query
AI_USR175,Org-Epsilon-Team2,Org-Epsilon,2026-01-17,5,3.8,Summarization
AI_USR175,Org-Epsilon-Team2,Org-Epsilon,2026-01-18,16,5.4,Summarization
AI_USR175,Org-Epsilon-Team2,Org-Epsilon,2026-01-19,2,4.8,Debugging
AI_USR175,Org-Epsilon-Team2,Org-Epsilon,2026-01-20,8,5.2,Code Generation
AI_USR175,Org-Epsilon-Team2,Org-Epsilon,2026-01-22,11,4.9,Data Query
AI_USR175,Org-Epsilon-Team2,Org-Epsilon,2026-01-23,10,4.7,Debugging
AI_USR175,Org-Epsilon-Team2,Org-Epsilon,2026-01-24,9,4.7,Debugging
AI_USR175,Org-Epsilon-Team2,Org-Epsilon,2026-01-25,6,4.8,Documentation
AI_USR175,Org-Epsilon-Team2,Org-Epsilon,2026-01-26,3,4.7,Debugging
AI_USR175,Org-Epsilon-Team2,Org-Epsilon,2026-01-28,7,4.4,Documentation
AI_USR175,Org-Epsilon-Team2,Org-Epsilon,2026-01-29,1,5.4,Code Generation
AI_USR175,Org-Epsilon-Team2,Org-Epsilon,2026-01-30,7,4.9,Summarization
AI_USR175,Org-Epsilon-Team2,Org-Epsilon,2026-01-31,9,4.7,Code Generation
AI_USR175,Org-Epsilon-Team2,Org-Epsilon,2026-02-01,4,5.1,Summarization
AI_USR175,Org-Epsilon-Team2,Org-Epsilon,2026-02-02,4,5.8,Data Query
AI_USR175,Org-Epsilon-Team2,Org-Epsilon,2026-02-04,8,4.2,Data Query
AI_USR175,Org-Epsilon-Team2,Org-Epsilon,2026-02-05,4,4.0,Documentation
AI_USR175,Org-Epsilon-Team2,Org-Epsilon,2026-02-06,7,5.6,Data Query
AI_USR175,Org-Epsilon-Team2,Org-Epsilon,2026-02-07,4,5.7,Planning
AI_USR175,Org-Epsilon-Team2,Org-Epsilon,2026-02-08,3,4.7,Summarization
AI_USR175,Org-Epsilon-Team2,Org-Epsilon,2026-02-09,8,4.8,Documentation
AI_USR175,Org-Epsilon-Team2,Org-Epsilon,2026-02-11,20,5.1,Planning
AI_USR175,Org-Epsilon-Team2,Org-Epsilon,2026-02-12,1,4.5,Documentation
AI_USR175,Org-Epsilon-Team2,Org-Epsilon,2026-02-13,4,4.9,Data Query
AI_USR175,Org-Epsilon-Team2,Org-Epsilon,2026-02-14,5,5.3,Documentation
AI_USR175,Org-Epsilon-Team2,Org-Epsilon,2026-02-16,9,4.4,Data Query
AI_USR175,Org-Epsilon-Team2,Org-Epsilon,2026-02-17,7,4.5,Code Generation
AI_USR175,Org-Epsilon-Team2,Org-Epsilon,2026-02-18,12,4.6,Documentation
AI_USR175,Org-Epsilon-Team2,Org-Epsilon,2026-02-20,16,5.3,Documentation
AI_USR175,Org-Epsilon-Team2,Org-Epsilon,2026-02-21,9,5.4,Planning
AI_USR175,Org-Epsilon-Team2,Org-Epsilon,2026-02-22,2,5.3,Data Query
AI_USR175,Org-Epsilon-Team2,Org-Epsilon,2026-02-23,3,5.1,Summarization
AI_USR175,Org-Epsilon-Team2,Org-Epsilon,2026-02-24,1,5.8,Summarization
AI_USR175,Org-Epsilon-Team2,Org-Epsilon,2026-02-26,18,5.7,Documentation
AI_USR175,Org-Epsilon-Team2,Org-Epsilon,2026-02-27,3,6.2,Debugging
AI_USR175,Org-Epsilon-Team2,Org-Epsilon,2026-03-01,17,5.2,Code Generation
AI_USR175,Org-Epsilon-Team2,Org-Epsilon,2026-03-03,7,5.2,Debugging
AI_USR175,Org-Epsilon-Team2,Org-Epsilon,2026-03-04,9,6.1,Documentation
AI_USR175,Org-Epsilon-Team2,Org-Epsilon,2026-03-07,7,5.1,Planning
AI_USR175,Org-Epsilon-Team2,Org-Epsilon,2026-03-08,18,5.8,Documentation
AI_USR175,Org-Epsilon-Team2,Org-Epsilon,2026-03-09,3,6.3,Data Query
AI_USR175,Org-Epsilon-Team2,Org-Epsilon,2026-03-10,1,5.5,Data Query
AI_USR175,Org-Epsilon-Team2,Org-Epsilon,2026-03-11,16,5.6,Documentation
AI_USR175,Org-Epsilon-Team2,Org-Epsilon,2026-03-13,6,5.4,Code Generation
AI_USR175,Org-Epsilon-Team2,Org-Epsilon,2026-03-16,4,6.3,Planning
AI_USR175,Org-Epsilon-Team2,Org-Epsilon,2026-03-17,5,5.3,Code Generation
AI_USR175,Org-Epsilon-Team2,Org-Epsilon,2026-03-18,4,6.7,Debugging
AI_USR175,Org-Epsilon-Team2,Org-Epsilon,2026-03-19,14,6.7,Documentation
AI_USR175,Org-Epsilon-Team2,Org-Epsilon,2026-03-20,13,6.8,Data Query
AI_USR175,Org-Epsilon-Team2,Org-Epsilon,2026-03-21,16,6.4,Planning
AI_USR175,Org-Epsilon-Team2,Org-Epsilon,2026-03-22,16,5.6,Debugging
AI_USR175,Org-Epsilon-Team2,Org-Epsilon,2026-03-24,15,5.8,Code Generation
AI_USR175,Org-Epsilon-Team2,Org-Epsilon,2026-03-26,15,6.5,Summarization
AI_USR175,Org-Epsilon-Team2,Org-Epsilon,2026-03-27,15,6.3,Data Query
AI_USR175,Org-Epsilon-Team2,Org-Epsilon,2026-03-30,17,6.2,Debugging
AI_USR176,Org-Beta-Team2,Org-Beta,2026-01-01,7,4.0,Debugging
AI_USR176,Org-Beta-Team2,Org-Beta,2026-01-02,11,4.6,Planning
AI_USR176,Org-Beta-Team2,Org-Beta,2026-01-03,1,3.8,Planning
AI_USR176,Org-Beta-Team2,Org-Beta,2026-01-05,14,4.1,Documentation
AI_USR176,Org-Beta-Team2,Org-Beta,2026-01-06,15,3.8,Debugging
AI_USR176,Org-Beta-Team2,Org-Beta,2026-01-07,13,4.1,Code Generation
AI_USR176,Org-Beta-Team2,Org-Beta,2026-01-08,2,3.8,Data Query
AI_USR176,Org-Beta-Team2,Org-Beta,2026-01-09,4,2.8,Code Generation
AI_USR176,Org-Beta-Team2,Org-Beta,2026-01-10,3,3.2,Debugging
AI_USR176,Org-Beta-Team2,Org-Beta,2026-01-14,15,3.8,Summarization
AI_USR176,Org-Beta-Team2,Org-Beta,2026-01-15,18,4.5,Code Generation
AI_USR176,Org-Beta-Team2,Org-Beta,2026-01-16,10,4.1,Code Generation
AI_USR176,Org-Beta-Team2,Org-Beta,2026-01-17,10,2.8,Debugging
AI_USR176,Org-Beta-Team2,Org-Beta,2026-01-18,10,3.8,Debugging
AI_USR176,Org-Beta-Team2,Org-Beta,2026-01-20,19,2.9,Summarization
AI_USR176,Org-Beta-Team2,Org-Beta,2026-01-22,12,3.0,Debugging
AI_USR176,Org-Beta-Team2,Org-Beta,2026-01-23,20,3.8,Debugging
AI_USR176,Org-Beta-Team2,Org-Beta,2026-01-25,5,3.7,Code Generation
AI_USR176,Org-Beta-Team2,Org-Beta,2026-01-26,16,4.5,Summarization
AI_USR176,Org-Beta-Team2,Org-Beta,2026-01-27,4,4.6,Debugging
AI_USR176,Org-Beta-Team2,Org-Beta,2026-01-29,11,3.7,Summarization
AI_USR176,Org-Beta-Team2,Org-Beta,2026-01-30,9,3.7,Summarization
AI_USR176,Org-Beta-Team2,Org-Beta,2026-02-01,7,4.6,Documentation
AI_USR176,Org-Beta-Team2,Org-Beta,2026-02-02,12,4.3,Data Query
AI_USR176,Org-Beta-Team2,Org-Beta,2026-02-03,6,3.3,Documentation
AI_USR176,Org-Beta-Team2,Org-Beta,2026-02-04,15,3.7,Summarization
AI_USR176,Org-Beta-Team2,Org-Beta,2026-02-06,5,4.9,Planning
AI_USR176,Org-Beta-Team2,Org-Beta,2026-02-07,5,4.8,Documentation
AI_USR176,Org-Beta-Team2,Org-Beta,2026-02-08,10,4.7,Summarization
AI_USR176,Org-Beta-Team2,Org-Beta,2026-02-09,18,4.3,Debugging
AI_USR176,Org-Beta-Team2,Org-Beta,2026-02-11,3,5.1,Code Generation
AI_USR176,Org-Beta-Team2,Org-Beta,2026-02-12,10,3.6,Documentation
AI_USR176,Org-Beta-Team2,Org-Beta,2026-02-14,20,3.9,Summarization
AI_USR176,Org-Beta-Team2,Org-Beta,2026-02-15,19,4.9,Debugging
AI_USR176,Org-Beta-Team2,Org-Beta,2026-02-16,14,4.3,Data Query
AI_USR176,Org-Beta-Team2,Org-Beta,2026-02-18,4,3.7,Code Generation
AI_USR176,Org-Beta-Team2,Org-Beta,2026-02-19,20,3.5,Documentation
AI_USR176,Org-Beta-Team2,Org-Beta,2026-02-20,3,5.1,Debugging
AI_USR176,Org-Beta-Team2,Org-Beta,2026-02-21,18,3.5,Documentation
AI_USR176,Org-Beta-Team2,Org-Beta,2026-02-22,2,4.3,Code Generation
AI_USR176,Org-Beta-Team2,Org-Beta,2026-02-23,17,4.1,Documentation
AI_USR176,Org-Beta-Team2,Org-Beta,2026-02-25,15,3.9,Documentation
AI_USR176,Org-Beta-Team2,Org-Beta,2026-02-26,15,4.6,Summarization
AI_USR176,Org-Beta-Team2,Org-Beta,2026-02-27,13,3.9,Planning
AI_USR176,Org-Beta-Team2,Org-Beta,2026-03-01,3,5.1,Debugging
AI_USR176,Org-Beta-Team2,Org-Beta,2026-03-02,15,4.8,Data Query
AI_USR176,Org-Beta-Team2,Org-Beta,2026-03-03,16,5.1,Planning
AI_USR176,Org-Beta-Team2,Org-Beta,2026-03-04,3,5.3,Code Generation
AI_USR176,Org-Beta-Team2,Org-Beta,2026-03-05,13,5.1,Debugging
AI_USR176,Org-Beta-Team2,Org-Beta,2026-03-06,17,4.8,Summarization
AI_USR176,Org-Beta-Team2,Org-Beta,2026-03-07,3,3.7,Planning
AI_USR176,Org-Beta-Team2,Org-Beta,2026-03-08,1,4.8,Planning
AI_USR176,Org-Beta-Team2,Org-Beta,2026-03-09,7,3.9,Summarization
AI_USR176,Org-Beta-Team2,Org-Beta,2026-03-10,1,4.5,Data Query
AI_USR176,Org-Beta-Team2,Org-Beta,2026-03-11,16,4.6,Debugging
AI_USR176,Org-Beta-Team2,Org-Beta,2026-03-12,1,3.8,Planning
AI_USR176,Org-Beta-Team2,Org-Beta,2026-03-13,3,5.5,Debugging
AI_USR176,Org-Beta-Team2,Org-Beta,2026-03-15,14,3.7,Code Generation
AI_USR176,Org-Beta-Team2,Org-Beta,2026-03-16,10,4.9,Summarization
AI_USR176,Org-Beta-Team2,Org-Beta,2026-03-18,12,5.5,Summarization
AI_USR176,Org-Beta-Team2,Org-Beta,2026-03-19,17,4.0,Documentation
AI_USR176,Org-Beta-Team2,Org-Beta,2026-03-22,11,3.9,Code Generation
AI_USR176,Org-Beta-Team2,Org-Beta,2026-03-25,12,4.4,Planning
AI_USR176,Org-Beta-Team2,Org-Beta,2026-03-27,16,5.0,Code Generation
AI_USR176,Org-Beta-Team2,Org-Beta,2026-03-29,15,4.0,Documentation
AI_USR177,Org-Epsilon-Team1,Org-Epsilon,2026-01-01,16,4.8,Summarization
AI_USR177,Org-Epsilon-Team1,Org-Epsilon,2026-01-02,12,4.8,Summarization
AI_USR177,Org-Epsilon-Team1,Org-Epsilon,2026-01-03,16,6.3,Code Generation
AI_USR177,Org-Epsilon-Team1,Org-Epsilon,2026-01-05,12,5.9,Documentation
AI_USR177,Org-Epsilon-Team1,Org-Epsilon,2026-01-06,19,5.8,Documentation
AI_USR177,Org-Epsilon-Team1,Org-Epsilon,2026-01-07,2,6.1,Data Query
AI_USR177,Org-Epsilon-Team1,Org-Epsilon,2026-01-08,4,6.0,Planning
AI_USR177,Org-Epsilon-Team1,Org-Epsilon,2026-01-09,17,6.3,Summarization
AI_USR177,Org-Epsilon-Team1,Org-Epsilon,2026-01-10,20,6.5,Debugging
AI_USR177,Org-Epsilon-Team1,Org-Epsilon,2026-01-11,10,6.5,Summarization
AI_USR177,Org-Epsilon-Team1,Org-Epsilon,2026-01-18,3,5.4,Code Generation
AI_USR177,Org-Epsilon-Team1,Org-Epsilon,2026-01-21,15,4.9,Debugging
AI_USR177,Org-Epsilon-Team1,Org-Epsilon,2026-01-23,16,4.8,Summarization
AI_USR177,Org-Epsilon-Team1,Org-Epsilon,2026-01-24,11,4.8,Documentation
AI_USR177,Org-Epsilon-Team1,Org-Epsilon,2026-01-26,14,5.0,Debugging
AI_USR177,Org-Epsilon-Team1,Org-Epsilon,2026-01-29,7,6.6,Summarization
AI_USR177,Org-Epsilon-Team1,Org-Epsilon,2026-01-30,19,6.0,Planning
AI_USR177,Org-Epsilon-Team1,Org-Epsilon,2026-01-31,1,6.1,Documentation
AI_USR177,Org-Epsilon-Team1,Org-Epsilon,2026-02-01,13,4.7,Documentation
AI_USR177,Org-Epsilon-Team1,Org-Epsilon,2026-02-03,16,6.0,Data Query
AI_USR177,Org-Epsilon-Team1,Org-Epsilon,2026-02-04,2,4.9,Data Query
AI_USR177,Org-Epsilon-Team1,Org-Epsilon,2026-02-05,4,6.3,Data Query
AI_USR177,Org-Epsilon-Team1,Org-Epsilon,2026-02-06,19,5.5,Code Generation
AI_USR177,Org-Epsilon-Team1,Org-Epsilon,2026-02-08,10,5.3,Planning
AI_USR177,Org-Epsilon-Team1,Org-Epsilon,2026-02-10,1,5.2,Planning
AI_USR177,Org-Epsilon-Team1,Org-Epsilon,2026-02-11,14,6.5,Summarization
AI_USR177,Org-Epsilon-Team1,Org-Epsilon,2026-02-12,4,4.9,Code Generation
AI_USR177,Org-Epsilon-Team1,Org-Epsilon,2026-02-15,12,4.6,Data Query
AI_USR177,Org-Epsilon-Team1,Org-Epsilon,2026-02-16,2,6.1,Debugging
AI_USR177,Org-Epsilon-Team1,Org-Epsilon,2026-02-18,3,4.9,Data Query
AI_USR177,Org-Epsilon-Team1,Org-Epsilon,2026-02-20,9,4.8,Code Generation
AI_USR177,Org-Epsilon-Team1,Org-Epsilon,2026-02-21,5,5.4,Planning
AI_USR177,Org-Epsilon-Team1,Org-Epsilon,2026-02-22,1,5.9,Code Generation
AI_USR177,Org-Epsilon-Team1,Org-Epsilon,2026-02-23,4,4.9,Planning
AI_USR177,Org-Epsilon-Team1,Org-Epsilon,2026-02-24,4,5.5,Planning
AI_USR177,Org-Epsilon-Team1,Org-Epsilon,2026-02-25,20,6.3,Planning
AI_USR177,Org-Epsilon-Team1,Org-Epsilon,2026-02-26,3,6.1,Debugging
AI_USR177,Org-Epsilon-Team1,Org-Epsilon,2026-02-27,11,5.4,Debugging
AI_USR177,Org-Epsilon-Team1,Org-Epsilon,2026-02-28,11,5.1,Data Query
AI_USR177,Org-Epsilon-Team1,Org-Epsilon,2026-03-01,18,5.2,Code Generation
AI_USR177,Org-Epsilon-Team1,Org-Epsilon,2026-03-02,4,6.4,Data Query
AI_USR177,Org-Epsilon-Team1,Org-Epsilon,2026-03-03,5,5.4,Documentation
AI_USR177,Org-Epsilon-Team1,Org-Epsilon,2026-03-04,15,4.7,Code Generation
AI_USR177,Org-Epsilon-Team1,Org-Epsilon,2026-03-05,20,6.1,Summarization
AI_USR177,Org-Epsilon-Team1,Org-Epsilon,2026-03-08,7,4.9,Documentation
AI_USR177,Org-Epsilon-Team1,Org-Epsilon,2026-03-09,13,5.4,Planning
AI_USR177,Org-Epsilon-Team1,Org-Epsilon,2026-03-10,6,4.9,Documentation
AI_USR177,Org-Epsilon-Team1,Org-Epsilon,2026-03-11,7,5.9,Debugging
AI_USR177,Org-Epsilon-Team1,Org-Epsilon,2026-03-12,16,6.3,Debugging
AI_USR177,Org-Epsilon-Team1,Org-Epsilon,2026-03-13,10,4.7,Summarization
AI_USR177,Org-Epsilon-Team1,Org-Epsilon,2026-03-15,16,4.6,Debugging
AI_USR177,Org-Epsilon-Team1,Org-Epsilon,2026-03-16,14,5.7,Debugging
AI_USR177,Org-Epsilon-Team1,Org-Epsilon,2026-03-17,9,5.1,Planning
AI_USR177,Org-Epsilon-Team1,Org-Epsilon,2026-03-18,3,6.4,Code Generation
AI_USR177,Org-Epsilon-Team1,Org-Epsilon,2026-03-19,7,5.5,Code Generation
AI_USR177,Org-Epsilon-Team1,Org-Epsilon,2026-03-20,11,5.9,Code Generation
AI_USR177,Org-Epsilon-Team1,Org-Epsilon,2026-03-21,8,5.1,Planning
AI_USR177,Org-Epsilon-Team1,Org-Epsilon,2026-03-22,11,4.7,Data Query
AI_USR177,Org-Epsilon-Team1,Org-Epsilon,2026-03-24,6,6.0,Planning
AI_USR177,Org-Epsilon-Team1,Org-Epsilon,2026-03-25,6,5.5,Data Query
AI_USR177,Org-Epsilon-Team1,Org-Epsilon,2026-03-26,11,4.6,Debugging
AI_USR177,Org-Epsilon-Team1,Org-Epsilon,2026-03-27,11,4.4,Documentation
AI_USR177,Org-Epsilon-Team1,Org-Epsilon,2026-03-28,12,4.4,Data Query
AI_USR177,Org-Epsilon-Team1,Org-Epsilon,2026-03-29,19,5.1,Documentation
AI_USR177,Org-Epsilon-Team1,Org-Epsilon,2026-03-30,15,5.1,Summarization
AI_USR177,Org-Epsilon-Team1,Org-Epsilon,2026-03-31,8,5.9,Planning
AI_USR178,Org-Delta-Team3,Org-Delta,2026-01-02,2,7.4,Planning
AI_USR178,Org-Delta-Team3,Org-Delta,2026-01-03,8,6.7,Documentation
AI_USR178,Org-Delta-Team3,Org-Delta,2026-01-04,2,7.2,Data Query
AI_USR178,Org-Delta-Team3,Org-Delta,2026-01-06,20,6.7,Summarization
AI_USR178,Org-Delta-Team3,Org-Delta,2026-01-07,13,8.2,Planning
AI_USR178,Org-Delta-Team3,Org-Delta,2026-01-08,18,7.1,Documentation
AI_USR178,Org-Delta-Team3,Org-Delta,2026-01-09,2,8.3,Planning
AI_USR178,Org-Delta-Team3,Org-Delta,2026-01-10,17,8.6,Summarization
AI_USR178,Org-Delta-Team3,Org-Delta,2026-01-12,12,6.8,Debugging
AI_USR178,Org-Delta-Team3,Org-Delta,2026-01-13,2,7.3,Documentation
AI_USR178,Org-Delta-Team3,Org-Delta,2026-01-16,13,7.3,Debugging
AI_USR178,Org-Delta-Team3,Org-Delta,2026-01-17,9,8.3,Data Query
AI_USR178,Org-Delta-Team3,Org-Delta,2026-01-19,6,8.3,Data Query
AI_USR178,Org-Delta-Team3,Org-Delta,2026-01-21,20,7.2,Documentation
AI_USR178,Org-Delta-Team3,Org-Delta,2026-01-22,1,8.3,Code Generation
AI_USR178,Org-Delta-Team3,Org-Delta,2026-01-23,7,7.8,Debugging
AI_USR178,Org-Delta-Team3,Org-Delta,2026-01-24,9,7.6,Planning
AI_USR178,Org-Delta-Team3,Org-Delta,2026-01-26,19,7.8,Data Query
AI_USR178,Org-Delta-Team3,Org-Delta,2026-01-28,16,7.3,Code Generation
AI_USR178,Org-Delta-Team3,Org-Delta,2026-01-29,3,7.9,Data Query
AI_USR178,Org-Delta-Team3,Org-Delta,2026-01-30,5,8.9,Data Query
AI_USR178,Org-Delta-Team3,Org-Delta,2026-02-02,20,8.2,Code Generation
AI_USR178,Org-Delta-Team3,Org-Delta,2026-02-04,2,8.2,Planning
AI_USR178,Org-Delta-Team3,Org-Delta,2026-02-05,13,7.7,Data Query
AI_USR178,Org-Delta-Team3,Org-Delta,2026-02-06,6,8.0,Summarization
AI_USR178,Org-Delta-Team3,Org-Delta,2026-02-07,15,7.8,Documentation
AI_USR178,Org-Delta-Team3,Org-Delta,2026-02-09,9,8.2,Debugging
AI_USR178,Org-Delta-Team3,Org-Delta,2026-02-10,3,8.8,Code Generation
AI_USR178,Org-Delta-Team3,Org-Delta,2026-02-11,2,7.7,Code Generation
AI_USR178,Org-Delta-Team3,Org-Delta,2026-02-12,3,8.3,Data Query
AI_USR178,Org-Delta-Team3,Org-Delta,2026-02-16,4,8.7,Summarization
AI_USR178,Org-Delta-Team3,Org-Delta,2026-02-17,18,7.8,Code Generation
AI_USR178,Org-Delta-Team3,Org-Delta,2026-02-21,14,9.0,Data Query
AI_USR178,Org-Delta-Team3,Org-Delta,2026-02-23,16,8.9,Code Generation
AI_USR178,Org-Delta-Team3,Org-Delta,2026-02-24,4,8.2,Summarization
AI_USR178,Org-Delta-Team3,Org-Delta,2026-02-26,15,8.7,Planning
AI_USR178,Org-Delta-Team3,Org-Delta,2026-02-27,12,8.7,Code Generation
AI_USR178,Org-Delta-Team3,Org-Delta,2026-02-28,3,8.6,Summarization
AI_USR178,Org-Delta-Team3,Org-Delta,2026-03-01,6,9.1,Planning
AI_USR178,Org-Delta-Team3,Org-Delta,2026-03-02,6,9.6,Documentation
AI_USR178,Org-Delta-Team3,Org-Delta,2026-03-05,2,9.7,Planning
AI_USR178,Org-Delta-Team3,Org-Delta,2026-03-06,19,8.9,Debugging
AI_USR178,Org-Delta-Team3,Org-Delta,2026-03-08,11,9.1,Code Generation
AI_USR178,Org-Delta-Team3,Org-Delta,2026-03-09,20,9.4,Debugging
AI_USR178,Org-Delta-Team3,Org-Delta,2026-03-11,18,9.1,Planning
AI_USR178,Org-Delta-Team3,Org-Delta,2026-03-12,9,9.4,Planning
AI_USR178,Org-Delta-Team3,Org-Delta,2026-03-13,16,9.6,Summarization
AI_USR178,Org-Delta-Team3,Org-Delta,2026-03-14,17,9.5,Data Query
AI_USR178,Org-Delta-Team3,Org-Delta,2026-03-17,11,8.7,Debugging
AI_USR178,Org-Delta-Team3,Org-Delta,2026-03-18,11,9.2,Documentation
AI_USR178,Org-Delta-Team3,Org-Delta,2026-03-20,15,9.0,Planning
AI_USR178,Org-Delta-Team3,Org-Delta,2026-03-23,1,9.1,Data Query
AI_USR178,Org-Delta-Team3,Org-Delta,2026-03-24,9,9.9,Code Generation
AI_USR178,Org-Delta-Team3,Org-Delta,2026-03-29,15,9.4,Code Generation
AI_USR178,Org-Delta-Team3,Org-Delta,2026-03-31,1,10.0,Summarization
AI_USR179,Org-Alpha-Team1,Org-Alpha,2026-01-01,10,4.5,Documentation
AI_USR179,Org-Alpha-Team1,Org-Alpha,2026-01-02,1,5.7,Data Query
AI_USR179,Org-Alpha-Team1,Org-Alpha,2026-01-05,3,4.4,Data Query
AI_USR179,Org-Alpha-Team1,Org-Alpha,2026-01-12,19,5.4,Data Query
AI_USR179,Org-Alpha-Team1,Org-Alpha,2026-01-14,7,5.5,Debugging
AI_USR179,Org-Alpha-Team1,Org-Alpha,2026-01-15,13,5.2,Code Generation
AI_USR179,Org-Alpha-Team1,Org-Alpha,2026-01-17,8,4.5,Debugging
AI_USR179,Org-Alpha-Team1,Org-Alpha,2026-01-19,12,5.8,Data Query
AI_USR179,Org-Alpha-Team1,Org-Alpha,2026-01-20,13,5.0,Summarization
AI_USR179,Org-Alpha-Team1,Org-Alpha,2026-01-21,8,6.0,Summarization
AI_USR179,Org-Alpha-Team1,Org-Alpha,2026-01-22,15,5.7,Documentation
AI_USR179,Org-Alpha-Team1,Org-Alpha,2026-01-23,15,5.7,Documentation
AI_USR179,Org-Alpha-Team1,Org-Alpha,2026-01-25,3,5.2,Debugging
AI_USR179,Org-Alpha-Team1,Org-Alpha,2026-01-27,3,5.9,Debugging
AI_USR179,Org-Alpha-Team1,Org-Alpha,2026-01-29,1,5.0,Data Query
AI_USR179,Org-Alpha-Team1,Org-Alpha,2026-01-30,12,5.1,Debugging
AI_USR179,Org-Alpha-Team1,Org-Alpha,2026-01-31,12,6.0,Data Query
AI_USR179,Org-Alpha-Team1,Org-Alpha,2026-02-02,1,5.8,Debugging
AI_USR179,Org-Alpha-Team1,Org-Alpha,2026-02-07,5,5.8,Planning
AI_USR179,Org-Alpha-Team1,Org-Alpha,2026-02-08,6,5.8,Documentation
AI_USR179,Org-Alpha-Team1,Org-Alpha,2026-02-09,4,6.0,Planning
AI_USR179,Org-Alpha-Team1,Org-Alpha,2026-02-10,7,6.2,Debugging
AI_USR179,Org-Alpha-Team1,Org-Alpha,2026-02-11,7,6.4,Summarization
AI_USR179,Org-Alpha-Team1,Org-Alpha,2026-02-12,13,6.1,Summarization
AI_USR179,Org-Alpha-Team1,Org-Alpha,2026-02-13,9,6.7,Code Generation
AI_USR179,Org-Alpha-Team1,Org-Alpha,2026-02-14,14,6.3,Planning
AI_USR179,Org-Alpha-Team1,Org-Alpha,2026-02-15,5,5.8,Code Generation
AI_USR179,Org-Alpha-Team1,Org-Alpha,2026-02-17,11,6.2,Code Generation
AI_USR179,Org-Alpha-Team1,Org-Alpha,2026-02-18,12,6.7,Documentation
AI_USR179,Org-Alpha-Team1,Org-Alpha,2026-02-19,16,6.6,Debugging
AI_USR179,Org-Alpha-Team1,Org-Alpha,2026-02-21,2,7.0,Planning
AI_USR179,Org-Alpha-Team1,Org-Alpha,2026-02-22,8,6.0,Summarization
AI_USR179,Org-Alpha-Team1,Org-Alpha,2026-02-23,19,6.6,Planning
AI_USR179,Org-Alpha-Team1,Org-Alpha,2026-02-24,6,6.2,Planning
AI_USR179,Org-Alpha-Team1,Org-Alpha,2026-02-27,8,6.6,Summarization
AI_USR179,Org-Alpha-Team1,Org-Alpha,2026-02-28,7,5.9,Summarization
AI_USR179,Org-Alpha-Team1,Org-Alpha,2026-03-01,19,7.4,Summarization
AI_USR179,Org-Alpha-Team1,Org-Alpha,2026-03-02,5,5.9,Documentation
AI_USR179,Org-Alpha-Team1,Org-Alpha,2026-03-04,7,7.6,Documentation
AI_USR179,Org-Alpha-Team1,Org-Alpha,2026-03-05,9,7.0,Summarization
AI_USR179,Org-Alpha-Team1,Org-Alpha,2026-03-06,14,7.1,Summarization
AI_USR179,Org-Alpha-Team1,Org-Alpha,2026-03-08,5,6.8,Debugging
AI_USR179,Org-Alpha-Team1,Org-Alpha,2026-03-09,7,7.7,Planning
AI_USR179,Org-Alpha-Team1,Org-Alpha,2026-03-10,17,7.2,Planning
AI_USR179,Org-Alpha-Team1,Org-Alpha,2026-03-11,17,7.6,Documentation
AI_USR179,Org-Alpha-Team1,Org-Alpha,2026-03-12,7,6.7,Data Query
AI_USR179,Org-Alpha-Team1,Org-Alpha,2026-03-16,7,7.2,Debugging
AI_USR179,Org-Alpha-Team1,Org-Alpha,2026-03-17,1,6.8,Summarization
AI_USR179,Org-Alpha-Team1,Org-Alpha,2026-03-18,6,7.2,Documentation
AI_USR179,Org-Alpha-Team1,Org-Alpha,2026-03-19,16,6.8,Code Generation
AI_USR179,Org-Alpha-Team1,Org-Alpha,2026-03-21,9,8.1,Planning
AI_USR179,Org-Alpha-Team1,Org-Alpha,2026-03-22,9,8.3,Summarization
AI_USR179,Org-Alpha-Team1,Org-Alpha,2026-03-25,2,7.5,Debugging
AI_USR179,Org-Alpha-Team1,Org-Alpha,2026-03-26,1,6.7,Debugging
AI_USR179,Org-Alpha-Team1,Org-Alpha,2026-03-27,12,7.0,Code Generation
AI_USR179,Org-Alpha-Team1,Org-Alpha,2026-03-29,4,8.3,Debugging
AI_USR179,Org-Alpha-Team1,Org-Alpha,2026-03-30,2,8.0,Documentation
AI_USR179,Org-Alpha-Team1,Org-Alpha,2026-03-31,20,8.4,Summarization
AI_USR180,Org-Beta-Team4,Org-Beta,2026-01-01,6,3.8,Debugging
AI_USR180,Org-Beta-Team4,Org-Beta,2026-01-02,6,2.9,Data Query
AI_USR180,Org-Beta-Team4,Org-Beta,2026-01-03,5,3.6,Data Query
AI_USR180,Org-Beta-Team4,Org-Beta,2026-01-04,20,2.6,Summarization
AI_USR180,Org-Beta-Team4,Org-Beta,2026-01-05,13,2.3,Documentation
AI_USR180,Org-Beta-Team4,Org-Beta,2026-01-07,1,3.0,Planning
AI_USR180,Org-Beta-Team4,Org-Beta,2026-01-08,2,2.6,Summarization
AI_USR180,Org-Beta-Team4,Org-Beta,2026-01-13,5,3.9,Code Generation
AI_USR180,Org-Beta-Team4,Org-Beta,2026-01-14,11,3.4,Debugging
AI_USR180,Org-Beta-Team4,Org-Beta,2026-01-19,2,3.0,Documentation
AI_USR180,Org-Beta-Team4,Org-Beta,2026-01-21,17,3.0,Debugging
AI_USR180,Org-Beta-Team4,Org-Beta,2026-01-22,6,3.8,Code Generation
AI_USR180,Org-Beta-Team4,Org-Beta,2026-01-23,16,3.7,Data Query
AI_USR180,Org-Beta-Team4,Org-Beta,2026-01-24,12,2.3,Code Generation
AI_USR180,Org-Beta-Team4,Org-Beta,2026-01-27,15,2.8,Documentation
AI_USR180,Org-Beta-Team4,Org-Beta,2026-01-28,1,2.7,Planning
AI_USR180,Org-Beta-Team4,Org-Beta,2026-01-29,6,2.3,Planning
AI_USR180,Org-Beta-Team4,Org-Beta,2026-01-30,5,3.9,Data Query
AI_USR180,Org-Beta-Team4,Org-Beta,2026-02-01,20,2.2,Planning
AI_USR180,Org-Beta-Team4,Org-Beta,2026-02-04,20,2.1,Data Query
AI_USR180,Org-Beta-Team4,Org-Beta,2026-02-05,7,3.7,Code Generation
AI_USR180,Org-Beta-Team4,Org-Beta,2026-02-07,17,2.2,Documentation
AI_USR180,Org-Beta-Team4,Org-Beta,2026-02-09,9,3.3,Planning
AI_USR180,Org-Beta-Team4,Org-Beta,2026-02-12,12,3.3,Planning
AI_USR180,Org-Beta-Team4,Org-Beta,2026-02-13,7,2.8,Planning
AI_USR180,Org-Beta-Team4,Org-Beta,2026-02-14,10,3.9,Debugging
AI_USR180,Org-Beta-Team4,Org-Beta,2026-02-15,4,3.0,Debugging
AI_USR180,Org-Beta-Team4,Org-Beta,2026-02-16,12,3.5,Debugging
AI_USR180,Org-Beta-Team4,Org-Beta,2026-02-18,14,2.6,Documentation
AI_USR180,Org-Beta-Team4,Org-Beta,2026-02-20,2,3.0,Data Query
AI_USR180,Org-Beta-Team4,Org-Beta,2026-02-21,4,3.4,Data Query
AI_USR180,Org-Beta-Team4,Org-Beta,2026-02-25,19,3.3,Data Query
AI_USR180,Org-Beta-Team4,Org-Beta,2026-02-26,2,2.7,Documentation
AI_USR180,Org-Beta-Team4,Org-Beta,2026-02-27,10,3.4,Planning
AI_USR180,Org-Beta-Team4,Org-Beta,2026-02-28,13,2.0,Debugging
AI_USR180,Org-Beta-Team4,Org-Beta,2026-03-01,9,2.4,Debugging
AI_USR180,Org-Beta-Team4,Org-Beta,2026-03-02,6,2.3,Documentation
AI_USR180,Org-Beta-Team4,Org-Beta,2026-03-04,13,1.8,Data Query
AI_USR180,Org-Beta-Team4,Org-Beta,2026-03-05,17,3.6,Code Generation
AI_USR180,Org-Beta-Team4,Org-Beta,2026-03-07,9,2.7,Summarization
AI_USR180,Org-Beta-Team4,Org-Beta,2026-03-08,16,2.3,Summarization
AI_USR180,Org-Beta-Team4,Org-Beta,2026-03-11,17,2.8,Documentation
AI_USR180,Org-Beta-Team4,Org-Beta,2026-03-13,15,2.2,Summarization
AI_USR180,Org-Beta-Team4,Org-Beta,2026-03-14,15,1.9,Data Query
AI_USR180,Org-Beta-Team4,Org-Beta,2026-03-15,2,2.7,Planning
AI_USR180,Org-Beta-Team4,Org-Beta,2026-03-16,9,1.9,Documentation
AI_USR180,Org-Beta-Team4,Org-Beta,2026-03-17,17,3.3,Documentation
AI_USR180,Org-Beta-Team4,Org-Beta,2026-03-18,3,1.8,Documentation
AI_USR180,Org-Beta-Team4,Org-Beta,2026-03-19,18,3.7,Data Query
AI_USR180,Org-Beta-Team4,Org-Beta,2026-03-23,18,1.7,Debugging
AI_USR180,Org-Beta-Team4,Org-Beta,2026-03-28,14,2.7,Documentation
AI_USR180,Org-Beta-Team4,Org-Beta,2026-03-30,18,1.6,Planning
AI_USR181,Org-Gamma-Team4,Org-Gamma,2026-01-01,17,4.5,Documentation
AI_USR181,Org-Gamma-Team4,Org-Gamma,2026-01-02,7,4.4,Documentation
AI_USR181,Org-Gamma-Team4,Org-Gamma,2026-01-03,12,5.4,Code Generation
AI_USR181,Org-Gamma-Team4,Org-Gamma,2026-01-04,20,4.1,Documentation
AI_USR181,Org-Gamma-Team4,Org-Gamma,2026-01-05,9,4.5,Code Generation
AI_USR181,Org-Gamma-Team4,Org-Gamma,2026-01-06,4,4.6,Code Generation
AI_USR181,Org-Gamma-Team4,Org-Gamma,2026-01-07,15,5.1,Planning
AI_USR181,Org-Gamma-Team4,Org-Gamma,2026-01-10,4,4.1,Code Generation
AI_USR181,Org-Gamma-Team4,Org-Gamma,2026-01-13,6,4.9,Code Generation
AI_USR181,Org-Gamma-Team4,Org-Gamma,2026-01-15,9,4.5,Data Query
AI_USR181,Org-Gamma-Team4,Org-Gamma,2026-01-16,2,5.9,Planning
AI_USR181,Org-Gamma-Team4,Org-Gamma,2026-01-17,18,4.2,Planning
AI_USR181,Org-Gamma-Team4,Org-Gamma,2026-01-18,19,4.9,Debugging
AI_USR181,Org-Gamma-Team4,Org-Gamma,2026-01-19,15,4.2,Code Generation
AI_USR181,Org-Gamma-Team4,Org-Gamma,2026-01-21,11,5.0,Data Query
AI_USR181,Org-Gamma-Team4,Org-Gamma,2026-01-22,3,5.7,Documentation
AI_USR181,Org-Gamma-Team4,Org-Gamma,2026-01-23,3,5.0,Documentation
AI_USR181,Org-Gamma-Team4,Org-Gamma,2026-01-24,18,5.4,Summarization
AI_USR181,Org-Gamma-Team4,Org-Gamma,2026-01-26,2,4.1,Code Generation
AI_USR181,Org-Gamma-Team4,Org-Gamma,2026-01-28,17,5.8,Summarization
AI_USR181,Org-Gamma-Team4,Org-Gamma,2026-01-29,19,4.0,Data Query
AI_USR181,Org-Gamma-Team4,Org-Gamma,2026-01-30,15,3.9,Data Query
AI_USR181,Org-Gamma-Team4,Org-Gamma,2026-02-03,5,4.1,Documentation
AI_USR181,Org-Gamma-Team4,Org-Gamma,2026-02-04,14,5.4,Debugging
AI_USR181,Org-Gamma-Team4,Org-Gamma,2026-02-05,7,4.9,Summarization
AI_USR181,Org-Gamma-Team4,Org-Gamma,2026-02-07,16,4.3,Code Generation
AI_USR181,Org-Gamma-Team4,Org-Gamma,2026-02-08,18,3.8,Planning
AI_USR181,Org-Gamma-Team4,Org-Gamma,2026-02-11,11,5.7,Data Query
AI_USR181,Org-Gamma-Team4,Org-Gamma,2026-02-12,11,5.4,Summarization
AI_USR181,Org-Gamma-Team4,Org-Gamma,2026-02-13,20,5.7,Code Generation
AI_USR181,Org-Gamma-Team4,Org-Gamma,2026-02-15,17,5.1,Data Query
AI_USR181,Org-Gamma-Team4,Org-Gamma,2026-02-19,19,4.7,Planning
AI_USR181,Org-Gamma-Team4,Org-Gamma,2026-02-20,13,3.9,Data Query
AI_USR181,Org-Gamma-Team4,Org-Gamma,2026-02-22,16,5.3,Documentation
AI_USR181,Org-Gamma-Team4,Org-Gamma,2026-02-23,9,3.9,Debugging
AI_USR181,Org-Gamma-Team4,Org-Gamma,2026-02-24,10,5.0,Planning
AI_USR181,Org-Gamma-Team4,Org-Gamma,2026-02-25,3,4.9,Documentation
AI_USR181,Org-Gamma-Team4,Org-Gamma,2026-02-26,8,3.6,Summarization
AI_USR181,Org-Gamma-Team4,Org-Gamma,2026-02-27,12,4.7,Documentation
AI_USR181,Org-Gamma-Team4,Org-Gamma,2026-03-01,12,4.9,Summarization
AI_USR181,Org-Gamma-Team4,Org-Gamma,2026-03-03,13,3.9,Data Query
AI_USR181,Org-Gamma-Team4,Org-Gamma,2026-03-04,7,4.3,Documentation
AI_USR181,Org-Gamma-Team4,Org-Gamma,2026-03-06,4,3.5,Documentation
AI_USR181,Org-Gamma-Team4,Org-Gamma,2026-03-07,13,4.7,Data Query
AI_USR181,Org-Gamma-Team4,Org-Gamma,2026-03-08,18,5.2,Data Query
AI_USR181,Org-Gamma-Team4,Org-Gamma,2026-03-09,5,3.8,Planning
AI_USR181,Org-Gamma-Team4,Org-Gamma,2026-03-10,14,3.6,Debugging
AI_USR181,Org-Gamma-Team4,Org-Gamma,2026-03-12,6,4.4,Data Query
AI_USR181,Org-Gamma-Team4,Org-Gamma,2026-03-13,5,4.7,Data Query
AI_USR181,Org-Gamma-Team4,Org-Gamma,2026-03-14,7,5.0,Planning
AI_USR181,Org-Gamma-Team4,Org-Gamma,2026-03-15,1,3.9,Debugging
AI_USR181,Org-Gamma-Team4,Org-Gamma,2026-03-16,9,4.0,Debugging
AI_USR181,Org-Gamma-Team4,Org-Gamma,2026-03-17,18,3.7,Code Generation
AI_USR181,Org-Gamma-Team4,Org-Gamma,2026-03-19,19,4.2,Summarization
AI_USR181,Org-Gamma-Team4,Org-Gamma,2026-03-20,5,4.1,Summarization
AI_USR181,Org-Gamma-Team4,Org-Gamma,2026-03-22,18,4.1,Code Generation
AI_USR181,Org-Gamma-Team4,Org-Gamma,2026-03-23,12,4.7,Planning
AI_USR181,Org-Gamma-Team4,Org-Gamma,2026-03-25,6,4.8,Planning
AI_USR181,Org-Gamma-Team4,Org-Gamma,2026-03-26,10,4.2,Documentation
AI_USR181,Org-Gamma-Team4,Org-Gamma,2026-03-28,18,3.4,Code Generation
AI_USR181,Org-Gamma-Team4,Org-Gamma,2026-03-29,7,5.1,Summarization
AI_USR181,Org-Gamma-Team4,Org-Gamma,2026-03-31,6,3.5,Summarization
AI_USR182,Org-Alpha-Team3,Org-Alpha,2026-01-02,12,8.3,Summarization
AI_USR182,Org-Alpha-Team3,Org-Alpha,2026-01-03,4,8.4,Data Query
AI_USR182,Org-Alpha-Team3,Org-Alpha,2026-01-04,20,8.6,Code Generation
AI_USR182,Org-Alpha-Team3,Org-Alpha,2026-01-05,14,8.6,Summarization
AI_USR182,Org-Alpha-Team3,Org-Alpha,2026-01-06,14,9.3,Debugging
AI_USR182,Org-Alpha-Team3,Org-Alpha,2026-01-08,16,7.5,Documentation
AI_USR182,Org-Alpha-Team3,Org-Alpha,2026-01-09,7,8.5,Code Generation
AI_USR182,Org-Alpha-Team3,Org-Alpha,2026-01-10,15,7.8,Documentation
AI_USR182,Org-Alpha-Team3,Org-Alpha,2026-01-11,11,9.1,Debugging
AI_USR182,Org-Alpha-Team3,Org-Alpha,2026-01-13,2,9.2,Debugging
AI_USR182,Org-Alpha-Team3,Org-Alpha,2026-01-14,20,7.4,Planning
AI_USR182,Org-Alpha-Team3,Org-Alpha,2026-01-16,3,8.4,Documentation
AI_USR182,Org-Alpha-Team3,Org-Alpha,2026-01-17,20,8.4,Debugging
AI_USR182,Org-Alpha-Team3,Org-Alpha,2026-01-18,11,9.2,Planning
AI_USR182,Org-Alpha-Team3,Org-Alpha,2026-01-19,6,7.6,Documentation
AI_USR182,Org-Alpha-Team3,Org-Alpha,2026-01-21,19,9.4,Debugging
AI_USR182,Org-Alpha-Team3,Org-Alpha,2026-01-24,19,9.0,Documentation
AI_USR182,Org-Alpha-Team3,Org-Alpha,2026-01-25,10,8.5,Debugging
AI_USR182,Org-Alpha-Team3,Org-Alpha,2026-01-27,11,8.1,Planning
AI_USR182,Org-Alpha-Team3,Org-Alpha,2026-01-28,6,7.8,Planning
AI_USR182,Org-Alpha-Team3,Org-Alpha,2026-01-29,7,8.7,Planning
AI_USR182,Org-Alpha-Team3,Org-Alpha,2026-01-30,18,8.4,Summarization
AI_USR182,Org-Alpha-Team3,Org-Alpha,2026-02-03,11,8.7,Summarization
AI_USR182,Org-Alpha-Team3,Org-Alpha,2026-02-05,19,7.7,Documentation
AI_USR182,Org-Alpha-Team3,Org-Alpha,2026-02-06,8,7.8,Planning
AI_USR182,Org-Alpha-Team3,Org-Alpha,2026-02-07,5,7.9,Documentation
AI_USR182,Org-Alpha-Team3,Org-Alpha,2026-02-08,14,8.7,Planning
AI_USR182,Org-Alpha-Team3,Org-Alpha,2026-02-10,15,9.4,Documentation
AI_USR182,Org-Alpha-Team3,Org-Alpha,2026-02-11,9,7.9,Summarization
AI_USR182,Org-Alpha-Team3,Org-Alpha,2026-02-13,14,7.7,Code Generation
AI_USR182,Org-Alpha-Team3,Org-Alpha,2026-02-15,18,8.3,Debugging
AI_USR182,Org-Alpha-Team3,Org-Alpha,2026-02-16,20,9.4,Documentation
AI_USR182,Org-Alpha-Team3,Org-Alpha,2026-02-17,16,8.5,Documentation
AI_USR182,Org-Alpha-Team3,Org-Alpha,2026-02-18,4,8.5,Planning
AI_USR182,Org-Alpha-Team3,Org-Alpha,2026-02-19,12,8.2,Planning
AI_USR182,Org-Alpha-Team3,Org-Alpha,2026-02-20,10,9.0,Data Query
AI_USR182,Org-Alpha-Team3,Org-Alpha,2026-02-21,10,8.1,Summarization
AI_USR182,Org-Alpha-Team3,Org-Alpha,2026-02-22,6,8.5,Documentation
AI_USR182,Org-Alpha-Team3,Org-Alpha,2026-02-23,12,8.2,Debugging
AI_USR182,Org-Alpha-Team3,Org-Alpha,2026-02-26,2,8.7,Planning
AI_USR182,Org-Alpha-Team3,Org-Alpha,2026-02-27,3,8.5,Summarization
AI_USR182,Org-Alpha-Team3,Org-Alpha,2026-03-05,20,8.2,Documentation
AI_USR182,Org-Alpha-Team3,Org-Alpha,2026-03-06,12,8.7,Planning
AI_USR182,Org-Alpha-Team3,Org-Alpha,2026-03-07,10,9.4,Data Query
AI_USR182,Org-Alpha-Team3,Org-Alpha,2026-03-10,20,9.3,Summarization
AI_USR182,Org-Alpha-Team3,Org-Alpha,2026-03-11,11,8.2,Planning
AI_USR182,Org-Alpha-Team3,Org-Alpha,2026-03-13,18,9.2,Data Query
AI_USR182,Org-Alpha-Team3,Org-Alpha,2026-03-14,1,9.5,Data Query
AI_USR182,Org-Alpha-Team3,Org-Alpha,2026-03-16,1,8.4,Documentation
AI_USR182,Org-Alpha-Team3,Org-Alpha,2026-03-18,20,7.7,Documentation
AI_USR182,Org-Alpha-Team3,Org-Alpha,2026-03-20,5,8.4,Code Generation
AI_USR182,Org-Alpha-Team3,Org-Alpha,2026-03-21,5,8.2,Documentation
AI_USR182,Org-Alpha-Team3,Org-Alpha,2026-03-24,13,9.1,Debugging
AI_USR182,Org-Alpha-Team3,Org-Alpha,2026-03-25,14,8.7,Debugging
AI_USR182,Org-Alpha-Team3,Org-Alpha,2026-03-26,6,9.4,Planning
AI_USR182,Org-Alpha-Team3,Org-Alpha,2026-03-27,18,9.3,Planning
AI_USR182,Org-Alpha-Team3,Org-Alpha,2026-03-28,18,8.1,Debugging
AI_USR182,Org-Alpha-Team3,Org-Alpha,2026-03-30,13,9.1,Planning
AI_USR182,Org-Alpha-Team3,Org-Alpha,2026-03-31,8,8.2,Summarization
AI_USR183,Org-Delta-Team4,Org-Delta,2026-01-01,17,6.2,Data Query
AI_USR183,Org-Delta-Team4,Org-Delta,2026-01-02,15,5.4,Data Query
AI_USR183,Org-Delta-Team4,Org-Delta,2026-01-03,17,5.3,Debugging
AI_USR183,Org-Delta-Team4,Org-Delta,2026-01-05,8,4.5,Code Generation
AI_USR183,Org-Delta-Team4,Org-Delta,2026-01-07,4,5.4,Summarization
AI_USR183,Org-Delta-Team4,Org-Delta,2026-01-08,14,4.5,Planning
AI_USR183,Org-Delta-Team4,Org-Delta,2026-01-10,8,6.3,Debugging
AI_USR183,Org-Delta-Team4,Org-Delta,2026-01-12,17,5.8,Summarization
AI_USR183,Org-Delta-Team4,Org-Delta,2026-01-13,1,5.8,Code Generation
AI_USR183,Org-Delta-Team4,Org-Delta,2026-01-14,15,6.5,Summarization
AI_USR183,Org-Delta-Team4,Org-Delta,2026-01-17,17,4.8,Summarization
AI_USR183,Org-Delta-Team4,Org-Delta,2026-01-18,2,6.0,Summarization
AI_USR183,Org-Delta-Team4,Org-Delta,2026-01-21,3,6.3,Documentation
AI_USR183,Org-Delta-Team4,Org-Delta,2026-01-23,9,5.6,Documentation
AI_USR183,Org-Delta-Team4,Org-Delta,2026-01-25,15,6.3,Documentation
AI_USR183,Org-Delta-Team4,Org-Delta,2026-01-27,17,5.3,Code Generation
AI_USR183,Org-Delta-Team4,Org-Delta,2026-01-28,10,5.4,Planning
AI_USR183,Org-Delta-Team4,Org-Delta,2026-01-29,1,5.3,Summarization
AI_USR183,Org-Delta-Team4,Org-Delta,2026-01-30,14,6.0,Code Generation
AI_USR183,Org-Delta-Team4,Org-Delta,2026-02-01,19,6.6,Debugging
AI_USR183,Org-Delta-Team4,Org-Delta,2026-02-02,19,5.3,Data Query
AI_USR183,Org-Delta-Team4,Org-Delta,2026-02-03,19,6.0,Documentation
AI_USR183,Org-Delta-Team4,Org-Delta,2026-02-04,11,5.6,Data Query
AI_USR183,Org-Delta-Team4,Org-Delta,2026-02-06,18,6.0,Documentation
AI_USR183,Org-Delta-Team4,Org-Delta,2026-02-07,15,5.4,Data Query
AI_USR183,Org-Delta-Team4,Org-Delta,2026-02-10,14,6.9,Documentation
AI_USR183,Org-Delta-Team4,Org-Delta,2026-02-12,20,7.3,Summarization
AI_USR183,Org-Delta-Team4,Org-Delta,2026-02-14,10,6.7,Code Generation
AI_USR183,Org-Delta-Team4,Org-Delta,2026-02-16,11,6.6,Debugging
AI_USR183,Org-Delta-Team4,Org-Delta,2026-02-17,17,5.6,Planning
AI_USR183,Org-Delta-Team4,Org-Delta,2026-02-18,12,7.0,Summarization
AI_USR183,Org-Delta-Team4,Org-Delta,2026-02-19,7,6.4,Code Generation
AI_USR183,Org-Delta-Team4,Org-Delta,2026-02-20,1,6.5,Summarization
AI_USR183,Org-Delta-Team4,Org-Delta,2026-02-21,4,6.7,Debugging
AI_USR183,Org-Delta-Team4,Org-Delta,2026-02-22,19,5.8,Data Query
AI_USR183,Org-Delta-Team4,Org-Delta,2026-02-24,11,7.4,Summarization
AI_USR183,Org-Delta-Team4,Org-Delta,2026-02-25,7,6.8,Code Generation
AI_USR183,Org-Delta-Team4,Org-Delta,2026-02-26,10,6.8,Planning
AI_USR183,Org-Delta-Team4,Org-Delta,2026-03-06,3,7.2,Documentation
AI_USR183,Org-Delta-Team4,Org-Delta,2026-03-07,17,6.5,Data Query
AI_USR183,Org-Delta-Team4,Org-Delta,2026-03-09,6,7.5,Documentation
AI_USR183,Org-Delta-Team4,Org-Delta,2026-03-10,8,7.1,Planning
AI_USR183,Org-Delta-Team4,Org-Delta,2026-03-12,17,7.0,Summarization
AI_USR183,Org-Delta-Team4,Org-Delta,2026-03-13,14,7.5,Code Generation
AI_USR183,Org-Delta-Team4,Org-Delta,2026-03-14,1,7.0,Code Generation
AI_USR183,Org-Delta-Team4,Org-Delta,2026-03-16,10,7.2,Code Generation
AI_USR183,Org-Delta-Team4,Org-Delta,2026-03-18,15,7.5,Documentation
AI_USR183,Org-Delta-Team4,Org-Delta,2026-03-19,14,7.9,Debugging
AI_USR183,Org-Delta-Team4,Org-Delta,2026-03-21,10,7.8,Debugging
AI_USR183,Org-Delta-Team4,Org-Delta,2026-03-26,19,6.5,Code Generation
AI_USR183,Org-Delta-Team4,Org-Delta,2026-03-27,9,8.3,Code Generation
AI_USR183,Org-Delta-Team4,Org-Delta,2026-03-28,1,8.1,Summarization
AI_USR183,Org-Delta-Team4,Org-Delta,2026-03-29,19,8.3,Debugging
AI_USR183,Org-Delta-Team4,Org-Delta,2026-03-30,4,8.3,Data Query
AI_USR183,Org-Delta-Team4,Org-Delta,2026-03-31,1,7.0,Documentation
AI_USR184,Org-Alpha-Team3,Org-Alpha,2026-01-01,15,8.8,Debugging
AI_USR184,Org-Alpha-Team3,Org-Alpha,2026-01-02,4,8.5,Planning
AI_USR184,Org-Alpha-Team3,Org-Alpha,2026-01-03,20,7.0,Data Query
AI_USR184,Org-Alpha-Team3,Org-Alpha,2026-01-05,16,7.2,Planning
AI_USR184,Org-Alpha-Team3,Org-Alpha,2026-01-06,15,8.5,Planning
AI_USR184,Org-Alpha-Team3,Org-Alpha,2026-01-07,11,8.6,Data Query
AI_USR184,Org-Alpha-Team3,Org-Alpha,2026-01-08,9,8.7,Data Query
AI_USR184,Org-Alpha-Team3,Org-Alpha,2026-01-09,10,7.7,Summarization
AI_USR184,Org-Alpha-Team3,Org-Alpha,2026-01-11,10,7.9,Debugging
AI_USR184,Org-Alpha-Team3,Org-Alpha,2026-01-12,12,8.2,Planning
AI_USR184,Org-Alpha-Team3,Org-Alpha,2026-01-14,18,8.6,Data Query
AI_USR184,Org-Alpha-Team3,Org-Alpha,2026-01-16,5,7.1,Planning
AI_USR184,Org-Alpha-Team3,Org-Alpha,2026-01-17,2,8.7,Debugging
AI_USR184,Org-Alpha-Team3,Org-Alpha,2026-01-19,4,7.8,Data Query
AI_USR184,Org-Alpha-Team3,Org-Alpha,2026-01-20,9,7.7,Planning
AI_USR184,Org-Alpha-Team3,Org-Alpha,2026-01-21,17,8.8,Planning
AI_USR184,Org-Alpha-Team3,Org-Alpha,2026-01-23,16,7.9,Code Generation
AI_USR184,Org-Alpha-Team3,Org-Alpha,2026-01-24,13,9.0,Code Generation
AI_USR184,Org-Alpha-Team3,Org-Alpha,2026-01-25,1,7.7,Data Query
AI_USR184,Org-Alpha-Team3,Org-Alpha,2026-01-26,17,7.5,Documentation
AI_USR184,Org-Alpha-Team3,Org-Alpha,2026-01-27,4,7.3,Debugging
AI_USR184,Org-Alpha-Team3,Org-Alpha,2026-01-28,11,7.9,Summarization
AI_USR184,Org-Alpha-Team3,Org-Alpha,2026-01-29,16,7.3,Code Generation
AI_USR184,Org-Alpha-Team3,Org-Alpha,2026-01-30,6,8.2,Data Query
AI_USR184,Org-Alpha-Team3,Org-Alpha,2026-01-31,18,8.1,Data Query
AI_USR184,Org-Alpha-Team3,Org-Alpha,2026-02-01,18,8.3,Code Generation
AI_USR184,Org-Alpha-Team3,Org-Alpha,2026-02-02,8,8.6,Code Generation
AI_USR184,Org-Alpha-Team3,Org-Alpha,2026-02-05,1,8.5,Data Query
AI_USR184,Org-Alpha-Team3,Org-Alpha,2026-02-07,10,9.0,Summarization
AI_USR184,Org-Alpha-Team3,Org-Alpha,2026-02-08,10,8.3,Documentation
AI_USR184,Org-Alpha-Team3,Org-Alpha,2026-02-09,20,8.7,Documentation
AI_USR184,Org-Alpha-Team3,Org-Alpha,2026-02-14,3,8.9,Documentation
AI_USR184,Org-Alpha-Team3,Org-Alpha,2026-02-15,17,7.8,Summarization
AI_USR184,Org-Alpha-Team3,Org-Alpha,2026-02-17,15,7.2,Debugging
AI_USR184,Org-Alpha-Team3,Org-Alpha,2026-02-18,5,7.6,Planning
AI_USR184,Org-Alpha-Team3,Org-Alpha,2026-02-21,6,8.8,Documentation
AI_USR184,Org-Alpha-Team3,Org-Alpha,2026-02-22,5,7.2,Code Generation
AI_USR184,Org-Alpha-Team3,Org-Alpha,2026-02-25,5,8.2,Documentation
AI_USR184,Org-Alpha-Team3,Org-Alpha,2026-02-28,10,8.1,Documentation
AI_USR184,Org-Alpha-Team3,Org-Alpha,2026-03-01,13,7.6,Debugging
AI_USR184,Org-Alpha-Team3,Org-Alpha,2026-03-02,17,8.8,Code Generation
AI_USR184,Org-Alpha-Team3,Org-Alpha,2026-03-03,19,7.2,Documentation
AI_USR184,Org-Alpha-Team3,Org-Alpha,2026-03-04,7,8.8,Summarization
AI_USR184,Org-Alpha-Team3,Org-Alpha,2026-03-07,2,8.1,Summarization
AI_USR184,Org-Alpha-Team3,Org-Alpha,2026-03-08,7,8.8,Debugging
AI_USR184,Org-Alpha-Team3,Org-Alpha,2026-03-09,20,7.5,Data Query
AI_USR184,Org-Alpha-Team3,Org-Alpha,2026-03-10,17,8.1,Data Query
AI_USR184,Org-Alpha-Team3,Org-Alpha,2026-03-14,8,8.8,Debugging
AI_USR184,Org-Alpha-Team3,Org-Alpha,2026-03-15,17,8.3,Data Query
AI_USR184,Org-Alpha-Team3,Org-Alpha,2026-03-17,18,8.6,Documentation
AI_USR184,Org-Alpha-Team3,Org-Alpha,2026-03-18,16,8.1,Summarization
AI_USR184,Org-Alpha-Team3,Org-Alpha,2026-03-21,19,7.3,Summarization
AI_USR184,Org-Alpha-Team3,Org-Alpha,2026-03-22,19,8.7,Documentation
AI_USR184,Org-Alpha-Team3,Org-Alpha,2026-03-23,16,7.3,Debugging
AI_USR184,Org-Alpha-Team3,Org-Alpha,2026-03-27,5,8.6,Summarization
AI_USR184,Org-Alpha-Team3,Org-Alpha,2026-03-29,4,8.9,Documentation
AI_USR185,Org-Epsilon-Team3,Org-Epsilon,2026-01-01,18,8.0,Data Query
AI_USR185,Org-Epsilon-Team3,Org-Epsilon,2026-01-02,2,8.0,Summarization
AI_USR185,Org-Epsilon-Team3,Org-Epsilon,2026-01-03,13,7.8,Data Query
AI_USR185,Org-Epsilon-Team3,Org-Epsilon,2026-01-04,14,6.6,Planning
AI_USR185,Org-Epsilon-Team3,Org-Epsilon,2026-01-05,4,6.8,Debugging
AI_USR185,Org-Epsilon-Team3,Org-Epsilon,2026-01-06,14,7.5,Data Query
AI_USR185,Org-Epsilon-Team3,Org-Epsilon,2026-01-07,13,7.7,Documentation
AI_USR185,Org-Epsilon-Team3,Org-Epsilon,2026-01-08,18,7.2,Documentation
AI_USR185,Org-Epsilon-Team3,Org-Epsilon,2026-01-10,2,7.4,Code Generation
AI_USR185,Org-Epsilon-Team3,Org-Epsilon,2026-01-11,17,7.5,Planning
AI_USR185,Org-Epsilon-Team3,Org-Epsilon,2026-01-12,12,6.9,Documentation
AI_USR185,Org-Epsilon-Team3,Org-Epsilon,2026-01-13,19,7.4,Debugging
AI_USR185,Org-Epsilon-Team3,Org-Epsilon,2026-01-14,14,8.1,Planning
AI_USR185,Org-Epsilon-Team3,Org-Epsilon,2026-01-16,15,7.5,Data Query
AI_USR185,Org-Epsilon-Team3,Org-Epsilon,2026-01-17,12,7.1,Summarization
AI_USR185,Org-Epsilon-Team3,Org-Epsilon,2026-01-20,4,6.3,Data Query
AI_USR185,Org-Epsilon-Team3,Org-Epsilon,2026-01-21,9,7.0,Data Query
AI_USR185,Org-Epsilon-Team3,Org-Epsilon,2026-01-22,4,8.3,Data Query
AI_USR185,Org-Epsilon-Team3,Org-Epsilon,2026-01-23,13,8.2,Documentation
AI_USR185,Org-Epsilon-Team3,Org-Epsilon,2026-01-24,20,8.1,Debugging
AI_USR185,Org-Epsilon-Team3,Org-Epsilon,2026-01-25,2,6.8,Documentation
AI_USR185,Org-Epsilon-Team3,Org-Epsilon,2026-01-27,5,7.2,Summarization
AI_USR185,Org-Epsilon-Team3,Org-Epsilon,2026-01-28,11,7.9,Summarization
AI_USR185,Org-Epsilon-Team3,Org-Epsilon,2026-01-31,18,8.1,Data Query
AI_USR185,Org-Epsilon-Team3,Org-Epsilon,2026-02-01,13,8.1,Code Generation
AI_USR185,Org-Epsilon-Team3,Org-Epsilon,2026-02-03,15,7.2,Planning
AI_USR185,Org-Epsilon-Team3,Org-Epsilon,2026-02-05,18,6.6,Summarization
AI_USR185,Org-Epsilon-Team3,Org-Epsilon,2026-02-06,20,7.3,Documentation
AI_USR185,Org-Epsilon-Team3,Org-Epsilon,2026-02-07,8,6.5,Code Generation
AI_USR185,Org-Epsilon-Team3,Org-Epsilon,2026-02-08,14,7.9,Documentation
AI_USR185,Org-Epsilon-Team3,Org-Epsilon,2026-02-09,5,7.9,Debugging
AI_USR185,Org-Epsilon-Team3,Org-Epsilon,2026-02-10,19,7.4,Code Generation
AI_USR185,Org-Epsilon-Team3,Org-Epsilon,2026-02-11,3,7.8,Planning
AI_USR185,Org-Epsilon-Team3,Org-Epsilon,2026-02-14,10,7.3,Code Generation
AI_USR185,Org-Epsilon-Team3,Org-Epsilon,2026-02-15,11,7.0,Debugging
AI_USR185,Org-Epsilon-Team3,Org-Epsilon,2026-02-16,18,7.0,Debugging
AI_USR185,Org-Epsilon-Team3,Org-Epsilon,2026-02-17,7,6.9,Debugging
AI_USR185,Org-Epsilon-Team3,Org-Epsilon,2026-02-18,20,6.7,Planning
AI_USR185,Org-Epsilon-Team3,Org-Epsilon,2026-02-19,5,6.4,Summarization
AI_USR185,Org-Epsilon-Team3,Org-Epsilon,2026-02-20,20,8.2,Data Query
AI_USR185,Org-Epsilon-Team3,Org-Epsilon,2026-02-22,13,7.6,Debugging
AI_USR185,Org-Epsilon-Team3,Org-Epsilon,2026-02-23,6,7.9,Debugging
AI_USR185,Org-Epsilon-Team3,Org-Epsilon,2026-02-24,3,7.3,Data Query
AI_USR185,Org-Epsilon-Team3,Org-Epsilon,2026-02-25,9,6.9,Debugging
AI_USR185,Org-Epsilon-Team3,Org-Epsilon,2026-02-26,19,6.6,Planning
AI_USR185,Org-Epsilon-Team3,Org-Epsilon,2026-02-27,6,7.4,Code Generation
AI_USR185,Org-Epsilon-Team3,Org-Epsilon,2026-03-01,20,7.9,Data Query
AI_USR185,Org-Epsilon-Team3,Org-Epsilon,2026-03-03,7,6.9,Summarization
AI_USR185,Org-Epsilon-Team3,Org-Epsilon,2026-03-05,11,6.7,Summarization
AI_USR185,Org-Epsilon-Team3,Org-Epsilon,2026-03-09,4,7.9,Debugging
AI_USR185,Org-Epsilon-Team3,Org-Epsilon,2026-03-10,14,6.7,Summarization
AI_USR185,Org-Epsilon-Team3,Org-Epsilon,2026-03-13,10,6.4,Planning
AI_USR185,Org-Epsilon-Team3,Org-Epsilon,2026-03-14,6,6.8,Summarization
AI_USR185,Org-Epsilon-Team3,Org-Epsilon,2026-03-16,5,8.0,Debugging
AI_USR185,Org-Epsilon-Team3,Org-Epsilon,2026-03-17,18,7.6,Summarization
AI_USR185,Org-Epsilon-Team3,Org-Epsilon,2026-03-18,16,7.8,Data Query
AI_USR185,Org-Epsilon-Team3,Org-Epsilon,2026-03-19,14,7.6,Debugging
AI_USR185,Org-Epsilon-Team3,Org-Epsilon,2026-03-22,11,7.1,Code Generation
AI_USR185,Org-Epsilon-Team3,Org-Epsilon,2026-03-24,10,7.1,Planning
AI_USR185,Org-Epsilon-Team3,Org-Epsilon,2026-03-26,6,6.8,Documentation
AI_USR185,Org-Epsilon-Team3,Org-Epsilon,2026-03-27,13,7.0,Code Generation
AI_USR185,Org-Epsilon-Team3,Org-Epsilon,2026-03-28,17,6.6,Planning
AI_USR185,Org-Epsilon-Team3,Org-Epsilon,2026-03-30,3,6.7,Planning
AI_USR185,Org-Epsilon-Team3,Org-Epsilon,2026-03-31,9,7.8,Planning
AI_USR186,Org-Epsilon-Team3,Org-Epsilon,2026-01-02,5,7.7,Code Generation
AI_USR186,Org-Epsilon-Team3,Org-Epsilon,2026-01-04,5,6.8,Documentation
AI_USR186,Org-Epsilon-Team3,Org-Epsilon,2026-01-05,8,6.8,Planning
AI_USR186,Org-Epsilon-Team3,Org-Epsilon,2026-01-06,11,7.3,Summarization
AI_USR186,Org-Epsilon-Team3,Org-Epsilon,2026-01-07,16,7.5,Debugging
AI_USR186,Org-Epsilon-Team3,Org-Epsilon,2026-01-08,13,6.8,Planning
AI_USR186,Org-Epsilon-Team3,Org-Epsilon,2026-01-09,18,7.5,Documentation
AI_USR186,Org-Epsilon-Team3,Org-Epsilon,2026-01-12,19,8.2,Debugging
AI_USR186,Org-Epsilon-Team3,Org-Epsilon,2026-01-14,3,6.7,Data Query
AI_USR186,Org-Epsilon-Team3,Org-Epsilon,2026-01-15,4,8.5,Documentation
AI_USR186,Org-Epsilon-Team3,Org-Epsilon,2026-01-16,19,8.1,Code Generation
AI_USR186,Org-Epsilon-Team3,Org-Epsilon,2026-01-17,3,8.2,Planning
AI_USR186,Org-Epsilon-Team3,Org-Epsilon,2026-01-18,10,8.3,Summarization
AI_USR186,Org-Epsilon-Team3,Org-Epsilon,2026-01-20,11,7.5,Code Generation
AI_USR186,Org-Epsilon-Team3,Org-Epsilon,2026-01-21,18,8.2,Documentation
AI_USR186,Org-Epsilon-Team3,Org-Epsilon,2026-01-23,15,8.1,Documentation
AI_USR186,Org-Epsilon-Team3,Org-Epsilon,2026-01-25,4,8.2,Code Generation
AI_USR186,Org-Epsilon-Team3,Org-Epsilon,2026-01-26,5,8.6,Documentation
AI_USR186,Org-Epsilon-Team3,Org-Epsilon,2026-01-27,13,7.3,Code Generation
AI_USR186,Org-Epsilon-Team3,Org-Epsilon,2026-01-29,14,7.3,Summarization
AI_USR186,Org-Epsilon-Team3,Org-Epsilon,2026-01-30,8,8.8,Summarization
AI_USR186,Org-Epsilon-Team3,Org-Epsilon,2026-02-02,13,7.5,Planning
AI_USR186,Org-Epsilon-Team3,Org-Epsilon,2026-02-03,16,7.3,Planning
AI_USR186,Org-Epsilon-Team3,Org-Epsilon,2026-02-04,18,8.5,Data Query
AI_USR186,Org-Epsilon-Team3,Org-Epsilon,2026-02-06,1,8.5,Planning
AI_USR186,Org-Epsilon-Team3,Org-Epsilon,2026-02-07,14,7.2,Documentation
AI_USR186,Org-Epsilon-Team3,Org-Epsilon,2026-02-09,13,7.2,Data Query
AI_USR186,Org-Epsilon-Team3,Org-Epsilon,2026-02-10,4,8.5,Debugging
AI_USR186,Org-Epsilon-Team3,Org-Epsilon,2026-02-12,7,8.7,Documentation
AI_USR186,Org-Epsilon-Team3,Org-Epsilon,2026-02-16,12,8.0,Planning
AI_USR186,Org-Epsilon-Team3,Org-Epsilon,2026-02-17,7,7.4,Code Generation
AI_USR186,Org-Epsilon-Team3,Org-Epsilon,2026-02-19,1,9.0,Planning
AI_USR186,Org-Epsilon-Team3,Org-Epsilon,2026-02-22,6,8.5,Summarization
AI_USR186,Org-Epsilon-Team3,Org-Epsilon,2026-02-23,11,7.6,Documentation
AI_USR186,Org-Epsilon-Team3,Org-Epsilon,2026-02-26,8,8.5,Code Generation
AI_USR186,Org-Epsilon-Team3,Org-Epsilon,2026-02-28,13,8.1,Documentation
AI_USR186,Org-Epsilon-Team3,Org-Epsilon,2026-03-01,19,7.8,Data Query
AI_USR186,Org-Epsilon-Team3,Org-Epsilon,2026-03-02,5,8.4,Debugging
AI_USR186,Org-Epsilon-Team3,Org-Epsilon,2026-03-03,12,9.4,Data Query
AI_USR186,Org-Epsilon-Team3,Org-Epsilon,2026-03-04,6,9.4,Documentation
AI_USR186,Org-Epsilon-Team3,Org-Epsilon,2026-03-05,6,9.0,Data Query
AI_USR186,Org-Epsilon-Team3,Org-Epsilon,2026-03-06,11,8.3,Debugging
AI_USR186,Org-Epsilon-Team3,Org-Epsilon,2026-03-07,14,9.2,Debugging
AI_USR186,Org-Epsilon-Team3,Org-Epsilon,2026-03-11,1,8.1,Data Query
AI_USR186,Org-Epsilon-Team3,Org-Epsilon,2026-03-12,10,8.5,Data Query
AI_USR186,Org-Epsilon-Team3,Org-Epsilon,2026-03-13,1,8.6,Documentation
AI_USR186,Org-Epsilon-Team3,Org-Epsilon,2026-03-14,5,9.8,Documentation
AI_USR186,Org-Epsilon-Team3,Org-Epsilon,2026-03-15,14,9.0,Planning
AI_USR186,Org-Epsilon-Team3,Org-Epsilon,2026-03-16,8,8.4,Code Generation
AI_USR186,Org-Epsilon-Team3,Org-Epsilon,2026-03-18,1,9.6,Planning
AI_USR186,Org-Epsilon-Team3,Org-Epsilon,2026-03-20,5,9.8,Data Query
AI_USR186,Org-Epsilon-Team3,Org-Epsilon,2026-03-21,8,8.5,Code Generation
AI_USR186,Org-Epsilon-Team3,Org-Epsilon,2026-03-22,6,8.8,Planning
AI_USR186,Org-Epsilon-Team3,Org-Epsilon,2026-03-23,19,8.4,Code Generation
AI_USR186,Org-Epsilon-Team3,Org-Epsilon,2026-03-24,6,9.5,Data Query
AI_USR186,Org-Epsilon-Team3,Org-Epsilon,2026-03-27,5,9.7,Documentation
AI_USR186,Org-Epsilon-Team3,Org-Epsilon,2026-03-28,18,8.5,Code Generation
AI_USR187,Org-Gamma-Team1,Org-Gamma,2026-01-01,9,6.5,Code Generation
AI_USR187,Org-Gamma-Team1,Org-Gamma,2026-01-03,17,7.6,Planning
AI_USR187,Org-Gamma-Team1,Org-Gamma,2026-01-05,14,7.9,Data Query
AI_USR187,Org-Gamma-Team1,Org-Gamma,2026-01-06,4,7.3,Planning
AI_USR187,Org-Gamma-Team1,Org-Gamma,2026-01-07,6,7.8,Data Query
AI_USR187,Org-Gamma-Team1,Org-Gamma,2026-01-09,18,7.4,Code Generation
AI_USR187,Org-Gamma-Team1,Org-Gamma,2026-01-11,5,7.3,Documentation
AI_USR187,Org-Gamma-Team1,Org-Gamma,2026-01-12,20,6.7,Debugging
AI_USR187,Org-Gamma-Team1,Org-Gamma,2026-01-13,11,6.7,Code Generation
AI_USR187,Org-Gamma-Team1,Org-Gamma,2026-01-14,1,6.6,Planning
AI_USR187,Org-Gamma-Team1,Org-Gamma,2026-01-16,16,7.1,Debugging
AI_USR187,Org-Gamma-Team1,Org-Gamma,2026-01-17,14,7.1,Data Query
AI_USR187,Org-Gamma-Team1,Org-Gamma,2026-01-19,9,8.5,Data Query
AI_USR187,Org-Gamma-Team1,Org-Gamma,2026-01-21,1,7.7,Documentation
AI_USR187,Org-Gamma-Team1,Org-Gamma,2026-01-23,3,7.5,Summarization
AI_USR187,Org-Gamma-Team1,Org-Gamma,2026-01-24,1,6.6,Debugging
AI_USR187,Org-Gamma-Team1,Org-Gamma,2026-01-25,20,8.4,Data Query
AI_USR187,Org-Gamma-Team1,Org-Gamma,2026-01-26,15,6.8,Summarization
AI_USR187,Org-Gamma-Team1,Org-Gamma,2026-01-27,18,6.9,Data Query
AI_USR187,Org-Gamma-Team1,Org-Gamma,2026-01-29,2,8.5,Documentation
AI_USR187,Org-Gamma-Team1,Org-Gamma,2026-01-30,2,8.4,Planning
AI_USR187,Org-Gamma-Team1,Org-Gamma,2026-01-31,1,7.5,Summarization
AI_USR187,Org-Gamma-Team1,Org-Gamma,2026-02-01,10,7.6,Data Query
AI_USR187,Org-Gamma-Team1,Org-Gamma,2026-02-02,2,7.4,Debugging
AI_USR187,Org-Gamma-Team1,Org-Gamma,2026-02-03,4,8.3,Summarization
AI_USR187,Org-Gamma-Team1,Org-Gamma,2026-02-04,15,7.2,Code Generation
AI_USR187,Org-Gamma-Team1,Org-Gamma,2026-02-05,15,8.0,Data Query
AI_USR187,Org-Gamma-Team1,Org-Gamma,2026-02-06,12,8.7,Code Generation
AI_USR187,Org-Gamma-Team1,Org-Gamma,2026-02-07,20,6.8,Debugging
AI_USR187,Org-Gamma-Team1,Org-Gamma,2026-02-09,10,8.7,Documentation
AI_USR187,Org-Gamma-Team1,Org-Gamma,2026-02-10,15,7.7,Debugging
AI_USR187,Org-Gamma-Team1,Org-Gamma,2026-02-11,7,6.9,Summarization
AI_USR187,Org-Gamma-Team1,Org-Gamma,2026-02-12,5,8.6,Planning
AI_USR187,Org-Gamma-Team1,Org-Gamma,2026-02-14,9,7.7,Debugging
AI_USR187,Org-Gamma-Team1,Org-Gamma,2026-02-15,16,8.6,Debugging
AI_USR187,Org-Gamma-Team1,Org-Gamma,2026-02-17,5,8.4,Documentation
AI_USR187,Org-Gamma-Team1,Org-Gamma,2026-02-18,16,7.1,Code Generation
AI_USR187,Org-Gamma-Team1,Org-Gamma,2026-02-19,13,7.9,Code Generation
AI_USR187,Org-Gamma-Team1,Org-Gamma,2026-02-20,13,8.3,Code Generation
AI_USR187,Org-Gamma-Team1,Org-Gamma,2026-02-22,12,8.7,Code Generation
AI_USR187,Org-Gamma-Team1,Org-Gamma,2026-02-23,11,8.7,Data Query
AI_USR187,Org-Gamma-Team1,Org-Gamma,2026-02-24,11,7.3,Planning
AI_USR187,Org-Gamma-Team1,Org-Gamma,2026-02-25,10,7.9,Planning
AI_USR187,Org-Gamma-Team1,Org-Gamma,2026-02-28,13,8.4,Debugging
AI_USR187,Org-Gamma-Team1,Org-Gamma,2026-03-03,4,7.9,Code Generation
AI_USR187,Org-Gamma-Team1,Org-Gamma,2026-03-04,11,8.5,Debugging
AI_USR187,Org-Gamma-Team1,Org-Gamma,2026-03-06,1,7.0,Summarization
AI_USR187,Org-Gamma-Team1,Org-Gamma,2026-03-08,6,7.8,Code Generation
AI_USR187,Org-Gamma-Team1,Org-Gamma,2026-03-09,9,7.3,Debugging
AI_USR187,Org-Gamma-Team1,Org-Gamma,2026-03-11,6,8.9,Code Generation
AI_USR187,Org-Gamma-Team1,Org-Gamma,2026-03-13,16,7.3,Documentation
AI_USR187,Org-Gamma-Team1,Org-Gamma,2026-03-14,3,8.8,Data Query
AI_USR187,Org-Gamma-Team1,Org-Gamma,2026-03-15,15,8.3,Documentation
AI_USR187,Org-Gamma-Team1,Org-Gamma,2026-03-16,3,7.9,Planning
AI_USR187,Org-Gamma-Team1,Org-Gamma,2026-03-18,3,8.6,Planning
AI_USR187,Org-Gamma-Team1,Org-Gamma,2026-03-19,19,8.9,Code Generation
AI_USR187,Org-Gamma-Team1,Org-Gamma,2026-03-20,18,7.8,Planning
AI_USR187,Org-Gamma-Team1,Org-Gamma,2026-03-21,15,9.1,Debugging
AI_USR187,Org-Gamma-Team1,Org-Gamma,2026-03-22,9,9.1,Debugging
AI_USR187,Org-Gamma-Team1,Org-Gamma,2026-03-23,3,8.3,Code Generation
AI_USR187,Org-Gamma-Team1,Org-Gamma,2026-03-24,2,7.8,Debugging
AI_USR187,Org-Gamma-Team1,Org-Gamma,2026-03-25,3,7.9,Planning
AI_USR187,Org-Gamma-Team1,Org-Gamma,2026-03-26,8,8.5,Debugging
AI_USR187,Org-Gamma-Team1,Org-Gamma,2026-03-29,17,8.7,Planning
AI_USR187,Org-Gamma-Team1,Org-Gamma,2026-03-30,10,8.7,Debugging
AI_USR188,Org-Epsilon-Team3,Org-Epsilon,2026-01-01,1,2.5,Code Generation
AI_USR188,Org-Epsilon-Team3,Org-Epsilon,2026-01-02,4,3.4,Data Query
AI_USR188,Org-Epsilon-Team3,Org-Epsilon,2026-01-03,7,2.7,Code Generation
AI_USR188,Org-Epsilon-Team3,Org-Epsilon,2026-01-04,3,3.6,Summarization
AI_USR188,Org-Epsilon-Team3,Org-Epsilon,2026-01-06,20,3.2,Debugging
AI_USR188,Org-Epsilon-Team3,Org-Epsilon,2026-01-07,5,3.7,Debugging
AI_USR188,Org-Epsilon-Team3,Org-Epsilon,2026-01-08,4,3.0,Planning
AI_USR188,Org-Epsilon-Team3,Org-Epsilon,2026-01-09,13,2.9,Debugging
AI_USR188,Org-Epsilon-Team3,Org-Epsilon,2026-01-10,10,3.1,Documentation
AI_USR188,Org-Epsilon-Team3,Org-Epsilon,2026-01-12,4,2.8,Documentation
AI_USR188,Org-Epsilon-Team3,Org-Epsilon,2026-01-13,15,2.9,Debugging
AI_USR188,Org-Epsilon-Team3,Org-Epsilon,2026-01-15,12,3.0,Planning
AI_USR188,Org-Epsilon-Team3,Org-Epsilon,2026-01-16,7,2.6,Summarization
AI_USR188,Org-Epsilon-Team3,Org-Epsilon,2026-01-18,1,2.9,Debugging
AI_USR188,Org-Epsilon-Team3,Org-Epsilon,2026-01-20,2,2.8,Code Generation
AI_USR188,Org-Epsilon-Team3,Org-Epsilon,2026-01-21,19,2.7,Planning
AI_USR188,Org-Epsilon-Team3,Org-Epsilon,2026-01-22,20,4.1,Documentation
AI_USR188,Org-Epsilon-Team3,Org-Epsilon,2026-01-23,14,4.5,Planning
AI_USR188,Org-Epsilon-Team3,Org-Epsilon,2026-01-24,12,4.2,Summarization
AI_USR188,Org-Epsilon-Team3,Org-Epsilon,2026-01-25,6,2.8,Debugging
AI_USR188,Org-Epsilon-Team3,Org-Epsilon,2026-01-26,1,2.7,Planning
AI_USR188,Org-Epsilon-Team3,Org-Epsilon,2026-01-28,14,4.5,Summarization
AI_USR188,Org-Epsilon-Team3,Org-Epsilon,2026-01-29,1,4.5,Debugging
AI_USR188,Org-Epsilon-Team3,Org-Epsilon,2026-02-01,9,3.5,Data Query
AI_USR188,Org-Epsilon-Team3,Org-Epsilon,2026-02-02,5,3.7,Planning
AI_USR188,Org-Epsilon-Team3,Org-Epsilon,2026-02-03,15,3.5,Documentation
AI_USR188,Org-Epsilon-Team3,Org-Epsilon,2026-02-05,4,3.7,Code Generation
AI_USR188,Org-Epsilon-Team3,Org-Epsilon,2026-02-06,20,4.3,Data Query
AI_USR188,Org-Epsilon-Team3,Org-Epsilon,2026-02-07,16,3.3,Debugging
AI_USR188,Org-Epsilon-Team3,Org-Epsilon,2026-02-08,8,4.3,Data Query
AI_USR188,Org-Epsilon-Team3,Org-Epsilon,2026-02-09,2,3.1,Documentation
AI_USR188,Org-Epsilon-Team3,Org-Epsilon,2026-02-10,8,3.2,Data Query
AI_USR188,Org-Epsilon-Team3,Org-Epsilon,2026-02-12,16,3.7,Code Generation
AI_USR188,Org-Epsilon-Team3,Org-Epsilon,2026-02-13,1,4.6,Planning
AI_USR188,Org-Epsilon-Team3,Org-Epsilon,2026-02-14,16,3.0,Documentation
AI_USR188,Org-Epsilon-Team3,Org-Epsilon,2026-02-17,5,3.2,Code Generation
AI_USR188,Org-Epsilon-Team3,Org-Epsilon,2026-02-18,18,3.7,Debugging
AI_USR188,Org-Epsilon-Team3,Org-Epsilon,2026-02-19,6,3.4,Summarization
AI_USR188,Org-Epsilon-Team3,Org-Epsilon,2026-02-21,10,3.0,Planning
AI_USR188,Org-Epsilon-Team3,Org-Epsilon,2026-02-22,12,4.6,Code Generation
AI_USR188,Org-Epsilon-Team3,Org-Epsilon,2026-02-23,8,4.6,Documentation
AI_USR188,Org-Epsilon-Team3,Org-Epsilon,2026-02-24,7,3.2,Planning
AI_USR188,Org-Epsilon-Team3,Org-Epsilon,2026-02-26,11,3.4,Planning
AI_USR188,Org-Epsilon-Team3,Org-Epsilon,2026-02-27,13,4.2,Debugging
AI_USR188,Org-Epsilon-Team3,Org-Epsilon,2026-02-28,16,4.3,Documentation
AI_USR188,Org-Epsilon-Team3,Org-Epsilon,2026-03-01,11,4.5,Debugging
AI_USR188,Org-Epsilon-Team3,Org-Epsilon,2026-03-02,18,4.0,Debugging
AI_USR188,Org-Epsilon-Team3,Org-Epsilon,2026-03-03,5,4.2,Documentation
AI_USR188,Org-Epsilon-Team3,Org-Epsilon,2026-03-05,11,3.2,Planning
AI_USR188,Org-Epsilon-Team3,Org-Epsilon,2026-03-06,11,3.2,Code Generation
AI_USR188,Org-Epsilon-Team3,Org-Epsilon,2026-03-07,13,3.8,Summarization
AI_USR188,Org-Epsilon-Team3,Org-Epsilon,2026-03-08,6,3.3,Summarization
AI_USR188,Org-Epsilon-Team3,Org-Epsilon,2026-03-10,14,4.2,Summarization
AI_USR188,Org-Epsilon-Team3,Org-Epsilon,2026-03-11,14,3.5,Planning
AI_USR188,Org-Epsilon-Team3,Org-Epsilon,2026-03-14,7,4.0,Data Query
AI_USR188,Org-Epsilon-Team3,Org-Epsilon,2026-03-15,3,3.4,Data Query
AI_USR188,Org-Epsilon-Team3,Org-Epsilon,2026-03-16,9,4.0,Data Query
AI_USR188,Org-Epsilon-Team3,Org-Epsilon,2026-03-17,11,3.5,Data Query
AI_USR188,Org-Epsilon-Team3,Org-Epsilon,2026-03-19,18,4.7,Data Query
AI_USR188,Org-Epsilon-Team3,Org-Epsilon,2026-03-20,18,3.5,Summarization
AI_USR188,Org-Epsilon-Team3,Org-Epsilon,2026-03-21,7,4.2,Debugging
AI_USR188,Org-Epsilon-Team3,Org-Epsilon,2026-03-24,20,4.3,Documentation
AI_USR188,Org-Epsilon-Team3,Org-Epsilon,2026-03-25,2,3.4,Planning
AI_USR188,Org-Epsilon-Team3,Org-Epsilon,2026-03-29,20,4.9,Data Query
AI_USR188,Org-Epsilon-Team3,Org-Epsilon,2026-03-30,13,4.0,Summarization
AI_USR188,Org-Epsilon-Team3,Org-Epsilon,2026-03-31,11,4.7,Summarization
AI_USR189,Org-Delta-Team3,Org-Delta,2026-01-01,8,7.7,Planning
AI_USR189,Org-Delta-Team3,Org-Delta,2026-01-02,11,8.2,Debugging
AI_USR189,Org-Delta-Team3,Org-Delta,2026-01-04,8,7.5,Data Query
AI_USR189,Org-Delta-Team3,Org-Delta,2026-01-05,15,9.1,Planning
AI_USR189,Org-Delta-Team3,Org-Delta,2026-01-06,3,8.7,Planning
AI_USR189,Org-Delta-Team3,Org-Delta,2026-01-07,6,8.0,Documentation
AI_USR189,Org-Delta-Team3,Org-Delta,2026-01-08,11,8.7,Planning
AI_USR189,Org-Delta-Team3,Org-Delta,2026-01-09,8,7.4,Code Generation
AI_USR189,Org-Delta-Team3,Org-Delta,2026-01-10,18,8.9,Summarization
AI_USR189,Org-Delta-Team3,Org-Delta,2026-01-11,11,7.8,Summarization
AI_USR189,Org-Delta-Team3,Org-Delta,2026-01-12,15,9.0,Summarization
AI_USR189,Org-Delta-Team3,Org-Delta,2026-01-13,13,9.0,Data Query
AI_USR189,Org-Delta-Team3,Org-Delta,2026-01-15,14,7.7,Code Generation
AI_USR189,Org-Delta-Team3,Org-Delta,2026-01-16,19,8.6,Debugging
AI_USR189,Org-Delta-Team3,Org-Delta,2026-01-17,8,8.5,Documentation
AI_USR189,Org-Delta-Team3,Org-Delta,2026-01-18,9,9.0,Summarization
AI_USR189,Org-Delta-Team3,Org-Delta,2026-01-19,18,8.0,Planning
AI_USR189,Org-Delta-Team3,Org-Delta,2026-01-20,19,8.3,Summarization
AI_USR189,Org-Delta-Team3,Org-Delta,2026-01-22,8,8.2,Planning
AI_USR189,Org-Delta-Team3,Org-Delta,2026-01-23,20,7.2,Planning
AI_USR189,Org-Delta-Team3,Org-Delta,2026-01-27,9,8.9,Debugging
AI_USR189,Org-Delta-Team3,Org-Delta,2026-01-30,9,8.9,Documentation
AI_USR189,Org-Delta-Team3,Org-Delta,2026-02-04,14,8.5,Code Generation
AI_USR189,Org-Delta-Team3,Org-Delta,2026-02-06,16,9.0,Planning
AI_USR189,Org-Delta-Team3,Org-Delta,2026-02-08,7,7.9,Data Query
AI_USR189,Org-Delta-Team3,Org-Delta,2026-02-09,7,7.7,Code Generation
AI_USR189,Org-Delta-Team3,Org-Delta,2026-02-13,9,8.1,Code Generation
AI_USR189,Org-Delta-Team3,Org-Delta,2026-02-14,16,8.3,Debugging
AI_USR189,Org-Delta-Team3,Org-Delta,2026-02-17,19,7.1,Code Generation
AI_USR189,Org-Delta-Team3,Org-Delta,2026-02-18,15,8.2,Documentation
AI_USR189,Org-Delta-Team3,Org-Delta,2026-02-19,9,8.5,Code Generation
AI_USR189,Org-Delta-Team3,Org-Delta,2026-02-20,9,8.7,Data Query
AI_USR189,Org-Delta-Team3,Org-Delta,2026-02-21,14,7.8,Summarization
AI_USR189,Org-Delta-Team3,Org-Delta,2026-02-23,14,8.9,Debugging
AI_USR189,Org-Delta-Team3,Org-Delta,2026-02-24,5,7.5,Summarization
AI_USR189,Org-Delta-Team3,Org-Delta,2026-02-25,6,8.6,Data Query
AI_USR189,Org-Delta-Team3,Org-Delta,2026-02-26,18,7.4,Code Generation
AI_USR189,Org-Delta-Team3,Org-Delta,2026-02-28,4,7.6,Code Generation
AI_USR189,Org-Delta-Team3,Org-Delta,2026-03-01,17,8.8,Summarization
AI_USR189,Org-Delta-Team3,Org-Delta,2026-03-02,13,7.8,Documentation
AI_USR189,Org-Delta-Team3,Org-Delta,2026-03-03,9,8.5,Documentation
AI_USR189,Org-Delta-Team3,Org-Delta,2026-03-04,4,8.6,Data Query
AI_USR189,Org-Delta-Team3,Org-Delta,2026-03-06,16,8.4,Planning
AI_USR189,Org-Delta-Team3,Org-Delta,2026-03-07,3,7.4,Debugging
AI_USR189,Org-Delta-Team3,Org-Delta,2026-03-08,10,8.5,Planning
AI_USR189,Org-Delta-Team3,Org-Delta,2026-03-09,18,8.3,Debugging
AI_USR189,Org-Delta-Team3,Org-Delta,2026-03-10,18,8.3,Code Generation
AI_USR189,Org-Delta-Team3,Org-Delta,2026-03-15,18,7.0,Documentation
AI_USR189,Org-Delta-Team3,Org-Delta,2026-03-16,12,7.5,Code Generation
AI_USR189,Org-Delta-Team3,Org-Delta,2026-03-17,11,7.4,Documentation
AI_USR189,Org-Delta-Team3,Org-Delta,2026-03-18,19,7.5,Planning
AI_USR189,Org-Delta-Team3,Org-Delta,2026-03-20,13,7.4,Summarization
AI_USR189,Org-Delta-Team3,Org-Delta,2026-03-22,9,8.0,Data Query
AI_USR189,Org-Delta-Team3,Org-Delta,2026-03-24,5,8.3,Summarization
AI_USR189,Org-Delta-Team3,Org-Delta,2026-03-25,16,7.3,Debugging
AI_USR189,Org-Delta-Team3,Org-Delta,2026-03-27,15,7.4,Planning
AI_USR189,Org-Delta-Team3,Org-Delta,2026-03-29,6,7.5,Documentation
AI_USR189,Org-Delta-Team3,Org-Delta,2026-03-30,9,6.9,Documentation
AI_USR189,Org-Delta-Team3,Org-Delta,2026-03-31,20,8.3,Summarization
AI_USR190,Org-Gamma-Team1,Org-Gamma,2026-01-01,12,3.8,Code Generation
AI_USR190,Org-Gamma-Team1,Org-Gamma,2026-01-02,17,3.7,Code Generation
AI_USR190,Org-Gamma-Team1,Org-Gamma,2026-01-06,7,4.8,Data Query
AI_USR190,Org-Gamma-Team1,Org-Gamma,2026-01-07,7,4.9,Debugging
AI_USR190,Org-Gamma-Team1,Org-Gamma,2026-01-09,15,4.4,Planning
AI_USR190,Org-Gamma-Team1,Org-Gamma,2026-01-10,6,4.4,Documentation
AI_USR190,Org-Gamma-Team1,Org-Gamma,2026-01-11,3,4.6,Summarization
AI_USR190,Org-Gamma-Team1,Org-Gamma,2026-01-12,5,4.2,Planning
AI_USR190,Org-Gamma-Team1,Org-Gamma,2026-01-13,19,4.1,Documentation
AI_USR190,Org-Gamma-Team1,Org-Gamma,2026-01-14,2,4.3,Debugging
AI_USR190,Org-Gamma-Team1,Org-Gamma,2026-01-16,16,5.6,Debugging
AI_USR190,Org-Gamma-Team1,Org-Gamma,2026-01-17,1,5.4,Data Query
AI_USR190,Org-Gamma-Team1,Org-Gamma,2026-01-18,8,6.0,Summarization
AI_USR190,Org-Gamma-Team1,Org-Gamma,2026-01-19,15,5.2,Debugging
AI_USR190,Org-Gamma-Team1,Org-Gamma,2026-01-20,19,5.7,Debugging
AI_USR190,Org-Gamma-Team1,Org-Gamma,2026-01-23,1,5.0,Documentation
AI_USR190,Org-Gamma-Team1,Org-Gamma,2026-01-24,5,4.8,Planning
AI_USR190,Org-Gamma-Team1,Org-Gamma,2026-01-26,20,5.3,Data Query
AI_USR190,Org-Gamma-Team1,Org-Gamma,2026-01-27,13,5.0,Code Generation
AI_USR190,Org-Gamma-Team1,Org-Gamma,2026-01-28,8,6.3,Planning
AI_USR190,Org-Gamma-Team1,Org-Gamma,2026-01-29,3,6.0,Documentation
AI_USR190,Org-Gamma-Team1,Org-Gamma,2026-01-30,7,6.0,Summarization
AI_USR190,Org-Gamma-Team1,Org-Gamma,2026-02-01,16,6.4,Code Generation
AI_USR190,Org-Gamma-Team1,Org-Gamma,2026-02-02,17,5.8,Summarization
AI_USR190,Org-Gamma-Team1,Org-Gamma,2026-02-05,2,5.1,Documentation
AI_USR190,Org-Gamma-Team1,Org-Gamma,2026-02-07,3,6.4,Debugging
AI_USR190,Org-Gamma-Team1,Org-Gamma,2026-02-08,4,5.4,Documentation
AI_USR190,Org-Gamma-Team1,Org-Gamma,2026-02-09,16,6.6,Data Query
AI_USR190,Org-Gamma-Team1,Org-Gamma,2026-02-10,13,5.0,Code Generation
AI_USR190,Org-Gamma-Team1,Org-Gamma,2026-02-12,5,5.6,Data Query
AI_USR190,Org-Gamma-Team1,Org-Gamma,2026-02-13,12,5.9,Summarization
AI_USR190,Org-Gamma-Team1,Org-Gamma,2026-02-16,17,6.0,Summarization
AI_USR190,Org-Gamma-Team1,Org-Gamma,2026-02-17,20,6.7,Code Generation
AI_USR190,Org-Gamma-Team1,Org-Gamma,2026-02-19,3,6.7,Documentation
AI_USR190,Org-Gamma-Team1,Org-Gamma,2026-02-20,3,6.0,Planning
AI_USR190,Org-Gamma-Team1,Org-Gamma,2026-02-22,16,5.6,Planning
AI_USR190,Org-Gamma-Team1,Org-Gamma,2026-02-23,20,6.1,Planning
AI_USR190,Org-Gamma-Team1,Org-Gamma,2026-02-26,10,6.6,Planning
AI_USR190,Org-Gamma-Team1,Org-Gamma,2026-02-27,5,5.4,Debugging
AI_USR190,Org-Gamma-Team1,Org-Gamma,2026-02-28,9,6.0,Code Generation
AI_USR190,Org-Gamma-Team1,Org-Gamma,2026-03-02,8,7.3,Documentation
AI_USR190,Org-Gamma-Team1,Org-Gamma,2026-03-03,5,5.8,Documentation
AI_USR190,Org-Gamma-Team1,Org-Gamma,2026-03-05,13,6.1,Debugging
AI_USR190,Org-Gamma-Team1,Org-Gamma,2026-03-06,19,7.1,Summarization
AI_USR190,Org-Gamma-Team1,Org-Gamma,2026-03-07,5,7.1,Code Generation
AI_USR190,Org-Gamma-Team1,Org-Gamma,2026-03-08,17,7.0,Documentation
AI_USR190,Org-Gamma-Team1,Org-Gamma,2026-03-09,3,6.5,Data Query
AI_USR190,Org-Gamma-Team1,Org-Gamma,2026-03-11,1,6.0,Data Query
AI_USR190,Org-Gamma-Team1,Org-Gamma,2026-03-12,19,7.8,Planning
AI_USR190,Org-Gamma-Team1,Org-Gamma,2026-03-14,8,7.7,Code Generation
AI_USR190,Org-Gamma-Team1,Org-Gamma,2026-03-16,16,7.2,Documentation
AI_USR190,Org-Gamma-Team1,Org-Gamma,2026-03-17,13,6.5,Data Query
AI_USR190,Org-Gamma-Team1,Org-Gamma,2026-03-21,4,7.6,Documentation
AI_USR190,Org-Gamma-Team1,Org-Gamma,2026-03-22,19,7.3,Debugging
AI_USR190,Org-Gamma-Team1,Org-Gamma,2026-03-26,18,8.1,Documentation
AI_USR190,Org-Gamma-Team1,Org-Gamma,2026-03-27,14,7.1,Summarization
AI_USR190,Org-Gamma-Team1,Org-Gamma,2026-03-28,4,8.2,Debugging
AI_USR190,Org-Gamma-Team1,Org-Gamma,2026-03-29,15,7.0,Planning
AI_USR191,Org-Gamma-Team3,Org-Gamma,2026-01-03,14,6.5,Debugging
AI_USR191,Org-Gamma-Team3,Org-Gamma,2026-01-04,7,4.7,Debugging
AI_USR191,Org-Gamma-Team3,Org-Gamma,2026-01-05,11,6.4,Debugging
AI_USR191,Org-Gamma-Team3,Org-Gamma,2026-01-08,1,4.9,Documentation
AI_USR191,Org-Gamma-Team3,Org-Gamma,2026-01-12,6,5.2,Code Generation
AI_USR191,Org-Gamma-Team3,Org-Gamma,2026-01-13,20,5.8,Summarization
AI_USR191,Org-Gamma-Team3,Org-Gamma,2026-01-16,19,6.2,Planning
AI_USR191,Org-Gamma-Team3,Org-Gamma,2026-01-17,2,6.3,Summarization
AI_USR191,Org-Gamma-Team3,Org-Gamma,2026-01-19,9,5.8,Documentation
AI_USR191,Org-Gamma-Team3,Org-Gamma,2026-01-20,2,5.9,Documentation
AI_USR191,Org-Gamma-Team3,Org-Gamma,2026-01-21,1,7.0,Code Generation
AI_USR191,Org-Gamma-Team3,Org-Gamma,2026-01-23,19,6.6,Summarization
AI_USR191,Org-Gamma-Team3,Org-Gamma,2026-01-24,18,5.8,Planning
AI_USR191,Org-Gamma-Team3,Org-Gamma,2026-01-25,7,6.2,Data Query
AI_USR191,Org-Gamma-Team3,Org-Gamma,2026-01-26,8,6.3,Data Query
AI_USR191,Org-Gamma-Team3,Org-Gamma,2026-01-28,1,6.0,Documentation
AI_USR191,Org-Gamma-Team3,Org-Gamma,2026-01-29,18,5.5,Planning
AI_USR191,Org-Gamma-Team3,Org-Gamma,2026-01-31,9,5.4,Summarization
AI_USR191,Org-Gamma-Team3,Org-Gamma,2026-02-01,17,5.4,Documentation
AI_USR191,Org-Gamma-Team3,Org-Gamma,2026-02-02,17,5.7,Summarization
AI_USR191,Org-Gamma-Team3,Org-Gamma,2026-02-03,7,6.2,Code Generation
AI_USR191,Org-Gamma-Team3,Org-Gamma,2026-02-06,16,7.1,Summarization
AI_USR191,Org-Gamma-Team3,Org-Gamma,2026-02-08,10,7.4,Debugging
AI_USR191,Org-Gamma-Team3,Org-Gamma,2026-02-12,9,6.1,Data Query
AI_USR191,Org-Gamma-Team3,Org-Gamma,2026-02-14,6,5.9,Code Generation
AI_USR191,Org-Gamma-Team3,Org-Gamma,2026-02-15,4,6.9,Data Query
AI_USR191,Org-Gamma-Team3,Org-Gamma,2026-02-16,12,5.8,Planning
AI_USR191,Org-Gamma-Team3,Org-Gamma,2026-02-20,6,6.3,Planning
AI_USR191,Org-Gamma-Team3,Org-Gamma,2026-02-21,14,7.0,Code Generation
AI_USR191,Org-Gamma-Team3,Org-Gamma,2026-02-22,4,6.1,Debugging
AI_USR191,Org-Gamma-Team3,Org-Gamma,2026-02-23,2,7.7,Data Query
AI_USR191,Org-Gamma-Team3,Org-Gamma,2026-02-24,20,7.4,Summarization
AI_USR191,Org-Gamma-Team3,Org-Gamma,2026-02-25,13,6.1,Debugging
AI_USR191,Org-Gamma-Team3,Org-Gamma,2026-02-26,14,6.4,Data Query
AI_USR191,Org-Gamma-Team3,Org-Gamma,2026-02-27,19,7.9,Planning
AI_USR191,Org-Gamma-Team3,Org-Gamma,2026-02-28,4,6.4,Documentation
AI_USR191,Org-Gamma-Team3,Org-Gamma,2026-03-01,8,6.5,Code Generation
AI_USR191,Org-Gamma-Team3,Org-Gamma,2026-03-02,2,6.2,Data Query
AI_USR191,Org-Gamma-Team3,Org-Gamma,2026-03-03,12,7.3,Code Generation
AI_USR191,Org-Gamma-Team3,Org-Gamma,2026-03-06,8,7.3,Planning
AI_USR191,Org-Gamma-Team3,Org-Gamma,2026-03-07,2,7.6,Summarization
AI_USR191,Org-Gamma-Team3,Org-Gamma,2026-03-08,20,7.1,Debugging
AI_USR191,Org-Gamma-Team3,Org-Gamma,2026-03-09,11,7.3,Data Query
AI_USR191,Org-Gamma-Team3,Org-Gamma,2026-03-10,5,7.8,Debugging
AI_USR191,Org-Gamma-Team3,Org-Gamma,2026-03-13,3,8.2,Summarization
AI_USR191,Org-Gamma-Team3,Org-Gamma,2026-03-16,3,7.2,Documentation
AI_USR191,Org-Gamma-Team3,Org-Gamma,2026-03-17,2,7.8,Code Generation
AI_USR191,Org-Gamma-Team3,Org-Gamma,2026-03-19,18,6.9,Planning
AI_USR191,Org-Gamma-Team3,Org-Gamma,2026-03-20,4,7.4,Code Generation
AI_USR191,Org-Gamma-Team3,Org-Gamma,2026-03-21,16,7.3,Debugging
AI_USR191,Org-Gamma-Team3,Org-Gamma,2026-03-22,1,6.7,Code Generation
AI_USR191,Org-Gamma-Team3,Org-Gamma,2026-03-23,1,8.5,Documentation
AI_USR191,Org-Gamma-Team3,Org-Gamma,2026-03-24,17,7.3,Planning
AI_USR191,Org-Gamma-Team3,Org-Gamma,2026-03-25,9,8.0,Data Query
AI_USR191,Org-Gamma-Team3,Org-Gamma,2026-03-26,16,7.8,Debugging
AI_USR191,Org-Gamma-Team3,Org-Gamma,2026-03-27,11,7.2,Summarization
AI_USR191,Org-Gamma-Team3,Org-Gamma,2026-03-28,17,7.2,Debugging
AI_USR191,Org-Gamma-Team3,Org-Gamma,2026-03-29,16,7.6,Planning
AI_USR191,Org-Gamma-Team3,Org-Gamma,2026-03-30,8,8.2,Documentation
AI_USR191,Org-Gamma-Team3,Org-Gamma,2026-03-31,5,8.4,Code Generation
AI_USR192,Org-Alpha-Team1,Org-Alpha,2026-01-01,2,4.9,Debugging
AI_USR192,Org-Alpha-Team1,Org-Alpha,2026-01-02,14,5.2,Documentation
AI_USR192,Org-Alpha-Team1,Org-Alpha,2026-01-03,18,4.6,Summarization
AI_USR192,Org-Alpha-Team1,Org-Alpha,2026-01-05,17,4.4,Code Generation
AI_USR192,Org-Alpha-Team1,Org-Alpha,2026-01-06,9,3.8,Planning
AI_USR192,Org-Alpha-Team1,Org-Alpha,2026-01-07,14,5.2,Summarization
AI_USR192,Org-Alpha-Team1,Org-Alpha,2026-01-08,4,3.6,Data Query
AI_USR192,Org-Alpha-Team1,Org-Alpha,2026-01-12,5,4.9,Documentation
AI_USR192,Org-Alpha-Team1,Org-Alpha,2026-01-13,7,5.1,Planning
AI_USR192,Org-Alpha-Team1,Org-Alpha,2026-01-14,11,4.1,Planning
AI_USR192,Org-Alpha-Team1,Org-Alpha,2026-01-18,12,5.7,Code Generation
AI_USR192,Org-Alpha-Team1,Org-Alpha,2026-01-21,5,5.6,Data Query
AI_USR192,Org-Alpha-Team1,Org-Alpha,2026-01-23,10,4.5,Documentation
AI_USR192,Org-Alpha-Team1,Org-Alpha,2026-01-24,18,5.5,Code Generation
AI_USR192,Org-Alpha-Team1,Org-Alpha,2026-01-25,19,4.2,Data Query
AI_USR192,Org-Alpha-Team1,Org-Alpha,2026-01-26,1,5.8,Code Generation
AI_USR192,Org-Alpha-Team1,Org-Alpha,2026-01-27,2,4.1,Planning
AI_USR192,Org-Alpha-Team1,Org-Alpha,2026-01-28,16,4.5,Code Generation
AI_USR192,Org-Alpha-Team1,Org-Alpha,2026-01-29,3,4.2,Code Generation
AI_USR192,Org-Alpha-Team1,Org-Alpha,2026-01-31,8,5.7,Summarization
AI_USR192,Org-Alpha-Team1,Org-Alpha,2026-02-01,16,4.6,Planning
AI_USR192,Org-Alpha-Team1,Org-Alpha,2026-02-02,20,5.0,Data Query
AI_USR192,Org-Alpha-Team1,Org-Alpha,2026-02-03,11,6.1,Summarization
AI_USR192,Org-Alpha-Team1,Org-Alpha,2026-02-05,2,4.7,Documentation
AI_USR192,Org-Alpha-Team1,Org-Alpha,2026-02-06,9,5.3,Code Generation
AI_USR192,Org-Alpha-Team1,Org-Alpha,2026-02-08,20,4.3,Planning
AI_USR192,Org-Alpha-Team1,Org-Alpha,2026-02-09,12,5.8,Data Query
AI_USR192,Org-Alpha-Team1,Org-Alpha,2026-02-11,8,4.8,Summarization
AI_USR192,Org-Alpha-Team1,Org-Alpha,2026-02-13,1,6.2,Data Query
AI_USR192,Org-Alpha-Team1,Org-Alpha,2026-02-14,18,5.0,Data Query
AI_USR192,Org-Alpha-Team1,Org-Alpha,2026-02-15,1,5.3,Planning
AI_USR192,Org-Alpha-Team1,Org-Alpha,2026-02-17,9,4.7,Code Generation
AI_USR192,Org-Alpha-Team1,Org-Alpha,2026-02-18,9,5.0,Code Generation
AI_USR192,Org-Alpha-Team1,Org-Alpha,2026-02-21,8,6.1,Summarization
AI_USR192,Org-Alpha-Team1,Org-Alpha,2026-02-23,15,6.2,Planning
AI_USR192,Org-Alpha-Team1,Org-Alpha,2026-02-25,3,5.6,Data Query
AI_USR192,Org-Alpha-Team1,Org-Alpha,2026-02-27,9,6.4,Documentation
AI_USR192,Org-Alpha-Team1,Org-Alpha,2026-03-01,3,4.8,Debugging
AI_USR192,Org-Alpha-Team1,Org-Alpha,2026-03-02,11,6.3,Debugging
AI_USR192,Org-Alpha-Team1,Org-Alpha,2026-03-03,6,5.7,Summarization
AI_USR192,Org-Alpha-Team1,Org-Alpha,2026-03-04,13,5.4,Data Query
AI_USR192,Org-Alpha-Team1,Org-Alpha,2026-03-05,20,6.5,Code Generation
AI_USR192,Org-Alpha-Team1,Org-Alpha,2026-03-06,8,5.6,Planning
AI_USR192,Org-Alpha-Team1,Org-Alpha,2026-03-07,16,5.4,Documentation
AI_USR192,Org-Alpha-Team1,Org-Alpha,2026-03-08,13,6.0,Documentation
AI_USR192,Org-Alpha-Team1,Org-Alpha,2026-03-09,11,6.1,Code Generation
AI_USR192,Org-Alpha-Team1,Org-Alpha,2026-03-11,18,6.2,Debugging
AI_USR192,Org-Alpha-Team1,Org-Alpha,2026-03-12,2,6.6,Summarization
AI_USR192,Org-Alpha-Team1,Org-Alpha,2026-03-13,4,5.9,Planning
AI_USR192,Org-Alpha-Team1,Org-Alpha,2026-03-14,13,6.9,Data Query
AI_USR192,Org-Alpha-Team1,Org-Alpha,2026-03-15,6,6.6,Data Query
AI_USR192,Org-Alpha-Team1,Org-Alpha,2026-03-17,4,6.6,Planning
AI_USR192,Org-Alpha-Team1,Org-Alpha,2026-03-18,7,6.6,Data Query
AI_USR192,Org-Alpha-Team1,Org-Alpha,2026-03-19,11,5.8,Debugging
AI_USR192,Org-Alpha-Team1,Org-Alpha,2026-03-21,11,5.7,Data Query
AI_USR192,Org-Alpha-Team1,Org-Alpha,2026-03-22,5,5.7,Summarization
AI_USR192,Org-Alpha-Team1,Org-Alpha,2026-03-23,12,6.2,Code Generation
AI_USR192,Org-Alpha-Team1,Org-Alpha,2026-03-24,8,6.8,Code Generation
AI_USR192,Org-Alpha-Team1,Org-Alpha,2026-03-26,9,7.1,Planning
AI_USR192,Org-Alpha-Team1,Org-Alpha,2026-03-27,5,6.3,Summarization
AI_USR192,Org-Alpha-Team1,Org-Alpha,2026-03-28,19,7.1,Data Query
AI_USR192,Org-Alpha-Team1,Org-Alpha,2026-03-31,5,6.9,Documentation
AI_USR193,Org-Alpha-Team1,Org-Alpha,2026-01-01,11,3.6,Debugging
AI_USR193,Org-Alpha-Team1,Org-Alpha,2026-01-02,8,2.0,Data Query
AI_USR193,Org-Alpha-Team1,Org-Alpha,2026-01-03,7,2.3,Data Query
AI_USR193,Org-Alpha-Team1,Org-Alpha,2026-01-04,11,2.9,Code Generation
AI_USR193,Org-Alpha-Team1,Org-Alpha,2026-01-05,17,2.5,Documentation
AI_USR193,Org-Alpha-Team1,Org-Alpha,2026-01-07,5,2.8,Code Generation
AI_USR193,Org-Alpha-Team1,Org-Alpha,2026-01-09,8,3.2,Data Query
AI_USR193,Org-Alpha-Team1,Org-Alpha,2026-01-10,14,2.1,Documentation
AI_USR193,Org-Alpha-Team1,Org-Alpha,2026-01-12,8,2.2,Documentation
AI_USR193,Org-Alpha-Team1,Org-Alpha,2026-01-13,15,2.8,Data Query
AI_USR193,Org-Alpha-Team1,Org-Alpha,2026-01-14,5,2.5,Data Query
AI_USR193,Org-Alpha-Team1,Org-Alpha,2026-01-15,1,3.3,Debugging
AI_USR193,Org-Alpha-Team1,Org-Alpha,2026-01-16,4,3.7,Code Generation
AI_USR193,Org-Alpha-Team1,Org-Alpha,2026-01-18,19,2.7,Documentation
AI_USR193,Org-Alpha-Team1,Org-Alpha,2026-01-19,12,2.7,Summarization
AI_USR193,Org-Alpha-Team1,Org-Alpha,2026-01-20,19,3.9,Debugging
AI_USR193,Org-Alpha-Team1,Org-Alpha,2026-01-21,14,3.5,Documentation
AI_USR193,Org-Alpha-Team1,Org-Alpha,2026-01-22,8,3.1,Code Generation
AI_USR193,Org-Alpha-Team1,Org-Alpha,2026-01-23,1,2.5,Planning
AI_USR193,Org-Alpha-Team1,Org-Alpha,2026-01-26,7,2.9,Summarization
AI_USR193,Org-Alpha-Team1,Org-Alpha,2026-01-27,5,3.9,Debugging
AI_USR193,Org-Alpha-Team1,Org-Alpha,2026-01-28,12,3.5,Debugging
AI_USR193,Org-Alpha-Team1,Org-Alpha,2026-01-30,7,3.8,Documentation
AI_USR193,Org-Alpha-Team1,Org-Alpha,2026-01-31,1,2.8,Data Query
AI_USR193,Org-Alpha-Team1,Org-Alpha,2026-02-01,18,3.6,Planning
AI_USR193,Org-Alpha-Team1,Org-Alpha,2026-02-03,6,4.0,Code Generation
AI_USR193,Org-Alpha-Team1,Org-Alpha,2026-02-07,2,3.5,Data Query
AI_USR193,Org-Alpha-Team1,Org-Alpha,2026-02-08,1,2.8,Documentation
AI_USR193,Org-Alpha-Team1,Org-Alpha,2026-02-11,19,3.5,Planning
AI_USR193,Org-Alpha-Team1,Org-Alpha,2026-02-13,10,3.2,Documentation
AI_USR193,Org-Alpha-Team1,Org-Alpha,2026-02-14,8,4.5,Summarization
AI_USR193,Org-Alpha-Team1,Org-Alpha,2026-02-15,11,4.5,Code Generation
AI_USR193,Org-Alpha-Team1,Org-Alpha,2026-02-16,20,4.6,Debugging
AI_USR193,Org-Alpha-Team1,Org-Alpha,2026-02-19,10,3.1,Data Query
AI_USR193,Org-Alpha-Team1,Org-Alpha,2026-02-20,5,3.7,Documentation
AI_USR193,Org-Alpha-Team1,Org-Alpha,2026-02-21,18,3.0,Debugging
AI_USR193,Org-Alpha-Team1,Org-Alpha,2026-02-22,3,3.3,Summarization
AI_USR193,Org-Alpha-Team1,Org-Alpha,2026-02-23,20,4.0,Code Generation
AI_USR193,Org-Alpha-Team1,Org-Alpha,2026-02-25,12,2.8,Code Generation
AI_USR193,Org-Alpha-Team1,Org-Alpha,2026-02-26,16,2.8,Data Query
AI_USR193,Org-Alpha-Team1,Org-Alpha,2026-02-27,9,3.2,Documentation
AI_USR193,Org-Alpha-Team1,Org-Alpha,2026-03-01,13,3.3,Documentation
AI_USR193,Org-Alpha-Team1,Org-Alpha,2026-03-02,11,3.9,Planning
AI_USR193,Org-Alpha-Team1,Org-Alpha,2026-03-03,11,3.3,Data Query
AI_USR193,Org-Alpha-Team1,Org-Alpha,2026-03-04,8,3.4,Code Generation
AI_USR193,Org-Alpha-Team1,Org-Alpha,2026-03-07,3,4.1,Documentation
AI_USR193,Org-Alpha-Team1,Org-Alpha,2026-03-08,16,3.6,Data Query
AI_USR193,Org-Alpha-Team1,Org-Alpha,2026-03-09,13,4.0,Debugging
AI_USR193,Org-Alpha-Team1,Org-Alpha,2026-03-10,4,4.2,Planning
AI_USR193,Org-Alpha-Team1,Org-Alpha,2026-03-11,10,4.8,Documentation
AI_USR193,Org-Alpha-Team1,Org-Alpha,2026-03-12,19,3.5,Data Query
AI_USR193,Org-Alpha-Team1,Org-Alpha,2026-03-13,17,3.3,Summarization
AI_USR193,Org-Alpha-Team1,Org-Alpha,2026-03-14,11,4.6,Planning
AI_USR193,Org-Alpha-Team1,Org-Alpha,2026-03-16,1,3.4,Documentation
AI_USR193,Org-Alpha-Team1,Org-Alpha,2026-03-17,15,4.0,Data Query
AI_USR193,Org-Alpha-Team1,Org-Alpha,2026-03-18,19,4.2,Summarization
AI_USR193,Org-Alpha-Team1,Org-Alpha,2026-03-19,4,3.1,Code Generation
AI_USR193,Org-Alpha-Team1,Org-Alpha,2026-03-20,15,4.7,Data Query
AI_USR193,Org-Alpha-Team1,Org-Alpha,2026-03-22,16,4.9,Summarization
AI_USR193,Org-Alpha-Team1,Org-Alpha,2026-03-23,1,3.2,Planning
AI_USR193,Org-Alpha-Team1,Org-Alpha,2026-03-24,20,3.3,Summarization
AI_USR193,Org-Alpha-Team1,Org-Alpha,2026-03-25,19,4.7,Planning
AI_USR193,Org-Alpha-Team1,Org-Alpha,2026-03-28,4,3.6,Summarization
AI_USR193,Org-Alpha-Team1,Org-Alpha,2026-03-29,16,3.6,Summarization
AI_USR193,Org-Alpha-Team1,Org-Alpha,2026-03-30,19,4.5,Documentation
AI_USR194,Org-Epsilon-Team4,Org-Epsilon,2026-01-01,19,7.5,Documentation
AI_USR194,Org-Epsilon-Team4,Org-Epsilon,2026-01-04,16,8.1,Code Generation
AI_USR194,Org-Epsilon-Team4,Org-Epsilon,2026-01-06,3,8.0,Summarization
AI_USR194,Org-Epsilon-Team4,Org-Epsilon,2026-01-10,13,6.8,Documentation
AI_USR194,Org-Epsilon-Team4,Org-Epsilon,2026-01-11,20,7.6,Debugging
AI_USR194,Org-Epsilon-Team4,Org-Epsilon,2026-01-12,10,8.1,Documentation
AI_USR194,Org-Epsilon-Team4,Org-Epsilon,2026-01-13,8,7.2,Planning
AI_USR194,Org-Epsilon-Team4,Org-Epsilon,2026-01-15,2,8.1,Debugging
AI_USR194,Org-Epsilon-Team4,Org-Epsilon,2026-01-16,16,7.2,Code Generation
AI_USR194,Org-Epsilon-Team4,Org-Epsilon,2026-01-17,6,6.8,Planning
AI_USR194,Org-Epsilon-Team4,Org-Epsilon,2026-01-18,14,7.1,Summarization
AI_USR194,Org-Epsilon-Team4,Org-Epsilon,2026-01-19,6,6.8,Summarization
AI_USR194,Org-Epsilon-Team4,Org-Epsilon,2026-01-20,3,7.5,Data Query
AI_USR194,Org-Epsilon-Team4,Org-Epsilon,2026-01-21,20,7.3,Debugging
AI_USR194,Org-Epsilon-Team4,Org-Epsilon,2026-01-27,11,7.1,Code Generation
AI_USR194,Org-Epsilon-Team4,Org-Epsilon,2026-01-28,8,6.8,Summarization
AI_USR194,Org-Epsilon-Team4,Org-Epsilon,2026-01-29,8,7.9,Code Generation
AI_USR194,Org-Epsilon-Team4,Org-Epsilon,2026-01-31,9,7.8,Documentation
AI_USR194,Org-Epsilon-Team4,Org-Epsilon,2026-02-05,1,7.5,Code Generation
AI_USR194,Org-Epsilon-Team4,Org-Epsilon,2026-02-08,10,6.9,Summarization
AI_USR194,Org-Epsilon-Team4,Org-Epsilon,2026-02-10,19,6.8,Data Query
AI_USR194,Org-Epsilon-Team4,Org-Epsilon,2026-02-11,20,6.7,Summarization
AI_USR194,Org-Epsilon-Team4,Org-Epsilon,2026-02-13,15,7.0,Summarization
AI_USR194,Org-Epsilon-Team4,Org-Epsilon,2026-02-16,20,6.4,Planning
AI_USR194,Org-Epsilon-Team4,Org-Epsilon,2026-02-18,4,6.6,Summarization
AI_USR194,Org-Epsilon-Team4,Org-Epsilon,2026-02-21,10,7.9,Code Generation
AI_USR194,Org-Epsilon-Team4,Org-Epsilon,2026-02-22,14,8.4,Documentation
AI_USR194,Org-Epsilon-Team4,Org-Epsilon,2026-02-24,9,7.9,Documentation
AI_USR194,Org-Epsilon-Team4,Org-Epsilon,2026-02-25,14,7.5,Documentation
AI_USR194,Org-Epsilon-Team4,Org-Epsilon,2026-02-26,11,8.5,Debugging
AI_USR194,Org-Epsilon-Team4,Org-Epsilon,2026-02-27,6,7.2,Debugging
AI_USR194,Org-Epsilon-Team4,Org-Epsilon,2026-02-28,13,6.9,Code Generation
AI_USR194,Org-Epsilon-Team4,Org-Epsilon,2026-03-01,19,7.4,Planning
AI_USR194,Org-Epsilon-Team4,Org-Epsilon,2026-03-04,2,7.0,Data Query
AI_USR194,Org-Epsilon-Team4,Org-Epsilon,2026-03-07,2,7.3,Documentation
AI_USR194,Org-Epsilon-Team4,Org-Epsilon,2026-03-08,17,7.2,Planning
AI_USR194,Org-Epsilon-Team4,Org-Epsilon,2026-03-10,3,8.0,Summarization
AI_USR194,Org-Epsilon-Team4,Org-Epsilon,2026-03-11,17,7.0,Data Query
AI_USR194,Org-Epsilon-Team4,Org-Epsilon,2026-03-13,18,7.9,Summarization
AI_USR194,Org-Epsilon-Team4,Org-Epsilon,2026-03-16,10,8.2,Code Generation
AI_USR194,Org-Epsilon-Team4,Org-Epsilon,2026-03-17,6,8.5,Summarization
AI_USR194,Org-Epsilon-Team4,Org-Epsilon,2026-03-18,7,7.0,Debugging
AI_USR194,Org-Epsilon-Team4,Org-Epsilon,2026-03-20,19,6.7,Debugging
AI_USR194,Org-Epsilon-Team4,Org-Epsilon,2026-03-22,3,8.4,Planning
AI_USR194,Org-Epsilon-Team4,Org-Epsilon,2026-03-24,11,8.2,Code Generation
AI_USR194,Org-Epsilon-Team4,Org-Epsilon,2026-03-28,17,8.1,Documentation
AI_USR194,Org-Epsilon-Team4,Org-Epsilon,2026-03-29,19,6.6,Data Query
AI_USR194,Org-Epsilon-Team4,Org-Epsilon,2026-03-30,14,7.7,Documentation
AI_USR195,Org-Delta-Team4,Org-Delta,2026-01-03,13,4.0,Data Query
AI_USR195,Org-Delta-Team4,Org-Delta,2026-01-04,4,2.9,Code Generation
AI_USR195,Org-Delta-Team4,Org-Delta,2026-01-06,6,4.6,Debugging
AI_USR195,Org-Delta-Team4,Org-Delta,2026-01-07,7,3.5,Debugging
AI_USR195,Org-Delta-Team4,Org-Delta,2026-01-08,15,3.8,Planning
AI_USR195,Org-Delta-Team4,Org-Delta,2026-01-09,19,3.9,Debugging
AI_USR195,Org-Delta-Team4,Org-Delta,2026-01-10,17,3.8,Planning
AI_USR195,Org-Delta-Team4,Org-Delta,2026-01-11,2,5.0,Planning
AI_USR195,Org-Delta-Team4,Org-Delta,2026-01-12,4,4.1,Documentation
AI_USR195,Org-Delta-Team4,Org-Delta,2026-01-13,2,5.0,Debugging
AI_USR195,Org-Delta-Team4,Org-Delta,2026-01-14,18,3.4,Documentation
AI_USR195,Org-Delta-Team4,Org-Delta,2026-01-15,11,4.4,Data Query
AI_USR195,Org-Delta-Team4,Org-Delta,2026-01-16,10,5.1,Code Generation
AI_USR195,Org-Delta-Team4,Org-Delta,2026-01-17,16,4.4,Code Generation
AI_USR195,Org-Delta-Team4,Org-Delta,2026-01-18,17,3.8,Summarization
AI_USR195,Org-Delta-Team4,Org-Delta,2026-01-19,4,3.9,Summarization
AI_USR195,Org-Delta-Team4,Org-Delta,2026-01-20,19,4.9,Code Generation
AI_USR195,Org-Delta-Team4,Org-Delta,2026-01-21,11,3.5,Debugging
AI_USR195,Org-Delta-Team4,Org-Delta,2026-01-22,11,3.6,Summarization
AI_USR195,Org-Delta-Team4,Org-Delta,2026-01-23,18,3.6,Documentation
AI_USR195,Org-Delta-Team4,Org-Delta,2026-01-24,11,4.2,Code Generation
AI_USR195,Org-Delta-Team4,Org-Delta,2026-01-25,2,4.8,Documentation
AI_USR195,Org-Delta-Team4,Org-Delta,2026-01-26,19,5.3,Documentation
AI_USR195,Org-Delta-Team4,Org-Delta,2026-01-27,13,4.2,Debugging
AI_USR195,Org-Delta-Team4,Org-Delta,2026-01-28,16,5.4,Data Query
AI_USR195,Org-Delta-Team4,Org-Delta,2026-01-29,10,4.4,Code Generation
AI_USR195,Org-Delta-Team4,Org-Delta,2026-01-31,13,4.3,Code Generation
AI_USR195,Org-Delta-Team4,Org-Delta,2026-02-02,3,5.8,Documentation
AI_USR195,Org-Delta-Team4,Org-Delta,2026-02-03,3,4.4,Data Query
AI_USR195,Org-Delta-Team4,Org-Delta,2026-02-04,8,4.2,Planning
AI_USR195,Org-Delta-Team4,Org-Delta,2026-02-05,7,4.8,Documentation
AI_USR195,Org-Delta-Team4,Org-Delta,2026-02-08,17,6.1,Documentation
AI_USR195,Org-Delta-Team4,Org-Delta,2026-02-10,3,4.8,Planning
AI_USR195,Org-Delta-Team4,Org-Delta,2026-02-13,16,5.3,Code Generation
AI_USR195,Org-Delta-Team4,Org-Delta,2026-02-14,19,4.7,Data Query
AI_USR195,Org-Delta-Team4,Org-Delta,2026-02-16,3,6.1,Data Query
AI_USR195,Org-Delta-Team4,Org-Delta,2026-02-17,10,6.4,Data Query
AI_USR195,Org-Delta-Team4,Org-Delta,2026-02-18,14,5.1,Documentation
AI_USR195,Org-Delta-Team4,Org-Delta,2026-02-20,20,4.5,Planning
AI_USR195,Org-Delta-Team4,Org-Delta,2026-02-21,15,6.5,Debugging
AI_USR195,Org-Delta-Team4,Org-Delta,2026-02-22,16,5.9,Documentation
AI_USR195,Org-Delta-Team4,Org-Delta,2026-02-23,6,5.9,Debugging
AI_USR195,Org-Delta-Team4,Org-Delta,2026-02-24,19,4.8,Code Generation
AI_USR195,Org-Delta-Team4,Org-Delta,2026-02-25,2,6.3,Summarization
AI_USR195,Org-Delta-Team4,Org-Delta,2026-02-26,12,5.8,Documentation
AI_USR195,Org-Delta-Team4,Org-Delta,2026-02-27,3,6.2,Documentation
AI_USR195,Org-Delta-Team4,Org-Delta,2026-03-01,5,5.8,Planning
AI_USR195,Org-Delta-Team4,Org-Delta,2026-03-03,10,6.0,Debugging
AI_USR195,Org-Delta-Team4,Org-Delta,2026-03-05,17,5.1,Code Generation
AI_USR195,Org-Delta-Team4,Org-Delta,2026-03-06,6,6.4,Documentation
AI_USR195,Org-Delta-Team4,Org-Delta,2026-03-08,3,5.4,Debugging
AI_USR195,Org-Delta-Team4,Org-Delta,2026-03-09,6,6.2,Debugging
AI_USR195,Org-Delta-Team4,Org-Delta,2026-03-12,20,5.3,Documentation
AI_USR195,Org-Delta-Team4,Org-Delta,2026-03-14,18,5.4,Summarization
AI_USR195,Org-Delta-Team4,Org-Delta,2026-03-15,18,5.9,Planning
AI_USR195,Org-Delta-Team4,Org-Delta,2026-03-16,7,7.0,Planning
AI_USR195,Org-Delta-Team4,Org-Delta,2026-03-17,3,6.2,Summarization
AI_USR195,Org-Delta-Team4,Org-Delta,2026-03-21,17,5.7,Code Generation
AI_USR195,Org-Delta-Team4,Org-Delta,2026-03-22,6,7.4,Planning
AI_USR195,Org-Delta-Team4,Org-Delta,2026-03-23,19,6.6,Planning
AI_USR195,Org-Delta-Team4,Org-Delta,2026-03-25,13,7.0,Documentation
AI_USR195,Org-Delta-Team4,Org-Delta,2026-03-26,11,6.7,Summarization
AI_USR195,Org-Delta-Team4,Org-Delta,2026-03-28,13,6.6,Code Generation
AI_USR195,Org-Delta-Team4,Org-Delta,2026-03-30,12,7.8,Data Query
AI_USR196,Org-Alpha-Team2,Org-Alpha,2026-01-01,3,2.8,Summarization
AI_USR196,Org-Alpha-Team2,Org-Alpha,2026-01-03,4,2.5,Summarization
AI_USR196,Org-Alpha-Team2,Org-Alpha,2026-01-06,16,3.5,Planning
AI_USR196,Org-Alpha-Team2,Org-Alpha,2026-01-07,10,2.5,Summarization
AI_USR196,Org-Alpha-Team2,Org-Alpha,2026-01-08,10,2.0,Data Query
AI_USR196,Org-Alpha-Team2,Org-Alpha,2026-01-09,14,3.3,Planning
AI_USR196,Org-Alpha-Team2,Org-Alpha,2026-01-13,8,3.5,Data Query
AI_USR196,Org-Alpha-Team2,Org-Alpha,2026-01-14,15,3.5,Summarization
AI_USR196,Org-Alpha-Team2,Org-Alpha,2026-01-15,13,3.5,Planning
AI_USR196,Org-Alpha-Team2,Org-Alpha,2026-01-16,3,3.0,Documentation
AI_USR196,Org-Alpha-Team2,Org-Alpha,2026-01-17,14,2.5,Documentation
AI_USR196,Org-Alpha-Team2,Org-Alpha,2026-01-20,16,2.7,Data Query
AI_USR196,Org-Alpha-Team2,Org-Alpha,2026-01-21,12,2.1,Data Query
AI_USR196,Org-Alpha-Team2,Org-Alpha,2026-01-23,13,2.7,Debugging
AI_USR196,Org-Alpha-Team2,Org-Alpha,2026-01-24,6,3.0,Debugging
AI_USR196,Org-Alpha-Team2,Org-Alpha,2026-01-27,20,4.1,Planning
AI_USR196,Org-Alpha-Team2,Org-Alpha,2026-01-28,19,2.3,Summarization
AI_USR196,Org-Alpha-Team2,Org-Alpha,2026-01-30,18,3.4,Planning
AI_USR196,Org-Alpha-Team2,Org-Alpha,2026-01-31,8,3.5,Summarization
AI_USR196,Org-Alpha-Team2,Org-Alpha,2026-02-01,14,3.6,Planning
AI_USR196,Org-Alpha-Team2,Org-Alpha,2026-02-03,15,2.6,Code Generation
AI_USR196,Org-Alpha-Team2,Org-Alpha,2026-02-07,15,3.7,Code Generation
AI_USR196,Org-Alpha-Team2,Org-Alpha,2026-02-08,3,2.5,Code Generation
AI_USR196,Org-Alpha-Team2,Org-Alpha,2026-02-09,11,3.7,Planning
AI_USR196,Org-Alpha-Team2,Org-Alpha,2026-02-10,3,4.0,Documentation
AI_USR196,Org-Alpha-Team2,Org-Alpha,2026-02-12,6,2.8,Summarization
AI_USR196,Org-Alpha-Team2,Org-Alpha,2026-02-13,5,2.7,Code Generation
AI_USR196,Org-Alpha-Team2,Org-Alpha,2026-02-14,17,3.2,Planning
AI_USR196,Org-Alpha-Team2,Org-Alpha,2026-02-15,12,3.0,Planning
AI_USR196,Org-Alpha-Team2,Org-Alpha,2026-02-16,16,4.4,Planning
AI_USR196,Org-Alpha-Team2,Org-Alpha,2026-02-17,19,3.9,Code Generation
AI_USR196,Org-Alpha-Team2,Org-Alpha,2026-02-18,12,4.4,Documentation
AI_USR196,Org-Alpha-Team2,Org-Alpha,2026-02-19,12,4.5,Documentation
AI_USR196,Org-Alpha-Team2,Org-Alpha,2026-02-21,18,3.3,Documentation
AI_USR196,Org-Alpha-Team2,Org-Alpha,2026-02-22,5,3.0,Data Query
AI_USR196,Org-Alpha-Team2,Org-Alpha,2026-02-23,6,4.1,Summarization
AI_USR196,Org-Alpha-Team2,Org-Alpha,2026-02-28,6,3.7,Planning
AI_USR196,Org-Alpha-Team2,Org-Alpha,2026-03-01,3,3.2,Data Query
AI_USR196,Org-Alpha-Team2,Org-Alpha,2026-03-02,2,4.6,Planning
AI_USR196,Org-Alpha-Team2,Org-Alpha,2026-03-03,1,3.1,Summarization
AI_USR196,Org-Alpha-Team2,Org-Alpha,2026-03-06,5,4.7,Data Query
AI_USR196,Org-Alpha-Team2,Org-Alpha,2026-03-07,11,4.9,Debugging
AI_USR196,Org-Alpha-Team2,Org-Alpha,2026-03-08,4,4.2,Code Generation
AI_USR196,Org-Alpha-Team2,Org-Alpha,2026-03-09,8,3.4,Debugging
AI_USR196,Org-Alpha-Team2,Org-Alpha,2026-03-10,15,5.0,Debugging
AI_USR196,Org-Alpha-Team2,Org-Alpha,2026-03-12,9,4.8,Debugging
AI_USR196,Org-Alpha-Team2,Org-Alpha,2026-03-13,5,4.9,Code Generation
AI_USR196,Org-Alpha-Team2,Org-Alpha,2026-03-14,15,4.3,Code Generation
AI_USR196,Org-Alpha-Team2,Org-Alpha,2026-03-18,9,4.3,Code Generation
AI_USR196,Org-Alpha-Team2,Org-Alpha,2026-03-19,16,3.8,Debugging
AI_USR196,Org-Alpha-Team2,Org-Alpha,2026-03-20,14,5.1,Data Query
AI_USR196,Org-Alpha-Team2,Org-Alpha,2026-03-23,7,3.8,Code Generation
AI_USR196,Org-Alpha-Team2,Org-Alpha,2026-03-24,20,3.9,Debugging
AI_USR196,Org-Alpha-Team2,Org-Alpha,2026-03-25,14,3.9,Planning
AI_USR196,Org-Alpha-Team2,Org-Alpha,2026-03-27,16,5.2,Data Query
AI_USR196,Org-Alpha-Team2,Org-Alpha,2026-03-28,14,3.6,Debugging
AI_USR196,Org-Alpha-Team2,Org-Alpha,2026-03-29,4,4.7,Data Query
AI_USR196,Org-Alpha-Team2,Org-Alpha,2026-03-30,3,4.9,Code Generation
AI_USR196,Org-Alpha-Team2,Org-Alpha,2026-03-31,14,5.1,Data Query
AI_USR197,Org-Delta-Team2,Org-Delta,2026-01-01,10,6.6,Documentation
AI_USR197,Org-Delta-Team2,Org-Delta,2026-01-02,16,5.8,Summarization
AI_USR197,Org-Delta-Team2,Org-Delta,2026-01-03,4,6.2,Code Generation
AI_USR197,Org-Delta-Team2,Org-Delta,2026-01-04,8,6.0,Data Query
AI_USR197,Org-Delta-Team2,Org-Delta,2026-01-05,1,6.0,Summarization
AI_USR197,Org-Delta-Team2,Org-Delta,2026-01-06,4,6.3,Code Generation
AI_USR197,Org-Delta-Team2,Org-Delta,2026-01-07,5,6.8,Documentation
AI_USR197,Org-Delta-Team2,Org-Delta,2026-01-10,3,6.3,Summarization
AI_USR197,Org-Delta-Team2,Org-Delta,2026-01-11,8,7.0,Data Query
AI_USR197,Org-Delta-Team2,Org-Delta,2026-01-12,19,6.1,Planning
AI_USR197,Org-Delta-Team2,Org-Delta,2026-01-16,19,6.4,Summarization
AI_USR197,Org-Delta-Team2,Org-Delta,2026-01-17,20,5.4,Summarization
AI_USR197,Org-Delta-Team2,Org-Delta,2026-01-19,17,6.8,Documentation
AI_USR197,Org-Delta-Team2,Org-Delta,2026-01-21,2,6.2,Debugging
AI_USR197,Org-Delta-Team2,Org-Delta,2026-01-23,13,5.9,Data Query
AI_USR197,Org-Delta-Team2,Org-Delta,2026-01-25,20,6.4,Debugging
AI_USR197,Org-Delta-Team2,Org-Delta,2026-01-26,14,7.0,Debugging
AI_USR197,Org-Delta-Team2,Org-Delta,2026-01-27,13,6.6,Summarization
AI_USR197,Org-Delta-Team2,Org-Delta,2026-01-28,4,7.4,Data Query
AI_USR197,Org-Delta-Team2,Org-Delta,2026-01-30,9,7.2,Summarization
AI_USR197,Org-Delta-Team2,Org-Delta,2026-01-31,5,7.1,Data Query
AI_USR197,Org-Delta-Team2,Org-Delta,2026-02-03,11,7.5,Code Generation
AI_USR197,Org-Delta-Team2,Org-Delta,2026-02-04,2,7.0,Documentation
AI_USR197,Org-Delta-Team2,Org-Delta,2026-02-05,3,6.5,Code Generation
AI_USR197,Org-Delta-Team2,Org-Delta,2026-02-06,16,6.3,Documentation
AI_USR197,Org-Delta-Team2,Org-Delta,2026-02-08,2,7.1,Debugging
AI_USR197,Org-Delta-Team2,Org-Delta,2026-02-09,20,7.8,Summarization
AI_USR197,Org-Delta-Team2,Org-Delta,2026-02-10,5,6.6,Documentation
AI_USR197,Org-Delta-Team2,Org-Delta,2026-02-12,15,7.9,Debugging
AI_USR197,Org-Delta-Team2,Org-Delta,2026-02-15,11,6.7,Summarization
AI_USR197,Org-Delta-Team2,Org-Delta,2026-02-16,4,6.7,Summarization
AI_USR197,Org-Delta-Team2,Org-Delta,2026-02-18,6,7.1,Code Generation
AI_USR197,Org-Delta-Team2,Org-Delta,2026-02-19,18,7.3,Debugging
AI_USR197,Org-Delta-Team2,Org-Delta,2026-02-20,8,6.6,Data Query
AI_USR197,Org-Delta-Team2,Org-Delta,2026-02-21,14,6.8,Documentation
AI_USR197,Org-Delta-Team2,Org-Delta,2026-02-22,17,7.3,Debugging
AI_USR197,Org-Delta-Team2,Org-Delta,2026-02-23,12,7.7,Documentation
AI_USR197,Org-Delta-Team2,Org-Delta,2026-02-24,6,8.0,Code Generation
AI_USR197,Org-Delta-Team2,Org-Delta,2026-02-28,11,6.7,Data Query
AI_USR197,Org-Delta-Team2,Org-Delta,2026-03-01,11,7.2,Planning
AI_USR197,Org-Delta-Team2,Org-Delta,2026-03-02,4,8.2,Data Query
AI_USR197,Org-Delta-Team2,Org-Delta,2026-03-03,16,8.3,Debugging
AI_USR197,Org-Delta-Team2,Org-Delta,2026-03-04,6,8.3,Data Query
AI_USR197,Org-Delta-Team2,Org-Delta,2026-03-06,9,6.6,Debugging
AI_USR197,Org-Delta-Team2,Org-Delta,2026-03-09,18,8.1,Data Query
AI_USR197,Org-Delta-Team2,Org-Delta,2026-03-10,17,7.3,Summarization
AI_USR197,Org-Delta-Team2,Org-Delta,2026-03-12,1,8.5,Code Generation
AI_USR197,Org-Delta-Team2,Org-Delta,2026-03-13,6,7.1,Planning
AI_USR197,Org-Delta-Team2,Org-Delta,2026-03-14,10,7.2,Data Query
AI_USR197,Org-Delta-Team2,Org-Delta,2026-03-15,12,7.5,Debugging
AI_USR197,Org-Delta-Team2,Org-Delta,2026-03-16,4,8.6,Planning
AI_USR197,Org-Delta-Team2,Org-Delta,2026-03-17,1,8.4,Data Query
AI_USR197,Org-Delta-Team2,Org-Delta,2026-03-18,8,7.3,Summarization
AI_USR197,Org-Delta-Team2,Org-Delta,2026-03-19,9,7.6,Summarization
AI_USR197,Org-Delta-Team2,Org-Delta,2026-03-24,17,8.4,Documentation
AI_USR197,Org-Delta-Team2,Org-Delta,2026-03-30,3,8.8,Documentation
AI_USR197,Org-Delta-Team2,Org-Delta,2026-03-31,15,8.5,Documentation
AI_USR198,Org-Gamma-Team1,Org-Gamma,2026-01-01,3,2.3,Code Generation
AI_USR198,Org-Gamma-Team1,Org-Gamma,2026-01-02,20,3.1,Debugging
AI_USR198,Org-Gamma-Team1,Org-Gamma,2026-01-03,20,2.7,Documentation
AI_USR198,Org-Gamma-Team1,Org-Gamma,2026-01-04,9,3.2,Data Query
AI_USR198,Org-Gamma-Team1,Org-Gamma,2026-01-06,5,2.5,Planning
AI_USR198,Org-Gamma-Team1,Org-Gamma,2026-01-11,17,4.2,Debugging
AI_USR198,Org-Gamma-Team1,Org-Gamma,2026-01-13,5,3.5,Summarization
AI_USR198,Org-Gamma-Team1,Org-Gamma,2026-01-16,3,4.1,Documentation
AI_USR198,Org-Gamma-Team1,Org-Gamma,2026-01-18,5,2.7,Documentation
AI_USR198,Org-Gamma-Team1,Org-Gamma,2026-01-19,2,4.0,Summarization
AI_USR198,Org-Gamma-Team1,Org-Gamma,2026-01-20,7,3.2,Code Generation
AI_USR198,Org-Gamma-Team1,Org-Gamma,2026-01-21,13,2.9,Data Query
AI_USR198,Org-Gamma-Team1,Org-Gamma,2026-01-22,18,3.5,Code Generation
AI_USR198,Org-Gamma-Team1,Org-Gamma,2026-01-23,2,4.5,Summarization
AI_USR198,Org-Gamma-Team1,Org-Gamma,2026-01-25,7,4.5,Summarization
AI_USR198,Org-Gamma-Team1,Org-Gamma,2026-01-27,2,3.2,Data Query
AI_USR198,Org-Gamma-Team1,Org-Gamma,2026-01-31,18,3.7,Planning
AI_USR198,Org-Gamma-Team1,Org-Gamma,2026-02-01,3,3.8,Code Generation
AI_USR198,Org-Gamma-Team1,Org-Gamma,2026-02-02,12,3.4,Documentation
AI_USR198,Org-Gamma-Team1,Org-Gamma,2026-02-03,9,3.8,Data Query
AI_USR198,Org-Gamma-Team1,Org-Gamma,2026-02-04,12,2.9,Summarization
AI_USR198,Org-Gamma-Team1,Org-Gamma,2026-02-09,10,3.2,Planning
AI_USR198,Org-Gamma-Team1,Org-Gamma,2026-02-10,5,3.3,Planning
AI_USR198,Org-Gamma-Team1,Org-Gamma,2026-02-11,10,3.9,Planning
AI_USR198,Org-Gamma-Team1,Org-Gamma,2026-02-14,8,3.5,Summarization
AI_USR198,Org-Gamma-Team1,Org-Gamma,2026-02-16,20,4.3,Code Generation
AI_USR198,Org-Gamma-Team1,Org-Gamma,2026-02-20,20,5.1,Data Query
AI_USR198,Org-Gamma-Team1,Org-Gamma,2026-02-21,9,4.6,Code Generation
AI_USR198,Org-Gamma-Team1,Org-Gamma,2026-02-25,1,4.4,Documentation
AI_USR198,Org-Gamma-Team1,Org-Gamma,2026-02-28,10,4.1,Data Query
AI_USR198,Org-Gamma-Team1,Org-Gamma,2026-03-02,14,5.0,Planning
AI_USR198,Org-Gamma-Team1,Org-Gamma,2026-03-04,14,5.1,Documentation
AI_USR198,Org-Gamma-Team1,Org-Gamma,2026-03-05,7,4.9,Summarization
AI_USR198,Org-Gamma-Team1,Org-Gamma,2026-03-06,1,5.0,Documentation
AI_USR198,Org-Gamma-Team1,Org-Gamma,2026-03-07,8,4.1,Code Generation
AI_USR198,Org-Gamma-Team1,Org-Gamma,2026-03-08,10,3.9,Documentation
AI_USR198,Org-Gamma-Team1,Org-Gamma,2026-03-10,19,3.9,Summarization
AI_USR198,Org-Gamma-Team1,Org-Gamma,2026-03-11,8,3.9,Code Generation
AI_USR198,Org-Gamma-Team1,Org-Gamma,2026-03-13,11,3.8,Planning
AI_USR198,Org-Gamma-Team1,Org-Gamma,2026-03-14,8,4.9,Planning
AI_USR198,Org-Gamma-Team1,Org-Gamma,2026-03-16,18,4.1,Data Query
AI_USR198,Org-Gamma-Team1,Org-Gamma,2026-03-18,9,5.6,Documentation
AI_USR198,Org-Gamma-Team1,Org-Gamma,2026-03-19,10,5.6,Summarization
AI_USR198,Org-Gamma-Team1,Org-Gamma,2026-03-20,10,5.3,Summarization
AI_USR198,Org-Gamma-Team1,Org-Gamma,2026-03-21,11,5.8,Summarization
AI_USR198,Org-Gamma-Team1,Org-Gamma,2026-03-22,14,4.0,Documentation
AI_USR198,Org-Gamma-Team1,Org-Gamma,2026-03-24,17,4.7,Planning
AI_USR198,Org-Gamma-Team1,Org-Gamma,2026-03-25,15,5.8,Data Query
AI_USR198,Org-Gamma-Team1,Org-Gamma,2026-03-26,6,4.7,Summarization
AI_USR198,Org-Gamma-Team1,Org-Gamma,2026-03-27,12,3.9,Debugging
AI_USR198,Org-Gamma-Team1,Org-Gamma,2026-03-28,11,5.3,Documentation
AI_USR198,Org-Gamma-Team1,Org-Gamma,2026-03-30,11,4.5,Documentation
AI_USR198,Org-Gamma-Team1,Org-Gamma,2026-03-31,10,4.8,Documentation
AI_USR199,Org-Gamma-Team1,Org-Gamma,2026-01-01,6,5.1,Summarization
AI_USR199,Org-Gamma-Team1,Org-Gamma,2026-01-03,11,6.8,Code Generation
AI_USR199,Org-Gamma-Team1,Org-Gamma,2026-01-04,13,6.4,Summarization
AI_USR199,Org-Gamma-Team1,Org-Gamma,2026-01-05,5,5.4,Summarization
AI_USR199,Org-Gamma-Team1,Org-Gamma,2026-01-06,16,5.9,Data Query
AI_USR199,Org-Gamma-Team1,Org-Gamma,2026-01-07,19,5.3,Planning
AI_USR199,Org-Gamma-Team1,Org-Gamma,2026-01-08,10,6.7,Debugging
AI_USR199,Org-Gamma-Team1,Org-Gamma,2026-01-09,20,5.2,Code Generation
AI_USR199,Org-Gamma-Team1,Org-Gamma,2026-01-10,5,5.6,Debugging
AI_USR199,Org-Gamma-Team1,Org-Gamma,2026-01-11,9,5.1,Planning
AI_USR199,Org-Gamma-Team1,Org-Gamma,2026-01-13,4,5.9,Summarization
AI_USR199,Org-Gamma-Team1,Org-Gamma,2026-01-14,10,6.7,Debugging
AI_USR199,Org-Gamma-Team1,Org-Gamma,2026-01-15,15,6.4,Debugging
AI_USR199,Org-Gamma-Team1,Org-Gamma,2026-01-16,19,5.9,Code Generation
AI_USR199,Org-Gamma-Team1,Org-Gamma,2026-01-17,6,5.5,Data Query
AI_USR199,Org-Gamma-Team1,Org-Gamma,2026-01-18,14,6.5,Planning
AI_USR199,Org-Gamma-Team1,Org-Gamma,2026-01-19,2,6.6,Code Generation
AI_USR199,Org-Gamma-Team1,Org-Gamma,2026-01-20,13,5.6,Data Query
AI_USR199,Org-Gamma-Team1,Org-Gamma,2026-01-21,17,6.0,Code Generation
AI_USR199,Org-Gamma-Team1,Org-Gamma,2026-01-22,2,6.5,Data Query
AI_USR199,Org-Gamma-Team1,Org-Gamma,2026-01-23,13,6.9,Code Generation
AI_USR199,Org-Gamma-Team1,Org-Gamma,2026-01-24,13,6.4,Documentation
AI_USR199,Org-Gamma-Team1,Org-Gamma,2026-01-25,8,6.9,Debugging
AI_USR199,Org-Gamma-Team1,Org-Gamma,2026-01-26,13,5.9,Debugging
AI_USR199,Org-Gamma-Team1,Org-Gamma,2026-01-29,1,7.0,Documentation
AI_USR199,Org-Gamma-Team1,Org-Gamma,2026-01-30,11,7.4,Summarization
AI_USR199,Org-Gamma-Team1,Org-Gamma,2026-01-31,7,7.2,Summarization
AI_USR199,Org-Gamma-Team1,Org-Gamma,2026-02-01,5,6.3,Code Generation
AI_USR199,Org-Gamma-Team1,Org-Gamma,2026-02-02,7,5.9,Debugging
AI_USR199,Org-Gamma-Team1,Org-Gamma,2026-02-03,4,7.1,Data Query
AI_USR199,Org-Gamma-Team1,Org-Gamma,2026-02-04,15,6.6,Documentation
AI_USR199,Org-Gamma-Team1,Org-Gamma,2026-02-07,17,7.5,Debugging
AI_USR199,Org-Gamma-Team1,Org-Gamma,2026-02-08,6,6.9,Summarization
AI_USR199,Org-Gamma-Team1,Org-Gamma,2026-02-10,18,7.5,Data Query
AI_USR199,Org-Gamma-Team1,Org-Gamma,2026-02-13,6,6.2,Documentation
AI_USR199,Org-Gamma-Team1,Org-Gamma,2026-02-14,11,7.5,Documentation
AI_USR199,Org-Gamma-Team1,Org-Gamma,2026-02-15,1,6.4,Data Query
AI_USR199,Org-Gamma-Team1,Org-Gamma,2026-02-16,12,7.4,Documentation
AI_USR199,Org-Gamma-Team1,Org-Gamma,2026-02-17,4,6.2,Planning
AI_USR199,Org-Gamma-Team1,Org-Gamma,2026-02-18,16,6.8,Documentation
AI_USR199,Org-Gamma-Team1,Org-Gamma,2026-02-19,2,6.3,Debugging
AI_USR199,Org-Gamma-Team1,Org-Gamma,2026-02-20,19,6.9,Documentation
AI_USR199,Org-Gamma-Team1,Org-Gamma,2026-02-21,9,6.1,Code Generation
AI_USR199,Org-Gamma-Team1,Org-Gamma,2026-02-22,20,7.8,Code Generation
AI_USR199,Org-Gamma-Team1,Org-Gamma,2026-02-23,2,6.4,Data Query
AI_USR199,Org-Gamma-Team1,Org-Gamma,2026-02-24,3,7.4,Debugging
AI_USR199,Org-Gamma-Team1,Org-Gamma,2026-02-25,11,6.9,Summarization
AI_USR199,Org-Gamma-Team1,Org-Gamma,2026-02-26,12,7.3,Data Query
AI_USR199,Org-Gamma-Team1,Org-Gamma,2026-02-27,20,7.8,Planning
AI_USR199,Org-Gamma-Team1,Org-Gamma,2026-02-28,20,7.9,Data Query
AI_USR199,Org-Gamma-Team1,Org-Gamma,2026-03-01,8,6.9,Data Query
AI_USR199,Org-Gamma-Team1,Org-Gamma,2026-03-02,13,7.8,Data Query
AI_USR199,Org-Gamma-Team1,Org-Gamma,2026-03-04,9,7.1,Documentation
AI_USR199,Org-Gamma-Team1,Org-Gamma,2026-03-05,1,6.4,Debugging
AI_USR199,Org-Gamma-Team1,Org-Gamma,2026-03-06,7,7.1,Planning
AI_USR199,Org-Gamma-Team1,Org-Gamma,2026-03-07,15,7.7,Data Query
AI_USR199,Org-Gamma-Team1,Org-Gamma,2026-03-09,4,6.8,Documentation
AI_USR199,Org-Gamma-Team1,Org-Gamma,2026-03-10,20,7.1,Planning
AI_USR199,Org-Gamma-Team1,Org-Gamma,2026-03-11,10,6.8,Planning
AI_USR199,Org-Gamma-Team1,Org-Gamma,2026-03-14,20,7.5,Summarization
AI_USR199,Org-Gamma-Team1,Org-Gamma,2026-03-15,16,7.3,Planning
AI_USR199,Org-Gamma-Team1,Org-Gamma,2026-03-16,14,8.1,Code Generation
AI_USR199,Org-Gamma-Team1,Org-Gamma,2026-03-18,4,7.8,Documentation
AI_USR199,Org-Gamma-Team1,Org-Gamma,2026-03-22,9,8.5,Documentation
AI_USR199,Org-Gamma-Team1,Org-Gamma,2026-03-24,4,8.1,Debugging
AI_USR199,Org-Gamma-Team1,Org-Gamma,2026-03-26,12,6.8,Summarization
AI_USR199,Org-Gamma-Team1,Org-Gamma,2026-03-28,4,7.6,Summarization
AI_USR199,Org-Gamma-Team1,Org-Gamma,2026-03-29,2,8.0,Summarization
AI_USR200,Org-Alpha-Team2,Org-Alpha,2026-01-01,10,4.8,Debugging
AI_USR200,Org-Alpha-Team2,Org-Alpha,2026-01-02,1,4.9,Summarization
AI_USR200,Org-Alpha-Team2,Org-Alpha,2026-01-06,3,3.9,Debugging
AI_USR200,Org-Alpha-Team2,Org-Alpha,2026-01-07,13,5.3,Summarization
AI_USR200,Org-Alpha-Team2,Org-Alpha,2026-01-08,20,4.5,Planning
AI_USR200,Org-Alpha-Team2,Org-Alpha,2026-01-10,18,5.4,Code Generation
AI_USR200,Org-Alpha-Team2,Org-Alpha,2026-01-12,17,4.5,Data Query
AI_USR200,Org-Alpha-Team2,Org-Alpha,2026-01-13,8,5.3,Code Generation
AI_USR200,Org-Alpha-Team2,Org-Alpha,2026-01-14,15,5.1,Data Query
AI_USR200,Org-Alpha-Team2,Org-Alpha,2026-01-17,8,5.0,Planning
AI_USR200,Org-Alpha-Team2,Org-Alpha,2026-01-18,14,4.4,Debugging
AI_USR200,Org-Alpha-Team2,Org-Alpha,2026-01-20,15,3.9,Debugging
AI_USR200,Org-Alpha-Team2,Org-Alpha,2026-01-21,9,5.3,Planning
AI_USR200,Org-Alpha-Team2,Org-Alpha,2026-01-22,3,4.2,Documentation
AI_USR200,Org-Alpha-Team2,Org-Alpha,2026-01-24,14,5.8,Debugging
AI_USR200,Org-Alpha-Team2,Org-Alpha,2026-01-26,8,5.4,Summarization
AI_USR200,Org-Alpha-Team2,Org-Alpha,2026-01-27,9,4.5,Code Generation
AI_USR200,Org-Alpha-Team2,Org-Alpha,2026-01-28,7,4.8,Planning
AI_USR200,Org-Alpha-Team2,Org-Alpha,2026-01-29,19,5.5,Data Query
AI_USR200,Org-Alpha-Team2,Org-Alpha,2026-02-01,18,3.9,Summarization
AI_USR200,Org-Alpha-Team2,Org-Alpha,2026-02-03,20,5.8,Debugging
AI_USR200,Org-Alpha-Team2,Org-Alpha,2026-02-05,8,5.0,Planning
AI_USR200,Org-Alpha-Team2,Org-Alpha,2026-02-06,5,4.2,Planning
AI_USR200,Org-Alpha-Team2,Org-Alpha,2026-02-07,18,4.2,Code Generation
AI_USR200,Org-Alpha-Team2,Org-Alpha,2026-02-08,20,4.8,Debugging
AI_USR200,Org-Alpha-Team2,Org-Alpha,2026-02-09,2,4.1,Debugging
AI_USR200,Org-Alpha-Team2,Org-Alpha,2026-02-11,14,4.7,Planning
AI_USR200,Org-Alpha-Team2,Org-Alpha,2026-02-15,13,5.2,Data Query
AI_USR200,Org-Alpha-Team2,Org-Alpha,2026-02-16,9,4.1,Planning
AI_USR200,Org-Alpha-Team2,Org-Alpha,2026-02-17,4,5.1,Code Generation
AI_USR200,Org-Alpha-Team2,Org-Alpha,2026-02-18,17,4.2,Data Query
AI_USR200,Org-Alpha-Team2,Org-Alpha,2026-02-19,4,4.7,Summarization
AI_USR200,Org-Alpha-Team2,Org-Alpha,2026-02-20,8,5.4,Documentation
AI_USR200,Org-Alpha-Team2,Org-Alpha,2026-02-21,10,5.1,Code Generation
AI_USR200,Org-Alpha-Team2,Org-Alpha,2026-02-23,14,5.3,Summarization
AI_USR200,Org-Alpha-Team2,Org-Alpha,2026-02-24,11,5.1,Debugging
AI_USR200,Org-Alpha-Team2,Org-Alpha,2026-02-26,6,4.1,Code Generation
AI_USR200,Org-Alpha-Team2,Org-Alpha,2026-02-27,10,5.2,Documentation
AI_USR200,Org-Alpha-Team2,Org-Alpha,2026-03-01,9,5.0,Data Query
AI_USR200,Org-Alpha-Team2,Org-Alpha,2026-03-03,2,5.7,Documentation
AI_USR200,Org-Alpha-Team2,Org-Alpha,2026-03-05,14,4.8,Debugging
AI_USR200,Org-Alpha-Team2,Org-Alpha,2026-03-08,3,5.8,Planning
AI_USR200,Org-Alpha-Team2,Org-Alpha,2026-03-09,16,4.0,Code Generation
AI_USR200,Org-Alpha-Team2,Org-Alpha,2026-03-10,5,4.9,Code Generation
AI_USR200,Org-Alpha-Team2,Org-Alpha,2026-03-13,12,4.2,Debugging
AI_USR200,Org-Alpha-Team2,Org-Alpha,2026-03-14,4,6.0,Data Query
AI_USR200,Org-Alpha-Team2,Org-Alpha,2026-03-16,1,4.2,Code Generation
AI_USR200,Org-Alpha-Team2,Org-Alpha,2026-03-17,4,5.7,Documentation
AI_USR200,Org-Alpha-Team2,Org-Alpha,2026-03-18,15,5.7,Summarization
AI_USR200,Org-Alpha-Team2,Org-Alpha,2026-03-19,12,5.5,Data Query
AI_USR200,Org-Alpha-Team2,Org-Alpha,2026-03-20,4,4.7,Documentation
AI_USR200,Org-Alpha-Team2,Org-Alpha,2026-03-24,4,4.1,Code Generation
AI_USR200,Org-Alpha-Team2,Org-Alpha,2026-03-25,5,4.1,Debugging
AI_USR200,Org-Alpha-Team2,Org-Alpha,2026-03-26,20,5.1,Debugging
AI_USR200,Org-Alpha-Team2,Org-Alpha,2026-03-28,5,5.4,Summarization
AI_USR200,Org-Alpha-Team2,Org-Alpha,2026-03-29,9,5.3,Documentation
AI_USR200,Org-Alpha-Team2,Org-Alpha,2026-03-30,9,4.4,Documentation
