user_id,team,org_unit,event_date,session_count,actions_taken,first_login_date
USR0001,Org-Delta-Team1,Org-Delta,2025-10-12,7,10,2025-10-12
USR0001,Org-Delta-Team1,Org-Delta,2025-10-14,3,34,2025-10-12
USR0002,Org-Gamma-Team4,Org-Gamma,2025-10-23,6,29,2025-10-23
USR0002,Org-Gamma-Team4,Org-Gamma,2025-10-26,3,4,2025-10-23
USR0002,Org-Gamma-Team4,Org-Gamma,2025-10-28,3,33,2025-10-23
USR0002,Org-Gamma-Team4,Org-Gamma,2025-10-29,7,28,2025-10-23
USR0002,Org-Gamma-Team4,Org-Gamma,2025-11-01,5,37,2025-10-23
USR0002,Org-Gamma-Team4,Org-Gamma,2025-11-02,4,28,2025-10-23
USR0002,Org-Gamma-Team4,Org-Gamma,2025-11-04,2,34,2025-10-23
USR0002,Org-Gamma-Team4,Org-Gamma,2025-11-05,3,14,2025-10-23
USR0002,Org-Gamma-Team4,Org-Gamma,2025-11-06,1,15,2025-10-23
USR0002,Org-Gamma-Team4,Org-Gamma,2025-11-07,2,30,2025-10-23
USR0002,Org-Gamma-Team4,Org-Gamma,2025-11-08,7,25,2025-10-23
USR0002,Org-Gamma-Team4,Org-Gamma,2025-11-09,6,28,2025-10-23
USR0002,Org-Gamma-Team4,Org-Gamma,2025-11-10,2,7,2025-10-23
USR0002,Org-Gamma-Team4,Org-Gamma,2025-11-11,6,2,2025-10-23
USR0002,Org-Gamma-Team4,Org-Gamma,2025-11-12,3,35,2025-10-23
USR0002,Org-Gamma-Team4,Org-Gamma,2025-11-13,4,39,2025-10-23
USR0002,Org-Gamma-Team4,Org-Gamma,2025-11-14,5,13,2025-10-23
USR0002,Org-Gamma-Team4,Org-Gamma,2025-11-15,1,16,2025-10-23
USR0002,Org-Gamma-Team4,Org-Gamma,2025-11-16,1,37,2025-10-23
USR0002,Org-Gamma-Team4,Org-Gamma,2025-11-18,1,21,2025-10-23
USR0002,Org-Gamma-Team4,Org-Gamma,2025-11-19,5,1,2025-10-23
USR0002,Org-Gamma-Team4,Org-Gamma,2025-11-23,6,26,2025-10-23
USR0002,Org-Gamma-Team4,Org-Gamma,2025-11-27,7,33,2025-10-23
USR0002,Org-Gamma-Team4,Org-Gamma,2025-11-28,3,2,2025-10-23
USR0002,Org-Gamma-Team4,Org-Gamma,2025-11-29,7,31,2025-10-23
USR0002,Org-Gamma-Team4,Org-Gamma,2025-11-30,1,19,2025-10-23
USR0002,Org-Gamma-Team4,Org-Gamma,2025-12-01,8,6,2025-10-23
USR0002,Org-Gamma-Team4,Org-Gamma,2025-12-03,4,14,2025-10-23
USR0002,Org-Gamma-Team4,Org-Gamma,2025-12-07,6,29,2025-10-23
USR0002,Org-Gamma-Team4,Org-Gamma,2025-12-09,6,40,2025-10-23
USR0002,Org-Gamma-Team4,Org-Gamma,2025-12-11,7,16,2025-10-23
USR0002,Org-Gamma-Team4,Org-Gamma,2025-12-12,2,10,2025-10-23
USR0002,Org-Gamma-Team4,Org-Gamma,2025-12-13,8,7,2025-10-23
USR0002,Org-Gamma-Team4,Org-Gamma,2025-12-15,5,36,2025-10-23
USR0002,Org-Gamma-Team4,Org-Gamma,2025-12-19,8,21,2025-10-23
USR0002,Org-Gamma-Team4,Org-Gamma,2025-12-20,5,11,2025-10-23
USR0002,Org-Gamma-Team4,Org-Gamma,2025-12-21,6,23,2025-10-23
USR0002,Org-Gamma-Team4,Org-Gamma,2025-12-22,3,30,2025-10-23
USR0002,Org-Gamma-Team4,Org-Gamma,2025-12-23,8,17,2025-10-23
USR0002,Org-Gamma-Team4,Org-Gamma,2025-12-25,3,8,2025-10-23
USR0002,Org-Gamma-Team4,Org-Gamma,2025-12-27,6,19,2025-10-23
USR0002,Org-Gamma-Team4,Org-Gamma,2025-12-28,3,29,2025-10-23
USR0002,Org-Gamma-Team4,Org-Gamma,2025-12-29,6,24,2025-10-23
USR0002,Org-Gamma-Team4,Org-Gamma,2025-12-30,7,33,2025-10-23
USR0002,Org-Gamma-Team4,Org-Gamma,2025-12-31,1,40,2025-10-23
USR0002,Org-Gamma-Team4,Org-Gamma,2026-01-02,4,36,2025-10-23
USR0002,Org-Gamma-Team4,Org-Gamma,2026-01-03,2,19,2025-10-23
USR0002,Org-Gamma-Team4,Org-Gamma,2026-01-04,7,5,2025-10-23
USR0002,Org-Gamma-Team4,Org-Gamma,2026-01-05,8,6,2025-10-23
USR0002,Org-Gamma-Team4,Org-Gamma,2026-01-06,8,35,2025-10-23
USR0002,Org-Gamma-Team4,Org-Gamma,2026-01-08,2,12,2025-10-23
USR0002,Org-Gamma-Team4,Org-Gamma,2026-01-13,6,5,2025-10-23
USR0002,Org-Gamma-Team4,Org-Gamma,2026-01-14,8,14,2025-10-23
USR0002,Org-Gamma-Team4,Org-Gamma,2026-01-16,5,30,2025-10-23
USR0002,Org-Gamma-Team4,Org-Gamma,2026-01-17,3,31,2025-10-23
USR0002,Org-Gamma-Team4,Org-Gamma,2026-01-18,4,21,2025-10-23
USR0002,Org-Gamma-Team4,Org-Gamma,2026-01-19,7,4,2025-10-23
USR0002,Org-Gamma-Team4,Org-Gamma,2026-01-21,7,31,2025-10-23
USR0002,Org-Gamma-Team4,Org-Gamma,2026-01-22,4,2,2025-10-23
USR0002,Org-Gamma-Team4,Org-Gamma,2026-01-25,3,6,2025-10-23
USR0002,Org-Gamma-Team4,Org-Gamma,2026-01-26,5,26,2025-10-23
USR0002,Org-Gamma-Team4,Org-Gamma,2026-01-27,8,27,2025-10-23
USR0002,Org-Gamma-Team4,Org-Gamma,2026-01-28,5,12,2025-10-23
USR0002,Org-Gamma-Team4,Org-Gamma,2026-01-30,7,22,2025-10-23
USR0002,Org-Gamma-Team4,Org-Gamma,2026-02-01,4,23,2025-10-23
USR0002,Org-Gamma-Team4,Org-Gamma,2026-02-03,3,28,2025-10-23
USR0002,Org-Gamma-Team4,Org-Gamma,2026-02-04,7,1,2025-10-23
USR0002,Org-Gamma-Team4,Org-Gamma,2026-02-05,4,5,2025-10-23
USR0002,Org-Gamma-Team4,Org-Gamma,2026-02-07,3,21,2025-10-23
USR0002,Org-Gamma-Team4,Org-Gamma,2026-02-13,8,10,2025-10-23
USR0002,Org-Gamma-Team4,Org-Gamma,2026-02-14,6,8,2025-10-23
USR0002,Org-Gamma-Team4,Org-Gamma,2026-02-17,1,29,2025-10-23
USR0002,Org-Gamma-Team4,Org-Gamma,2026-02-22,1,14,2025-10-23
USR0002,Org-Gamma-Team4,Org-Gamma,2026-02-24,3,39,2025-10-23
USR0002,Org-Gamma-Team4,Org-Gamma,2026-02-25,6,14,2025-10-23
USR0002,Org-Gamma-Team4,Org-Gamma,2026-02-28,1,24,2025-10-23
USR0002,Org-Gamma-Team4,Org-Gamma,2026-03-02,5,33,2025-10-23
USR0002,Org-Gamma-Team4,Org-Gamma,2026-03-04,8,30,2025-10-23
USR0002,Org-Gamma-Team4,Org-Gamma,2026-03-05,6,23,2025-10-23
USR0002,Org-Gamma-Team4,Org-Gamma,2026-03-07,6,8,2025-10-23
USR0002,Org-Gamma-Team4,Org-Gamma,2026-03-09,6,12,2025-10-23
USR0002,Org-Gamma-Team4,Org-Gamma,2026-03-10,3,35,2025-10-23
USR0002,Org-Gamma-Team4,Org-Gamma,2026-03-11,5,28,2025-10-23
USR0002,Org-Gamma-Team4,Org-Gamma,2026-03-16,2,7,2025-10-23
USR0002,Org-Gamma-Team4,Org-Gamma,2026-03-17,1,40,2025-10-23
USR0002,Org-Gamma-Team4,Org-Gamma,2026-03-19,2,29,2025-10-23
USR0002,Org-Gamma-Team4,Org-Gamma,2026-03-20,1,19,2025-10-23
USR0002,Org-Gamma-Team4,Org-Gamma,2026-03-22,8,36,2025-10-23
USR0002,Org-Gamma-Team4,Org-Gamma,2026-03-23,4,31,2025-10-23
USR0002,Org-Gamma-Team4,Org-Gamma,2026-03-25,8,27,2025-10-23
USR0002,Org-Gamma-Team4,Org-Gamma,2026-03-29,6,15,2025-10-23
USR0002,Org-Gamma-Team4,Org-Gamma,2026-03-30,5,17,2025-10-23
USR0002,Org-Gamma-Team4,Org-Gamma,2026-03-31,7,16,2025-10-23
USR0003,Org-Gamma-Team2,Org-Gamma,2025-10-01,1,2,2025-10-01
USR0003,Org-Gamma-Team2,Org-Gamma,2025-10-02,6,34,2025-10-01
USR0003,Org-Gamma-Team2,Org-Gamma,2025-10-04,6,11,2025-10-01
USR0003,Org-Gamma-Team2,Org-Gamma,2025-10-07,7,13,2025-10-01
USR0003,Org-Gamma-Team2,Org-Gamma,2025-10-09,1,37,2025-10-01
USR0003,Org-Gamma-Team2,Org-Gamma,2025-10-10,7,12,2025-10-01
USR0003,Org-Gamma-Team2,Org-Gamma,2025-10-11,6,34,2025-10-01
USR0003,Org-Gamma-Team2,Org-Gamma,2025-10-12,4,7,2025-10-01
USR0003,Org-Gamma-Team2,Org-Gamma,2025-10-14,2,37,2025-10-01
USR0003,Org-Gamma-Team2,Org-Gamma,2025-10-18,3,21,2025-10-01
USR0003,Org-Gamma-Team2,Org-Gamma,2025-10-19,2,2,2025-10-01
USR0003,Org-Gamma-Team2,Org-Gamma,2025-10-20,3,2,2025-10-01
USR0003,Org-Gamma-Team2,Org-Gamma,2025-10-22,2,37,2025-10-01
USR0003,Org-Gamma-Team2,Org-Gamma,2025-10-23,3,30,2025-10-01
USR0003,Org-Gamma-Team2,Org-Gamma,2025-10-26,4,20,2025-10-01
USR0003,Org-Gamma-Team2,Org-Gamma,2025-10-27,4,25,2025-10-01
USR0003,Org-Gamma-Team2,Org-Gamma,2025-10-30,3,2,2025-10-01
USR0003,Org-Gamma-Team2,Org-Gamma,2025-11-01,2,8,2025-10-01
USR0003,Org-Gamma-Team2,Org-Gamma,2025-11-02,2,7,2025-10-01
USR0003,Org-Gamma-Team2,Org-Gamma,2025-11-03,5,12,2025-10-01
USR0003,Org-Gamma-Team2,Org-Gamma,2025-11-04,8,24,2025-10-01
USR0003,Org-Gamma-Team2,Org-Gamma,2025-11-06,2,32,2025-10-01
USR0003,Org-Gamma-Team2,Org-Gamma,2025-11-08,8,5,2025-10-01
USR0003,Org-Gamma-Team2,Org-Gamma,2025-11-09,7,25,2025-10-01
USR0003,Org-Gamma-Team2,Org-Gamma,2025-11-12,3,12,2025-10-01
USR0003,Org-Gamma-Team2,Org-Gamma,2025-11-13,3,37,2025-10-01
USR0003,Org-Gamma-Team2,Org-Gamma,2025-11-16,6,23,2025-10-01
USR0003,Org-Gamma-Team2,Org-Gamma,2025-11-17,1,11,2025-10-01
USR0003,Org-Gamma-Team2,Org-Gamma,2025-11-18,5,8,2025-10-01
USR0003,Org-Gamma-Team2,Org-Gamma,2025-11-19,1,35,2025-10-01
USR0003,Org-Gamma-Team2,Org-Gamma,2025-11-20,3,14,2025-10-01
USR0003,Org-Gamma-Team2,Org-Gamma,2025-11-22,4,2,2025-10-01
USR0003,Org-Gamma-Team2,Org-Gamma,2025-11-23,4,6,2025-10-01
USR0003,Org-Gamma-Team2,Org-Gamma,2025-11-26,8,13,2025-10-01
USR0003,Org-Gamma-Team2,Org-Gamma,2025-11-28,5,30,2025-10-01
USR0003,Org-Gamma-Team2,Org-Gamma,2025-11-30,7,13,2025-10-01
USR0003,Org-Gamma-Team2,Org-Gamma,2025-12-01,4,18,2025-10-01
USR0003,Org-Gamma-Team2,Org-Gamma,2025-12-03,5,11,2025-10-01
USR0003,Org-Gamma-Team2,Org-Gamma,2025-12-06,8,28,2025-10-01
USR0003,Org-Gamma-Team2,Org-Gamma,2025-12-07,5,21,2025-10-01
USR0003,Org-Gamma-Team2,Org-Gamma,2025-12-10,6,24,2025-10-01
USR0003,Org-Gamma-Team2,Org-Gamma,2025-12-13,1,33,2025-10-01
USR0003,Org-Gamma-Team2,Org-Gamma,2025-12-14,7,19,2025-10-01
USR0003,Org-Gamma-Team2,Org-Gamma,2025-12-18,7,2,2025-10-01
USR0003,Org-Gamma-Team2,Org-Gamma,2025-12-19,6,28,2025-10-01
USR0003,Org-Gamma-Team2,Org-Gamma,2025-12-21,2,14,2025-10-01
USR0003,Org-Gamma-Team2,Org-Gamma,2025-12-23,6,8,2025-10-01
USR0003,Org-Gamma-Team2,Org-Gamma,2025-12-24,1,22,2025-10-01
USR0003,Org-Gamma-Team2,Org-Gamma,2025-12-25,6,15,2025-10-01
USR0003,Org-Gamma-Team2,Org-Gamma,2025-12-26,7,19,2025-10-01
USR0003,Org-Gamma-Team2,Org-Gamma,2025-12-28,2,36,2025-10-01
USR0003,Org-Gamma-Team2,Org-Gamma,2025-12-29,2,37,2025-10-01
USR0003,Org-Gamma-Team2,Org-Gamma,2025-12-31,7,21,2025-10-01
USR0003,Org-Gamma-Team2,Org-Gamma,2026-01-02,1,32,2025-10-01
USR0003,Org-Gamma-Team2,Org-Gamma,2026-01-03,5,27,2025-10-01
USR0003,Org-Gamma-Team2,Org-Gamma,2026-01-04,8,11,2025-10-01
USR0003,Org-Gamma-Team2,Org-Gamma,2026-01-06,4,37,2025-10-01
USR0003,Org-Gamma-Team2,Org-Gamma,2026-01-07,1,37,2025-10-01
USR0003,Org-Gamma-Team2,Org-Gamma,2026-01-10,7,3,2025-10-01
USR0003,Org-Gamma-Team2,Org-Gamma,2026-01-13,1,5,2025-10-01
USR0003,Org-Gamma-Team2,Org-Gamma,2026-01-14,7,20,2025-10-01
USR0003,Org-Gamma-Team2,Org-Gamma,2026-01-15,6,26,2025-10-01
USR0003,Org-Gamma-Team2,Org-Gamma,2026-01-16,6,32,2025-10-01
USR0003,Org-Gamma-Team2,Org-Gamma,2026-01-18,8,32,2025-10-01
USR0003,Org-Gamma-Team2,Org-Gamma,2026-01-21,6,40,2025-10-01
USR0003,Org-Gamma-Team2,Org-Gamma,2026-01-22,4,4,2025-10-01
USR0003,Org-Gamma-Team2,Org-Gamma,2026-01-24,6,28,2025-10-01
USR0003,Org-Gamma-Team2,Org-Gamma,2026-01-25,2,13,2025-10-01
USR0003,Org-Gamma-Team2,Org-Gamma,2026-01-29,1,4,2025-10-01
USR0003,Org-Gamma-Team2,Org-Gamma,2026-01-30,1,8,2025-10-01
USR0003,Org-Gamma-Team2,Org-Gamma,2026-01-31,5,5,2025-10-01
USR0003,Org-Gamma-Team2,Org-Gamma,2026-02-01,7,18,2025-10-01
USR0003,Org-Gamma-Team2,Org-Gamma,2026-02-04,2,9,2025-10-01
USR0003,Org-Gamma-Team2,Org-Gamma,2026-02-05,3,38,2025-10-01
USR0003,Org-Gamma-Team2,Org-Gamma,2026-02-08,8,8,2025-10-01
USR0003,Org-Gamma-Team2,Org-Gamma,2026-02-09,4,37,2025-10-01
USR0003,Org-Gamma-Team2,Org-Gamma,2026-02-10,8,18,2025-10-01
USR0003,Org-Gamma-Team2,Org-Gamma,2026-02-11,8,15,2025-10-01
USR0003,Org-Gamma-Team2,Org-Gamma,2026-02-12,5,6,2025-10-01
USR0003,Org-Gamma-Team2,Org-Gamma,2026-02-13,4,14,2025-10-01
USR0003,Org-Gamma-Team2,Org-Gamma,2026-02-15,8,4,2025-10-01
USR0003,Org-Gamma-Team2,Org-Gamma,2026-02-16,4,30,2025-10-01
USR0003,Org-Gamma-Team2,Org-Gamma,2026-02-18,2,22,2025-10-01
USR0003,Org-Gamma-Team2,Org-Gamma,2026-02-19,6,20,2025-10-01
USR0003,Org-Gamma-Team2,Org-Gamma,2026-02-23,3,15,2025-10-01
USR0003,Org-Gamma-Team2,Org-Gamma,2026-02-25,8,40,2025-10-01
USR0003,Org-Gamma-Team2,Org-Gamma,2026-02-26,7,13,2025-10-01
USR0003,Org-Gamma-Team2,Org-Gamma,2026-02-27,7,11,2025-10-01
USR0003,Org-Gamma-Team2,Org-Gamma,2026-03-02,2,10,2025-10-01
USR0003,Org-Gamma-Team2,Org-Gamma,2026-03-03,2,8,2025-10-01
USR0003,Org-Gamma-Team2,Org-Gamma,2026-03-04,8,12,2025-10-01
USR0003,Org-Gamma-Team2,Org-Gamma,2026-03-05,8,34,2025-10-01
USR0003,Org-Gamma-Team2,Org-Gamma,2026-03-06,5,8,2025-10-01
USR0003,Org-Gamma-Team2,Org-Gamma,2026-03-08,7,14,2025-10-01
USR0003,Org-Gamma-Team2,Org-Gamma,2026-03-09,7,33,2025-10-01
USR0003,Org-Gamma-Team2,Org-Gamma,2026-03-10,8,18,2025-10-01
USR0003,Org-Gamma-Team2,Org-Gamma,2026-03-11,1,25,2025-10-01
USR0003,Org-Gamma-Team2,Org-Gamma,2026-03-13,5,13,2025-10-01
USR0003,Org-Gamma-Team2,Org-Gamma,2026-03-14,5,34,2025-10-01
USR0003,Org-Gamma-Team2,Org-Gamma,2026-03-16,2,4,2025-10-01
USR0003,Org-Gamma-Team2,Org-Gamma,2026-03-19,1,3,2025-10-01
USR0003,Org-Gamma-Team2,Org-Gamma,2026-03-20,4,5,2025-10-01
USR0003,Org-Gamma-Team2,Org-Gamma,2026-03-21,5,15,2025-10-01
USR0003,Org-Gamma-Team2,Org-Gamma,2026-03-24,7,7,2025-10-01
USR0003,Org-Gamma-Team2,Org-Gamma,2026-03-25,5,32,2025-10-01
USR0003,Org-Gamma-Team2,Org-Gamma,2026-03-26,4,23,2025-10-01
USR0003,Org-Gamma-Team2,Org-Gamma,2026-03-29,1,7,2025-10-01
USR0003,Org-Gamma-Team2,Org-Gamma,2026-03-30,8,20,2025-10-01
USR0004,Org-Gamma-Team4,Org-Gamma,2025-10-24,6,30,2025-10-23
USR0004,Org-Gamma-Team4,Org-Gamma,2025-10-25,1,31,2025-10-23
USR0004,Org-Gamma-Team4,Org-Gamma,2025-10-26,1,12,2025-10-23
USR0005,Org-Delta-Team2,Org-Delta,2025-10-09,1,39,2025-10-09
USR0005,Org-Delta-Team2,Org-Delta,2025-10-10,8,38,2025-10-09
USR0005,Org-Delta-Team2,Org-Delta,2025-10-11,4,31,2025-10-09
USR0005,Org-Delta-Team2,Org-Delta,2025-10-12,1,37,2025-10-09
USR0005,Org-Delta-Team2,Org-Delta,2025-10-14,4,34,2025-10-09
USR0005,Org-Delta-Team2,Org-Delta,2025-10-15,3,7,2025-10-09
USR0005,Org-Delta-Team2,Org-Delta,2025-10-16,6,29,2025-10-09
USR0005,Org-Delta-Team2,Org-Delta,2025-10-17,6,35,2025-10-09
USR0005,Org-Delta-Team2,Org-Delta,2025-10-18,8,17,2025-10-09
USR0005,Org-Delta-Team2,Org-Delta,2025-10-19,1,23,2025-10-09
USR0005,Org-Delta-Team2,Org-Delta,2025-10-20,6,34,2025-10-09
USR0005,Org-Delta-Team2,Org-Delta,2025-10-24,2,18,2025-10-09
USR0005,Org-Delta-Team2,Org-Delta,2025-10-27,7,15,2025-10-09
USR0005,Org-Delta-Team2,Org-Delta,2025-10-29,8,2,2025-10-09
USR0005,Org-Delta-Team2,Org-Delta,2025-10-30,7,24,2025-10-09
USR0005,Org-Delta-Team2,Org-Delta,2025-10-31,2,13,2025-10-09
USR0005,Org-Delta-Team2,Org-Delta,2025-11-02,2,18,2025-10-09
USR0005,Org-Delta-Team2,Org-Delta,2025-11-06,3,17,2025-10-09
USR0005,Org-Delta-Team2,Org-Delta,2025-11-08,6,26,2025-10-09
USR0005,Org-Delta-Team2,Org-Delta,2025-11-09,5,20,2025-10-09
USR0005,Org-Delta-Team2,Org-Delta,2025-11-10,6,40,2025-10-09
USR0005,Org-Delta-Team2,Org-Delta,2025-11-11,8,37,2025-10-09
USR0005,Org-Delta-Team2,Org-Delta,2025-11-14,1,32,2025-10-09
USR0005,Org-Delta-Team2,Org-Delta,2025-11-16,3,34,2025-10-09
USR0005,Org-Delta-Team2,Org-Delta,2025-11-20,5,5,2025-10-09
USR0005,Org-Delta-Team2,Org-Delta,2025-11-22,1,14,2025-10-09
USR0005,Org-Delta-Team2,Org-Delta,2025-11-23,2,4,2025-10-09
USR0005,Org-Delta-Team2,Org-Delta,2025-11-24,1,28,2025-10-09
USR0005,Org-Delta-Team2,Org-Delta,2025-11-25,1,4,2025-10-09
USR0005,Org-Delta-Team2,Org-Delta,2025-11-26,6,19,2025-10-09
USR0005,Org-Delta-Team2,Org-Delta,2025-11-28,3,6,2025-10-09
USR0005,Org-Delta-Team2,Org-Delta,2025-11-30,4,28,2025-10-09
USR0005,Org-Delta-Team2,Org-Delta,2025-12-01,2,19,2025-10-09
USR0005,Org-Delta-Team2,Org-Delta,2025-12-02,8,23,2025-10-09
USR0005,Org-Delta-Team2,Org-Delta,2025-12-03,7,28,2025-10-09
USR0005,Org-Delta-Team2,Org-Delta,2025-12-04,2,17,2025-10-09
USR0005,Org-Delta-Team2,Org-Delta,2025-12-06,3,37,2025-10-09
USR0005,Org-Delta-Team2,Org-Delta,2025-12-07,6,38,2025-10-09
USR0005,Org-Delta-Team2,Org-Delta,2025-12-08,4,17,2025-10-09
USR0005,Org-Delta-Team2,Org-Delta,2025-12-09,4,20,2025-10-09
USR0005,Org-Delta-Team2,Org-Delta,2025-12-10,5,37,2025-10-09
USR0005,Org-Delta-Team2,Org-Delta,2025-12-12,3,25,2025-10-09
USR0005,Org-Delta-Team2,Org-Delta,2025-12-15,8,21,2025-10-09
USR0005,Org-Delta-Team2,Org-Delta,2025-12-16,6,30,2025-10-09
USR0005,Org-Delta-Team2,Org-Delta,2025-12-17,8,27,2025-10-09
USR0005,Org-Delta-Team2,Org-Delta,2025-12-19,1,27,2025-10-09
USR0005,Org-Delta-Team2,Org-Delta,2025-12-20,3,40,2025-10-09
USR0005,Org-Delta-Team2,Org-Delta,2025-12-23,6,9,2025-10-09
USR0005,Org-Delta-Team2,Org-Delta,2025-12-27,7,9,2025-10-09
USR0005,Org-Delta-Team2,Org-Delta,2025-12-28,1,30,2025-10-09
USR0005,Org-Delta-Team2,Org-Delta,2025-12-31,1,6,2025-10-09
USR0005,Org-Delta-Team2,Org-Delta,2026-01-01,2,22,2025-10-09
USR0005,Org-Delta-Team2,Org-Delta,2026-01-02,5,37,2025-10-09
USR0005,Org-Delta-Team2,Org-Delta,2026-01-03,6,4,2025-10-09
USR0005,Org-Delta-Team2,Org-Delta,2026-01-04,1,14,2025-10-09
USR0005,Org-Delta-Team2,Org-Delta,2026-01-05,8,9,2025-10-09
USR0005,Org-Delta-Team2,Org-Delta,2026-01-06,3,20,2025-10-09
USR0005,Org-Delta-Team2,Org-Delta,2026-01-12,2,1,2025-10-09
USR0005,Org-Delta-Team2,Org-Delta,2026-01-13,2,34,2025-10-09
USR0005,Org-Delta-Team2,Org-Delta,2026-01-14,4,7,2025-10-09
USR0005,Org-Delta-Team2,Org-Delta,2026-01-15,8,26,2025-10-09
USR0005,Org-Delta-Team2,Org-Delta,2026-01-16,2,20,2025-10-09
USR0005,Org-Delta-Team2,Org-Delta,2026-01-17,3,16,2025-10-09
USR0005,Org-Delta-Team2,Org-Delta,2026-01-19,8,40,2025-10-09
USR0005,Org-Delta-Team2,Org-Delta,2026-01-20,3,2,2025-10-09
USR0005,Org-Delta-Team2,Org-Delta,2026-01-21,4,11,2025-10-09
USR0005,Org-Delta-Team2,Org-Delta,2026-01-22,4,31,2025-10-09
USR0005,Org-Delta-Team2,Org-Delta,2026-01-23,5,7,2025-10-09
USR0005,Org-Delta-Team2,Org-Delta,2026-01-25,5,26,2025-10-09
USR0005,Org-Delta-Team2,Org-Delta,2026-01-26,2,30,2025-10-09
USR0005,Org-Delta-Team2,Org-Delta,2026-01-27,7,10,2025-10-09
USR0005,Org-Delta-Team2,Org-Delta,2026-01-28,8,8,2025-10-09
USR0005,Org-Delta-Team2,Org-Delta,2026-01-29,1,38,2025-10-09
USR0005,Org-Delta-Team2,Org-Delta,2026-01-30,8,3,2025-10-09
USR0005,Org-Delta-Team2,Org-Delta,2026-02-01,3,30,2025-10-09
USR0005,Org-Delta-Team2,Org-Delta,2026-02-03,1,11,2025-10-09
USR0005,Org-Delta-Team2,Org-Delta,2026-02-04,4,23,2025-10-09
USR0005,Org-Delta-Team2,Org-Delta,2026-02-06,2,12,2025-10-09
USR0005,Org-Delta-Team2,Org-Delta,2026-02-08,6,30,2025-10-09
USR0005,Org-Delta-Team2,Org-Delta,2026-02-11,5,26,2025-10-09
USR0005,Org-Delta-Team2,Org-Delta,2026-02-12,8,25,2025-10-09
USR0005,Org-Delta-Team2,Org-Delta,2026-02-15,5,9,2025-10-09
USR0005,Org-Delta-Team2,Org-Delta,2026-02-17,6,38,2025-10-09
USR0005,Org-Delta-Team2,Org-Delta,2026-02-19,1,2,2025-10-09
USR0005,Org-Delta-Team2,Org-Delta,2026-02-21,2,7,2025-10-09
USR0005,Org-Delta-Team2,Org-Delta,2026-02-22,8,21,2025-10-09
USR0005,Org-Delta-Team2,Org-Delta,2026-02-27,3,25,2025-10-09
USR0005,Org-Delta-Team2,Org-Delta,2026-03-01,2,4,2025-10-09
USR0005,Org-Delta-Team2,Org-Delta,2026-03-03,2,29,2025-10-09
USR0005,Org-Delta-Team2,Org-Delta,2026-03-08,8,25,2025-10-09
USR0005,Org-Delta-Team2,Org-Delta,2026-03-09,4,13,2025-10-09
USR0005,Org-Delta-Team2,Org-Delta,2026-03-10,8,19,2025-10-09
USR0005,Org-Delta-Team2,Org-Delta,2026-03-11,3,28,2025-10-09
USR0005,Org-Delta-Team2,Org-Delta,2026-03-14,1,7,2025-10-09
USR0005,Org-Delta-Team2,Org-Delta,2026-03-15,3,1,2025-10-09
USR0005,Org-Delta-Team2,Org-Delta,2026-03-16,7,37,2025-10-09
USR0005,Org-Delta-Team2,Org-Delta,2026-03-17,2,22,2025-10-09
USR0005,Org-Delta-Team2,Org-Delta,2026-03-18,8,13,2025-10-09
USR0005,Org-Delta-Team2,Org-Delta,2026-03-20,8,33,2025-10-09
USR0005,Org-Delta-Team2,Org-Delta,2026-03-21,3,5,2025-10-09
USR0005,Org-Delta-Team2,Org-Delta,2026-03-22,7,5,2025-10-09
USR0005,Org-Delta-Team2,Org-Delta,2026-03-23,3,34,2025-10-09
USR0005,Org-Delta-Team2,Org-Delta,2026-03-24,2,32,2025-10-09
USR0005,Org-Delta-Team2,Org-Delta,2026-03-25,6,2,2025-10-09
USR0005,Org-Delta-Team2,Org-Delta,2026-03-26,5,17,2025-10-09
USR0005,Org-Delta-Team2,Org-Delta,2026-03-27,6,5,2025-10-09
USR0005,Org-Delta-Team2,Org-Delta,2026-03-29,5,5,2025-10-09
USR0005,Org-Delta-Team2,Org-Delta,2026-03-30,4,34,2025-10-09
USR0006,Org-Beta-Team2,Org-Beta,2025-10-17,2,38,2025-10-17
USR0006,Org-Beta-Team2,Org-Beta,2025-10-18,5,2,2025-10-17
USR0006,Org-Beta-Team2,Org-Beta,2025-10-19,7,17,2025-10-17
USR0006,Org-Beta-Team2,Org-Beta,2025-10-20,1,9,2025-10-17
USR0006,Org-Beta-Team2,Org-Beta,2025-10-21,6,4,2025-10-17
USR0006,Org-Beta-Team2,Org-Beta,2025-10-22,2,37,2025-10-17
USR0007,Org-Epsilon-Team2,Org-Epsilon,2025-10-30,2,27,2025-10-29
USR0007,Org-Epsilon-Team2,Org-Epsilon,2025-10-31,2,36,2025-10-29
USR0007,Org-Epsilon-Team2,Org-Epsilon,2025-11-01,3,18,2025-10-29
USR0007,Org-Epsilon-Team2,Org-Epsilon,2025-11-03,8,33,2025-10-29
USR0007,Org-Epsilon-Team2,Org-Epsilon,2025-11-04,6,28,2025-10-29
USR0007,Org-Epsilon-Team2,Org-Epsilon,2025-11-05,4,2,2025-10-29
USR0008,Org-Gamma-Team1,Org-Gamma,2025-10-31,7,2,2025-10-30
USR0008,Org-Gamma-Team1,Org-Gamma,2025-11-01,1,25,2025-10-30
USR0008,Org-Gamma-Team1,Org-Gamma,2025-11-04,7,36,2025-10-30
USR0008,Org-Gamma-Team1,Org-Gamma,2025-11-05,8,8,2025-10-30
USR0009,Org-Alpha-Team4,Org-Alpha,2025-10-29,1,16,2025-10-29
USR0009,Org-Alpha-Team4,Org-Alpha,2025-10-30,1,15,2025-10-29
USR0009,Org-Alpha-Team4,Org-Alpha,2025-10-31,1,1,2025-10-29
USR0010,Org-Delta-Team3,Org-Delta,2025-10-28,1,9,2025-10-28
USR0010,Org-Delta-Team3,Org-Delta,2025-10-29,5,3,2025-10-28
USR0010,Org-Delta-Team3,Org-Delta,2025-10-30,4,19,2025-10-28
USR0010,Org-Delta-Team3,Org-Delta,2025-10-31,7,31,2025-10-28
USR0010,Org-Delta-Team3,Org-Delta,2025-11-03,4,32,2025-10-28
USR0011,Org-Delta-Team3,Org-Delta,2025-10-27,5,24,2025-10-27
USR0011,Org-Delta-Team3,Org-Delta,2025-10-29,4,34,2025-10-27
USR0011,Org-Delta-Team3,Org-Delta,2025-10-31,2,4,2025-10-27
USR0011,Org-Delta-Team3,Org-Delta,2025-11-01,7,40,2025-10-27
USR0011,Org-Delta-Team3,Org-Delta,2025-11-02,2,14,2025-10-27
USR0012,Org-Beta-Team2,Org-Beta,2025-10-27,4,8,2025-10-27
USR0012,Org-Beta-Team2,Org-Beta,2025-10-28,3,3,2025-10-27
USR0012,Org-Beta-Team2,Org-Beta,2025-11-01,2,2,2025-10-27
USR0012,Org-Beta-Team2,Org-Beta,2025-11-02,1,18,2025-10-27
USR0012,Org-Beta-Team2,Org-Beta,2025-11-03,7,20,2025-10-27
USR0012,Org-Beta-Team2,Org-Beta,2025-11-05,5,40,2025-10-27
USR0012,Org-Beta-Team2,Org-Beta,2025-11-06,1,25,2025-10-27
USR0012,Org-Beta-Team2,Org-Beta,2025-11-07,1,15,2025-10-27
USR0012,Org-Beta-Team2,Org-Beta,2025-11-08,3,28,2025-10-27
USR0012,Org-Beta-Team2,Org-Beta,2025-11-09,5,3,2025-10-27
USR0012,Org-Beta-Team2,Org-Beta,2025-11-10,6,2,2025-10-27
USR0012,Org-Beta-Team2,Org-Beta,2025-11-13,5,38,2025-10-27
USR0012,Org-Beta-Team2,Org-Beta,2025-11-14,1,22,2025-10-27
USR0012,Org-Beta-Team2,Org-Beta,2025-11-22,5,35,2025-10-27
USR0012,Org-Beta-Team2,Org-Beta,2025-11-23,5,11,2025-10-27
USR0012,Org-Beta-Team2,Org-Beta,2025-11-25,4,9,2025-10-27
USR0012,Org-Beta-Team2,Org-Beta,2025-11-27,5,6,2025-10-27
USR0012,Org-Beta-Team2,Org-Beta,2025-11-30,7,3,2025-10-27
USR0012,Org-Beta-Team2,Org-Beta,2025-12-02,5,39,2025-10-27
USR0012,Org-Beta-Team2,Org-Beta,2025-12-03,5,37,2025-10-27
USR0012,Org-Beta-Team2,Org-Beta,2025-12-07,1,29,2025-10-27
USR0012,Org-Beta-Team2,Org-Beta,2025-12-08,1,23,2025-10-27
USR0012,Org-Beta-Team2,Org-Beta,2025-12-09,4,27,2025-10-27
USR0012,Org-Beta-Team2,Org-Beta,2025-12-10,2,18,2025-10-27
USR0012,Org-Beta-Team2,Org-Beta,2025-12-12,2,29,2025-10-27
USR0012,Org-Beta-Team2,Org-Beta,2025-12-13,5,17,2025-10-27
USR0012,Org-Beta-Team2,Org-Beta,2025-12-15,3,10,2025-10-27
USR0012,Org-Beta-Team2,Org-Beta,2025-12-18,1,12,2025-10-27
USR0012,Org-Beta-Team2,Org-Beta,2025-12-21,1,36,2025-10-27
USR0012,Org-Beta-Team2,Org-Beta,2025-12-23,5,17,2025-10-27
USR0012,Org-Beta-Team2,Org-Beta,2025-12-24,6,35,2025-10-27
USR0012,Org-Beta-Team2,Org-Beta,2025-12-27,2,33,2025-10-27
USR0012,Org-Beta-Team2,Org-Beta,2025-12-28,2,16,2025-10-27
USR0012,Org-Beta-Team2,Org-Beta,2025-12-29,6,27,2025-10-27
USR0012,Org-Beta-Team2,Org-Beta,2025-12-30,7,19,2025-10-27
USR0012,Org-Beta-Team2,Org-Beta,2025-12-31,6,39,2025-10-27
USR0012,Org-Beta-Team2,Org-Beta,2026-01-02,7,24,2025-10-27
USR0012,Org-Beta-Team2,Org-Beta,2026-01-03,5,40,2025-10-27
USR0012,Org-Beta-Team2,Org-Beta,2026-01-04,6,3,2025-10-27
USR0012,Org-Beta-Team2,Org-Beta,2026-01-05,3,38,2025-10-27
USR0012,Org-Beta-Team2,Org-Beta,2026-01-06,4,21,2025-10-27
USR0012,Org-Beta-Team2,Org-Beta,2026-01-07,6,14,2025-10-27
USR0012,Org-Beta-Team2,Org-Beta,2026-01-08,1,10,2025-10-27
USR0012,Org-Beta-Team2,Org-Beta,2026-01-09,2,5,2025-10-27
USR0012,Org-Beta-Team2,Org-Beta,2026-01-12,7,35,2025-10-27
USR0012,Org-Beta-Team2,Org-Beta,2026-01-15,1,39,2025-10-27
USR0012,Org-Beta-Team2,Org-Beta,2026-01-16,8,21,2025-10-27
USR0012,Org-Beta-Team2,Org-Beta,2026-01-17,5,16,2025-10-27
USR0012,Org-Beta-Team2,Org-Beta,2026-01-18,6,15,2025-10-27
USR0012,Org-Beta-Team2,Org-Beta,2026-01-19,2,16,2025-10-27
USR0012,Org-Beta-Team2,Org-Beta,2026-01-20,7,24,2025-10-27
USR0012,Org-Beta-Team2,Org-Beta,2026-01-21,2,24,2025-10-27
USR0012,Org-Beta-Team2,Org-Beta,2026-01-24,7,15,2025-10-27
USR0012,Org-Beta-Team2,Org-Beta,2026-01-25,3,35,2025-10-27
USR0012,Org-Beta-Team2,Org-Beta,2026-01-26,7,38,2025-10-27
USR0012,Org-Beta-Team2,Org-Beta,2026-01-30,2,6,2025-10-27
USR0012,Org-Beta-Team2,Org-Beta,2026-01-31,3,37,2025-10-27
USR0012,Org-Beta-Team2,Org-Beta,2026-02-01,4,12,2025-10-27
USR0012,Org-Beta-Team2,Org-Beta,2026-02-03,2,27,2025-10-27
USR0012,Org-Beta-Team2,Org-Beta,2026-02-04,8,7,2025-10-27
USR0012,Org-Beta-Team2,Org-Beta,2026-02-05,1,28,2025-10-27
USR0012,Org-Beta-Team2,Org-Beta,2026-02-06,3,5,2025-10-27
USR0012,Org-Beta-Team2,Org-Beta,2026-02-07,7,28,2025-10-27
USR0012,Org-Beta-Team2,Org-Beta,2026-02-08,7,36,2025-10-27
USR0012,Org-Beta-Team2,Org-Beta,2026-02-09,5,8,2025-10-27
USR0012,Org-Beta-Team2,Org-Beta,2026-02-10,6,38,2025-10-27
USR0012,Org-Beta-Team2,Org-Beta,2026-02-12,1,5,2025-10-27
USR0012,Org-Beta-Team2,Org-Beta,2026-02-14,8,27,2025-10-27
USR0012,Org-Beta-Team2,Org-Beta,2026-02-17,8,9,2025-10-27
USR0012,Org-Beta-Team2,Org-Beta,2026-02-20,2,10,2025-10-27
USR0012,Org-Beta-Team2,Org-Beta,2026-02-22,6,30,2025-10-27
USR0012,Org-Beta-Team2,Org-Beta,2026-02-23,8,12,2025-10-27
USR0012,Org-Beta-Team2,Org-Beta,2026-02-24,5,7,2025-10-27
USR0012,Org-Beta-Team2,Org-Beta,2026-02-25,8,22,2025-10-27
USR0012,Org-Beta-Team2,Org-Beta,2026-02-26,7,19,2025-10-27
USR0012,Org-Beta-Team2,Org-Beta,2026-02-27,6,12,2025-10-27
USR0012,Org-Beta-Team2,Org-Beta,2026-03-01,4,28,2025-10-27
USR0012,Org-Beta-Team2,Org-Beta,2026-03-02,6,7,2025-10-27
USR0012,Org-Beta-Team2,Org-Beta,2026-03-03,3,8,2025-10-27
USR0012,Org-Beta-Team2,Org-Beta,2026-03-04,8,29,2025-10-27
USR0012,Org-Beta-Team2,Org-Beta,2026-03-05,3,19,2025-10-27
USR0012,Org-Beta-Team2,Org-Beta,2026-03-07,2,15,2025-10-27
USR0012,Org-Beta-Team2,Org-Beta,2026-03-09,4,36,2025-10-27
USR0012,Org-Beta-Team2,Org-Beta,2026-03-12,1,35,2025-10-27
USR0012,Org-Beta-Team2,Org-Beta,2026-03-13,4,1,2025-10-27
USR0012,Org-Beta-Team2,Org-Beta,2026-03-14,1,24,2025-10-27
USR0012,Org-Beta-Team2,Org-Beta,2026-03-15,7,29,2025-10-27
USR0012,Org-Beta-Team2,Org-Beta,2026-03-16,8,19,2025-10-27
USR0012,Org-Beta-Team2,Org-Beta,2026-03-20,7,32,2025-10-27
USR0012,Org-Beta-Team2,Org-Beta,2026-03-21,3,18,2025-10-27
USR0012,Org-Beta-Team2,Org-Beta,2026-03-23,6,6,2025-10-27
USR0012,Org-Beta-Team2,Org-Beta,2026-03-25,2,21,2025-10-27
USR0012,Org-Beta-Team2,Org-Beta,2026-03-26,6,18,2025-10-27
USR0012,Org-Beta-Team2,Org-Beta,2026-03-27,2,21,2025-10-27
USR0012,Org-Beta-Team2,Org-Beta,2026-03-29,2,34,2025-10-27
USR0012,Org-Beta-Team2,Org-Beta,2026-03-30,1,1,2025-10-27
USR0012,Org-Beta-Team2,Org-Beta,2026-03-31,7,15,2025-10-27
USR0013,Org-Beta-Team1,Org-Beta,2025-10-22,3,32,2025-10-22
USR0013,Org-Beta-Team1,Org-Beta,2025-10-23,4,6,2025-10-22
USR0014,Org-Gamma-Team4,Org-Gamma,2025-10-01,4,12,2025-10-01
USR0014,Org-Gamma-Team4,Org-Gamma,2025-10-02,5,40,2025-10-01
USR0014,Org-Gamma-Team4,Org-Gamma,2025-10-03,4,23,2025-10-01
USR0014,Org-Gamma-Team4,Org-Gamma,2025-10-04,3,20,2025-10-01
USR0015,Org-Delta-Team2,Org-Delta,2025-10-29,7,39,2025-10-29
USR0015,Org-Delta-Team2,Org-Delta,2025-10-30,8,19,2025-10-29
USR0015,Org-Delta-Team2,Org-Delta,2025-10-31,2,19,2025-10-29
USR0015,Org-Delta-Team2,Org-Delta,2025-11-01,8,21,2025-10-29
USR0015,Org-Delta-Team2,Org-Delta,2025-11-02,7,8,2025-10-29
USR0016,Org-Alpha-Team1,Org-Alpha,2025-10-07,7,9,2025-10-06
USR0016,Org-Alpha-Team1,Org-Alpha,2025-10-09,8,39,2025-10-06
USR0017,Org-Gamma-Team4,Org-Gamma,2025-10-14,4,27,2025-10-14
USR0017,Org-Gamma-Team4,Org-Gamma,2025-10-15,6,17,2025-10-14
USR0018,Org-Beta-Team3,Org-Beta,2025-10-23,5,4,2025-10-22
USR0018,Org-Beta-Team3,Org-Beta,2025-10-24,4,22,2025-10-22
USR0018,Org-Beta-Team3,Org-Beta,2025-10-26,8,27,2025-10-22
USR0019,Org-Alpha-Team4,Org-Alpha,2025-10-08,2,40,2025-10-08
USR0019,Org-Alpha-Team4,Org-Alpha,2025-10-10,1,2,2025-10-08
USR0020,Org-Beta-Team3,Org-Beta,2025-10-29,1,34,2025-10-26
USR0020,Org-Beta-Team3,Org-Beta,2025-10-30,4,11,2025-10-26
USR0020,Org-Beta-Team3,Org-Beta,2025-11-01,4,19,2025-10-26
USR0021,Org-Gamma-Team2,Org-Gamma,2025-10-30,4,1,2025-10-30
USR0021,Org-Gamma-Team2,Org-Gamma,2025-10-31,1,34,2025-10-30
USR0021,Org-Gamma-Team2,Org-Gamma,2025-11-01,7,32,2025-10-30
USR0021,Org-Gamma-Team2,Org-Gamma,2025-11-02,5,20,2025-10-30
USR0021,Org-Gamma-Team2,Org-Gamma,2025-11-03,4,3,2025-10-30
USR0022,Org-Alpha-Team2,Org-Alpha,2025-10-11,5,6,2025-10-09
USR0022,Org-Alpha-Team2,Org-Alpha,2025-10-12,7,2,2025-10-09
USR0022,Org-Alpha-Team2,Org-Alpha,2025-10-13,3,7,2025-10-09
USR0022,Org-Alpha-Team2,Org-Alpha,2025-10-16,5,21,2025-10-09
USR0023,Org-Beta-Team1,Org-Beta,2025-10-14,8,13,2025-10-14
USR0023,Org-Beta-Team1,Org-Beta,2025-10-15,8,25,2025-10-14
USR0024,Org-Delta-Team1,Org-Delta,2025-10-11,8,19,2025-10-10
USR0025,Org-Delta-Team2,Org-Delta,2025-10-18,8,26,2025-10-18
USR0025,Org-Delta-Team2,Org-Delta,2025-10-22,1,26,2025-10-18
USR0026,Org-Gamma-Team3,Org-Gamma,2025-10-25,2,20,2025-10-25
USR0026,Org-Gamma-Team3,Org-Gamma,2025-10-26,2,7,2025-10-25
USR0026,Org-Gamma-Team3,Org-Gamma,2025-10-27,4,32,2025-10-25
USR0026,Org-Gamma-Team3,Org-Gamma,2025-10-28,2,10,2025-10-25
USR0027,Org-Alpha-Team2,Org-Alpha,2025-10-13,4,4,2025-10-13
USR0027,Org-Alpha-Team2,Org-Alpha,2025-10-15,5,22,2025-10-13
USR0027,Org-Alpha-Team2,Org-Alpha,2025-10-17,7,1,2025-10-13
USR0028,Org-Beta-Team2,Org-Beta,2025-10-09,8,35,2025-10-09
USR0028,Org-Beta-Team2,Org-Beta,2025-10-10,4,21,2025-10-09
USR0028,Org-Beta-Team2,Org-Beta,2025-10-11,8,33,2025-10-09
USR0028,Org-Beta-Team2,Org-Beta,2025-10-12,2,7,2025-10-09
USR0028,Org-Beta-Team2,Org-Beta,2025-10-13,2,25,2025-10-09
USR0028,Org-Beta-Team2,Org-Beta,2025-10-14,1,11,2025-10-09
USR0028,Org-Beta-Team2,Org-Beta,2025-10-15,2,11,2025-10-09
USR0028,Org-Beta-Team2,Org-Beta,2025-10-16,2,3,2025-10-09
USR0029,Org-Beta-Team3,Org-Beta,2025-10-30,3,36,2025-10-29
USR0029,Org-Beta-Team3,Org-Beta,2025-10-31,1,19,2025-10-29
USR0030,Org-Delta-Team4,Org-Delta,2025-10-06,6,40,2025-10-04
USR0031,Org-Gamma-Team1,Org-Gamma,2025-10-19,4,40,2025-10-19
USR0031,Org-Gamma-Team1,Org-Gamma,2025-10-21,5,31,2025-10-19
USR0032,Org-Alpha-Team4,Org-Alpha,2025-10-18,8,1,2025-10-15
USR0033,Org-Delta-Team2,Org-Delta,2025-10-11,1,20,2025-10-11
USR0033,Org-Delta-Team2,Org-Delta,2025-10-13,2,35,2025-10-11
USR0034,Org-Delta-Team4,Org-Delta,2025-10-16,2,23,2025-10-15
USR0035,Org-Epsilon-Team2,Org-Epsilon,2025-10-21,1,13,2025-10-21
USR0035,Org-Epsilon-Team2,Org-Epsilon,2025-10-22,7,38,2025-10-21
USR0036,Org-Delta-Team4,Org-Delta,2025-10-13,4,5,2025-10-12
USR0036,Org-Delta-Team4,Org-Delta,2025-10-14,2,14,2025-10-12
USR0036,Org-Delta-Team4,Org-Delta,2025-10-15,5,37,2025-10-12
USR0036,Org-Delta-Team4,Org-Delta,2025-10-16,7,22,2025-10-12
USR0037,Org-Beta-Team1,Org-Beta,2025-10-24,1,15,2025-10-19
USR0038,Org-Gamma-Team3,Org-Gamma,2025-10-08,8,1,2025-10-07
USR0038,Org-Gamma-Team3,Org-Gamma,2025-10-09,1,9,2025-10-07
USR0038,Org-Gamma-Team3,Org-Gamma,2025-10-10,8,28,2025-10-07
USR0038,Org-Gamma-Team3,Org-Gamma,2025-10-12,2,16,2025-10-07
USR0038,Org-Gamma-Team3,Org-Gamma,2025-10-13,7,25,2025-10-07
USR0039,Org-Delta-Team1,Org-Delta,2025-10-12,2,39,2025-10-12
USR0040,Org-Epsilon-Team1,Org-Epsilon,2025-10-27,5,8,2025-10-27
USR0040,Org-Epsilon-Team1,Org-Epsilon,2025-10-28,7,23,2025-10-27
USR0040,Org-Epsilon-Team1,Org-Epsilon,2025-10-29,6,30,2025-10-27
USR0040,Org-Epsilon-Team1,Org-Epsilon,2025-10-31,7,14,2025-10-27
USR0041,Org-Delta-Team1,Org-Delta,2025-10-20,3,1,2025-10-20
USR0041,Org-Delta-Team1,Org-Delta,2025-10-21,6,34,2025-10-20
USR0041,Org-Delta-Team1,Org-Delta,2025-10-22,5,22,2025-10-20
USR0042,Org-Beta-Team1,Org-Beta,2025-10-05,1,39,2025-10-04
USR0042,Org-Beta-Team1,Org-Beta,2025-10-06,5,31,2025-10-04
USR0042,Org-Beta-Team1,Org-Beta,2025-10-07,5,18,2025-10-04
USR0042,Org-Beta-Team1,Org-Beta,2025-10-15,8,35,2025-10-04
USR0042,Org-Beta-Team1,Org-Beta,2025-10-17,1,40,2025-10-04
USR0042,Org-Beta-Team1,Org-Beta,2025-10-19,3,9,2025-10-04
USR0042,Org-Beta-Team1,Org-Beta,2025-10-20,2,4,2025-10-04
USR0042,Org-Beta-Team1,Org-Beta,2025-10-21,1,21,2025-10-04
USR0042,Org-Beta-Team1,Org-Beta,2025-10-22,5,13,2025-10-04
USR0042,Org-Beta-Team1,Org-Beta,2025-10-25,6,11,2025-10-04
USR0042,Org-Beta-Team1,Org-Beta,2025-10-27,6,34,2025-10-04
USR0042,Org-Beta-Team1,Org-Beta,2025-10-28,7,27,2025-10-04
USR0042,Org-Beta-Team1,Org-Beta,2025-10-31,3,18,2025-10-04
USR0042,Org-Beta-Team1,Org-Beta,2025-11-01,8,3,2025-10-04
USR0042,Org-Beta-Team1,Org-Beta,2025-11-02,4,33,2025-10-04
USR0042,Org-Beta-Team1,Org-Beta,2025-11-03,1,20,2025-10-04
USR0042,Org-Beta-Team1,Org-Beta,2025-11-04,6,8,2025-10-04
USR0042,Org-Beta-Team1,Org-Beta,2025-11-05,2,37,2025-10-04
USR0042,Org-Beta-Team1,Org-Beta,2025-11-07,2,12,2025-10-04
USR0042,Org-Beta-Team1,Org-Beta,2025-11-09,1,11,2025-10-04
USR0042,Org-Beta-Team1,Org-Beta,2025-11-11,6,30,2025-10-04
USR0042,Org-Beta-Team1,Org-Beta,2025-11-12,4,20,2025-10-04
USR0042,Org-Beta-Team1,Org-Beta,2025-11-16,3,20,2025-10-04
USR0042,Org-Beta-Team1,Org-Beta,2025-11-17,5,12,2025-10-04
USR0042,Org-Beta-Team1,Org-Beta,2025-11-18,6,27,2025-10-04
USR0042,Org-Beta-Team1,Org-Beta,2025-11-19,4,18,2025-10-04
USR0042,Org-Beta-Team1,Org-Beta,2025-11-21,5,17,2025-10-04
USR0042,Org-Beta-Team1,Org-Beta,2025-11-23,8,23,2025-10-04
USR0042,Org-Beta-Team1,Org-Beta,2025-11-24,6,34,2025-10-04
USR0042,Org-Beta-Team1,Org-Beta,2025-11-25,3,3,2025-10-04
USR0042,Org-Beta-Team1,Org-Beta,2025-11-27,3,35,2025-10-04
USR0042,Org-Beta-Team1,Org-Beta,2025-11-28,7,23,2025-10-04
USR0042,Org-Beta-Team1,Org-Beta,2025-12-01,6,33,2025-10-04
USR0042,Org-Beta-Team1,Org-Beta,2025-12-02,5,6,2025-10-04
USR0042,Org-Beta-Team1,Org-Beta,2025-12-03,4,17,2025-10-04
USR0042,Org-Beta-Team1,Org-Beta,2025-12-04,5,3,2025-10-04
USR0042,Org-Beta-Team1,Org-Beta,2025-12-06,3,31,2025-10-04
USR0042,Org-Beta-Team1,Org-Beta,2025-12-07,6,24,2025-10-04
USR0042,Org-Beta-Team1,Org-Beta,2025-12-08,1,21,2025-10-04
USR0042,Org-Beta-Team1,Org-Beta,2025-12-12,7,31,2025-10-04
USR0042,Org-Beta-Team1,Org-Beta,2025-12-13,2,12,2025-10-04
USR0042,Org-Beta-Team1,Org-Beta,2025-12-15,8,35,2025-10-04
USR0042,Org-Beta-Team1,Org-Beta,2025-12-16,1,29,2025-10-04
USR0042,Org-Beta-Team1,Org-Beta,2025-12-18,7,26,2025-10-04
USR0042,Org-Beta-Team1,Org-Beta,2025-12-19,4,17,2025-10-04
USR0042,Org-Beta-Team1,Org-Beta,2025-12-22,7,20,2025-10-04
USR0042,Org-Beta-Team1,Org-Beta,2025-12-23,4,33,2025-10-04
USR0042,Org-Beta-Team1,Org-Beta,2025-12-24,7,18,2025-10-04
USR0042,Org-Beta-Team1,Org-Beta,2025-12-26,1,11,2025-10-04
USR0042,Org-Beta-Team1,Org-Beta,2025-12-27,5,39,2025-10-04
USR0042,Org-Beta-Team1,Org-Beta,2025-12-30,3,9,2025-10-04
USR0042,Org-Beta-Team1,Org-Beta,2026-01-02,2,20,2025-10-04
USR0042,Org-Beta-Team1,Org-Beta,2026-01-04,6,30,2025-10-04
USR0042,Org-Beta-Team1,Org-Beta,2026-01-05,8,1,2025-10-04
USR0042,Org-Beta-Team1,Org-Beta,2026-01-07,3,20,2025-10-04
USR0042,Org-Beta-Team1,Org-Beta,2026-01-08,3,16,2025-10-04
USR0042,Org-Beta-Team1,Org-Beta,2026-01-10,4,10,2025-10-04
USR0042,Org-Beta-Team1,Org-Beta,2026-01-13,8,11,2025-10-04
USR0042,Org-Beta-Team1,Org-Beta,2026-01-14,8,36,2025-10-04
USR0042,Org-Beta-Team1,Org-Beta,2026-01-22,3,21,2025-10-04
USR0042,Org-Beta-Team1,Org-Beta,2026-01-24,6,19,2025-10-04
USR0042,Org-Beta-Team1,Org-Beta,2026-01-27,7,35,2025-10-04
USR0042,Org-Beta-Team1,Org-Beta,2026-01-28,8,38,2025-10-04
USR0042,Org-Beta-Team1,Org-Beta,2026-01-29,3,16,2025-10-04
USR0042,Org-Beta-Team1,Org-Beta,2026-01-30,6,33,2025-10-04
USR0042,Org-Beta-Team1,Org-Beta,2026-02-05,4,3,2025-10-04
USR0042,Org-Beta-Team1,Org-Beta,2026-02-06,7,6,2025-10-04
USR0042,Org-Beta-Team1,Org-Beta,2026-02-07,3,28,2025-10-04
USR0042,Org-Beta-Team1,Org-Beta,2026-02-08,5,25,2025-10-04
USR0042,Org-Beta-Team1,Org-Beta,2026-02-10,5,27,2025-10-04
USR0042,Org-Beta-Team1,Org-Beta,2026-02-11,7,34,2025-10-04
USR0042,Org-Beta-Team1,Org-Beta,2026-02-13,2,23,2025-10-04
USR0042,Org-Beta-Team1,Org-Beta,2026-02-15,7,1,2025-10-04
USR0042,Org-Beta-Team1,Org-Beta,2026-02-16,3,37,2025-10-04
USR0042,Org-Beta-Team1,Org-Beta,2026-02-17,8,1,2025-10-04
USR0042,Org-Beta-Team1,Org-Beta,2026-02-18,7,28,2025-10-04
USR0042,Org-Beta-Team1,Org-Beta,2026-02-20,5,8,2025-10-04
USR0042,Org-Beta-Team1,Org-Beta,2026-02-23,6,31,2025-10-04
USR0042,Org-Beta-Team1,Org-Beta,2026-02-27,3,28,2025-10-04
USR0042,Org-Beta-Team1,Org-Beta,2026-02-28,7,6,2025-10-04
USR0042,Org-Beta-Team1,Org-Beta,2026-03-01,6,38,2025-10-04
USR0042,Org-Beta-Team1,Org-Beta,2026-03-02,8,28,2025-10-04
USR0042,Org-Beta-Team1,Org-Beta,2026-03-03,5,3,2025-10-04
USR0042,Org-Beta-Team1,Org-Beta,2026-03-04,8,30,2025-10-04
USR0042,Org-Beta-Team1,Org-Beta,2026-03-05,6,17,2025-10-04
USR0042,Org-Beta-Team1,Org-Beta,2026-03-06,5,2,2025-10-04
USR0042,Org-Beta-Team1,Org-Beta,2026-03-07,3,19,2025-10-04
USR0042,Org-Beta-Team1,Org-Beta,2026-03-08,1,29,2025-10-04
USR0042,Org-Beta-Team1,Org-Beta,2026-03-09,1,39,2025-10-04
USR0042,Org-Beta-Team1,Org-Beta,2026-03-10,1,35,2025-10-04
USR0042,Org-Beta-Team1,Org-Beta,2026-03-12,2,35,2025-10-04
USR0042,Org-Beta-Team1,Org-Beta,2026-03-13,3,32,2025-10-04
USR0042,Org-Beta-Team1,Org-Beta,2026-03-14,5,23,2025-10-04
USR0042,Org-Beta-Team1,Org-Beta,2026-03-17,8,3,2025-10-04
USR0042,Org-Beta-Team1,Org-Beta,2026-03-18,6,3,2025-10-04
USR0042,Org-Beta-Team1,Org-Beta,2026-03-19,2,25,2025-10-04
USR0042,Org-Beta-Team1,Org-Beta,2026-03-20,2,22,2025-10-04
USR0042,Org-Beta-Team1,Org-Beta,2026-03-23,1,12,2025-10-04
USR0042,Org-Beta-Team1,Org-Beta,2026-03-25,2,28,2025-10-04
USR0042,Org-Beta-Team1,Org-Beta,2026-03-28,5,40,2025-10-04
USR0042,Org-Beta-Team1,Org-Beta,2026-03-29,4,4,2025-10-04
USR0042,Org-Beta-Team1,Org-Beta,2026-03-30,8,14,2025-10-04
USR0043,Org-Alpha-Team4,Org-Alpha,2025-10-15,1,39,2025-10-14
USR0043,Org-Alpha-Team4,Org-Alpha,2025-10-16,3,19,2025-10-14
USR0043,Org-Alpha-Team4,Org-Alpha,2025-10-17,7,14,2025-10-14
USR0043,Org-Alpha-Team4,Org-Alpha,2025-10-18,7,9,2025-10-14
USR0043,Org-Alpha-Team4,Org-Alpha,2025-10-19,8,39,2025-10-14
USR0044,Org-Alpha-Team4,Org-Alpha,2025-10-21,6,15,2025-10-21
USR0044,Org-Alpha-Team4,Org-Alpha,2025-10-22,5,39,2025-10-21
USR0045,Org-Alpha-Team1,Org-Alpha,2025-10-19,7,31,2025-10-19
USR0045,Org-Alpha-Team1,Org-Alpha,2025-10-21,6,21,2025-10-19
USR0045,Org-Alpha-Team1,Org-Alpha,2025-10-22,8,10,2025-10-19
USR0045,Org-Alpha-Team1,Org-Alpha,2025-10-23,8,14,2025-10-19
USR0045,Org-Alpha-Team1,Org-Alpha,2025-10-24,3,25,2025-10-19
USR0046,Org-Beta-Team1,Org-Beta,2025-10-12,6,6,2025-10-09
USR0046,Org-Beta-Team1,Org-Beta,2025-10-13,6,20,2025-10-09
USR0046,Org-Beta-Team1,Org-Beta,2025-10-14,6,29,2025-10-09
USR0047,Org-Beta-Team1,Org-Beta,2025-10-01,6,37,2025-10-01
USR0047,Org-Beta-Team1,Org-Beta,2025-10-02,1,19,2025-10-01
USR0047,Org-Beta-Team1,Org-Beta,2025-10-03,8,16,2025-10-01
USR0047,Org-Beta-Team1,Org-Beta,2025-10-04,3,25,2025-10-01
USR0048,Org-Gamma-Team4,Org-Gamma,2025-10-05,3,11,2025-10-04
USR0049,Org-Epsilon-Team1,Org-Epsilon,2025-10-24,6,14,2025-10-24
USR0049,Org-Epsilon-Team1,Org-Epsilon,2025-10-25,5,21,2025-10-24
USR0049,Org-Epsilon-Team1,Org-Epsilon,2025-11-01,7,15,2025-10-24
USR0049,Org-Epsilon-Team1,Org-Epsilon,2025-11-03,8,19,2025-10-24
USR0049,Org-Epsilon-Team1,Org-Epsilon,2025-11-05,3,26,2025-10-24
USR0049,Org-Epsilon-Team1,Org-Epsilon,2025-11-06,6,30,2025-10-24
USR0049,Org-Epsilon-Team1,Org-Epsilon,2025-11-09,7,27,2025-10-24
USR0049,Org-Epsilon-Team1,Org-Epsilon,2025-11-10,1,40,2025-10-24
USR0049,Org-Epsilon-Team1,Org-Epsilon,2025-11-11,2,39,2025-10-24
USR0049,Org-Epsilon-Team1,Org-Epsilon,2025-11-12,7,2,2025-10-24
USR0049,Org-Epsilon-Team1,Org-Epsilon,2025-11-13,4,11,2025-10-24
USR0049,Org-Epsilon-Team1,Org-Epsilon,2025-11-14,8,6,2025-10-24
USR0049,Org-Epsilon-Team1,Org-Epsilon,2025-11-16,7,36,2025-10-24
USR0049,Org-Epsilon-Team1,Org-Epsilon,2025-11-17,4,11,2025-10-24
USR0049,Org-Epsilon-Team1,Org-Epsilon,2025-11-18,4,12,2025-10-24
USR0049,Org-Epsilon-Team1,Org-Epsilon,2025-11-19,4,21,2025-10-24
USR0049,Org-Epsilon-Team1,Org-Epsilon,2025-11-20,2,2,2025-10-24
USR0049,Org-Epsilon-Team1,Org-Epsilon,2025-11-21,8,30,2025-10-24
USR0049,Org-Epsilon-Team1,Org-Epsilon,2025-11-22,8,16,2025-10-24
USR0049,Org-Epsilon-Team1,Org-Epsilon,2025-11-25,2,39,2025-10-24
USR0049,Org-Epsilon-Team1,Org-Epsilon,2025-11-29,2,1,2025-10-24
USR0049,Org-Epsilon-Team1,Org-Epsilon,2025-12-02,8,25,2025-10-24
USR0049,Org-Epsilon-Team1,Org-Epsilon,2025-12-03,7,17,2025-10-24
USR0049,Org-Epsilon-Team1,Org-Epsilon,2025-12-05,1,29,2025-10-24
USR0049,Org-Epsilon-Team1,Org-Epsilon,2025-12-06,1,19,2025-10-24
USR0049,Org-Epsilon-Team1,Org-Epsilon,2025-12-10,7,33,2025-10-24
USR0049,Org-Epsilon-Team1,Org-Epsilon,2025-12-12,2,7,2025-10-24
USR0049,Org-Epsilon-Team1,Org-Epsilon,2025-12-13,5,38,2025-10-24
USR0049,Org-Epsilon-Team1,Org-Epsilon,2025-12-15,3,24,2025-10-24
USR0049,Org-Epsilon-Team1,Org-Epsilon,2025-12-16,6,10,2025-10-24
USR0049,Org-Epsilon-Team1,Org-Epsilon,2025-12-19,2,22,2025-10-24
USR0049,Org-Epsilon-Team1,Org-Epsilon,2025-12-21,8,16,2025-10-24
USR0049,Org-Epsilon-Team1,Org-Epsilon,2025-12-23,8,22,2025-10-24
USR0049,Org-Epsilon-Team1,Org-Epsilon,2025-12-26,1,9,2025-10-24
USR0049,Org-Epsilon-Team1,Org-Epsilon,2025-12-27,5,2,2025-10-24
USR0049,Org-Epsilon-Team1,Org-Epsilon,2025-12-28,6,37,2025-10-24
USR0049,Org-Epsilon-Team1,Org-Epsilon,2025-12-29,5,20,2025-10-24
USR0049,Org-Epsilon-Team1,Org-Epsilon,2025-12-31,5,31,2025-10-24
USR0049,Org-Epsilon-Team1,Org-Epsilon,2026-01-03,3,10,2025-10-24
USR0049,Org-Epsilon-Team1,Org-Epsilon,2026-01-06,4,2,2025-10-24
USR0049,Org-Epsilon-Team1,Org-Epsilon,2026-01-08,3,38,2025-10-24
USR0049,Org-Epsilon-Team1,Org-Epsilon,2026-01-09,6,33,2025-10-24
USR0049,Org-Epsilon-Team1,Org-Epsilon,2026-01-12,3,23,2025-10-24
USR0049,Org-Epsilon-Team1,Org-Epsilon,2026-01-14,6,34,2025-10-24
USR0049,Org-Epsilon-Team1,Org-Epsilon,2026-01-15,8,11,2025-10-24
USR0049,Org-Epsilon-Team1,Org-Epsilon,2026-01-17,8,25,2025-10-24
USR0049,Org-Epsilon-Team1,Org-Epsilon,2026-01-18,2,22,2025-10-24
USR0049,Org-Epsilon-Team1,Org-Epsilon,2026-01-19,4,15,2025-10-24
USR0049,Org-Epsilon-Team1,Org-Epsilon,2026-01-20,2,13,2025-10-24
USR0049,Org-Epsilon-Team1,Org-Epsilon,2026-01-21,8,37,2025-10-24
USR0049,Org-Epsilon-Team1,Org-Epsilon,2026-01-27,4,13,2025-10-24
USR0049,Org-Epsilon-Team1,Org-Epsilon,2026-01-28,1,26,2025-10-24
USR0049,Org-Epsilon-Team1,Org-Epsilon,2026-01-31,5,36,2025-10-24
USR0049,Org-Epsilon-Team1,Org-Epsilon,2026-02-03,2,4,2025-10-24
USR0049,Org-Epsilon-Team1,Org-Epsilon,2026-02-04,4,16,2025-10-24
USR0049,Org-Epsilon-Team1,Org-Epsilon,2026-02-05,3,16,2025-10-24
USR0049,Org-Epsilon-Team1,Org-Epsilon,2026-02-06,8,12,2025-10-24
USR0049,Org-Epsilon-Team1,Org-Epsilon,2026-02-07,5,36,2025-10-24
USR0049,Org-Epsilon-Team1,Org-Epsilon,2026-02-08,4,5,2025-10-24
USR0049,Org-Epsilon-Team1,Org-Epsilon,2026-02-10,5,4,2025-10-24
USR0049,Org-Epsilon-Team1,Org-Epsilon,2026-02-11,4,38,2025-10-24
USR0049,Org-Epsilon-Team1,Org-Epsilon,2026-02-13,2,35,2025-10-24
USR0049,Org-Epsilon-Team1,Org-Epsilon,2026-02-15,2,13,2025-10-24
USR0049,Org-Epsilon-Team1,Org-Epsilon,2026-02-16,8,6,2025-10-24
USR0049,Org-Epsilon-Team1,Org-Epsilon,2026-02-17,2,35,2025-10-24
USR0049,Org-Epsilon-Team1,Org-Epsilon,2026-02-18,8,20,2025-10-24
USR0049,Org-Epsilon-Team1,Org-Epsilon,2026-02-19,7,8,2025-10-24
USR0049,Org-Epsilon-Team1,Org-Epsilon,2026-02-21,4,38,2025-10-24
USR0049,Org-Epsilon-Team1,Org-Epsilon,2026-02-24,1,17,2025-10-24
USR0049,Org-Epsilon-Team1,Org-Epsilon,2026-02-27,3,22,2025-10-24
USR0049,Org-Epsilon-Team1,Org-Epsilon,2026-02-28,5,20,2025-10-24
USR0049,Org-Epsilon-Team1,Org-Epsilon,2026-03-01,4,22,2025-10-24
USR0049,Org-Epsilon-Team1,Org-Epsilon,2026-03-02,5,29,2025-10-24
USR0049,Org-Epsilon-Team1,Org-Epsilon,2026-03-03,3,32,2025-10-24
USR0049,Org-Epsilon-Team1,Org-Epsilon,2026-03-04,8,32,2025-10-24
USR0049,Org-Epsilon-Team1,Org-Epsilon,2026-03-05,2,28,2025-10-24
USR0049,Org-Epsilon-Team1,Org-Epsilon,2026-03-07,8,22,2025-10-24
USR0049,Org-Epsilon-Team1,Org-Epsilon,2026-03-09,3,13,2025-10-24
USR0049,Org-Epsilon-Team1,Org-Epsilon,2026-03-12,5,21,2025-10-24
USR0049,Org-Epsilon-Team1,Org-Epsilon,2026-03-14,5,40,2025-10-24
USR0049,Org-Epsilon-Team1,Org-Epsilon,2026-03-15,3,21,2025-10-24
USR0049,Org-Epsilon-Team1,Org-Epsilon,2026-03-16,7,11,2025-10-24
USR0049,Org-Epsilon-Team1,Org-Epsilon,2026-03-19,8,39,2025-10-24
USR0049,Org-Epsilon-Team1,Org-Epsilon,2026-03-22,5,31,2025-10-24
USR0049,Org-Epsilon-Team1,Org-Epsilon,2026-03-25,5,22,2025-10-24
USR0049,Org-Epsilon-Team1,Org-Epsilon,2026-03-28,5,28,2025-10-24
USR0049,Org-Epsilon-Team1,Org-Epsilon,2026-03-29,7,1,2025-10-24
USR0049,Org-Epsilon-Team1,Org-Epsilon,2026-03-31,7,23,2025-10-24
USR0050,Org-Alpha-Team1,Org-Alpha,2025-10-23,4,14,2025-10-21
USR0050,Org-Alpha-Team1,Org-Alpha,2025-10-25,6,2,2025-10-21
USR0050,Org-Alpha-Team1,Org-Alpha,2025-10-26,7,21,2025-10-21
USR0050,Org-Alpha-Team1,Org-Alpha,2025-10-27,4,14,2025-10-21
USR0050,Org-Alpha-Team1,Org-Alpha,2025-10-29,5,7,2025-10-21
USR0050,Org-Alpha-Team1,Org-Alpha,2025-10-30,3,21,2025-10-21
USR0050,Org-Alpha-Team1,Org-Alpha,2025-11-02,1,25,2025-10-21
USR0050,Org-Alpha-Team1,Org-Alpha,2025-11-05,5,39,2025-10-21
USR0050,Org-Alpha-Team1,Org-Alpha,2025-11-06,1,7,2025-10-21
USR0050,Org-Alpha-Team1,Org-Alpha,2025-11-07,6,18,2025-10-21
USR0050,Org-Alpha-Team1,Org-Alpha,2025-11-08,8,19,2025-10-21
USR0050,Org-Alpha-Team1,Org-Alpha,2025-11-09,3,5,2025-10-21
USR0050,Org-Alpha-Team1,Org-Alpha,2025-11-10,7,10,2025-10-21
USR0050,Org-Alpha-Team1,Org-Alpha,2025-11-12,4,36,2025-10-21
USR0050,Org-Alpha-Team1,Org-Alpha,2025-11-13,4,21,2025-10-21
USR0050,Org-Alpha-Team1,Org-Alpha,2025-11-14,5,36,2025-10-21
USR0050,Org-Alpha-Team1,Org-Alpha,2025-11-15,5,2,2025-10-21
USR0050,Org-Alpha-Team1,Org-Alpha,2025-11-16,2,21,2025-10-21
USR0050,Org-Alpha-Team1,Org-Alpha,2025-11-18,8,14,2025-10-21
USR0050,Org-Alpha-Team1,Org-Alpha,2025-11-19,8,15,2025-10-21
USR0050,Org-Alpha-Team1,Org-Alpha,2025-11-20,6,13,2025-10-21
USR0050,Org-Alpha-Team1,Org-Alpha,2025-11-23,1,9,2025-10-21
USR0050,Org-Alpha-Team1,Org-Alpha,2025-11-24,7,28,2025-10-21
USR0050,Org-Alpha-Team1,Org-Alpha,2025-11-25,8,4,2025-10-21
USR0050,Org-Alpha-Team1,Org-Alpha,2025-11-27,6,2,2025-10-21
USR0050,Org-Alpha-Team1,Org-Alpha,2025-11-28,1,33,2025-10-21
USR0050,Org-Alpha-Team1,Org-Alpha,2025-11-30,8,19,2025-10-21
USR0050,Org-Alpha-Team1,Org-Alpha,2025-12-01,2,5,2025-10-21
USR0050,Org-Alpha-Team1,Org-Alpha,2025-12-02,2,35,2025-10-21
USR0050,Org-Alpha-Team1,Org-Alpha,2025-12-03,2,37,2025-10-21
USR0050,Org-Alpha-Team1,Org-Alpha,2025-12-09,5,30,2025-10-21
USR0050,Org-Alpha-Team1,Org-Alpha,2025-12-10,3,22,2025-10-21
USR0050,Org-Alpha-Team1,Org-Alpha,2025-12-11,6,30,2025-10-21
USR0050,Org-Alpha-Team1,Org-Alpha,2025-12-12,7,2,2025-10-21
USR0050,Org-Alpha-Team1,Org-Alpha,2025-12-13,5,1,2025-10-21
USR0050,Org-Alpha-Team1,Org-Alpha,2025-12-15,1,15,2025-10-21
USR0050,Org-Alpha-Team1,Org-Alpha,2025-12-16,3,17,2025-10-21
USR0050,Org-Alpha-Team1,Org-Alpha,2025-12-18,6,35,2025-10-21
USR0050,Org-Alpha-Team1,Org-Alpha,2025-12-19,4,37,2025-10-21
USR0050,Org-Alpha-Team1,Org-Alpha,2025-12-23,4,10,2025-10-21
USR0050,Org-Alpha-Team1,Org-Alpha,2025-12-24,3,7,2025-10-21
USR0050,Org-Alpha-Team1,Org-Alpha,2025-12-25,1,9,2025-10-21
USR0050,Org-Alpha-Team1,Org-Alpha,2025-12-26,2,21,2025-10-21
USR0050,Org-Alpha-Team1,Org-Alpha,2025-12-30,3,28,2025-10-21
USR0050,Org-Alpha-Team1,Org-Alpha,2026-01-01,4,23,2025-10-21
USR0050,Org-Alpha-Team1,Org-Alpha,2026-01-02,8,8,2025-10-21
USR0050,Org-Alpha-Team1,Org-Alpha,2026-01-04,8,14,2025-10-21
USR0050,Org-Alpha-Team1,Org-Alpha,2026-01-05,8,29,2025-10-21
USR0050,Org-Alpha-Team1,Org-Alpha,2026-01-06,4,25,2025-10-21
USR0050,Org-Alpha-Team1,Org-Alpha,2026-01-07,2,6,2025-10-21
USR0050,Org-Alpha-Team1,Org-Alpha,2026-01-09,2,11,2025-10-21
USR0050,Org-Alpha-Team1,Org-Alpha,2026-01-11,8,39,2025-10-21
USR0050,Org-Alpha-Team1,Org-Alpha,2026-01-12,6,27,2025-10-21
USR0050,Org-Alpha-Team1,Org-Alpha,2026-01-13,2,33,2025-10-21
USR0050,Org-Alpha-Team1,Org-Alpha,2026-01-14,5,33,2025-10-21
USR0050,Org-Alpha-Team1,Org-Alpha,2026-01-15,8,2,2025-10-21
USR0050,Org-Alpha-Team1,Org-Alpha,2026-01-16,7,26,2025-10-21
USR0050,Org-Alpha-Team1,Org-Alpha,2026-01-18,6,20,2025-10-21
USR0050,Org-Alpha-Team1,Org-Alpha,2026-01-20,5,15,2025-10-21
USR0050,Org-Alpha-Team1,Org-Alpha,2026-01-22,7,31,2025-10-21
USR0050,Org-Alpha-Team1,Org-Alpha,2026-01-23,5,21,2025-10-21
USR0050,Org-Alpha-Team1,Org-Alpha,2026-01-24,4,12,2025-10-21
USR0050,Org-Alpha-Team1,Org-Alpha,2026-01-25,3,34,2025-10-21
USR0050,Org-Alpha-Team1,Org-Alpha,2026-01-26,8,3,2025-10-21
USR0050,Org-Alpha-Team1,Org-Alpha,2026-01-27,4,19,2025-10-21
USR0050,Org-Alpha-Team1,Org-Alpha,2026-01-28,7,11,2025-10-21
USR0050,Org-Alpha-Team1,Org-Alpha,2026-01-29,3,34,2025-10-21
USR0050,Org-Alpha-Team1,Org-Alpha,2026-02-02,2,11,2025-10-21
USR0050,Org-Alpha-Team1,Org-Alpha,2026-02-03,4,20,2025-10-21
USR0050,Org-Alpha-Team1,Org-Alpha,2026-02-04,6,17,2025-10-21
USR0050,Org-Alpha-Team1,Org-Alpha,2026-02-06,1,22,2025-10-21
USR0050,Org-Alpha-Team1,Org-Alpha,2026-02-07,8,3,2025-10-21
USR0050,Org-Alpha-Team1,Org-Alpha,2026-02-09,7,3,2025-10-21
USR0050,Org-Alpha-Team1,Org-Alpha,2026-02-10,3,11,2025-10-21
USR0050,Org-Alpha-Team1,Org-Alpha,2026-02-11,6,15,2025-10-21
USR0050,Org-Alpha-Team1,Org-Alpha,2026-02-12,2,8,2025-10-21
USR0050,Org-Alpha-Team1,Org-Alpha,2026-02-14,7,35,2025-10-21
USR0050,Org-Alpha-Team1,Org-Alpha,2026-02-15,1,20,2025-10-21
USR0050,Org-Alpha-Team1,Org-Alpha,2026-02-16,5,9,2025-10-21
USR0050,Org-Alpha-Team1,Org-Alpha,2026-02-17,6,40,2025-10-21
USR0050,Org-Alpha-Team1,Org-Alpha,2026-02-19,8,37,2025-10-21
USR0050,Org-Alpha-Team1,Org-Alpha,2026-02-20,4,33,2025-10-21
USR0050,Org-Alpha-Team1,Org-Alpha,2026-02-21,3,15,2025-10-21
USR0050,Org-Alpha-Team1,Org-Alpha,2026-02-25,2,16,2025-10-21
USR0050,Org-Alpha-Team1,Org-Alpha,2026-02-26,3,20,2025-10-21
USR0050,Org-Alpha-Team1,Org-Alpha,2026-02-27,8,38,2025-10-21
USR0050,Org-Alpha-Team1,Org-Alpha,2026-02-28,5,9,2025-10-21
USR0050,Org-Alpha-Team1,Org-Alpha,2026-03-01,6,10,2025-10-21
USR0050,Org-Alpha-Team1,Org-Alpha,2026-03-02,1,25,2025-10-21
USR0050,Org-Alpha-Team1,Org-Alpha,2026-03-06,1,16,2025-10-21
USR0050,Org-Alpha-Team1,Org-Alpha,2026-03-07,6,1,2025-10-21
USR0050,Org-Alpha-Team1,Org-Alpha,2026-03-08,8,23,2025-10-21
USR0050,Org-Alpha-Team1,Org-Alpha,2026-03-09,7,29,2025-10-21
USR0050,Org-Alpha-Team1,Org-Alpha,2026-03-11,5,35,2025-10-21
USR0050,Org-Alpha-Team1,Org-Alpha,2026-03-12,5,33,2025-10-21
USR0050,Org-Alpha-Team1,Org-Alpha,2026-03-14,3,17,2025-10-21
USR0050,Org-Alpha-Team1,Org-Alpha,2026-03-15,8,36,2025-10-21
USR0050,Org-Alpha-Team1,Org-Alpha,2026-03-16,2,22,2025-10-21
USR0050,Org-Alpha-Team1,Org-Alpha,2026-03-18,6,28,2025-10-21
USR0050,Org-Alpha-Team1,Org-Alpha,2026-03-21,4,30,2025-10-21
USR0050,Org-Alpha-Team1,Org-Alpha,2026-03-23,5,9,2025-10-21
USR0050,Org-Alpha-Team1,Org-Alpha,2026-03-25,7,36,2025-10-21
USR0050,Org-Alpha-Team1,Org-Alpha,2026-03-27,3,26,2025-10-21
USR0050,Org-Alpha-Team1,Org-Alpha,2026-03-30,3,15,2025-10-21
USR0051,Org-Beta-Team4,Org-Beta,2025-10-07,3,37,2025-10-07
USR0051,Org-Beta-Team4,Org-Beta,2025-10-09,6,35,2025-10-07
USR0051,Org-Beta-Team4,Org-Beta,2025-10-10,3,24,2025-10-07
USR0052,Org-Alpha-Team2,Org-Alpha,2025-10-08,3,35,2025-10-06
USR0053,Org-Gamma-Team3,Org-Gamma,2025-10-31,4,18,2025-10-31
USR0053,Org-Gamma-Team3,Org-Gamma,2025-11-01,7,19,2025-10-31
USR0053,Org-Gamma-Team3,Org-Gamma,2025-11-02,7,31,2025-10-31
USR0053,Org-Gamma-Team3,Org-Gamma,2025-11-03,3,20,2025-10-31
USR0053,Org-Gamma-Team3,Org-Gamma,2025-11-04,5,36,2025-10-31
USR0053,Org-Gamma-Team3,Org-Gamma,2025-11-06,2,4,2025-10-31
USR0053,Org-Gamma-Team3,Org-Gamma,2025-11-08,8,11,2025-10-31
USR0053,Org-Gamma-Team3,Org-Gamma,2025-11-12,3,27,2025-10-31
USR0053,Org-Gamma-Team3,Org-Gamma,2025-11-13,4,16,2025-10-31
USR0053,Org-Gamma-Team3,Org-Gamma,2025-11-15,5,9,2025-10-31
USR0053,Org-Gamma-Team3,Org-Gamma,2025-11-17,3,14,2025-10-31
USR0053,Org-Gamma-Team3,Org-Gamma,2025-11-18,5,21,2025-10-31
USR0053,Org-Gamma-Team3,Org-Gamma,2025-11-19,2,34,2025-10-31
USR0053,Org-Gamma-Team3,Org-Gamma,2025-11-20,2,39,2025-10-31
USR0053,Org-Gamma-Team3,Org-Gamma,2025-11-21,8,20,2025-10-31
USR0053,Org-Gamma-Team3,Org-Gamma,2025-11-23,8,10,2025-10-31
USR0053,Org-Gamma-Team3,Org-Gamma,2025-11-24,6,18,2025-10-31
USR0053,Org-Gamma-Team3,Org-Gamma,2025-11-26,5,8,2025-10-31
USR0053,Org-Gamma-Team3,Org-Gamma,2025-11-28,3,32,2025-10-31
USR0053,Org-Gamma-Team3,Org-Gamma,2025-11-30,2,6,2025-10-31
USR0053,Org-Gamma-Team3,Org-Gamma,2025-12-03,6,16,2025-10-31
USR0053,Org-Gamma-Team3,Org-Gamma,2025-12-08,2,18,2025-10-31
USR0053,Org-Gamma-Team3,Org-Gamma,2025-12-13,5,23,2025-10-31
USR0053,Org-Gamma-Team3,Org-Gamma,2025-12-14,2,32,2025-10-31
USR0053,Org-Gamma-Team3,Org-Gamma,2025-12-15,8,15,2025-10-31
USR0053,Org-Gamma-Team3,Org-Gamma,2025-12-16,5,7,2025-10-31
USR0053,Org-Gamma-Team3,Org-Gamma,2025-12-19,7,39,2025-10-31
USR0053,Org-Gamma-Team3,Org-Gamma,2025-12-20,7,3,2025-10-31
USR0053,Org-Gamma-Team3,Org-Gamma,2025-12-22,2,37,2025-10-31
USR0053,Org-Gamma-Team3,Org-Gamma,2025-12-23,4,24,2025-10-31
USR0053,Org-Gamma-Team3,Org-Gamma,2025-12-24,7,26,2025-10-31
USR0053,Org-Gamma-Team3,Org-Gamma,2025-12-26,8,30,2025-10-31
USR0053,Org-Gamma-Team3,Org-Gamma,2025-12-27,1,26,2025-10-31
USR0053,Org-Gamma-Team3,Org-Gamma,2026-01-01,3,2,2025-10-31
USR0053,Org-Gamma-Team3,Org-Gamma,2026-01-03,5,27,2025-10-31
USR0053,Org-Gamma-Team3,Org-Gamma,2026-01-07,6,23,2025-10-31
USR0053,Org-Gamma-Team3,Org-Gamma,2026-01-09,8,4,2025-10-31
USR0053,Org-Gamma-Team3,Org-Gamma,2026-01-10,5,11,2025-10-31
USR0053,Org-Gamma-Team3,Org-Gamma,2026-01-11,6,26,2025-10-31
USR0053,Org-Gamma-Team3,Org-Gamma,2026-01-14,8,6,2025-10-31
USR0053,Org-Gamma-Team3,Org-Gamma,2026-01-15,4,21,2025-10-31
USR0053,Org-Gamma-Team3,Org-Gamma,2026-01-17,2,26,2025-10-31
USR0053,Org-Gamma-Team3,Org-Gamma,2026-01-18,8,12,2025-10-31
USR0053,Org-Gamma-Team3,Org-Gamma,2026-01-20,8,23,2025-10-31
USR0053,Org-Gamma-Team3,Org-Gamma,2026-01-21,8,24,2025-10-31
USR0053,Org-Gamma-Team3,Org-Gamma,2026-01-24,2,13,2025-10-31
USR0053,Org-Gamma-Team3,Org-Gamma,2026-01-25,5,36,2025-10-31
USR0053,Org-Gamma-Team3,Org-Gamma,2026-01-26,7,40,2025-10-31
USR0053,Org-Gamma-Team3,Org-Gamma,2026-01-28,2,39,2025-10-31
USR0053,Org-Gamma-Team3,Org-Gamma,2026-02-01,6,35,2025-10-31
USR0053,Org-Gamma-Team3,Org-Gamma,2026-02-02,3,25,2025-10-31
USR0053,Org-Gamma-Team3,Org-Gamma,2026-02-03,5,40,2025-10-31
USR0053,Org-Gamma-Team3,Org-Gamma,2026-02-04,2,21,2025-10-31
USR0053,Org-Gamma-Team3,Org-Gamma,2026-02-06,1,16,2025-10-31
USR0053,Org-Gamma-Team3,Org-Gamma,2026-02-07,5,2,2025-10-31
USR0053,Org-Gamma-Team3,Org-Gamma,2026-02-08,4,16,2025-10-31
USR0053,Org-Gamma-Team3,Org-Gamma,2026-02-10,4,10,2025-10-31
USR0053,Org-Gamma-Team3,Org-Gamma,2026-02-11,4,2,2025-10-31
USR0053,Org-Gamma-Team3,Org-Gamma,2026-02-13,8,27,2025-10-31
USR0053,Org-Gamma-Team3,Org-Gamma,2026-02-14,4,27,2025-10-31
USR0053,Org-Gamma-Team3,Org-Gamma,2026-02-15,7,37,2025-10-31
USR0053,Org-Gamma-Team3,Org-Gamma,2026-02-22,6,24,2025-10-31
USR0053,Org-Gamma-Team3,Org-Gamma,2026-02-25,6,5,2025-10-31
USR0053,Org-Gamma-Team3,Org-Gamma,2026-02-27,4,35,2025-10-31
USR0053,Org-Gamma-Team3,Org-Gamma,2026-02-28,2,33,2025-10-31
USR0053,Org-Gamma-Team3,Org-Gamma,2026-03-02,2,39,2025-10-31
USR0053,Org-Gamma-Team3,Org-Gamma,2026-03-03,6,36,2025-10-31
USR0053,Org-Gamma-Team3,Org-Gamma,2026-03-05,5,37,2025-10-31
USR0053,Org-Gamma-Team3,Org-Gamma,2026-03-07,8,32,2025-10-31
USR0053,Org-Gamma-Team3,Org-Gamma,2026-03-08,2,11,2025-10-31
USR0053,Org-Gamma-Team3,Org-Gamma,2026-03-09,8,36,2025-10-31
USR0053,Org-Gamma-Team3,Org-Gamma,2026-03-12,3,5,2025-10-31
USR0053,Org-Gamma-Team3,Org-Gamma,2026-03-14,5,37,2025-10-31
USR0053,Org-Gamma-Team3,Org-Gamma,2026-03-15,1,39,2025-10-31
USR0053,Org-Gamma-Team3,Org-Gamma,2026-03-16,3,26,2025-10-31
USR0053,Org-Gamma-Team3,Org-Gamma,2026-03-17,8,20,2025-10-31
USR0053,Org-Gamma-Team3,Org-Gamma,2026-03-18,5,22,2025-10-31
USR0053,Org-Gamma-Team3,Org-Gamma,2026-03-19,7,10,2025-10-31
USR0053,Org-Gamma-Team3,Org-Gamma,2026-03-22,1,40,2025-10-31
USR0053,Org-Gamma-Team3,Org-Gamma,2026-03-23,6,38,2025-10-31
USR0053,Org-Gamma-Team3,Org-Gamma,2026-03-24,2,40,2025-10-31
USR0053,Org-Gamma-Team3,Org-Gamma,2026-03-25,7,11,2025-10-31
USR0053,Org-Gamma-Team3,Org-Gamma,2026-03-27,3,12,2025-10-31
USR0053,Org-Gamma-Team3,Org-Gamma,2026-03-28,8,8,2025-10-31
USR0053,Org-Gamma-Team3,Org-Gamma,2026-03-29,2,26,2025-10-31
USR0053,Org-Gamma-Team3,Org-Gamma,2026-03-30,7,27,2025-10-31
USR0053,Org-Gamma-Team3,Org-Gamma,2026-03-31,8,9,2025-10-31
USR0054,Org-Delta-Team2,Org-Delta,2025-10-28,3,28,2025-10-28
USR0055,Org-Epsilon-Team4,Org-Epsilon,2025-10-16,4,23,2025-10-16
USR0055,Org-Epsilon-Team4,Org-Epsilon,2025-10-19,2,34,2025-10-16
USR0056,Org-Alpha-Team1,Org-Alpha,2025-10-09,1,24,2025-10-09
USR0056,Org-Alpha-Team1,Org-Alpha,2025-10-10,1,34,2025-10-09
USR0056,Org-Alpha-Team1,Org-Alpha,2025-10-11,6,25,2025-10-09
USR0056,Org-Alpha-Team1,Org-Alpha,2025-10-12,6,5,2025-10-09
USR0056,Org-Alpha-Team1,Org-Alpha,2025-10-14,8,12,2025-10-09
USR0057,Org-Delta-Team2,Org-Delta,2025-10-18,3,39,2025-10-18
USR0057,Org-Delta-Team2,Org-Delta,2025-10-19,3,29,2025-10-18
USR0058,Org-Delta-Team4,Org-Delta,2025-10-07,1,35,2025-10-06
USR0058,Org-Delta-Team4,Org-Delta,2025-10-10,5,19,2025-10-06
USR0058,Org-Delta-Team4,Org-Delta,2025-10-11,3,38,2025-10-06
USR0058,Org-Delta-Team4,Org-Delta,2025-10-12,2,32,2025-10-06
USR0058,Org-Delta-Team4,Org-Delta,2025-10-13,3,40,2025-10-06
USR0059,Org-Gamma-Team2,Org-Gamma,2025-10-31,7,29,2025-10-30
USR0059,Org-Gamma-Team2,Org-Gamma,2025-11-03,4,24,2025-10-30
USR0060,Org-Gamma-Team2,Org-Gamma,2025-10-05,7,3,2025-10-05
USR0060,Org-Gamma-Team2,Org-Gamma,2025-10-06,8,38,2025-10-05
USR0060,Org-Gamma-Team2,Org-Gamma,2025-10-07,2,21,2025-10-05
USR0060,Org-Gamma-Team2,Org-Gamma,2025-10-09,7,35,2025-10-05
USR0060,Org-Gamma-Team2,Org-Gamma,2025-10-11,3,29,2025-10-05
USR0061,Org-Delta-Team4,Org-Delta,2025-10-10,7,25,2025-10-10
USR0061,Org-Delta-Team4,Org-Delta,2025-10-11,1,32,2025-10-10
USR0061,Org-Delta-Team4,Org-Delta,2025-10-12,8,40,2025-10-10
USR0061,Org-Delta-Team4,Org-Delta,2025-10-13,8,19,2025-10-10
USR0061,Org-Delta-Team4,Org-Delta,2025-10-16,1,13,2025-10-10
USR0061,Org-Delta-Team4,Org-Delta,2025-10-18,3,21,2025-10-10
USR0061,Org-Delta-Team4,Org-Delta,2025-10-20,1,20,2025-10-10
USR0061,Org-Delta-Team4,Org-Delta,2025-10-21,6,35,2025-10-10
USR0061,Org-Delta-Team4,Org-Delta,2025-10-22,7,33,2025-10-10
USR0061,Org-Delta-Team4,Org-Delta,2025-10-23,3,33,2025-10-10
USR0061,Org-Delta-Team4,Org-Delta,2025-10-24,1,14,2025-10-10
USR0061,Org-Delta-Team4,Org-Delta,2025-10-25,3,15,2025-10-10
USR0061,Org-Delta-Team4,Org-Delta,2025-10-27,4,32,2025-10-10
USR0061,Org-Delta-Team4,Org-Delta,2025-10-28,1,3,2025-10-10
USR0061,Org-Delta-Team4,Org-Delta,2025-10-30,2,19,2025-10-10
USR0061,Org-Delta-Team4,Org-Delta,2025-10-31,4,22,2025-10-10
USR0061,Org-Delta-Team4,Org-Delta,2025-11-04,7,3,2025-10-10
USR0061,Org-Delta-Team4,Org-Delta,2025-11-05,4,40,2025-10-10
USR0061,Org-Delta-Team4,Org-Delta,2025-11-08,5,14,2025-10-10
USR0061,Org-Delta-Team4,Org-Delta,2025-11-12,1,27,2025-10-10
USR0061,Org-Delta-Team4,Org-Delta,2025-11-14,4,32,2025-10-10
USR0061,Org-Delta-Team4,Org-Delta,2025-11-15,1,26,2025-10-10
USR0061,Org-Delta-Team4,Org-Delta,2025-11-16,8,9,2025-10-10
USR0061,Org-Delta-Team4,Org-Delta,2025-11-18,2,8,2025-10-10
USR0061,Org-Delta-Team4,Org-Delta,2025-11-19,8,5,2025-10-10
USR0061,Org-Delta-Team4,Org-Delta,2025-11-20,6,11,2025-10-10
USR0061,Org-Delta-Team4,Org-Delta,2025-11-22,7,19,2025-10-10
USR0061,Org-Delta-Team4,Org-Delta,2025-11-23,5,37,2025-10-10
USR0061,Org-Delta-Team4,Org-Delta,2025-11-24,2,26,2025-10-10
USR0061,Org-Delta-Team4,Org-Delta,2025-11-28,8,13,2025-10-10
USR0061,Org-Delta-Team4,Org-Delta,2025-11-29,1,31,2025-10-10
USR0061,Org-Delta-Team4,Org-Delta,2025-11-30,2,15,2025-10-10
USR0061,Org-Delta-Team4,Org-Delta,2025-12-01,7,12,2025-10-10
USR0061,Org-Delta-Team4,Org-Delta,2025-12-02,2,16,2025-10-10
USR0061,Org-Delta-Team4,Org-Delta,2025-12-03,6,29,2025-10-10
USR0061,Org-Delta-Team4,Org-Delta,2025-12-05,1,33,2025-10-10
USR0061,Org-Delta-Team4,Org-Delta,2025-12-07,4,21,2025-10-10
USR0061,Org-Delta-Team4,Org-Delta,2025-12-08,1,10,2025-10-10
USR0061,Org-Delta-Team4,Org-Delta,2025-12-09,5,12,2025-10-10
USR0061,Org-Delta-Team4,Org-Delta,2025-12-10,4,4,2025-10-10
USR0061,Org-Delta-Team4,Org-Delta,2025-12-11,3,19,2025-10-10
USR0061,Org-Delta-Team4,Org-Delta,2025-12-12,4,12,2025-10-10
USR0061,Org-Delta-Team4,Org-Delta,2025-12-14,8,2,2025-10-10
USR0061,Org-Delta-Team4,Org-Delta,2025-12-16,4,39,2025-10-10
USR0061,Org-Delta-Team4,Org-Delta,2025-12-17,3,10,2025-10-10
USR0061,Org-Delta-Team4,Org-Delta,2025-12-18,6,4,2025-10-10
USR0061,Org-Delta-Team4,Org-Delta,2025-12-19,2,27,2025-10-10
USR0061,Org-Delta-Team4,Org-Delta,2025-12-20,1,40,2025-10-10
USR0061,Org-Delta-Team4,Org-Delta,2025-12-23,1,10,2025-10-10
USR0061,Org-Delta-Team4,Org-Delta,2025-12-26,1,37,2025-10-10
USR0061,Org-Delta-Team4,Org-Delta,2025-12-27,7,37,2025-10-10
USR0061,Org-Delta-Team4,Org-Delta,2025-12-28,4,3,2025-10-10
USR0061,Org-Delta-Team4,Org-Delta,2025-12-29,2,2,2025-10-10
USR0061,Org-Delta-Team4,Org-Delta,2026-01-03,7,29,2025-10-10
USR0061,Org-Delta-Team4,Org-Delta,2026-01-05,8,40,2025-10-10
USR0061,Org-Delta-Team4,Org-Delta,2026-01-06,8,31,2025-10-10
USR0061,Org-Delta-Team4,Org-Delta,2026-01-08,6,15,2025-10-10
USR0061,Org-Delta-Team4,Org-Delta,2026-01-09,3,25,2025-10-10
USR0061,Org-Delta-Team4,Org-Delta,2026-01-12,1,28,2025-10-10
USR0061,Org-Delta-Team4,Org-Delta,2026-01-14,8,27,2025-10-10
USR0061,Org-Delta-Team4,Org-Delta,2026-01-16,4,26,2025-10-10
USR0061,Org-Delta-Team4,Org-Delta,2026-01-17,6,14,2025-10-10
USR0061,Org-Delta-Team4,Org-Delta,2026-01-19,7,30,2025-10-10
USR0061,Org-Delta-Team4,Org-Delta,2026-01-21,7,30,2025-10-10
USR0061,Org-Delta-Team4,Org-Delta,2026-01-22,6,26,2025-10-10
USR0061,Org-Delta-Team4,Org-Delta,2026-01-23,4,16,2025-10-10
USR0061,Org-Delta-Team4,Org-Delta,2026-01-24,4,37,2025-10-10
USR0061,Org-Delta-Team4,Org-Delta,2026-01-25,6,30,2025-10-10
USR0061,Org-Delta-Team4,Org-Delta,2026-01-26,7,24,2025-10-10
USR0061,Org-Delta-Team4,Org-Delta,2026-01-28,3,31,2025-10-10
USR0061,Org-Delta-Team4,Org-Delta,2026-01-29,8,20,2025-10-10
USR0061,Org-Delta-Team4,Org-Delta,2026-02-02,4,14,2025-10-10
USR0061,Org-Delta-Team4,Org-Delta,2026-02-03,3,25,2025-10-10
USR0061,Org-Delta-Team4,Org-Delta,2026-02-05,8,2,2025-10-10
USR0061,Org-Delta-Team4,Org-Delta,2026-02-07,3,18,2025-10-10
USR0061,Org-Delta-Team4,Org-Delta,2026-02-12,4,10,2025-10-10
USR0061,Org-Delta-Team4,Org-Delta,2026-02-13,8,16,2025-10-10
USR0061,Org-Delta-Team4,Org-Delta,2026-02-15,8,21,2025-10-10
USR0061,Org-Delta-Team4,Org-Delta,2026-02-18,1,7,2025-10-10
USR0061,Org-Delta-Team4,Org-Delta,2026-02-20,1,4,2025-10-10
USR0061,Org-Delta-Team4,Org-Delta,2026-02-21,2,21,2025-10-10
USR0061,Org-Delta-Team4,Org-Delta,2026-02-23,3,14,2025-10-10
USR0061,Org-Delta-Team4,Org-Delta,2026-02-24,2,24,2025-10-10
USR0061,Org-Delta-Team4,Org-Delta,2026-02-26,8,31,2025-10-10
USR0061,Org-Delta-Team4,Org-Delta,2026-02-27,3,19,2025-10-10
USR0061,Org-Delta-Team4,Org-Delta,2026-02-28,3,10,2025-10-10
USR0061,Org-Delta-Team4,Org-Delta,2026-03-01,2,35,2025-10-10
USR0061,Org-Delta-Team4,Org-Delta,2026-03-03,8,18,2025-10-10
USR0061,Org-Delta-Team4,Org-Delta,2026-03-08,8,7,2025-10-10
USR0061,Org-Delta-Team4,Org-Delta,2026-03-10,7,31,2025-10-10
USR0061,Org-Delta-Team4,Org-Delta,2026-03-11,3,2,2025-10-10
USR0061,Org-Delta-Team4,Org-Delta,2026-03-12,6,29,2025-10-10
USR0061,Org-Delta-Team4,Org-Delta,2026-03-13,3,29,2025-10-10
USR0061,Org-Delta-Team4,Org-Delta,2026-03-17,6,6,2025-10-10
USR0061,Org-Delta-Team4,Org-Delta,2026-03-19,3,40,2025-10-10
USR0061,Org-Delta-Team4,Org-Delta,2026-03-20,7,10,2025-10-10
USR0061,Org-Delta-Team4,Org-Delta,2026-03-21,4,21,2025-10-10
USR0061,Org-Delta-Team4,Org-Delta,2026-03-22,2,23,2025-10-10
USR0061,Org-Delta-Team4,Org-Delta,2026-03-25,7,11,2025-10-10
USR0061,Org-Delta-Team4,Org-Delta,2026-03-26,5,13,2025-10-10
USR0061,Org-Delta-Team4,Org-Delta,2026-03-27,1,32,2025-10-10
USR0061,Org-Delta-Team4,Org-Delta,2026-03-28,3,4,2025-10-10
USR0061,Org-Delta-Team4,Org-Delta,2026-03-31,7,22,2025-10-10
USR0062,Org-Alpha-Team3,Org-Alpha,2025-10-04,1,9,2025-10-02
USR0062,Org-Alpha-Team3,Org-Alpha,2025-10-07,1,20,2025-10-02
USR0062,Org-Alpha-Team3,Org-Alpha,2025-10-08,8,25,2025-10-02
USR0062,Org-Alpha-Team3,Org-Alpha,2025-10-09,5,25,2025-10-02
USR0063,Org-Delta-Team2,Org-Delta,2025-10-13,6,9,2025-10-11
USR0063,Org-Delta-Team2,Org-Delta,2025-10-16,8,19,2025-10-11
USR0064,Org-Beta-Team4,Org-Beta,2025-10-10,6,33,2025-10-09
USR0064,Org-Beta-Team4,Org-Beta,2025-10-12,3,7,2025-10-09
USR0064,Org-Beta-Team4,Org-Beta,2025-10-13,3,24,2025-10-09
USR0065,Org-Epsilon-Team4,Org-Epsilon,2025-10-03,2,5,2025-10-03
USR0065,Org-Epsilon-Team4,Org-Epsilon,2025-10-04,1,22,2025-10-03
USR0065,Org-Epsilon-Team4,Org-Epsilon,2025-10-07,8,22,2025-10-03
USR0065,Org-Epsilon-Team4,Org-Epsilon,2025-10-09,2,4,2025-10-03
USR0066,Org-Beta-Team1,Org-Beta,2025-10-08,2,1,2025-10-07
USR0066,Org-Beta-Team1,Org-Beta,2025-10-09,4,14,2025-10-07
USR0066,Org-Beta-Team1,Org-Beta,2025-10-10,2,25,2025-10-07
USR0066,Org-Beta-Team1,Org-Beta,2025-10-11,4,31,2025-10-07
USR0066,Org-Beta-Team1,Org-Beta,2025-10-14,3,31,2025-10-07
USR0066,Org-Beta-Team1,Org-Beta,2025-10-15,1,29,2025-10-07
USR0066,Org-Beta-Team1,Org-Beta,2025-10-16,1,6,2025-10-07
USR0066,Org-Beta-Team1,Org-Beta,2025-10-17,4,17,2025-10-07
USR0066,Org-Beta-Team1,Org-Beta,2025-10-18,4,8,2025-10-07
USR0066,Org-Beta-Team1,Org-Beta,2025-10-20,3,21,2025-10-07
USR0066,Org-Beta-Team1,Org-Beta,2025-10-22,7,38,2025-10-07
USR0066,Org-Beta-Team1,Org-Beta,2025-10-23,7,33,2025-10-07
USR0066,Org-Beta-Team1,Org-Beta,2025-10-25,5,23,2025-10-07
USR0066,Org-Beta-Team1,Org-Beta,2025-10-27,5,19,2025-10-07
USR0066,Org-Beta-Team1,Org-Beta,2025-10-29,2,32,2025-10-07
USR0066,Org-Beta-Team1,Org-Beta,2025-10-30,1,40,2025-10-07
USR0066,Org-Beta-Team1,Org-Beta,2025-11-01,8,1,2025-10-07
USR0066,Org-Beta-Team1,Org-Beta,2025-11-04,6,39,2025-10-07
USR0066,Org-Beta-Team1,Org-Beta,2025-11-06,5,21,2025-10-07
USR0066,Org-Beta-Team1,Org-Beta,2025-11-07,8,24,2025-10-07
USR0066,Org-Beta-Team1,Org-Beta,2025-11-08,8,21,2025-10-07
USR0066,Org-Beta-Team1,Org-Beta,2025-11-09,4,15,2025-10-07
USR0066,Org-Beta-Team1,Org-Beta,2025-11-10,1,23,2025-10-07
USR0066,Org-Beta-Team1,Org-Beta,2025-11-11,8,21,2025-10-07
USR0066,Org-Beta-Team1,Org-Beta,2025-11-15,8,29,2025-10-07
USR0066,Org-Beta-Team1,Org-Beta,2025-11-16,7,27,2025-10-07
USR0066,Org-Beta-Team1,Org-Beta,2025-11-20,3,26,2025-10-07
USR0066,Org-Beta-Team1,Org-Beta,2025-11-21,7,12,2025-10-07
USR0066,Org-Beta-Team1,Org-Beta,2025-11-22,3,14,2025-10-07
USR0066,Org-Beta-Team1,Org-Beta,2025-11-23,7,31,2025-10-07
USR0066,Org-Beta-Team1,Org-Beta,2025-11-24,6,13,2025-10-07
USR0066,Org-Beta-Team1,Org-Beta,2025-11-25,7,11,2025-10-07
USR0066,Org-Beta-Team1,Org-Beta,2025-11-26,5,15,2025-10-07
USR0066,Org-Beta-Team1,Org-Beta,2025-11-27,8,28,2025-10-07
USR0066,Org-Beta-Team1,Org-Beta,2025-11-28,3,32,2025-10-07
USR0066,Org-Beta-Team1,Org-Beta,2025-11-30,2,5,2025-10-07
USR0066,Org-Beta-Team1,Org-Beta,2025-12-04,8,14,2025-10-07
USR0066,Org-Beta-Team1,Org-Beta,2025-12-05,1,20,2025-10-07
USR0066,Org-Beta-Team1,Org-Beta,2025-12-07,5,40,2025-10-07
USR0066,Org-Beta-Team1,Org-Beta,2025-12-08,2,39,2025-10-07
USR0066,Org-Beta-Team1,Org-Beta,2025-12-09,5,22,2025-10-07
USR0066,Org-Beta-Team1,Org-Beta,2025-12-13,8,5,2025-10-07
USR0066,Org-Beta-Team1,Org-Beta,2025-12-14,6,27,2025-10-07
USR0066,Org-Beta-Team1,Org-Beta,2025-12-15,6,15,2025-10-07
USR0066,Org-Beta-Team1,Org-Beta,2025-12-20,5,36,2025-10-07
USR0066,Org-Beta-Team1,Org-Beta,2025-12-21,6,13,2025-10-07
USR0066,Org-Beta-Team1,Org-Beta,2025-12-25,4,38,2025-10-07
USR0066,Org-Beta-Team1,Org-Beta,2025-12-28,8,2,2025-10-07
USR0066,Org-Beta-Team1,Org-Beta,2025-12-29,2,25,2025-10-07
USR0066,Org-Beta-Team1,Org-Beta,2026-01-01,8,30,2025-10-07
USR0066,Org-Beta-Team1,Org-Beta,2026-01-05,8,25,2025-10-07
USR0066,Org-Beta-Team1,Org-Beta,2026-01-08,3,24,2025-10-07
USR0066,Org-Beta-Team1,Org-Beta,2026-01-10,4,15,2025-10-07
USR0066,Org-Beta-Team1,Org-Beta,2026-01-12,8,36,2025-10-07
USR0066,Org-Beta-Team1,Org-Beta,2026-01-13,5,21,2025-10-07
USR0066,Org-Beta-Team1,Org-Beta,2026-01-14,6,39,2025-10-07
USR0066,Org-Beta-Team1,Org-Beta,2026-01-16,4,39,2025-10-07
USR0066,Org-Beta-Team1,Org-Beta,2026-01-18,1,13,2025-10-07
USR0066,Org-Beta-Team1,Org-Beta,2026-01-19,5,16,2025-10-07
USR0066,Org-Beta-Team1,Org-Beta,2026-01-21,1,20,2025-10-07
USR0066,Org-Beta-Team1,Org-Beta,2026-01-22,3,19,2025-10-07
USR0066,Org-Beta-Team1,Org-Beta,2026-01-23,7,6,2025-10-07
USR0066,Org-Beta-Team1,Org-Beta,2026-01-24,3,29,2025-10-07
USR0066,Org-Beta-Team1,Org-Beta,2026-01-26,8,21,2025-10-07
USR0066,Org-Beta-Team1,Org-Beta,2026-01-27,5,30,2025-10-07
USR0066,Org-Beta-Team1,Org-Beta,2026-01-28,8,19,2025-10-07
USR0066,Org-Beta-Team1,Org-Beta,2026-01-29,3,21,2025-10-07
USR0066,Org-Beta-Team1,Org-Beta,2026-01-31,6,36,2025-10-07
USR0066,Org-Beta-Team1,Org-Beta,2026-02-01,3,21,2025-10-07
USR0066,Org-Beta-Team1,Org-Beta,2026-02-03,1,28,2025-10-07
USR0066,Org-Beta-Team1,Org-Beta,2026-02-05,6,40,2025-10-07
USR0066,Org-Beta-Team1,Org-Beta,2026-02-07,5,21,2025-10-07
USR0066,Org-Beta-Team1,Org-Beta,2026-02-08,1,33,2025-10-07
USR0066,Org-Beta-Team1,Org-Beta,2026-02-09,3,32,2025-10-07
USR0066,Org-Beta-Team1,Org-Beta,2026-02-10,2,9,2025-10-07
USR0066,Org-Beta-Team1,Org-Beta,2026-02-11,3,16,2025-10-07
USR0066,Org-Beta-Team1,Org-Beta,2026-02-12,6,23,2025-10-07
USR0066,Org-Beta-Team1,Org-Beta,2026-02-13,7,22,2025-10-07
USR0066,Org-Beta-Team1,Org-Beta,2026-02-15,1,34,2025-10-07
USR0066,Org-Beta-Team1,Org-Beta,2026-02-16,7,10,2025-10-07
USR0066,Org-Beta-Team1,Org-Beta,2026-02-17,2,14,2025-10-07
USR0066,Org-Beta-Team1,Org-Beta,2026-02-18,2,17,2025-10-07
USR0066,Org-Beta-Team1,Org-Beta,2026-02-19,1,36,2025-10-07
USR0066,Org-Beta-Team1,Org-Beta,2026-02-20,4,31,2025-10-07
USR0066,Org-Beta-Team1,Org-Beta,2026-02-21,4,15,2025-10-07
USR0066,Org-Beta-Team1,Org-Beta,2026-02-24,6,21,2025-10-07
USR0066,Org-Beta-Team1,Org-Beta,2026-02-25,7,2,2025-10-07
USR0066,Org-Beta-Team1,Org-Beta,2026-02-26,5,32,2025-10-07
USR0066,Org-Beta-Team1,Org-Beta,2026-02-27,7,36,2025-10-07
USR0066,Org-Beta-Team1,Org-Beta,2026-02-28,4,38,2025-10-07
USR0066,Org-Beta-Team1,Org-Beta,2026-03-01,4,38,2025-10-07
USR0066,Org-Beta-Team1,Org-Beta,2026-03-02,6,6,2025-10-07
USR0066,Org-Beta-Team1,Org-Beta,2026-03-03,6,33,2025-10-07
USR0066,Org-Beta-Team1,Org-Beta,2026-03-05,4,10,2025-10-07
USR0066,Org-Beta-Team1,Org-Beta,2026-03-06,5,18,2025-10-07
USR0066,Org-Beta-Team1,Org-Beta,2026-03-07,7,11,2025-10-07
USR0066,Org-Beta-Team1,Org-Beta,2026-03-10,4,21,2025-10-07
USR0066,Org-Beta-Team1,Org-Beta,2026-03-12,5,29,2025-10-07
USR0066,Org-Beta-Team1,Org-Beta,2026-03-13,7,14,2025-10-07
USR0066,Org-Beta-Team1,Org-Beta,2026-03-14,1,25,2025-10-07
USR0066,Org-Beta-Team1,Org-Beta,2026-03-18,5,14,2025-10-07
USR0066,Org-Beta-Team1,Org-Beta,2026-03-21,1,15,2025-10-07
USR0066,Org-Beta-Team1,Org-Beta,2026-03-22,5,14,2025-10-07
USR0066,Org-Beta-Team1,Org-Beta,2026-03-23,5,1,2025-10-07
USR0066,Org-Beta-Team1,Org-Beta,2026-03-24,3,22,2025-10-07
USR0066,Org-Beta-Team1,Org-Beta,2026-03-25,7,21,2025-10-07
USR0066,Org-Beta-Team1,Org-Beta,2026-03-26,7,39,2025-10-07
USR0066,Org-Beta-Team1,Org-Beta,2026-03-29,5,16,2025-10-07
USR0066,Org-Beta-Team1,Org-Beta,2026-03-30,2,1,2025-10-07
USR0068,Org-Beta-Team2,Org-Beta,2025-10-10,3,7,2025-10-10
USR0068,Org-Beta-Team2,Org-Beta,2025-10-11,4,13,2025-10-10
USR0068,Org-Beta-Team2,Org-Beta,2025-10-14,5,27,2025-10-10
USR0068,Org-Beta-Team2,Org-Beta,2025-10-16,1,8,2025-10-10
USR0069,Org-Beta-Team4,Org-Beta,2025-10-13,1,31,2025-10-10
USR0069,Org-Beta-Team4,Org-Beta,2025-10-14,2,6,2025-10-10
USR0070,Org-Gamma-Team1,Org-Gamma,2025-10-26,1,37,2025-10-24
USR0070,Org-Gamma-Team1,Org-Gamma,2025-10-27,3,14,2025-10-24
USR0070,Org-Gamma-Team1,Org-Gamma,2025-10-28,7,2,2025-10-24
USR0070,Org-Gamma-Team1,Org-Gamma,2025-10-29,7,30,2025-10-24
USR0070,Org-Gamma-Team1,Org-Gamma,2025-10-30,1,37,2025-10-24
USR0071,Org-Alpha-Team4,Org-Alpha,2025-10-25,5,2,2025-10-22
USR0071,Org-Alpha-Team4,Org-Alpha,2025-10-28,8,1,2025-10-22
USR0072,Org-Gamma-Team1,Org-Gamma,2025-10-03,8,15,2025-10-02
USR0072,Org-Gamma-Team1,Org-Gamma,2025-10-06,2,39,2025-10-02
USR0072,Org-Gamma-Team1,Org-Gamma,2025-10-07,8,35,2025-10-02
USR0072,Org-Gamma-Team1,Org-Gamma,2025-10-08,6,36,2025-10-02
USR0072,Org-Gamma-Team1,Org-Gamma,2025-10-09,6,23,2025-10-02
USR0072,Org-Gamma-Team1,Org-Gamma,2025-10-10,7,24,2025-10-02
USR0072,Org-Gamma-Team1,Org-Gamma,2025-10-11,6,19,2025-10-02
USR0072,Org-Gamma-Team1,Org-Gamma,2025-10-12,8,35,2025-10-02
USR0072,Org-Gamma-Team1,Org-Gamma,2025-10-13,7,6,2025-10-02
USR0072,Org-Gamma-Team1,Org-Gamma,2025-10-16,6,30,2025-10-02
USR0072,Org-Gamma-Team1,Org-Gamma,2025-10-17,3,3,2025-10-02
USR0072,Org-Gamma-Team1,Org-Gamma,2025-10-18,3,39,2025-10-02
USR0072,Org-Gamma-Team1,Org-Gamma,2025-10-19,3,37,2025-10-02
USR0072,Org-Gamma-Team1,Org-Gamma,2025-10-20,4,26,2025-10-02
USR0072,Org-Gamma-Team1,Org-Gamma,2025-10-21,7,8,2025-10-02
USR0072,Org-Gamma-Team1,Org-Gamma,2025-10-23,2,37,2025-10-02
USR0072,Org-Gamma-Team1,Org-Gamma,2025-10-24,3,15,2025-10-02
USR0072,Org-Gamma-Team1,Org-Gamma,2025-10-27,6,24,2025-10-02
USR0072,Org-Gamma-Team1,Org-Gamma,2025-10-28,7,34,2025-10-02
USR0072,Org-Gamma-Team1,Org-Gamma,2025-10-30,6,27,2025-10-02
USR0072,Org-Gamma-Team1,Org-Gamma,2025-11-02,8,10,2025-10-02
USR0072,Org-Gamma-Team1,Org-Gamma,2025-11-05,1,33,2025-10-02
USR0072,Org-Gamma-Team1,Org-Gamma,2025-11-07,2,20,2025-10-02
USR0072,Org-Gamma-Team1,Org-Gamma,2025-11-08,7,20,2025-10-02
USR0072,Org-Gamma-Team1,Org-Gamma,2025-11-10,2,13,2025-10-02
USR0072,Org-Gamma-Team1,Org-Gamma,2025-11-11,1,19,2025-10-02
USR0072,Org-Gamma-Team1,Org-Gamma,2025-11-12,3,5,2025-10-02
USR0072,Org-Gamma-Team1,Org-Gamma,2025-11-13,8,8,2025-10-02
USR0072,Org-Gamma-Team1,Org-Gamma,2025-11-14,6,26,2025-10-02
USR0072,Org-Gamma-Team1,Org-Gamma,2025-11-15,5,22,2025-10-02
USR0072,Org-Gamma-Team1,Org-Gamma,2025-11-16,4,20,2025-10-02
USR0072,Org-Gamma-Team1,Org-Gamma,2025-11-17,8,40,2025-10-02
USR0072,Org-Gamma-Team1,Org-Gamma,2025-11-18,8,3,2025-10-02
USR0072,Org-Gamma-Team1,Org-Gamma,2025-11-19,6,2,2025-10-02
USR0072,Org-Gamma-Team1,Org-Gamma,2025-11-20,8,25,2025-10-02
USR0072,Org-Gamma-Team1,Org-Gamma,2025-11-23,6,32,2025-10-02
USR0072,Org-Gamma-Team1,Org-Gamma,2025-11-25,8,6,2025-10-02
USR0072,Org-Gamma-Team1,Org-Gamma,2025-11-26,2,6,2025-10-02
USR0072,Org-Gamma-Team1,Org-Gamma,2025-11-27,2,30,2025-10-02
USR0072,Org-Gamma-Team1,Org-Gamma,2025-11-28,6,16,2025-10-02
USR0072,Org-Gamma-Team1,Org-Gamma,2025-11-30,6,20,2025-10-02
USR0072,Org-Gamma-Team1,Org-Gamma,2025-12-01,8,14,2025-10-02
USR0072,Org-Gamma-Team1,Org-Gamma,2025-12-03,3,38,2025-10-02
USR0072,Org-Gamma-Team1,Org-Gamma,2025-12-07,3,30,2025-10-02
USR0072,Org-Gamma-Team1,Org-Gamma,2025-12-08,7,35,2025-10-02
USR0072,Org-Gamma-Team1,Org-Gamma,2025-12-10,2,34,2025-10-02
USR0072,Org-Gamma-Team1,Org-Gamma,2025-12-11,8,19,2025-10-02
USR0072,Org-Gamma-Team1,Org-Gamma,2025-12-13,6,28,2025-10-02
USR0072,Org-Gamma-Team1,Org-Gamma,2025-12-14,3,5,2025-10-02
USR0072,Org-Gamma-Team1,Org-Gamma,2025-12-15,8,16,2025-10-02
USR0072,Org-Gamma-Team1,Org-Gamma,2025-12-16,3,25,2025-10-02
USR0072,Org-Gamma-Team1,Org-Gamma,2025-12-17,3,15,2025-10-02
USR0072,Org-Gamma-Team1,Org-Gamma,2025-12-18,8,15,2025-10-02
USR0072,Org-Gamma-Team1,Org-Gamma,2025-12-22,3,9,2025-10-02
USR0072,Org-Gamma-Team1,Org-Gamma,2025-12-23,1,29,2025-10-02
USR0072,Org-Gamma-Team1,Org-Gamma,2025-12-24,7,2,2025-10-02
USR0072,Org-Gamma-Team1,Org-Gamma,2025-12-27,2,27,2025-10-02
USR0072,Org-Gamma-Team1,Org-Gamma,2025-12-28,5,28,2025-10-02
USR0072,Org-Gamma-Team1,Org-Gamma,2025-12-29,7,5,2025-10-02
USR0072,Org-Gamma-Team1,Org-Gamma,2025-12-30,5,23,2025-10-02
USR0072,Org-Gamma-Team1,Org-Gamma,2025-12-31,4,9,2025-10-02
USR0072,Org-Gamma-Team1,Org-Gamma,2026-01-01,3,6,2025-10-02
USR0072,Org-Gamma-Team1,Org-Gamma,2026-01-02,4,29,2025-10-02
USR0072,Org-Gamma-Team1,Org-Gamma,2026-01-04,5,31,2025-10-02
USR0072,Org-Gamma-Team1,Org-Gamma,2026-01-05,3,38,2025-10-02
USR0072,Org-Gamma-Team1,Org-Gamma,2026-01-06,1,15,2025-10-02
USR0072,Org-Gamma-Team1,Org-Gamma,2026-01-07,5,9,2025-10-02
USR0072,Org-Gamma-Team1,Org-Gamma,2026-01-09,6,4,2025-10-02
USR0072,Org-Gamma-Team1,Org-Gamma,2026-01-10,1,8,2025-10-02
USR0072,Org-Gamma-Team1,Org-Gamma,2026-01-11,5,38,2025-10-02
USR0072,Org-Gamma-Team1,Org-Gamma,2026-01-12,5,9,2025-10-02
USR0072,Org-Gamma-Team1,Org-Gamma,2026-01-13,4,31,2025-10-02
USR0072,Org-Gamma-Team1,Org-Gamma,2026-01-15,8,31,2025-10-02
USR0072,Org-Gamma-Team1,Org-Gamma,2026-01-16,2,12,2025-10-02
USR0072,Org-Gamma-Team1,Org-Gamma,2026-01-17,2,10,2025-10-02
USR0072,Org-Gamma-Team1,Org-Gamma,2026-01-20,2,31,2025-10-02
USR0072,Org-Gamma-Team1,Org-Gamma,2026-01-21,2,37,2025-10-02
USR0072,Org-Gamma-Team1,Org-Gamma,2026-01-22,7,24,2025-10-02
USR0072,Org-Gamma-Team1,Org-Gamma,2026-01-25,7,3,2025-10-02
USR0072,Org-Gamma-Team1,Org-Gamma,2026-01-28,6,26,2025-10-02
USR0072,Org-Gamma-Team1,Org-Gamma,2026-01-29,4,9,2025-10-02
USR0072,Org-Gamma-Team1,Org-Gamma,2026-01-30,7,11,2025-10-02
USR0072,Org-Gamma-Team1,Org-Gamma,2026-01-31,5,32,2025-10-02
USR0072,Org-Gamma-Team1,Org-Gamma,2026-02-02,1,27,2025-10-02
USR0072,Org-Gamma-Team1,Org-Gamma,2026-02-03,2,10,2025-10-02
USR0072,Org-Gamma-Team1,Org-Gamma,2026-02-05,5,26,2025-10-02
USR0072,Org-Gamma-Team1,Org-Gamma,2026-02-06,6,20,2025-10-02
USR0072,Org-Gamma-Team1,Org-Gamma,2026-02-11,8,25,2025-10-02
USR0072,Org-Gamma-Team1,Org-Gamma,2026-02-14,3,31,2025-10-02
USR0072,Org-Gamma-Team1,Org-Gamma,2026-02-15,8,22,2025-10-02
USR0072,Org-Gamma-Team1,Org-Gamma,2026-02-16,2,17,2025-10-02
USR0072,Org-Gamma-Team1,Org-Gamma,2026-02-20,4,21,2025-10-02
USR0072,Org-Gamma-Team1,Org-Gamma,2026-02-22,4,37,2025-10-02
USR0072,Org-Gamma-Team1,Org-Gamma,2026-02-23,5,13,2025-10-02
USR0072,Org-Gamma-Team1,Org-Gamma,2026-02-25,7,18,2025-10-02
USR0072,Org-Gamma-Team1,Org-Gamma,2026-02-26,7,13,2025-10-02
USR0072,Org-Gamma-Team1,Org-Gamma,2026-03-01,5,13,2025-10-02
USR0072,Org-Gamma-Team1,Org-Gamma,2026-03-03,6,14,2025-10-02
USR0072,Org-Gamma-Team1,Org-Gamma,2026-03-05,3,8,2025-10-02
USR0072,Org-Gamma-Team1,Org-Gamma,2026-03-09,6,12,2025-10-02
USR0072,Org-Gamma-Team1,Org-Gamma,2026-03-12,7,31,2025-10-02
USR0072,Org-Gamma-Team1,Org-Gamma,2026-03-15,6,10,2025-10-02
USR0072,Org-Gamma-Team1,Org-Gamma,2026-03-16,2,17,2025-10-02
USR0072,Org-Gamma-Team1,Org-Gamma,2026-03-17,7,36,2025-10-02
USR0072,Org-Gamma-Team1,Org-Gamma,2026-03-19,4,17,2025-10-02
USR0072,Org-Gamma-Team1,Org-Gamma,2026-03-21,5,33,2025-10-02
USR0072,Org-Gamma-Team1,Org-Gamma,2026-03-22,4,18,2025-10-02
USR0072,Org-Gamma-Team1,Org-Gamma,2026-03-23,7,32,2025-10-02
USR0072,Org-Gamma-Team1,Org-Gamma,2026-03-24,8,28,2025-10-02
USR0072,Org-Gamma-Team1,Org-Gamma,2026-03-25,2,9,2025-10-02
USR0072,Org-Gamma-Team1,Org-Gamma,2026-03-26,6,4,2025-10-02
USR0072,Org-Gamma-Team1,Org-Gamma,2026-03-27,2,18,2025-10-02
USR0072,Org-Gamma-Team1,Org-Gamma,2026-03-28,5,9,2025-10-02
USR0073,Org-Beta-Team4,Org-Beta,2025-10-07,1,8,2025-10-07
USR0073,Org-Beta-Team4,Org-Beta,2025-10-08,5,19,2025-10-07
USR0073,Org-Beta-Team4,Org-Beta,2025-10-09,4,15,2025-10-07
USR0073,Org-Beta-Team4,Org-Beta,2025-10-11,5,36,2025-10-07
USR0073,Org-Beta-Team4,Org-Beta,2025-10-12,4,10,2025-10-07
USR0073,Org-Beta-Team4,Org-Beta,2025-10-13,6,15,2025-10-07
USR0074,Org-Delta-Team2,Org-Delta,2025-10-07,1,11,2025-10-06
USR0074,Org-Delta-Team2,Org-Delta,2025-10-08,5,32,2025-10-06
USR0074,Org-Delta-Team2,Org-Delta,2025-10-09,4,27,2025-10-06
USR0074,Org-Delta-Team2,Org-Delta,2025-10-10,8,40,2025-10-06
USR0074,Org-Delta-Team2,Org-Delta,2025-10-11,3,15,2025-10-06
USR0074,Org-Delta-Team2,Org-Delta,2025-10-12,1,16,2025-10-06
USR0074,Org-Delta-Team2,Org-Delta,2025-10-14,7,29,2025-10-06
USR0074,Org-Delta-Team2,Org-Delta,2025-10-15,2,6,2025-10-06
USR0074,Org-Delta-Team2,Org-Delta,2025-10-16,8,29,2025-10-06
USR0074,Org-Delta-Team2,Org-Delta,2025-10-17,7,40,2025-10-06
USR0074,Org-Delta-Team2,Org-Delta,2025-10-19,5,14,2025-10-06
USR0074,Org-Delta-Team2,Org-Delta,2025-10-21,6,21,2025-10-06
USR0074,Org-Delta-Team2,Org-Delta,2025-10-22,7,29,2025-10-06
USR0074,Org-Delta-Team2,Org-Delta,2025-10-24,2,39,2025-10-06
USR0074,Org-Delta-Team2,Org-Delta,2025-10-27,7,14,2025-10-06
USR0074,Org-Delta-Team2,Org-Delta,2025-10-28,6,26,2025-10-06
USR0074,Org-Delta-Team2,Org-Delta,2025-10-29,5,15,2025-10-06
USR0074,Org-Delta-Team2,Org-Delta,2025-10-30,8,2,2025-10-06
USR0074,Org-Delta-Team2,Org-Delta,2025-11-01,2,29,2025-10-06
USR0074,Org-Delta-Team2,Org-Delta,2025-11-03,6,24,2025-10-06
USR0074,Org-Delta-Team2,Org-Delta,2025-11-04,8,28,2025-10-06
USR0074,Org-Delta-Team2,Org-Delta,2025-11-07,5,23,2025-10-06
USR0074,Org-Delta-Team2,Org-Delta,2025-11-08,6,17,2025-10-06
USR0074,Org-Delta-Team2,Org-Delta,2025-11-09,3,15,2025-10-06
USR0074,Org-Delta-Team2,Org-Delta,2025-11-12,4,3,2025-10-06
USR0074,Org-Delta-Team2,Org-Delta,2025-11-14,4,6,2025-10-06
USR0074,Org-Delta-Team2,Org-Delta,2025-11-16,1,17,2025-10-06
USR0074,Org-Delta-Team2,Org-Delta,2025-11-17,5,29,2025-10-06
USR0074,Org-Delta-Team2,Org-Delta,2025-11-18,3,28,2025-10-06
USR0074,Org-Delta-Team2,Org-Delta,2025-11-19,3,15,2025-10-06
USR0074,Org-Delta-Team2,Org-Delta,2025-11-20,3,34,2025-10-06
USR0074,Org-Delta-Team2,Org-Delta,2025-11-21,2,40,2025-10-06
USR0074,Org-Delta-Team2,Org-Delta,2025-11-22,3,19,2025-10-06
USR0074,Org-Delta-Team2,Org-Delta,2025-11-23,7,11,2025-10-06
USR0074,Org-Delta-Team2,Org-Delta,2025-11-24,4,39,2025-10-06
USR0074,Org-Delta-Team2,Org-Delta,2025-11-26,2,18,2025-10-06
USR0074,Org-Delta-Team2,Org-Delta,2025-11-28,2,30,2025-10-06
USR0074,Org-Delta-Team2,Org-Delta,2025-11-29,6,12,2025-10-06
USR0074,Org-Delta-Team2,Org-Delta,2025-11-30,3,16,2025-10-06
USR0074,Org-Delta-Team2,Org-Delta,2025-12-02,3,18,2025-10-06
USR0074,Org-Delta-Team2,Org-Delta,2025-12-03,1,33,2025-10-06
USR0074,Org-Delta-Team2,Org-Delta,2025-12-04,1,26,2025-10-06
USR0074,Org-Delta-Team2,Org-Delta,2025-12-05,1,31,2025-10-06
USR0074,Org-Delta-Team2,Org-Delta,2025-12-06,3,16,2025-10-06
USR0074,Org-Delta-Team2,Org-Delta,2025-12-09,5,30,2025-10-06
USR0074,Org-Delta-Team2,Org-Delta,2025-12-10,3,8,2025-10-06
USR0074,Org-Delta-Team2,Org-Delta,2025-12-12,1,5,2025-10-06
USR0074,Org-Delta-Team2,Org-Delta,2025-12-14,5,30,2025-10-06
USR0074,Org-Delta-Team2,Org-Delta,2025-12-15,8,26,2025-10-06
USR0074,Org-Delta-Team2,Org-Delta,2025-12-16,7,34,2025-10-06
USR0074,Org-Delta-Team2,Org-Delta,2025-12-17,6,39,2025-10-06
USR0074,Org-Delta-Team2,Org-Delta,2025-12-18,7,17,2025-10-06
USR0074,Org-Delta-Team2,Org-Delta,2025-12-19,7,11,2025-10-06
USR0074,Org-Delta-Team2,Org-Delta,2025-12-20,8,9,2025-10-06
USR0074,Org-Delta-Team2,Org-Delta,2025-12-22,6,20,2025-10-06
USR0074,Org-Delta-Team2,Org-Delta,2025-12-23,7,25,2025-10-06
USR0074,Org-Delta-Team2,Org-Delta,2025-12-24,6,2,2025-10-06
USR0074,Org-Delta-Team2,Org-Delta,2025-12-25,4,2,2025-10-06
USR0074,Org-Delta-Team2,Org-Delta,2025-12-26,3,29,2025-10-06
USR0074,Org-Delta-Team2,Org-Delta,2025-12-31,4,10,2025-10-06
USR0074,Org-Delta-Team2,Org-Delta,2026-01-01,4,29,2025-10-06
USR0074,Org-Delta-Team2,Org-Delta,2026-01-02,7,30,2025-10-06
USR0074,Org-Delta-Team2,Org-Delta,2026-01-04,4,30,2025-10-06
USR0074,Org-Delta-Team2,Org-Delta,2026-01-05,1,16,2025-10-06
USR0074,Org-Delta-Team2,Org-Delta,2026-01-09,1,23,2025-10-06
USR0074,Org-Delta-Team2,Org-Delta,2026-01-10,7,28,2025-10-06
USR0074,Org-Delta-Team2,Org-Delta,2026-01-11,5,23,2025-10-06
USR0074,Org-Delta-Team2,Org-Delta,2026-01-13,1,31,2025-10-06
USR0074,Org-Delta-Team2,Org-Delta,2026-01-14,6,13,2025-10-06
USR0074,Org-Delta-Team2,Org-Delta,2026-01-15,3,1,2025-10-06
USR0074,Org-Delta-Team2,Org-Delta,2026-01-17,5,4,2025-10-06
USR0074,Org-Delta-Team2,Org-Delta,2026-01-18,4,34,2025-10-06
USR0074,Org-Delta-Team2,Org-Delta,2026-01-19,8,26,2025-10-06
USR0074,Org-Delta-Team2,Org-Delta,2026-01-20,8,23,2025-10-06
USR0074,Org-Delta-Team2,Org-Delta,2026-01-22,1,34,2025-10-06
USR0074,Org-Delta-Team2,Org-Delta,2026-01-23,8,32,2025-10-06
USR0074,Org-Delta-Team2,Org-Delta,2026-01-24,1,36,2025-10-06
USR0074,Org-Delta-Team2,Org-Delta,2026-01-26,2,10,2025-10-06
USR0074,Org-Delta-Team2,Org-Delta,2026-01-28,8,18,2025-10-06
USR0074,Org-Delta-Team2,Org-Delta,2026-01-29,4,6,2025-10-06
USR0074,Org-Delta-Team2,Org-Delta,2026-01-31,4,3,2025-10-06
USR0074,Org-Delta-Team2,Org-Delta,2026-02-01,1,9,2025-10-06
USR0074,Org-Delta-Team2,Org-Delta,2026-02-02,4,27,2025-10-06
USR0074,Org-Delta-Team2,Org-Delta,2026-02-05,5,14,2025-10-06
USR0074,Org-Delta-Team2,Org-Delta,2026-02-06,2,11,2025-10-06
USR0074,Org-Delta-Team2,Org-Delta,2026-02-08,8,5,2025-10-06
USR0074,Org-Delta-Team2,Org-Delta,2026-02-09,3,32,2025-10-06
USR0074,Org-Delta-Team2,Org-Delta,2026-02-10,8,22,2025-10-06
USR0074,Org-Delta-Team2,Org-Delta,2026-02-15,6,21,2025-10-06
USR0074,Org-Delta-Team2,Org-Delta,2026-02-16,5,39,2025-10-06
USR0074,Org-Delta-Team2,Org-Delta,2026-02-18,1,28,2025-10-06
USR0074,Org-Delta-Team2,Org-Delta,2026-02-19,6,33,2025-10-06
USR0074,Org-Delta-Team2,Org-Delta,2026-02-20,7,4,2025-10-06
USR0074,Org-Delta-Team2,Org-Delta,2026-02-22,5,7,2025-10-06
USR0074,Org-Delta-Team2,Org-Delta,2026-02-24,4,16,2025-10-06
USR0074,Org-Delta-Team2,Org-Delta,2026-02-25,3,7,2025-10-06
USR0074,Org-Delta-Team2,Org-Delta,2026-02-27,7,26,2025-10-06
USR0074,Org-Delta-Team2,Org-Delta,2026-02-28,6,20,2025-10-06
USR0074,Org-Delta-Team2,Org-Delta,2026-03-01,3,40,2025-10-06
USR0074,Org-Delta-Team2,Org-Delta,2026-03-02,2,21,2025-10-06
USR0074,Org-Delta-Team2,Org-Delta,2026-03-04,7,28,2025-10-06
USR0074,Org-Delta-Team2,Org-Delta,2026-03-05,8,2,2025-10-06
USR0074,Org-Delta-Team2,Org-Delta,2026-03-06,6,8,2025-10-06
USR0074,Org-Delta-Team2,Org-Delta,2026-03-07,8,32,2025-10-06
USR0074,Org-Delta-Team2,Org-Delta,2026-03-09,4,26,2025-10-06
USR0074,Org-Delta-Team2,Org-Delta,2026-03-10,4,19,2025-10-06
USR0074,Org-Delta-Team2,Org-Delta,2026-03-11,3,22,2025-10-06
USR0074,Org-Delta-Team2,Org-Delta,2026-03-12,6,38,2025-10-06
USR0074,Org-Delta-Team2,Org-Delta,2026-03-13,2,7,2025-10-06
USR0074,Org-Delta-Team2,Org-Delta,2026-03-14,1,10,2025-10-06
USR0074,Org-Delta-Team2,Org-Delta,2026-03-15,8,6,2025-10-06
USR0074,Org-Delta-Team2,Org-Delta,2026-03-19,1,1,2025-10-06
USR0074,Org-Delta-Team2,Org-Delta,2026-03-20,1,9,2025-10-06
USR0074,Org-Delta-Team2,Org-Delta,2026-03-21,6,23,2025-10-06
USR0074,Org-Delta-Team2,Org-Delta,2026-03-23,3,20,2025-10-06
USR0074,Org-Delta-Team2,Org-Delta,2026-03-24,1,38,2025-10-06
USR0074,Org-Delta-Team2,Org-Delta,2026-03-25,1,40,2025-10-06
USR0074,Org-Delta-Team2,Org-Delta,2026-03-26,4,11,2025-10-06
USR0074,Org-Delta-Team2,Org-Delta,2026-03-29,5,38,2025-10-06
USR0074,Org-Delta-Team2,Org-Delta,2026-03-30,2,40,2025-10-06
USR0074,Org-Delta-Team2,Org-Delta,2026-03-31,2,30,2025-10-06
USR0075,Org-Beta-Team3,Org-Beta,2025-10-20,2,32,2025-10-20
USR0075,Org-Beta-Team3,Org-Beta,2025-10-23,6,11,2025-10-20
USR0075,Org-Beta-Team3,Org-Beta,2025-10-26,5,19,2025-10-20
USR0075,Org-Beta-Team3,Org-Beta,2025-10-29,4,20,2025-10-20
USR0075,Org-Beta-Team3,Org-Beta,2025-10-31,8,10,2025-10-20
USR0075,Org-Beta-Team3,Org-Beta,2025-11-02,1,38,2025-10-20
USR0075,Org-Beta-Team3,Org-Beta,2025-11-04,8,9,2025-10-20
USR0075,Org-Beta-Team3,Org-Beta,2025-11-05,2,19,2025-10-20
USR0075,Org-Beta-Team3,Org-Beta,2025-11-08,8,28,2025-10-20
USR0075,Org-Beta-Team3,Org-Beta,2025-11-09,5,14,2025-10-20
USR0075,Org-Beta-Team3,Org-Beta,2025-11-12,7,13,2025-10-20
USR0075,Org-Beta-Team3,Org-Beta,2025-11-13,1,3,2025-10-20
USR0075,Org-Beta-Team3,Org-Beta,2025-11-16,8,30,2025-10-20
USR0075,Org-Beta-Team3,Org-Beta,2025-11-18,6,29,2025-10-20
USR0075,Org-Beta-Team3,Org-Beta,2025-11-19,6,28,2025-10-20
USR0075,Org-Beta-Team3,Org-Beta,2025-11-24,3,17,2025-10-20
USR0075,Org-Beta-Team3,Org-Beta,2025-11-25,8,22,2025-10-20
USR0075,Org-Beta-Team3,Org-Beta,2025-11-26,3,16,2025-10-20
USR0075,Org-Beta-Team3,Org-Beta,2025-11-27,8,18,2025-10-20
USR0075,Org-Beta-Team3,Org-Beta,2025-11-30,1,24,2025-10-20
USR0075,Org-Beta-Team3,Org-Beta,2025-12-03,1,7,2025-10-20
USR0075,Org-Beta-Team3,Org-Beta,2025-12-04,4,14,2025-10-20
USR0075,Org-Beta-Team3,Org-Beta,2025-12-05,5,34,2025-10-20
USR0075,Org-Beta-Team3,Org-Beta,2025-12-06,4,28,2025-10-20
USR0075,Org-Beta-Team3,Org-Beta,2025-12-09,5,35,2025-10-20
USR0075,Org-Beta-Team3,Org-Beta,2025-12-11,5,22,2025-10-20
USR0075,Org-Beta-Team3,Org-Beta,2025-12-12,2,31,2025-10-20
USR0075,Org-Beta-Team3,Org-Beta,2025-12-14,8,39,2025-10-20
USR0075,Org-Beta-Team3,Org-Beta,2025-12-15,6,38,2025-10-20
USR0075,Org-Beta-Team3,Org-Beta,2025-12-16,5,20,2025-10-20
USR0075,Org-Beta-Team3,Org-Beta,2025-12-21,7,17,2025-10-20
USR0075,Org-Beta-Team3,Org-Beta,2025-12-22,4,3,2025-10-20
USR0075,Org-Beta-Team3,Org-Beta,2025-12-23,8,16,2025-10-20
USR0075,Org-Beta-Team3,Org-Beta,2025-12-24,7,4,2025-10-20
USR0075,Org-Beta-Team3,Org-Beta,2025-12-27,7,2,2025-10-20
USR0075,Org-Beta-Team3,Org-Beta,2025-12-28,5,39,2025-10-20
USR0075,Org-Beta-Team3,Org-Beta,2025-12-30,4,35,2025-10-20
USR0075,Org-Beta-Team3,Org-Beta,2026-01-01,2,16,2025-10-20
USR0075,Org-Beta-Team3,Org-Beta,2026-01-03,6,12,2025-10-20
USR0075,Org-Beta-Team3,Org-Beta,2026-01-04,4,1,2025-10-20
USR0075,Org-Beta-Team3,Org-Beta,2026-01-06,4,31,2025-10-20
USR0075,Org-Beta-Team3,Org-Beta,2026-01-07,3,17,2025-10-20
USR0075,Org-Beta-Team3,Org-Beta,2026-01-08,5,17,2025-10-20
USR0075,Org-Beta-Team3,Org-Beta,2026-01-09,7,14,2025-10-20
USR0075,Org-Beta-Team3,Org-Beta,2026-01-11,5,20,2025-10-20
USR0075,Org-Beta-Team3,Org-Beta,2026-01-15,3,8,2025-10-20
USR0075,Org-Beta-Team3,Org-Beta,2026-01-17,4,5,2025-10-20
USR0075,Org-Beta-Team3,Org-Beta,2026-01-22,8,22,2025-10-20
USR0075,Org-Beta-Team3,Org-Beta,2026-01-23,8,33,2025-10-20
USR0075,Org-Beta-Team3,Org-Beta,2026-01-24,5,6,2025-10-20
USR0075,Org-Beta-Team3,Org-Beta,2026-01-25,2,23,2025-10-20
USR0075,Org-Beta-Team3,Org-Beta,2026-01-26,4,35,2025-10-20
USR0075,Org-Beta-Team3,Org-Beta,2026-02-03,6,11,2025-10-20
USR0075,Org-Beta-Team3,Org-Beta,2026-02-04,4,31,2025-10-20
USR0075,Org-Beta-Team3,Org-Beta,2026-02-07,6,25,2025-10-20
USR0075,Org-Beta-Team3,Org-Beta,2026-02-09,7,14,2025-10-20
USR0075,Org-Beta-Team3,Org-Beta,2026-02-10,8,38,2025-10-20
USR0075,Org-Beta-Team3,Org-Beta,2026-02-12,4,32,2025-10-20
USR0075,Org-Beta-Team3,Org-Beta,2026-02-13,8,25,2025-10-20
USR0075,Org-Beta-Team3,Org-Beta,2026-02-14,6,13,2025-10-20
USR0075,Org-Beta-Team3,Org-Beta,2026-02-16,4,1,2025-10-20
USR0075,Org-Beta-Team3,Org-Beta,2026-02-17,1,24,2025-10-20
USR0075,Org-Beta-Team3,Org-Beta,2026-02-19,1,21,2025-10-20
USR0075,Org-Beta-Team3,Org-Beta,2026-02-21,2,39,2025-10-20
USR0075,Org-Beta-Team3,Org-Beta,2026-02-22,2,38,2025-10-20
USR0075,Org-Beta-Team3,Org-Beta,2026-02-23,8,36,2025-10-20
USR0075,Org-Beta-Team3,Org-Beta,2026-02-26,1,21,2025-10-20
USR0075,Org-Beta-Team3,Org-Beta,2026-02-27,7,19,2025-10-20
USR0075,Org-Beta-Team3,Org-Beta,2026-02-28,2,4,2025-10-20
USR0075,Org-Beta-Team3,Org-Beta,2026-03-07,7,5,2025-10-20
USR0075,Org-Beta-Team3,Org-Beta,2026-03-09,8,20,2025-10-20
USR0075,Org-Beta-Team3,Org-Beta,2026-03-11,1,19,2025-10-20
USR0075,Org-Beta-Team3,Org-Beta,2026-03-12,2,9,2025-10-20
USR0075,Org-Beta-Team3,Org-Beta,2026-03-16,2,17,2025-10-20
USR0075,Org-Beta-Team3,Org-Beta,2026-03-18,2,12,2025-10-20
USR0075,Org-Beta-Team3,Org-Beta,2026-03-19,2,15,2025-10-20
USR0075,Org-Beta-Team3,Org-Beta,2026-03-20,5,36,2025-10-20
USR0075,Org-Beta-Team3,Org-Beta,2026-03-23,5,36,2025-10-20
USR0075,Org-Beta-Team3,Org-Beta,2026-03-25,7,3,2025-10-20
USR0075,Org-Beta-Team3,Org-Beta,2026-03-26,7,6,2025-10-20
USR0075,Org-Beta-Team3,Org-Beta,2026-03-28,1,9,2025-10-20
USR0075,Org-Beta-Team3,Org-Beta,2026-03-29,1,7,2025-10-20
USR0075,Org-Beta-Team3,Org-Beta,2026-03-31,6,26,2025-10-20
USR0076,Org-Delta-Team4,Org-Delta,2025-10-18,4,6,2025-10-18
USR0076,Org-Delta-Team4,Org-Delta,2025-10-19,3,37,2025-10-18
USR0077,Org-Alpha-Team4,Org-Alpha,2025-10-04,3,11,2025-10-04
USR0078,Org-Epsilon-Team1,Org-Epsilon,2025-10-27,7,1,2025-10-27
USR0078,Org-Epsilon-Team1,Org-Epsilon,2025-10-30,4,32,2025-10-27
USR0078,Org-Epsilon-Team1,Org-Epsilon,2025-10-31,1,28,2025-10-27
USR0078,Org-Epsilon-Team1,Org-Epsilon,2025-11-01,7,13,2025-10-27
USR0078,Org-Epsilon-Team1,Org-Epsilon,2025-11-03,3,26,2025-10-27
USR0078,Org-Epsilon-Team1,Org-Epsilon,2025-11-05,5,18,2025-10-27
USR0078,Org-Epsilon-Team1,Org-Epsilon,2025-11-06,2,27,2025-10-27
USR0078,Org-Epsilon-Team1,Org-Epsilon,2025-11-07,8,1,2025-10-27
USR0078,Org-Epsilon-Team1,Org-Epsilon,2025-11-09,4,17,2025-10-27
USR0078,Org-Epsilon-Team1,Org-Epsilon,2025-11-11,2,16,2025-10-27
USR0078,Org-Epsilon-Team1,Org-Epsilon,2025-11-12,1,15,2025-10-27
USR0078,Org-Epsilon-Team1,Org-Epsilon,2025-11-17,4,18,2025-10-27
USR0078,Org-Epsilon-Team1,Org-Epsilon,2025-11-19,4,8,2025-10-27
USR0078,Org-Epsilon-Team1,Org-Epsilon,2025-11-21,2,22,2025-10-27
USR0078,Org-Epsilon-Team1,Org-Epsilon,2025-11-22,3,10,2025-10-27
USR0078,Org-Epsilon-Team1,Org-Epsilon,2025-11-26,7,25,2025-10-27
USR0078,Org-Epsilon-Team1,Org-Epsilon,2025-11-29,4,10,2025-10-27
USR0078,Org-Epsilon-Team1,Org-Epsilon,2025-11-30,6,13,2025-10-27
USR0078,Org-Epsilon-Team1,Org-Epsilon,2025-12-04,5,28,2025-10-27
USR0078,Org-Epsilon-Team1,Org-Epsilon,2025-12-05,1,28,2025-10-27
USR0078,Org-Epsilon-Team1,Org-Epsilon,2025-12-06,1,4,2025-10-27
USR0078,Org-Epsilon-Team1,Org-Epsilon,2025-12-08,4,27,2025-10-27
USR0078,Org-Epsilon-Team1,Org-Epsilon,2025-12-09,5,10,2025-10-27
USR0078,Org-Epsilon-Team1,Org-Epsilon,2025-12-10,3,28,2025-10-27
USR0078,Org-Epsilon-Team1,Org-Epsilon,2025-12-12,2,38,2025-10-27
USR0078,Org-Epsilon-Team1,Org-Epsilon,2025-12-13,5,15,2025-10-27
USR0078,Org-Epsilon-Team1,Org-Epsilon,2025-12-14,5,31,2025-10-27
USR0078,Org-Epsilon-Team1,Org-Epsilon,2025-12-16,8,15,2025-10-27
USR0078,Org-Epsilon-Team1,Org-Epsilon,2025-12-17,3,2,2025-10-27
USR0078,Org-Epsilon-Team1,Org-Epsilon,2025-12-20,3,8,2025-10-27
USR0078,Org-Epsilon-Team1,Org-Epsilon,2025-12-21,6,34,2025-10-27
USR0078,Org-Epsilon-Team1,Org-Epsilon,2025-12-22,2,18,2025-10-27
USR0078,Org-Epsilon-Team1,Org-Epsilon,2025-12-24,5,26,2025-10-27
USR0078,Org-Epsilon-Team1,Org-Epsilon,2025-12-25,2,16,2025-10-27
USR0078,Org-Epsilon-Team1,Org-Epsilon,2025-12-27,4,36,2025-10-27
USR0078,Org-Epsilon-Team1,Org-Epsilon,2025-12-29,3,32,2025-10-27
USR0078,Org-Epsilon-Team1,Org-Epsilon,2025-12-31,1,21,2025-10-27
USR0078,Org-Epsilon-Team1,Org-Epsilon,2026-01-03,6,1,2025-10-27
USR0078,Org-Epsilon-Team1,Org-Epsilon,2026-01-04,3,7,2025-10-27
USR0078,Org-Epsilon-Team1,Org-Epsilon,2026-01-07,5,38,2025-10-27
USR0078,Org-Epsilon-Team1,Org-Epsilon,2026-01-08,7,39,2025-10-27
USR0078,Org-Epsilon-Team1,Org-Epsilon,2026-01-09,6,7,2025-10-27
USR0078,Org-Epsilon-Team1,Org-Epsilon,2026-01-10,4,16,2025-10-27
USR0078,Org-Epsilon-Team1,Org-Epsilon,2026-01-11,6,23,2025-10-27
USR0078,Org-Epsilon-Team1,Org-Epsilon,2026-01-12,4,35,2025-10-27
USR0078,Org-Epsilon-Team1,Org-Epsilon,2026-01-13,4,28,2025-10-27
USR0078,Org-Epsilon-Team1,Org-Epsilon,2026-01-15,2,7,2025-10-27
USR0078,Org-Epsilon-Team1,Org-Epsilon,2026-01-16,3,15,2025-10-27
USR0078,Org-Epsilon-Team1,Org-Epsilon,2026-01-17,1,14,2025-10-27
USR0078,Org-Epsilon-Team1,Org-Epsilon,2026-01-18,2,7,2025-10-27
USR0078,Org-Epsilon-Team1,Org-Epsilon,2026-01-21,3,15,2025-10-27
USR0078,Org-Epsilon-Team1,Org-Epsilon,2026-01-23,2,3,2025-10-27
USR0078,Org-Epsilon-Team1,Org-Epsilon,2026-01-24,7,8,2025-10-27
USR0078,Org-Epsilon-Team1,Org-Epsilon,2026-01-29,4,40,2025-10-27
USR0078,Org-Epsilon-Team1,Org-Epsilon,2026-01-30,5,39,2025-10-27
USR0078,Org-Epsilon-Team1,Org-Epsilon,2026-01-31,4,3,2025-10-27
USR0078,Org-Epsilon-Team1,Org-Epsilon,2026-02-01,5,35,2025-10-27
USR0078,Org-Epsilon-Team1,Org-Epsilon,2026-02-02,1,32,2025-10-27
USR0078,Org-Epsilon-Team1,Org-Epsilon,2026-02-04,7,22,2025-10-27
USR0078,Org-Epsilon-Team1,Org-Epsilon,2026-02-05,4,37,2025-10-27
USR0078,Org-Epsilon-Team1,Org-Epsilon,2026-02-06,7,23,2025-10-27
USR0078,Org-Epsilon-Team1,Org-Epsilon,2026-02-09,3,2,2025-10-27
USR0078,Org-Epsilon-Team1,Org-Epsilon,2026-02-12,5,13,2025-10-27
USR0078,Org-Epsilon-Team1,Org-Epsilon,2026-02-13,3,15,2025-10-27
USR0078,Org-Epsilon-Team1,Org-Epsilon,2026-02-16,4,13,2025-10-27
USR0078,Org-Epsilon-Team1,Org-Epsilon,2026-02-17,8,4,2025-10-27
USR0078,Org-Epsilon-Team1,Org-Epsilon,2026-02-19,3,3,2025-10-27
USR0078,Org-Epsilon-Team1,Org-Epsilon,2026-02-20,4,24,2025-10-27
USR0078,Org-Epsilon-Team1,Org-Epsilon,2026-02-23,7,10,2025-10-27
USR0078,Org-Epsilon-Team1,Org-Epsilon,2026-02-26,7,1,2025-10-27
USR0078,Org-Epsilon-Team1,Org-Epsilon,2026-02-27,1,35,2025-10-27
USR0078,Org-Epsilon-Team1,Org-Epsilon,2026-02-28,7,7,2025-10-27
USR0078,Org-Epsilon-Team1,Org-Epsilon,2026-03-01,3,14,2025-10-27
USR0078,Org-Epsilon-Team1,Org-Epsilon,2026-03-02,7,7,2025-10-27
USR0078,Org-Epsilon-Team1,Org-Epsilon,2026-03-03,3,18,2025-10-27
USR0078,Org-Epsilon-Team1,Org-Epsilon,2026-03-07,6,29,2025-10-27
USR0078,Org-Epsilon-Team1,Org-Epsilon,2026-03-08,4,29,2025-10-27
USR0078,Org-Epsilon-Team1,Org-Epsilon,2026-03-09,8,18,2025-10-27
USR0078,Org-Epsilon-Team1,Org-Epsilon,2026-03-10,4,2,2025-10-27
USR0078,Org-Epsilon-Team1,Org-Epsilon,2026-03-11,5,25,2025-10-27
USR0078,Org-Epsilon-Team1,Org-Epsilon,2026-03-13,2,38,2025-10-27
USR0078,Org-Epsilon-Team1,Org-Epsilon,2026-03-14,3,4,2025-10-27
USR0078,Org-Epsilon-Team1,Org-Epsilon,2026-03-15,2,36,2025-10-27
USR0078,Org-Epsilon-Team1,Org-Epsilon,2026-03-16,3,4,2025-10-27
USR0078,Org-Epsilon-Team1,Org-Epsilon,2026-03-17,4,9,2025-10-27
USR0078,Org-Epsilon-Team1,Org-Epsilon,2026-03-18,1,33,2025-10-27
USR0078,Org-Epsilon-Team1,Org-Epsilon,2026-03-20,2,16,2025-10-27
USR0078,Org-Epsilon-Team1,Org-Epsilon,2026-03-21,2,22,2025-10-27
USR0078,Org-Epsilon-Team1,Org-Epsilon,2026-03-22,2,17,2025-10-27
USR0078,Org-Epsilon-Team1,Org-Epsilon,2026-03-23,3,12,2025-10-27
USR0078,Org-Epsilon-Team1,Org-Epsilon,2026-03-24,8,14,2025-10-27
USR0078,Org-Epsilon-Team1,Org-Epsilon,2026-03-25,4,6,2025-10-27
USR0078,Org-Epsilon-Team1,Org-Epsilon,2026-03-26,8,5,2025-10-27
USR0078,Org-Epsilon-Team1,Org-Epsilon,2026-03-27,2,21,2025-10-27
USR0078,Org-Epsilon-Team1,Org-Epsilon,2026-03-28,5,22,2025-10-27
USR0078,Org-Epsilon-Team1,Org-Epsilon,2026-03-29,1,2,2025-10-27
USR0079,Org-Epsilon-Team4,Org-Epsilon,2025-10-28,6,11,2025-10-28
USR0079,Org-Epsilon-Team4,Org-Epsilon,2025-10-31,2,13,2025-10-28
USR0079,Org-Epsilon-Team4,Org-Epsilon,2025-11-01,2,29,2025-10-28
USR0079,Org-Epsilon-Team4,Org-Epsilon,2025-11-03,6,4,2025-10-28
USR0079,Org-Epsilon-Team4,Org-Epsilon,2025-11-09,2,33,2025-10-28
USR0079,Org-Epsilon-Team4,Org-Epsilon,2025-11-12,2,35,2025-10-28
USR0079,Org-Epsilon-Team4,Org-Epsilon,2025-11-15,8,19,2025-10-28
USR0079,Org-Epsilon-Team4,Org-Epsilon,2025-11-16,2,10,2025-10-28
USR0079,Org-Epsilon-Team4,Org-Epsilon,2025-11-17,5,33,2025-10-28
USR0079,Org-Epsilon-Team4,Org-Epsilon,2025-11-19,7,31,2025-10-28
USR0079,Org-Epsilon-Team4,Org-Epsilon,2025-11-20,7,30,2025-10-28
USR0079,Org-Epsilon-Team4,Org-Epsilon,2025-11-21,1,1,2025-10-28
USR0079,Org-Epsilon-Team4,Org-Epsilon,2025-11-24,6,6,2025-10-28
USR0079,Org-Epsilon-Team4,Org-Epsilon,2025-11-25,5,34,2025-10-28
USR0079,Org-Epsilon-Team4,Org-Epsilon,2025-11-26,7,37,2025-10-28
USR0079,Org-Epsilon-Team4,Org-Epsilon,2025-11-27,7,10,2025-10-28
USR0079,Org-Epsilon-Team4,Org-Epsilon,2025-11-29,6,24,2025-10-28
USR0079,Org-Epsilon-Team4,Org-Epsilon,2025-12-01,3,37,2025-10-28
USR0079,Org-Epsilon-Team4,Org-Epsilon,2025-12-02,1,36,2025-10-28
USR0079,Org-Epsilon-Team4,Org-Epsilon,2025-12-05,4,16,2025-10-28
USR0079,Org-Epsilon-Team4,Org-Epsilon,2025-12-06,8,40,2025-10-28
USR0079,Org-Epsilon-Team4,Org-Epsilon,2025-12-07,1,40,2025-10-28
USR0079,Org-Epsilon-Team4,Org-Epsilon,2025-12-11,3,5,2025-10-28
USR0079,Org-Epsilon-Team4,Org-Epsilon,2025-12-12,1,8,2025-10-28
USR0079,Org-Epsilon-Team4,Org-Epsilon,2025-12-14,2,36,2025-10-28
USR0079,Org-Epsilon-Team4,Org-Epsilon,2025-12-17,5,12,2025-10-28
USR0079,Org-Epsilon-Team4,Org-Epsilon,2025-12-18,8,32,2025-10-28
USR0079,Org-Epsilon-Team4,Org-Epsilon,2025-12-20,4,25,2025-10-28
USR0079,Org-Epsilon-Team4,Org-Epsilon,2025-12-22,2,26,2025-10-28
USR0079,Org-Epsilon-Team4,Org-Epsilon,2025-12-23,3,5,2025-10-28
USR0079,Org-Epsilon-Team4,Org-Epsilon,2025-12-24,7,40,2025-10-28
USR0079,Org-Epsilon-Team4,Org-Epsilon,2025-12-27,5,27,2025-10-28
USR0079,Org-Epsilon-Team4,Org-Epsilon,2025-12-28,1,16,2025-10-28
USR0079,Org-Epsilon-Team4,Org-Epsilon,2025-12-31,7,14,2025-10-28
USR0079,Org-Epsilon-Team4,Org-Epsilon,2026-01-01,5,6,2025-10-28
USR0079,Org-Epsilon-Team4,Org-Epsilon,2026-01-02,1,25,2025-10-28
USR0079,Org-Epsilon-Team4,Org-Epsilon,2026-01-03,7,11,2025-10-28
USR0079,Org-Epsilon-Team4,Org-Epsilon,2026-01-04,6,19,2025-10-28
USR0079,Org-Epsilon-Team4,Org-Epsilon,2026-01-06,7,15,2025-10-28
USR0079,Org-Epsilon-Team4,Org-Epsilon,2026-01-08,3,19,2025-10-28
USR0079,Org-Epsilon-Team4,Org-Epsilon,2026-01-09,1,6,2025-10-28
USR0079,Org-Epsilon-Team4,Org-Epsilon,2026-01-10,5,27,2025-10-28
USR0079,Org-Epsilon-Team4,Org-Epsilon,2026-01-13,1,15,2025-10-28
USR0079,Org-Epsilon-Team4,Org-Epsilon,2026-01-15,3,18,2025-10-28
USR0079,Org-Epsilon-Team4,Org-Epsilon,2026-01-16,3,30,2025-10-28
USR0079,Org-Epsilon-Team4,Org-Epsilon,2026-01-20,5,4,2025-10-28
USR0079,Org-Epsilon-Team4,Org-Epsilon,2026-01-22,4,14,2025-10-28
USR0079,Org-Epsilon-Team4,Org-Epsilon,2026-01-23,6,13,2025-10-28
USR0079,Org-Epsilon-Team4,Org-Epsilon,2026-01-25,6,8,2025-10-28
USR0079,Org-Epsilon-Team4,Org-Epsilon,2026-01-26,4,10,2025-10-28
USR0079,Org-Epsilon-Team4,Org-Epsilon,2026-01-28,8,34,2025-10-28
USR0079,Org-Epsilon-Team4,Org-Epsilon,2026-01-29,2,35,2025-10-28
USR0079,Org-Epsilon-Team4,Org-Epsilon,2026-01-30,4,16,2025-10-28
USR0079,Org-Epsilon-Team4,Org-Epsilon,2026-01-31,4,32,2025-10-28
USR0079,Org-Epsilon-Team4,Org-Epsilon,2026-02-01,7,21,2025-10-28
USR0079,Org-Epsilon-Team4,Org-Epsilon,2026-02-03,7,3,2025-10-28
USR0079,Org-Epsilon-Team4,Org-Epsilon,2026-02-08,6,25,2025-10-28
USR0079,Org-Epsilon-Team4,Org-Epsilon,2026-02-09,7,36,2025-10-28
USR0079,Org-Epsilon-Team4,Org-Epsilon,2026-02-11,1,1,2025-10-28
USR0079,Org-Epsilon-Team4,Org-Epsilon,2026-02-13,1,2,2025-10-28
USR0079,Org-Epsilon-Team4,Org-Epsilon,2026-02-14,6,27,2025-10-28
USR0079,Org-Epsilon-Team4,Org-Epsilon,2026-02-15,3,39,2025-10-28
USR0079,Org-Epsilon-Team4,Org-Epsilon,2026-02-16,1,16,2025-10-28
USR0079,Org-Epsilon-Team4,Org-Epsilon,2026-02-18,8,17,2025-10-28
USR0079,Org-Epsilon-Team4,Org-Epsilon,2026-02-21,7,1,2025-10-28
USR0079,Org-Epsilon-Team4,Org-Epsilon,2026-02-24,6,9,2025-10-28
USR0079,Org-Epsilon-Team4,Org-Epsilon,2026-02-26,2,8,2025-10-28
USR0079,Org-Epsilon-Team4,Org-Epsilon,2026-03-01,2,35,2025-10-28
USR0079,Org-Epsilon-Team4,Org-Epsilon,2026-03-02,4,26,2025-10-28
USR0079,Org-Epsilon-Team4,Org-Epsilon,2026-03-03,6,2,2025-10-28
USR0079,Org-Epsilon-Team4,Org-Epsilon,2026-03-04,7,13,2025-10-28
USR0079,Org-Epsilon-Team4,Org-Epsilon,2026-03-05,3,14,2025-10-28
USR0079,Org-Epsilon-Team4,Org-Epsilon,2026-03-07,2,16,2025-10-28
USR0079,Org-Epsilon-Team4,Org-Epsilon,2026-03-08,6,22,2025-10-28
USR0079,Org-Epsilon-Team4,Org-Epsilon,2026-03-09,2,17,2025-10-28
USR0079,Org-Epsilon-Team4,Org-Epsilon,2026-03-13,7,3,2025-10-28
USR0079,Org-Epsilon-Team4,Org-Epsilon,2026-03-17,8,26,2025-10-28
USR0079,Org-Epsilon-Team4,Org-Epsilon,2026-03-18,1,34,2025-10-28
USR0079,Org-Epsilon-Team4,Org-Epsilon,2026-03-20,3,28,2025-10-28
USR0079,Org-Epsilon-Team4,Org-Epsilon,2026-03-22,1,13,2025-10-28
USR0079,Org-Epsilon-Team4,Org-Epsilon,2026-03-24,4,24,2025-10-28
USR0079,Org-Epsilon-Team4,Org-Epsilon,2026-03-25,2,2,2025-10-28
USR0079,Org-Epsilon-Team4,Org-Epsilon,2026-03-26,8,5,2025-10-28
USR0079,Org-Epsilon-Team4,Org-Epsilon,2026-03-27,4,7,2025-10-28
USR0079,Org-Epsilon-Team4,Org-Epsilon,2026-03-30,6,23,2025-10-28
USR0079,Org-Epsilon-Team4,Org-Epsilon,2026-03-31,7,33,2025-10-28
USR0080,Org-Beta-Team2,Org-Beta,2025-10-18,8,28,2025-10-18
USR0080,Org-Beta-Team2,Org-Beta,2025-10-21,4,34,2025-10-18
USR0080,Org-Beta-Team2,Org-Beta,2025-10-23,1,8,2025-10-18
USR0081,Org-Beta-Team3,Org-Beta,2025-10-08,8,13,2025-10-08
USR0081,Org-Beta-Team3,Org-Beta,2025-10-09,4,31,2025-10-08
USR0081,Org-Beta-Team3,Org-Beta,2025-10-13,7,3,2025-10-08
USR0082,Org-Epsilon-Team3,Org-Epsilon,2025-10-08,2,24,2025-10-07
USR0082,Org-Epsilon-Team3,Org-Epsilon,2025-10-09,1,39,2025-10-07
USR0083,Org-Beta-Team1,Org-Beta,2025-10-17,2,19,2025-10-17
USR0083,Org-Beta-Team1,Org-Beta,2025-10-18,3,2,2025-10-17
USR0083,Org-Beta-Team1,Org-Beta,2025-10-20,5,38,2025-10-17
USR0083,Org-Beta-Team1,Org-Beta,2025-10-22,7,40,2025-10-17
USR0084,Org-Beta-Team4,Org-Beta,2025-10-28,5,10,2025-10-19
USR0084,Org-Beta-Team4,Org-Beta,2025-10-29,6,38,2025-10-19
USR0084,Org-Beta-Team4,Org-Beta,2025-10-30,4,10,2025-10-19
USR0084,Org-Beta-Team4,Org-Beta,2025-10-31,2,19,2025-10-19
USR0084,Org-Beta-Team4,Org-Beta,2025-11-01,5,37,2025-10-19
USR0084,Org-Beta-Team4,Org-Beta,2025-11-04,3,13,2025-10-19
USR0084,Org-Beta-Team4,Org-Beta,2025-11-05,4,19,2025-10-19
USR0084,Org-Beta-Team4,Org-Beta,2025-11-08,1,27,2025-10-19
USR0084,Org-Beta-Team4,Org-Beta,2025-11-10,8,10,2025-10-19
USR0084,Org-Beta-Team4,Org-Beta,2025-11-11,2,30,2025-10-19
USR0084,Org-Beta-Team4,Org-Beta,2025-11-14,8,12,2025-10-19
USR0084,Org-Beta-Team4,Org-Beta,2025-11-16,4,34,2025-10-19
USR0084,Org-Beta-Team4,Org-Beta,2025-11-18,6,16,2025-10-19
USR0084,Org-Beta-Team4,Org-Beta,2025-11-20,1,19,2025-10-19
USR0084,Org-Beta-Team4,Org-Beta,2025-11-25,3,37,2025-10-19
USR0084,Org-Beta-Team4,Org-Beta,2025-11-27,3,26,2025-10-19
USR0084,Org-Beta-Team4,Org-Beta,2025-11-28,6,35,2025-10-19
USR0084,Org-Beta-Team4,Org-Beta,2025-11-30,5,6,2025-10-19
USR0084,Org-Beta-Team4,Org-Beta,2025-12-02,7,23,2025-10-19
USR0084,Org-Beta-Team4,Org-Beta,2025-12-03,2,14,2025-10-19
USR0084,Org-Beta-Team4,Org-Beta,2025-12-04,8,28,2025-10-19
USR0084,Org-Beta-Team4,Org-Beta,2025-12-05,3,13,2025-10-19
USR0084,Org-Beta-Team4,Org-Beta,2025-12-07,6,8,2025-10-19
USR0084,Org-Beta-Team4,Org-Beta,2025-12-08,4,18,2025-10-19
USR0084,Org-Beta-Team4,Org-Beta,2025-12-09,3,16,2025-10-19
USR0084,Org-Beta-Team4,Org-Beta,2025-12-10,5,33,2025-10-19
USR0084,Org-Beta-Team4,Org-Beta,2025-12-11,1,2,2025-10-19
USR0084,Org-Beta-Team4,Org-Beta,2025-12-13,4,1,2025-10-19
USR0084,Org-Beta-Team4,Org-Beta,2025-12-14,7,39,2025-10-19
USR0084,Org-Beta-Team4,Org-Beta,2025-12-15,7,5,2025-10-19
USR0084,Org-Beta-Team4,Org-Beta,2025-12-17,7,33,2025-10-19
USR0084,Org-Beta-Team4,Org-Beta,2025-12-18,2,13,2025-10-19
USR0084,Org-Beta-Team4,Org-Beta,2025-12-20,1,4,2025-10-19
USR0084,Org-Beta-Team4,Org-Beta,2025-12-22,1,40,2025-10-19
USR0084,Org-Beta-Team4,Org-Beta,2025-12-24,2,21,2025-10-19
USR0084,Org-Beta-Team4,Org-Beta,2025-12-25,7,12,2025-10-19
USR0084,Org-Beta-Team4,Org-Beta,2025-12-27,8,27,2025-10-19
USR0084,Org-Beta-Team4,Org-Beta,2025-12-29,6,15,2025-10-19
USR0084,Org-Beta-Team4,Org-Beta,2025-12-31,8,29,2025-10-19
USR0084,Org-Beta-Team4,Org-Beta,2026-01-01,5,26,2025-10-19
USR0084,Org-Beta-Team4,Org-Beta,2026-01-02,8,9,2025-10-19
USR0084,Org-Beta-Team4,Org-Beta,2026-01-05,3,39,2025-10-19
USR0084,Org-Beta-Team4,Org-Beta,2026-01-06,1,36,2025-10-19
USR0084,Org-Beta-Team4,Org-Beta,2026-01-09,8,25,2025-10-19
USR0084,Org-Beta-Team4,Org-Beta,2026-01-12,2,17,2025-10-19
USR0084,Org-Beta-Team4,Org-Beta,2026-01-13,5,5,2025-10-19
USR0084,Org-Beta-Team4,Org-Beta,2026-01-15,8,15,2025-10-19
USR0084,Org-Beta-Team4,Org-Beta,2026-01-16,3,21,2025-10-19
USR0084,Org-Beta-Team4,Org-Beta,2026-01-17,3,13,2025-10-19
USR0084,Org-Beta-Team4,Org-Beta,2026-01-18,7,7,2025-10-19
USR0084,Org-Beta-Team4,Org-Beta,2026-01-19,2,30,2025-10-19
USR0084,Org-Beta-Team4,Org-Beta,2026-01-20,3,7,2025-10-19
USR0084,Org-Beta-Team4,Org-Beta,2026-01-21,3,1,2025-10-19
USR0084,Org-Beta-Team4,Org-Beta,2026-01-22,4,28,2025-10-19
USR0084,Org-Beta-Team4,Org-Beta,2026-01-23,6,9,2025-10-19
USR0084,Org-Beta-Team4,Org-Beta,2026-01-24,6,25,2025-10-19
USR0084,Org-Beta-Team4,Org-Beta,2026-01-25,4,29,2025-10-19
USR0084,Org-Beta-Team4,Org-Beta,2026-01-26,5,20,2025-10-19
USR0084,Org-Beta-Team4,Org-Beta,2026-01-27,1,11,2025-10-19
USR0084,Org-Beta-Team4,Org-Beta,2026-01-29,3,26,2025-10-19
USR0084,Org-Beta-Team4,Org-Beta,2026-01-30,1,7,2025-10-19
USR0084,Org-Beta-Team4,Org-Beta,2026-01-31,5,4,2025-10-19
USR0084,Org-Beta-Team4,Org-Beta,2026-02-01,4,17,2025-10-19
USR0084,Org-Beta-Team4,Org-Beta,2026-02-03,2,10,2025-10-19
USR0084,Org-Beta-Team4,Org-Beta,2026-02-06,3,12,2025-10-19
USR0084,Org-Beta-Team4,Org-Beta,2026-02-07,3,6,2025-10-19
USR0084,Org-Beta-Team4,Org-Beta,2026-02-10,3,7,2025-10-19
USR0084,Org-Beta-Team4,Org-Beta,2026-02-12,7,11,2025-10-19
USR0084,Org-Beta-Team4,Org-Beta,2026-02-13,6,32,2025-10-19
USR0084,Org-Beta-Team4,Org-Beta,2026-02-16,7,15,2025-10-19
USR0084,Org-Beta-Team4,Org-Beta,2026-02-18,2,33,2025-10-19
USR0084,Org-Beta-Team4,Org-Beta,2026-02-19,6,27,2025-10-19
USR0084,Org-Beta-Team4,Org-Beta,2026-02-20,4,37,2025-10-19
USR0084,Org-Beta-Team4,Org-Beta,2026-02-23,7,26,2025-10-19
USR0084,Org-Beta-Team4,Org-Beta,2026-02-26,1,26,2025-10-19
USR0084,Org-Beta-Team4,Org-Beta,2026-02-28,7,34,2025-10-19
USR0084,Org-Beta-Team4,Org-Beta,2026-03-02,1,24,2025-10-19
USR0084,Org-Beta-Team4,Org-Beta,2026-03-04,3,6,2025-10-19
USR0084,Org-Beta-Team4,Org-Beta,2026-03-06,4,23,2025-10-19
USR0084,Org-Beta-Team4,Org-Beta,2026-03-07,3,6,2025-10-19
USR0084,Org-Beta-Team4,Org-Beta,2026-03-11,6,35,2025-10-19
USR0084,Org-Beta-Team4,Org-Beta,2026-03-15,3,5,2025-10-19
USR0084,Org-Beta-Team4,Org-Beta,2026-03-16,3,5,2025-10-19
USR0084,Org-Beta-Team4,Org-Beta,2026-03-18,7,30,2025-10-19
USR0084,Org-Beta-Team4,Org-Beta,2026-03-21,5,16,2025-10-19
USR0084,Org-Beta-Team4,Org-Beta,2026-03-22,5,35,2025-10-19
USR0084,Org-Beta-Team4,Org-Beta,2026-03-25,1,22,2025-10-19
USR0084,Org-Beta-Team4,Org-Beta,2026-03-29,7,39,2025-10-19
USR0084,Org-Beta-Team4,Org-Beta,2026-03-31,5,9,2025-10-19
USR0085,Org-Alpha-Team4,Org-Alpha,2025-10-10,2,6,2025-10-10
USR0085,Org-Alpha-Team4,Org-Alpha,2025-10-11,8,35,2025-10-10
USR0085,Org-Alpha-Team4,Org-Alpha,2025-10-12,1,29,2025-10-10
USR0085,Org-Alpha-Team4,Org-Alpha,2025-10-13,3,16,2025-10-10
USR0085,Org-Alpha-Team4,Org-Alpha,2025-10-15,7,31,2025-10-10
USR0085,Org-Alpha-Team4,Org-Alpha,2025-10-16,3,2,2025-10-10
USR0085,Org-Alpha-Team4,Org-Alpha,2025-10-18,7,5,2025-10-10
USR0085,Org-Alpha-Team4,Org-Alpha,2025-10-20,8,32,2025-10-10
USR0085,Org-Alpha-Team4,Org-Alpha,2025-10-22,3,40,2025-10-10
USR0085,Org-Alpha-Team4,Org-Alpha,2025-10-23,7,33,2025-10-10
USR0085,Org-Alpha-Team4,Org-Alpha,2025-10-24,3,9,2025-10-10
USR0085,Org-Alpha-Team4,Org-Alpha,2025-10-25,4,32,2025-10-10
USR0085,Org-Alpha-Team4,Org-Alpha,2025-10-27,6,34,2025-10-10
USR0085,Org-Alpha-Team4,Org-Alpha,2025-10-28,3,16,2025-10-10
USR0085,Org-Alpha-Team4,Org-Alpha,2025-10-29,5,2,2025-10-10
USR0085,Org-Alpha-Team4,Org-Alpha,2025-11-02,6,30,2025-10-10
USR0085,Org-Alpha-Team4,Org-Alpha,2025-11-03,1,8,2025-10-10
USR0085,Org-Alpha-Team4,Org-Alpha,2025-11-04,3,22,2025-10-10
USR0085,Org-Alpha-Team4,Org-Alpha,2025-11-06,3,34,2025-10-10
USR0085,Org-Alpha-Team4,Org-Alpha,2025-11-07,7,13,2025-10-10
USR0085,Org-Alpha-Team4,Org-Alpha,2025-11-08,5,12,2025-10-10
USR0085,Org-Alpha-Team4,Org-Alpha,2025-11-11,5,26,2025-10-10
USR0085,Org-Alpha-Team4,Org-Alpha,2025-11-13,4,35,2025-10-10
USR0085,Org-Alpha-Team4,Org-Alpha,2025-11-17,3,17,2025-10-10
USR0085,Org-Alpha-Team4,Org-Alpha,2025-11-18,6,12,2025-10-10
USR0085,Org-Alpha-Team4,Org-Alpha,2025-11-19,6,31,2025-10-10
USR0085,Org-Alpha-Team4,Org-Alpha,2025-11-20,6,25,2025-10-10
USR0085,Org-Alpha-Team4,Org-Alpha,2025-11-21,3,26,2025-10-10
USR0085,Org-Alpha-Team4,Org-Alpha,2025-11-23,4,22,2025-10-10
USR0085,Org-Alpha-Team4,Org-Alpha,2025-11-24,6,7,2025-10-10
USR0085,Org-Alpha-Team4,Org-Alpha,2025-11-25,2,36,2025-10-10
USR0085,Org-Alpha-Team4,Org-Alpha,2025-11-27,1,32,2025-10-10
USR0085,Org-Alpha-Team4,Org-Alpha,2025-11-28,7,36,2025-10-10
USR0085,Org-Alpha-Team4,Org-Alpha,2025-11-29,6,32,2025-10-10
USR0085,Org-Alpha-Team4,Org-Alpha,2025-12-01,5,15,2025-10-10
USR0085,Org-Alpha-Team4,Org-Alpha,2025-12-02,5,40,2025-10-10
USR0085,Org-Alpha-Team4,Org-Alpha,2025-12-03,2,8,2025-10-10
USR0085,Org-Alpha-Team4,Org-Alpha,2025-12-05,3,4,2025-10-10
USR0085,Org-Alpha-Team4,Org-Alpha,2025-12-06,6,38,2025-10-10
USR0085,Org-Alpha-Team4,Org-Alpha,2025-12-07,1,6,2025-10-10
USR0085,Org-Alpha-Team4,Org-Alpha,2025-12-09,5,6,2025-10-10
USR0085,Org-Alpha-Team4,Org-Alpha,2025-12-10,8,7,2025-10-10
USR0085,Org-Alpha-Team4,Org-Alpha,2025-12-11,6,13,2025-10-10
USR0085,Org-Alpha-Team4,Org-Alpha,2025-12-12,3,24,2025-10-10
USR0085,Org-Alpha-Team4,Org-Alpha,2025-12-14,7,31,2025-10-10
USR0085,Org-Alpha-Team4,Org-Alpha,2025-12-17,7,29,2025-10-10
USR0085,Org-Alpha-Team4,Org-Alpha,2025-12-19,5,10,2025-10-10
USR0085,Org-Alpha-Team4,Org-Alpha,2025-12-22,2,3,2025-10-10
USR0085,Org-Alpha-Team4,Org-Alpha,2025-12-24,7,40,2025-10-10
USR0085,Org-Alpha-Team4,Org-Alpha,2025-12-25,2,38,2025-10-10
USR0085,Org-Alpha-Team4,Org-Alpha,2025-12-26,1,39,2025-10-10
USR0085,Org-Alpha-Team4,Org-Alpha,2025-12-28,8,1,2025-10-10
USR0085,Org-Alpha-Team4,Org-Alpha,2025-12-29,3,16,2025-10-10
USR0085,Org-Alpha-Team4,Org-Alpha,2025-12-31,6,26,2025-10-10
USR0085,Org-Alpha-Team4,Org-Alpha,2026-01-01,3,22,2025-10-10
USR0085,Org-Alpha-Team4,Org-Alpha,2026-01-02,7,27,2025-10-10
USR0085,Org-Alpha-Team4,Org-Alpha,2026-01-03,6,38,2025-10-10
USR0085,Org-Alpha-Team4,Org-Alpha,2026-01-04,8,35,2025-10-10
USR0085,Org-Alpha-Team4,Org-Alpha,2026-01-05,5,11,2025-10-10
USR0085,Org-Alpha-Team4,Org-Alpha,2026-01-06,6,33,2025-10-10
USR0085,Org-Alpha-Team4,Org-Alpha,2026-01-07,5,35,2025-10-10
USR0085,Org-Alpha-Team4,Org-Alpha,2026-01-10,6,21,2025-10-10
USR0085,Org-Alpha-Team4,Org-Alpha,2026-01-13,3,20,2025-10-10
USR0085,Org-Alpha-Team4,Org-Alpha,2026-01-18,6,2,2025-10-10
USR0085,Org-Alpha-Team4,Org-Alpha,2026-01-19,1,3,2025-10-10
USR0085,Org-Alpha-Team4,Org-Alpha,2026-01-20,5,24,2025-10-10
USR0085,Org-Alpha-Team4,Org-Alpha,2026-01-22,4,5,2025-10-10
USR0085,Org-Alpha-Team4,Org-Alpha,2026-01-24,2,21,2025-10-10
USR0085,Org-Alpha-Team4,Org-Alpha,2026-01-26,1,21,2025-10-10
USR0085,Org-Alpha-Team4,Org-Alpha,2026-01-27,1,34,2025-10-10
USR0085,Org-Alpha-Team4,Org-Alpha,2026-01-28,7,36,2025-10-10
USR0085,Org-Alpha-Team4,Org-Alpha,2026-01-31,5,34,2025-10-10
USR0085,Org-Alpha-Team4,Org-Alpha,2026-02-01,7,25,2025-10-10
USR0085,Org-Alpha-Team4,Org-Alpha,2026-02-02,8,10,2025-10-10
USR0085,Org-Alpha-Team4,Org-Alpha,2026-02-03,4,28,2025-10-10
USR0085,Org-Alpha-Team4,Org-Alpha,2026-02-04,8,19,2025-10-10
USR0085,Org-Alpha-Team4,Org-Alpha,2026-02-06,1,9,2025-10-10
USR0085,Org-Alpha-Team4,Org-Alpha,2026-02-07,3,24,2025-10-10
USR0085,Org-Alpha-Team4,Org-Alpha,2026-02-08,2,34,2025-10-10
USR0085,Org-Alpha-Team4,Org-Alpha,2026-02-09,3,35,2025-10-10
USR0085,Org-Alpha-Team4,Org-Alpha,2026-02-11,3,13,2025-10-10
USR0085,Org-Alpha-Team4,Org-Alpha,2026-02-13,3,1,2025-10-10
USR0085,Org-Alpha-Team4,Org-Alpha,2026-02-16,1,6,2025-10-10
USR0085,Org-Alpha-Team4,Org-Alpha,2026-02-17,7,17,2025-10-10
USR0085,Org-Alpha-Team4,Org-Alpha,2026-02-18,4,36,2025-10-10
USR0085,Org-Alpha-Team4,Org-Alpha,2026-02-19,1,35,2025-10-10
USR0085,Org-Alpha-Team4,Org-Alpha,2026-02-20,8,26,2025-10-10
USR0085,Org-Alpha-Team4,Org-Alpha,2026-02-21,2,30,2025-10-10
USR0085,Org-Alpha-Team4,Org-Alpha,2026-02-22,3,23,2025-10-10
USR0085,Org-Alpha-Team4,Org-Alpha,2026-02-23,6,17,2025-10-10
USR0085,Org-Alpha-Team4,Org-Alpha,2026-02-25,5,31,2025-10-10
USR0085,Org-Alpha-Team4,Org-Alpha,2026-02-26,3,37,2025-10-10
USR0085,Org-Alpha-Team4,Org-Alpha,2026-02-28,2,33,2025-10-10
USR0085,Org-Alpha-Team4,Org-Alpha,2026-03-04,4,7,2025-10-10
USR0085,Org-Alpha-Team4,Org-Alpha,2026-03-05,3,29,2025-10-10
USR0085,Org-Alpha-Team4,Org-Alpha,2026-03-08,8,14,2025-10-10
USR0085,Org-Alpha-Team4,Org-Alpha,2026-03-09,4,37,2025-10-10
USR0085,Org-Alpha-Team4,Org-Alpha,2026-03-14,3,10,2025-10-10
USR0085,Org-Alpha-Team4,Org-Alpha,2026-03-15,4,27,2025-10-10
USR0085,Org-Alpha-Team4,Org-Alpha,2026-03-21,5,16,2025-10-10
USR0085,Org-Alpha-Team4,Org-Alpha,2026-03-22,3,16,2025-10-10
USR0085,Org-Alpha-Team4,Org-Alpha,2026-03-24,6,16,2025-10-10
USR0085,Org-Alpha-Team4,Org-Alpha,2026-03-27,6,36,2025-10-10
USR0085,Org-Alpha-Team4,Org-Alpha,2026-03-29,2,32,2025-10-10
USR0085,Org-Alpha-Team4,Org-Alpha,2026-03-31,8,15,2025-10-10
USR0086,Org-Beta-Team1,Org-Beta,2025-10-06,1,37,2025-10-06
USR0086,Org-Beta-Team1,Org-Beta,2025-10-07,5,37,2025-10-06
USR0086,Org-Beta-Team1,Org-Beta,2025-10-12,8,39,2025-10-06
USR0086,Org-Beta-Team1,Org-Beta,2025-10-15,3,37,2025-10-06
USR0086,Org-Beta-Team1,Org-Beta,2025-10-16,2,11,2025-10-06
USR0086,Org-Beta-Team1,Org-Beta,2025-10-17,4,39,2025-10-06
USR0086,Org-Beta-Team1,Org-Beta,2025-10-18,8,8,2025-10-06
USR0086,Org-Beta-Team1,Org-Beta,2025-10-19,6,9,2025-10-06
USR0086,Org-Beta-Team1,Org-Beta,2025-10-20,4,9,2025-10-06
USR0086,Org-Beta-Team1,Org-Beta,2025-10-21,2,9,2025-10-06
USR0086,Org-Beta-Team1,Org-Beta,2025-10-23,1,36,2025-10-06
USR0086,Org-Beta-Team1,Org-Beta,2025-10-24,1,3,2025-10-06
USR0086,Org-Beta-Team1,Org-Beta,2025-10-25,8,39,2025-10-06
USR0086,Org-Beta-Team1,Org-Beta,2025-10-28,8,23,2025-10-06
USR0086,Org-Beta-Team1,Org-Beta,2025-11-03,4,35,2025-10-06
USR0086,Org-Beta-Team1,Org-Beta,2025-11-04,1,3,2025-10-06
USR0086,Org-Beta-Team1,Org-Beta,2025-11-05,5,20,2025-10-06
USR0086,Org-Beta-Team1,Org-Beta,2025-11-06,7,6,2025-10-06
USR0086,Org-Beta-Team1,Org-Beta,2025-11-09,2,30,2025-10-06
USR0086,Org-Beta-Team1,Org-Beta,2025-11-10,3,14,2025-10-06
USR0086,Org-Beta-Team1,Org-Beta,2025-11-12,2,2,2025-10-06
USR0086,Org-Beta-Team1,Org-Beta,2025-11-15,6,2,2025-10-06
USR0086,Org-Beta-Team1,Org-Beta,2025-11-16,4,31,2025-10-06
USR0086,Org-Beta-Team1,Org-Beta,2025-11-17,4,4,2025-10-06
USR0086,Org-Beta-Team1,Org-Beta,2025-11-19,1,37,2025-10-06
USR0086,Org-Beta-Team1,Org-Beta,2025-11-20,8,6,2025-10-06
USR0086,Org-Beta-Team1,Org-Beta,2025-11-21,8,6,2025-10-06
USR0086,Org-Beta-Team1,Org-Beta,2025-11-23,7,4,2025-10-06
USR0086,Org-Beta-Team1,Org-Beta,2025-11-26,3,8,2025-10-06
USR0086,Org-Beta-Team1,Org-Beta,2025-11-30,3,4,2025-10-06
USR0086,Org-Beta-Team1,Org-Beta,2025-12-01,2,8,2025-10-06
USR0086,Org-Beta-Team1,Org-Beta,2025-12-02,7,7,2025-10-06
USR0086,Org-Beta-Team1,Org-Beta,2025-12-03,3,3,2025-10-06
USR0086,Org-Beta-Team1,Org-Beta,2025-12-04,1,29,2025-10-06
USR0086,Org-Beta-Team1,Org-Beta,2025-12-05,6,34,2025-10-06
USR0086,Org-Beta-Team1,Org-Beta,2025-12-08,4,3,2025-10-06
USR0086,Org-Beta-Team1,Org-Beta,2025-12-09,4,28,2025-10-06
USR0086,Org-Beta-Team1,Org-Beta,2025-12-10,4,35,2025-10-06
USR0086,Org-Beta-Team1,Org-Beta,2025-12-11,3,30,2025-10-06
USR0086,Org-Beta-Team1,Org-Beta,2025-12-14,2,10,2025-10-06
USR0086,Org-Beta-Team1,Org-Beta,2025-12-16,2,6,2025-10-06
USR0086,Org-Beta-Team1,Org-Beta,2025-12-17,7,34,2025-10-06
USR0086,Org-Beta-Team1,Org-Beta,2025-12-18,6,1,2025-10-06
USR0086,Org-Beta-Team1,Org-Beta,2025-12-19,6,9,2025-10-06
USR0086,Org-Beta-Team1,Org-Beta,2025-12-20,5,25,2025-10-06
USR0086,Org-Beta-Team1,Org-Beta,2025-12-21,4,24,2025-10-06
USR0086,Org-Beta-Team1,Org-Beta,2025-12-23,7,5,2025-10-06
USR0086,Org-Beta-Team1,Org-Beta,2025-12-26,4,37,2025-10-06
USR0086,Org-Beta-Team1,Org-Beta,2025-12-27,3,38,2025-10-06
USR0086,Org-Beta-Team1,Org-Beta,2025-12-28,1,7,2025-10-06
USR0086,Org-Beta-Team1,Org-Beta,2025-12-29,8,8,2025-10-06
USR0086,Org-Beta-Team1,Org-Beta,2025-12-30,4,28,2025-10-06
USR0086,Org-Beta-Team1,Org-Beta,2026-01-01,6,25,2025-10-06
USR0086,Org-Beta-Team1,Org-Beta,2026-01-02,3,14,2025-10-06
USR0086,Org-Beta-Team1,Org-Beta,2026-01-04,2,10,2025-10-06
USR0086,Org-Beta-Team1,Org-Beta,2026-01-05,8,4,2025-10-06
USR0086,Org-Beta-Team1,Org-Beta,2026-01-06,6,40,2025-10-06
USR0086,Org-Beta-Team1,Org-Beta,2026-01-07,4,36,2025-10-06
USR0086,Org-Beta-Team1,Org-Beta,2026-01-08,1,11,2025-10-06
USR0086,Org-Beta-Team1,Org-Beta,2026-01-09,1,29,2025-10-06
USR0086,Org-Beta-Team1,Org-Beta,2026-01-12,1,27,2025-10-06
USR0086,Org-Beta-Team1,Org-Beta,2026-01-13,3,19,2025-10-06
USR0086,Org-Beta-Team1,Org-Beta,2026-01-14,2,22,2025-10-06
USR0086,Org-Beta-Team1,Org-Beta,2026-01-15,3,1,2025-10-06
USR0086,Org-Beta-Team1,Org-Beta,2026-01-16,5,3,2025-10-06
USR0086,Org-Beta-Team1,Org-Beta,2026-01-17,2,2,2025-10-06
USR0086,Org-Beta-Team1,Org-Beta,2026-01-20,8,37,2025-10-06
USR0086,Org-Beta-Team1,Org-Beta,2026-01-23,5,40,2025-10-06
USR0086,Org-Beta-Team1,Org-Beta,2026-01-24,8,38,2025-10-06
USR0086,Org-Beta-Team1,Org-Beta,2026-01-27,7,12,2025-10-06
USR0086,Org-Beta-Team1,Org-Beta,2026-01-29,2,9,2025-10-06
USR0086,Org-Beta-Team1,Org-Beta,2026-01-31,7,1,2025-10-06
USR0086,Org-Beta-Team1,Org-Beta,2026-02-01,1,8,2025-10-06
USR0086,Org-Beta-Team1,Org-Beta,2026-02-03,1,14,2025-10-06
USR0086,Org-Beta-Team1,Org-Beta,2026-02-04,7,36,2025-10-06
USR0086,Org-Beta-Team1,Org-Beta,2026-02-05,8,26,2025-10-06
USR0086,Org-Beta-Team1,Org-Beta,2026-02-06,2,32,2025-10-06
USR0086,Org-Beta-Team1,Org-Beta,2026-02-07,1,35,2025-10-06
USR0086,Org-Beta-Team1,Org-Beta,2026-02-08,2,24,2025-10-06
USR0086,Org-Beta-Team1,Org-Beta,2026-02-09,3,38,2025-10-06
USR0086,Org-Beta-Team1,Org-Beta,2026-02-10,2,22,2025-10-06
USR0086,Org-Beta-Team1,Org-Beta,2026-02-12,4,33,2025-10-06
USR0086,Org-Beta-Team1,Org-Beta,2026-02-13,8,7,2025-10-06
USR0086,Org-Beta-Team1,Org-Beta,2026-02-14,8,15,2025-10-06
USR0086,Org-Beta-Team1,Org-Beta,2026-02-15,1,19,2025-10-06
USR0086,Org-Beta-Team1,Org-Beta,2026-02-16,5,32,2025-10-06
USR0086,Org-Beta-Team1,Org-Beta,2026-02-17,7,12,2025-10-06
USR0086,Org-Beta-Team1,Org-Beta,2026-02-18,4,2,2025-10-06
USR0086,Org-Beta-Team1,Org-Beta,2026-02-19,7,12,2025-10-06
USR0086,Org-Beta-Team1,Org-Beta,2026-02-20,6,29,2025-10-06
USR0086,Org-Beta-Team1,Org-Beta,2026-02-21,7,39,2025-10-06
USR0086,Org-Beta-Team1,Org-Beta,2026-02-22,1,14,2025-10-06
USR0086,Org-Beta-Team1,Org-Beta,2026-02-23,1,22,2025-10-06
USR0086,Org-Beta-Team1,Org-Beta,2026-02-24,4,39,2025-10-06
USR0086,Org-Beta-Team1,Org-Beta,2026-02-25,8,17,2025-10-06
USR0086,Org-Beta-Team1,Org-Beta,2026-02-28,3,6,2025-10-06
USR0086,Org-Beta-Team1,Org-Beta,2026-03-01,2,34,2025-10-06
USR0086,Org-Beta-Team1,Org-Beta,2026-03-02,3,31,2025-10-06
USR0086,Org-Beta-Team1,Org-Beta,2026-03-03,1,18,2025-10-06
USR0086,Org-Beta-Team1,Org-Beta,2026-03-04,7,7,2025-10-06
USR0086,Org-Beta-Team1,Org-Beta,2026-03-05,6,38,2025-10-06
USR0086,Org-Beta-Team1,Org-Beta,2026-03-06,2,8,2025-10-06
USR0086,Org-Beta-Team1,Org-Beta,2026-03-07,8,30,2025-10-06
USR0086,Org-Beta-Team1,Org-Beta,2026-03-08,5,3,2025-10-06
USR0086,Org-Beta-Team1,Org-Beta,2026-03-09,5,38,2025-10-06
USR0086,Org-Beta-Team1,Org-Beta,2026-03-10,2,37,2025-10-06
USR0086,Org-Beta-Team1,Org-Beta,2026-03-14,1,21,2025-10-06
USR0086,Org-Beta-Team1,Org-Beta,2026-03-15,2,21,2025-10-06
USR0086,Org-Beta-Team1,Org-Beta,2026-03-17,1,38,2025-10-06
USR0086,Org-Beta-Team1,Org-Beta,2026-03-18,8,26,2025-10-06
USR0086,Org-Beta-Team1,Org-Beta,2026-03-20,8,15,2025-10-06
USR0086,Org-Beta-Team1,Org-Beta,2026-03-22,8,8,2025-10-06
USR0086,Org-Beta-Team1,Org-Beta,2026-03-24,5,7,2025-10-06
USR0086,Org-Beta-Team1,Org-Beta,2026-03-25,7,7,2025-10-06
USR0086,Org-Beta-Team1,Org-Beta,2026-03-26,8,19,2025-10-06
USR0086,Org-Beta-Team1,Org-Beta,2026-03-28,5,16,2025-10-06
USR0086,Org-Beta-Team1,Org-Beta,2026-03-29,3,21,2025-10-06
USR0086,Org-Beta-Team1,Org-Beta,2026-03-30,4,33,2025-10-06
USR0087,Org-Delta-Team1,Org-Delta,2025-10-22,1,5,2025-10-20
USR0087,Org-Delta-Team1,Org-Delta,2025-10-25,7,9,2025-10-20
USR0088,Org-Alpha-Team2,Org-Alpha,2025-10-01,3,7,2025-10-01
USR0088,Org-Alpha-Team2,Org-Alpha,2025-10-02,1,11,2025-10-01
USR0090,Org-Beta-Team3,Org-Beta,2025-10-11,8,10,2025-10-09
USR0090,Org-Beta-Team3,Org-Beta,2025-10-13,8,2,2025-10-09
USR0091,Org-Beta-Team1,Org-Beta,2025-10-20,2,35,2025-10-18
USR0091,Org-Beta-Team1,Org-Beta,2025-10-23,3,11,2025-10-18
USR0092,Org-Delta-Team2,Org-Delta,2025-10-25,4,37,2025-10-25
USR0092,Org-Delta-Team2,Org-Delta,2025-10-28,1,35,2025-10-25
USR0093,Org-Alpha-Team1,Org-Alpha,2025-10-06,1,27,2025-10-06
USR0093,Org-Alpha-Team1,Org-Alpha,2025-10-07,8,6,2025-10-06
USR0094,Org-Epsilon-Team4,Org-Epsilon,2025-10-28,2,20,2025-10-27
USR0094,Org-Epsilon-Team4,Org-Epsilon,2025-10-29,2,6,2025-10-27
USR0094,Org-Epsilon-Team4,Org-Epsilon,2025-10-31,8,38,2025-10-27
USR0094,Org-Epsilon-Team4,Org-Epsilon,2025-11-01,3,39,2025-10-27
USR0094,Org-Epsilon-Team4,Org-Epsilon,2025-11-03,3,30,2025-10-27
USR0094,Org-Epsilon-Team4,Org-Epsilon,2025-11-05,8,4,2025-10-27
USR0094,Org-Epsilon-Team4,Org-Epsilon,2025-11-06,6,15,2025-10-27
USR0094,Org-Epsilon-Team4,Org-Epsilon,2025-11-08,2,38,2025-10-27
USR0094,Org-Epsilon-Team4,Org-Epsilon,2025-11-09,6,28,2025-10-27
USR0094,Org-Epsilon-Team4,Org-Epsilon,2025-11-10,4,12,2025-10-27
USR0094,Org-Epsilon-Team4,Org-Epsilon,2025-11-11,4,22,2025-10-27
USR0094,Org-Epsilon-Team4,Org-Epsilon,2025-11-13,8,38,2025-10-27
USR0094,Org-Epsilon-Team4,Org-Epsilon,2025-11-17,5,3,2025-10-27
USR0094,Org-Epsilon-Team4,Org-Epsilon,2025-11-21,7,25,2025-10-27
USR0094,Org-Epsilon-Team4,Org-Epsilon,2025-11-22,5,40,2025-10-27
USR0094,Org-Epsilon-Team4,Org-Epsilon,2025-11-23,5,29,2025-10-27
USR0094,Org-Epsilon-Team4,Org-Epsilon,2025-11-24,3,5,2025-10-27
USR0094,Org-Epsilon-Team4,Org-Epsilon,2025-11-25,3,36,2025-10-27
USR0094,Org-Epsilon-Team4,Org-Epsilon,2025-11-26,7,10,2025-10-27
USR0094,Org-Epsilon-Team4,Org-Epsilon,2025-11-27,6,38,2025-10-27
USR0094,Org-Epsilon-Team4,Org-Epsilon,2025-11-30,3,1,2025-10-27
USR0094,Org-Epsilon-Team4,Org-Epsilon,2025-12-01,4,18,2025-10-27
USR0094,Org-Epsilon-Team4,Org-Epsilon,2025-12-02,4,40,2025-10-27
USR0094,Org-Epsilon-Team4,Org-Epsilon,2025-12-03,7,9,2025-10-27
USR0094,Org-Epsilon-Team4,Org-Epsilon,2025-12-05,3,34,2025-10-27
USR0094,Org-Epsilon-Team4,Org-Epsilon,2025-12-06,2,28,2025-10-27
USR0094,Org-Epsilon-Team4,Org-Epsilon,2025-12-07,2,6,2025-10-27
USR0094,Org-Epsilon-Team4,Org-Epsilon,2025-12-08,4,8,2025-10-27
USR0094,Org-Epsilon-Team4,Org-Epsilon,2025-12-09,4,23,2025-10-27
USR0094,Org-Epsilon-Team4,Org-Epsilon,2025-12-13,4,27,2025-10-27
USR0094,Org-Epsilon-Team4,Org-Epsilon,2025-12-14,4,31,2025-10-27
USR0094,Org-Epsilon-Team4,Org-Epsilon,2025-12-17,4,3,2025-10-27
USR0094,Org-Epsilon-Team4,Org-Epsilon,2025-12-19,2,26,2025-10-27
USR0094,Org-Epsilon-Team4,Org-Epsilon,2025-12-20,1,11,2025-10-27
USR0094,Org-Epsilon-Team4,Org-Epsilon,2025-12-21,5,20,2025-10-27
USR0094,Org-Epsilon-Team4,Org-Epsilon,2025-12-22,5,8,2025-10-27
USR0094,Org-Epsilon-Team4,Org-Epsilon,2025-12-24,1,13,2025-10-27
USR0094,Org-Epsilon-Team4,Org-Epsilon,2025-12-26,7,26,2025-10-27
USR0094,Org-Epsilon-Team4,Org-Epsilon,2025-12-28,8,5,2025-10-27
USR0094,Org-Epsilon-Team4,Org-Epsilon,2025-12-30,5,39,2025-10-27
USR0094,Org-Epsilon-Team4,Org-Epsilon,2025-12-31,1,35,2025-10-27
USR0094,Org-Epsilon-Team4,Org-Epsilon,2026-01-01,1,26,2025-10-27
USR0094,Org-Epsilon-Team4,Org-Epsilon,2026-01-02,3,7,2025-10-27
USR0094,Org-Epsilon-Team4,Org-Epsilon,2026-01-03,8,18,2025-10-27
USR0094,Org-Epsilon-Team4,Org-Epsilon,2026-01-04,2,15,2025-10-27
USR0094,Org-Epsilon-Team4,Org-Epsilon,2026-01-10,4,38,2025-10-27
USR0094,Org-Epsilon-Team4,Org-Epsilon,2026-01-11,8,20,2025-10-27
USR0094,Org-Epsilon-Team4,Org-Epsilon,2026-01-13,5,6,2025-10-27
USR0094,Org-Epsilon-Team4,Org-Epsilon,2026-01-14,5,21,2025-10-27
USR0094,Org-Epsilon-Team4,Org-Epsilon,2026-01-16,2,40,2025-10-27
USR0094,Org-Epsilon-Team4,Org-Epsilon,2026-01-17,3,4,2025-10-27
USR0094,Org-Epsilon-Team4,Org-Epsilon,2026-01-21,7,3,2025-10-27
USR0094,Org-Epsilon-Team4,Org-Epsilon,2026-01-22,2,31,2025-10-27
USR0094,Org-Epsilon-Team4,Org-Epsilon,2026-01-23,1,15,2025-10-27
USR0094,Org-Epsilon-Team4,Org-Epsilon,2026-01-25,7,14,2025-10-27
USR0094,Org-Epsilon-Team4,Org-Epsilon,2026-01-26,4,27,2025-10-27
USR0094,Org-Epsilon-Team4,Org-Epsilon,2026-01-29,5,21,2025-10-27
USR0094,Org-Epsilon-Team4,Org-Epsilon,2026-01-30,1,25,2025-10-27
USR0094,Org-Epsilon-Team4,Org-Epsilon,2026-01-31,1,2,2025-10-27
USR0094,Org-Epsilon-Team4,Org-Epsilon,2026-02-01,5,9,2025-10-27
USR0094,Org-Epsilon-Team4,Org-Epsilon,2026-02-02,5,12,2025-10-27
USR0094,Org-Epsilon-Team4,Org-Epsilon,2026-02-03,7,25,2025-10-27
USR0094,Org-Epsilon-Team4,Org-Epsilon,2026-02-05,7,28,2025-10-27
USR0094,Org-Epsilon-Team4,Org-Epsilon,2026-02-06,1,21,2025-10-27
USR0094,Org-Epsilon-Team4,Org-Epsilon,2026-02-08,1,20,2025-10-27
USR0094,Org-Epsilon-Team4,Org-Epsilon,2026-02-09,6,32,2025-10-27
USR0094,Org-Epsilon-Team4,Org-Epsilon,2026-02-11,1,37,2025-10-27
USR0094,Org-Epsilon-Team4,Org-Epsilon,2026-02-12,5,21,2025-10-27
USR0094,Org-Epsilon-Team4,Org-Epsilon,2026-02-14,1,28,2025-10-27
USR0094,Org-Epsilon-Team4,Org-Epsilon,2026-02-15,6,17,2025-10-27
USR0094,Org-Epsilon-Team4,Org-Epsilon,2026-02-20,7,22,2025-10-27
USR0094,Org-Epsilon-Team4,Org-Epsilon,2026-02-22,7,22,2025-10-27
USR0094,Org-Epsilon-Team4,Org-Epsilon,2026-02-24,1,1,2025-10-27
USR0094,Org-Epsilon-Team4,Org-Epsilon,2026-02-27,3,8,2025-10-27
USR0094,Org-Epsilon-Team4,Org-Epsilon,2026-02-28,5,12,2025-10-27
USR0094,Org-Epsilon-Team4,Org-Epsilon,2026-03-03,8,31,2025-10-27
USR0094,Org-Epsilon-Team4,Org-Epsilon,2026-03-04,3,21,2025-10-27
USR0094,Org-Epsilon-Team4,Org-Epsilon,2026-03-06,2,6,2025-10-27
USR0094,Org-Epsilon-Team4,Org-Epsilon,2026-03-07,2,6,2025-10-27
USR0094,Org-Epsilon-Team4,Org-Epsilon,2026-03-08,5,35,2025-10-27
USR0094,Org-Epsilon-Team4,Org-Epsilon,2026-03-12,1,7,2025-10-27
USR0094,Org-Epsilon-Team4,Org-Epsilon,2026-03-13,7,31,2025-10-27
USR0094,Org-Epsilon-Team4,Org-Epsilon,2026-03-16,2,12,2025-10-27
USR0094,Org-Epsilon-Team4,Org-Epsilon,2026-03-17,6,29,2025-10-27
USR0094,Org-Epsilon-Team4,Org-Epsilon,2026-03-21,3,27,2025-10-27
USR0094,Org-Epsilon-Team4,Org-Epsilon,2026-03-25,3,8,2025-10-27
USR0094,Org-Epsilon-Team4,Org-Epsilon,2026-03-27,5,15,2025-10-27
USR0094,Org-Epsilon-Team4,Org-Epsilon,2026-03-30,7,23,2025-10-27
USR0095,Org-Beta-Team3,Org-Beta,2025-10-24,8,36,2025-10-24
USR0095,Org-Beta-Team3,Org-Beta,2025-10-25,3,24,2025-10-24
USR0095,Org-Beta-Team3,Org-Beta,2025-10-28,3,8,2025-10-24
USR0095,Org-Beta-Team3,Org-Beta,2025-10-31,6,17,2025-10-24
USR0096,Org-Alpha-Team3,Org-Alpha,2025-10-12,7,17,2025-10-12
USR0096,Org-Alpha-Team3,Org-Alpha,2025-10-13,6,19,2025-10-12
USR0096,Org-Alpha-Team3,Org-Alpha,2025-10-15,3,13,2025-10-12
USR0097,Org-Alpha-Team2,Org-Alpha,2025-10-28,4,10,2025-10-28
USR0097,Org-Alpha-Team2,Org-Alpha,2025-10-31,8,40,2025-10-28
USR0097,Org-Alpha-Team2,Org-Alpha,2025-11-03,7,14,2025-10-28
USR0097,Org-Alpha-Team2,Org-Alpha,2025-11-04,5,11,2025-10-28
USR0097,Org-Alpha-Team2,Org-Alpha,2025-11-05,1,13,2025-10-28
USR0097,Org-Alpha-Team2,Org-Alpha,2025-11-07,7,11,2025-10-28
USR0097,Org-Alpha-Team2,Org-Alpha,2025-11-10,1,35,2025-10-28
USR0097,Org-Alpha-Team2,Org-Alpha,2025-11-11,2,39,2025-10-28
USR0097,Org-Alpha-Team2,Org-Alpha,2025-11-15,4,3,2025-10-28
USR0097,Org-Alpha-Team2,Org-Alpha,2025-11-16,4,21,2025-10-28
USR0097,Org-Alpha-Team2,Org-Alpha,2025-11-18,3,18,2025-10-28
USR0097,Org-Alpha-Team2,Org-Alpha,2025-11-20,4,20,2025-10-28
USR0097,Org-Alpha-Team2,Org-Alpha,2025-11-21,2,33,2025-10-28
USR0097,Org-Alpha-Team2,Org-Alpha,2025-11-22,7,29,2025-10-28
USR0097,Org-Alpha-Team2,Org-Alpha,2025-11-23,5,33,2025-10-28
USR0097,Org-Alpha-Team2,Org-Alpha,2025-11-26,3,18,2025-10-28
USR0097,Org-Alpha-Team2,Org-Alpha,2025-11-27,6,17,2025-10-28
USR0097,Org-Alpha-Team2,Org-Alpha,2025-11-28,1,35,2025-10-28
USR0097,Org-Alpha-Team2,Org-Alpha,2025-11-29,6,5,2025-10-28
USR0097,Org-Alpha-Team2,Org-Alpha,2025-11-30,4,29,2025-10-28
USR0097,Org-Alpha-Team2,Org-Alpha,2025-12-02,1,21,2025-10-28
USR0097,Org-Alpha-Team2,Org-Alpha,2025-12-03,2,10,2025-10-28
USR0097,Org-Alpha-Team2,Org-Alpha,2025-12-04,5,35,2025-10-28
USR0097,Org-Alpha-Team2,Org-Alpha,2025-12-07,7,38,2025-10-28
USR0097,Org-Alpha-Team2,Org-Alpha,2025-12-08,3,39,2025-10-28
USR0097,Org-Alpha-Team2,Org-Alpha,2025-12-09,6,31,2025-10-28
USR0097,Org-Alpha-Team2,Org-Alpha,2025-12-10,3,31,2025-10-28
USR0097,Org-Alpha-Team2,Org-Alpha,2025-12-11,8,9,2025-10-28
USR0097,Org-Alpha-Team2,Org-Alpha,2025-12-12,4,3,2025-10-28
USR0097,Org-Alpha-Team2,Org-Alpha,2025-12-16,7,17,2025-10-28
USR0097,Org-Alpha-Team2,Org-Alpha,2025-12-17,3,14,2025-10-28
USR0097,Org-Alpha-Team2,Org-Alpha,2025-12-20,3,34,2025-10-28
USR0097,Org-Alpha-Team2,Org-Alpha,2025-12-21,2,10,2025-10-28
USR0097,Org-Alpha-Team2,Org-Alpha,2025-12-25,7,11,2025-10-28
USR0097,Org-Alpha-Team2,Org-Alpha,2025-12-27,3,34,2025-10-28
USR0097,Org-Alpha-Team2,Org-Alpha,2025-12-31,4,11,2025-10-28
USR0097,Org-Alpha-Team2,Org-Alpha,2026-01-01,1,8,2025-10-28
USR0097,Org-Alpha-Team2,Org-Alpha,2026-01-02,4,12,2025-10-28
USR0097,Org-Alpha-Team2,Org-Alpha,2026-01-04,7,30,2025-10-28
USR0097,Org-Alpha-Team2,Org-Alpha,2026-01-05,2,3,2025-10-28
USR0097,Org-Alpha-Team2,Org-Alpha,2026-01-07,8,25,2025-10-28
USR0097,Org-Alpha-Team2,Org-Alpha,2026-01-08,2,19,2025-10-28
USR0097,Org-Alpha-Team2,Org-Alpha,2026-01-09,7,6,2025-10-28
USR0097,Org-Alpha-Team2,Org-Alpha,2026-01-10,4,36,2025-10-28
USR0097,Org-Alpha-Team2,Org-Alpha,2026-01-11,6,16,2025-10-28
USR0097,Org-Alpha-Team2,Org-Alpha,2026-01-13,1,31,2025-10-28
USR0097,Org-Alpha-Team2,Org-Alpha,2026-01-14,3,13,2025-10-28
USR0097,Org-Alpha-Team2,Org-Alpha,2026-01-15,7,38,2025-10-28
USR0097,Org-Alpha-Team2,Org-Alpha,2026-01-16,2,3,2025-10-28
USR0097,Org-Alpha-Team2,Org-Alpha,2026-01-17,1,30,2025-10-28
USR0097,Org-Alpha-Team2,Org-Alpha,2026-01-19,3,1,2025-10-28
USR0097,Org-Alpha-Team2,Org-Alpha,2026-01-20,5,22,2025-10-28
USR0097,Org-Alpha-Team2,Org-Alpha,2026-01-22,8,5,2025-10-28
USR0097,Org-Alpha-Team2,Org-Alpha,2026-01-23,1,28,2025-10-28
USR0097,Org-Alpha-Team2,Org-Alpha,2026-01-24,7,28,2025-10-28
USR0097,Org-Alpha-Team2,Org-Alpha,2026-01-25,2,1,2025-10-28
USR0097,Org-Alpha-Team2,Org-Alpha,2026-01-27,6,20,2025-10-28
USR0097,Org-Alpha-Team2,Org-Alpha,2026-02-03,8,35,2025-10-28
USR0097,Org-Alpha-Team2,Org-Alpha,2026-02-04,7,40,2025-10-28
USR0097,Org-Alpha-Team2,Org-Alpha,2026-02-07,8,3,2025-10-28
USR0097,Org-Alpha-Team2,Org-Alpha,2026-02-08,1,24,2025-10-28
USR0097,Org-Alpha-Team2,Org-Alpha,2026-02-11,4,19,2025-10-28
USR0097,Org-Alpha-Team2,Org-Alpha,2026-02-12,7,35,2025-10-28
USR0097,Org-Alpha-Team2,Org-Alpha,2026-02-14,7,11,2025-10-28
USR0097,Org-Alpha-Team2,Org-Alpha,2026-02-15,8,1,2025-10-28
USR0097,Org-Alpha-Team2,Org-Alpha,2026-02-16,7,36,2025-10-28
USR0097,Org-Alpha-Team2,Org-Alpha,2026-02-17,2,31,2025-10-28
USR0097,Org-Alpha-Team2,Org-Alpha,2026-02-18,8,40,2025-10-28
USR0097,Org-Alpha-Team2,Org-Alpha,2026-02-19,1,24,2025-10-28
USR0097,Org-Alpha-Team2,Org-Alpha,2026-02-21,6,30,2025-10-28
USR0097,Org-Alpha-Team2,Org-Alpha,2026-02-23,7,2,2025-10-28
USR0097,Org-Alpha-Team2,Org-Alpha,2026-02-25,1,6,2025-10-28
USR0097,Org-Alpha-Team2,Org-Alpha,2026-02-26,6,30,2025-10-28
USR0097,Org-Alpha-Team2,Org-Alpha,2026-03-01,3,25,2025-10-28
USR0097,Org-Alpha-Team2,Org-Alpha,2026-03-02,2,36,2025-10-28
USR0097,Org-Alpha-Team2,Org-Alpha,2026-03-06,3,5,2025-10-28
USR0097,Org-Alpha-Team2,Org-Alpha,2026-03-08,6,8,2025-10-28
USR0097,Org-Alpha-Team2,Org-Alpha,2026-03-09,8,19,2025-10-28
USR0097,Org-Alpha-Team2,Org-Alpha,2026-03-12,5,25,2025-10-28
USR0097,Org-Alpha-Team2,Org-Alpha,2026-03-15,3,18,2025-10-28
USR0097,Org-Alpha-Team2,Org-Alpha,2026-03-16,7,9,2025-10-28
USR0097,Org-Alpha-Team2,Org-Alpha,2026-03-17,3,11,2025-10-28
USR0097,Org-Alpha-Team2,Org-Alpha,2026-03-18,8,22,2025-10-28
USR0097,Org-Alpha-Team2,Org-Alpha,2026-03-19,2,29,2025-10-28
USR0097,Org-Alpha-Team2,Org-Alpha,2026-03-20,5,24,2025-10-28
USR0097,Org-Alpha-Team2,Org-Alpha,2026-03-21,3,7,2025-10-28
USR0097,Org-Alpha-Team2,Org-Alpha,2026-03-23,5,24,2025-10-28
USR0097,Org-Alpha-Team2,Org-Alpha,2026-03-24,1,21,2025-10-28
USR0097,Org-Alpha-Team2,Org-Alpha,2026-03-25,3,1,2025-10-28
USR0097,Org-Alpha-Team2,Org-Alpha,2026-03-27,6,32,2025-10-28
USR0097,Org-Alpha-Team2,Org-Alpha,2026-03-30,1,5,2025-10-28
USR0098,Org-Delta-Team1,Org-Delta,2025-10-09,1,30,2025-10-08
USR0098,Org-Delta-Team1,Org-Delta,2025-10-10,3,18,2025-10-08
USR0098,Org-Delta-Team1,Org-Delta,2025-10-12,3,33,2025-10-08
USR0098,Org-Delta-Team1,Org-Delta,2025-10-13,6,18,2025-10-08
USR0098,Org-Delta-Team1,Org-Delta,2025-10-14,2,32,2025-10-08
USR0098,Org-Delta-Team1,Org-Delta,2025-10-15,3,11,2025-10-08
USR0098,Org-Delta-Team1,Org-Delta,2025-10-18,3,27,2025-10-08
USR0098,Org-Delta-Team1,Org-Delta,2025-10-19,6,1,2025-10-08
USR0098,Org-Delta-Team1,Org-Delta,2025-10-20,1,23,2025-10-08
USR0098,Org-Delta-Team1,Org-Delta,2025-10-24,2,37,2025-10-08
USR0098,Org-Delta-Team1,Org-Delta,2025-10-25,1,40,2025-10-08
USR0098,Org-Delta-Team1,Org-Delta,2025-10-26,8,7,2025-10-08
USR0098,Org-Delta-Team1,Org-Delta,2025-10-29,7,6,2025-10-08
USR0098,Org-Delta-Team1,Org-Delta,2025-10-31,6,15,2025-10-08
USR0098,Org-Delta-Team1,Org-Delta,2025-11-03,3,13,2025-10-08
USR0098,Org-Delta-Team1,Org-Delta,2025-11-04,8,5,2025-10-08
USR0098,Org-Delta-Team1,Org-Delta,2025-11-06,1,1,2025-10-08
USR0098,Org-Delta-Team1,Org-Delta,2025-11-08,2,33,2025-10-08
USR0098,Org-Delta-Team1,Org-Delta,2025-11-09,5,36,2025-10-08
USR0098,Org-Delta-Team1,Org-Delta,2025-11-12,3,37,2025-10-08
USR0098,Org-Delta-Team1,Org-Delta,2025-11-13,7,38,2025-10-08
USR0098,Org-Delta-Team1,Org-Delta,2025-11-14,4,27,2025-10-08
USR0098,Org-Delta-Team1,Org-Delta,2025-11-15,5,18,2025-10-08
USR0098,Org-Delta-Team1,Org-Delta,2025-11-18,2,40,2025-10-08
USR0098,Org-Delta-Team1,Org-Delta,2025-11-20,3,31,2025-10-08
USR0098,Org-Delta-Team1,Org-Delta,2025-11-21,5,35,2025-10-08
USR0098,Org-Delta-Team1,Org-Delta,2025-11-22,2,3,2025-10-08
USR0098,Org-Delta-Team1,Org-Delta,2025-11-23,1,10,2025-10-08
USR0098,Org-Delta-Team1,Org-Delta,2025-11-24,7,15,2025-10-08
USR0098,Org-Delta-Team1,Org-Delta,2025-11-26,5,14,2025-10-08
USR0098,Org-Delta-Team1,Org-Delta,2025-11-30,4,22,2025-10-08
USR0098,Org-Delta-Team1,Org-Delta,2025-12-02,1,26,2025-10-08
USR0098,Org-Delta-Team1,Org-Delta,2025-12-05,7,29,2025-10-08
USR0098,Org-Delta-Team1,Org-Delta,2025-12-06,4,17,2025-10-08
USR0098,Org-Delta-Team1,Org-Delta,2025-12-09,5,12,2025-10-08
USR0098,Org-Delta-Team1,Org-Delta,2025-12-10,4,25,2025-10-08
USR0098,Org-Delta-Team1,Org-Delta,2025-12-15,3,35,2025-10-08
USR0098,Org-Delta-Team1,Org-Delta,2025-12-16,6,4,2025-10-08
USR0098,Org-Delta-Team1,Org-Delta,2025-12-17,8,18,2025-10-08
USR0098,Org-Delta-Team1,Org-Delta,2025-12-19,8,40,2025-10-08
USR0098,Org-Delta-Team1,Org-Delta,2025-12-20,2,24,2025-10-08
USR0098,Org-Delta-Team1,Org-Delta,2025-12-22,3,1,2025-10-08
USR0098,Org-Delta-Team1,Org-Delta,2025-12-23,6,21,2025-10-08
USR0098,Org-Delta-Team1,Org-Delta,2025-12-24,8,20,2025-10-08
USR0098,Org-Delta-Team1,Org-Delta,2025-12-29,2,7,2025-10-08
USR0098,Org-Delta-Team1,Org-Delta,2025-12-30,7,7,2025-10-08
USR0098,Org-Delta-Team1,Org-Delta,2026-01-02,5,29,2025-10-08
USR0098,Org-Delta-Team1,Org-Delta,2026-01-04,3,11,2025-10-08
USR0098,Org-Delta-Team1,Org-Delta,2026-01-06,6,15,2025-10-08
USR0098,Org-Delta-Team1,Org-Delta,2026-01-07,5,6,2025-10-08
USR0098,Org-Delta-Team1,Org-Delta,2026-01-12,6,37,2025-10-08
USR0098,Org-Delta-Team1,Org-Delta,2026-01-13,1,1,2025-10-08
USR0098,Org-Delta-Team1,Org-Delta,2026-01-14,7,4,2025-10-08
USR0098,Org-Delta-Team1,Org-Delta,2026-01-15,2,22,2025-10-08
USR0098,Org-Delta-Team1,Org-Delta,2026-01-16,3,23,2025-10-08
USR0098,Org-Delta-Team1,Org-Delta,2026-01-20,6,3,2025-10-08
USR0098,Org-Delta-Team1,Org-Delta,2026-01-21,1,32,2025-10-08
USR0098,Org-Delta-Team1,Org-Delta,2026-01-22,8,13,2025-10-08
USR0098,Org-Delta-Team1,Org-Delta,2026-01-24,1,23,2025-10-08
USR0098,Org-Delta-Team1,Org-Delta,2026-01-26,6,2,2025-10-08
USR0098,Org-Delta-Team1,Org-Delta,2026-01-30,7,19,2025-10-08
USR0098,Org-Delta-Team1,Org-Delta,2026-02-04,2,1,2025-10-08
USR0098,Org-Delta-Team1,Org-Delta,2026-02-05,3,3,2025-10-08
USR0098,Org-Delta-Team1,Org-Delta,2026-02-07,5,5,2025-10-08
USR0098,Org-Delta-Team1,Org-Delta,2026-02-08,5,40,2025-10-08
USR0098,Org-Delta-Team1,Org-Delta,2026-02-12,3,35,2025-10-08
USR0098,Org-Delta-Team1,Org-Delta,2026-02-13,4,24,2025-10-08
USR0098,Org-Delta-Team1,Org-Delta,2026-02-15,1,24,2025-10-08
USR0098,Org-Delta-Team1,Org-Delta,2026-02-16,1,4,2025-10-08
USR0098,Org-Delta-Team1,Org-Delta,2026-02-17,8,37,2025-10-08
USR0098,Org-Delta-Team1,Org-Delta,2026-02-19,1,26,2025-10-08
USR0098,Org-Delta-Team1,Org-Delta,2026-02-20,1,5,2025-10-08
USR0098,Org-Delta-Team1,Org-Delta,2026-02-21,8,31,2025-10-08
USR0098,Org-Delta-Team1,Org-Delta,2026-02-22,4,31,2025-10-08
USR0098,Org-Delta-Team1,Org-Delta,2026-02-23,3,14,2025-10-08
USR0098,Org-Delta-Team1,Org-Delta,2026-02-25,5,20,2025-10-08
USR0098,Org-Delta-Team1,Org-Delta,2026-02-26,6,15,2025-10-08
USR0098,Org-Delta-Team1,Org-Delta,2026-02-27,7,32,2025-10-08
USR0098,Org-Delta-Team1,Org-Delta,2026-02-28,3,22,2025-10-08
USR0098,Org-Delta-Team1,Org-Delta,2026-03-01,4,11,2025-10-08
USR0098,Org-Delta-Team1,Org-Delta,2026-03-04,4,25,2025-10-08
USR0098,Org-Delta-Team1,Org-Delta,2026-03-05,3,26,2025-10-08
USR0098,Org-Delta-Team1,Org-Delta,2026-03-06,2,30,2025-10-08
USR0098,Org-Delta-Team1,Org-Delta,2026-03-07,3,38,2025-10-08
USR0098,Org-Delta-Team1,Org-Delta,2026-03-08,3,37,2025-10-08
USR0098,Org-Delta-Team1,Org-Delta,2026-03-10,4,20,2025-10-08
USR0098,Org-Delta-Team1,Org-Delta,2026-03-11,2,5,2025-10-08
USR0098,Org-Delta-Team1,Org-Delta,2026-03-12,1,37,2025-10-08
USR0098,Org-Delta-Team1,Org-Delta,2026-03-13,7,3,2025-10-08
USR0098,Org-Delta-Team1,Org-Delta,2026-03-14,1,35,2025-10-08
USR0098,Org-Delta-Team1,Org-Delta,2026-03-15,7,33,2025-10-08
USR0098,Org-Delta-Team1,Org-Delta,2026-03-16,1,10,2025-10-08
USR0098,Org-Delta-Team1,Org-Delta,2026-03-18,7,26,2025-10-08
USR0098,Org-Delta-Team1,Org-Delta,2026-03-19,3,40,2025-10-08
USR0098,Org-Delta-Team1,Org-Delta,2026-03-21,6,30,2025-10-08
USR0098,Org-Delta-Team1,Org-Delta,2026-03-22,8,21,2025-10-08
USR0098,Org-Delta-Team1,Org-Delta,2026-03-25,7,20,2025-10-08
USR0098,Org-Delta-Team1,Org-Delta,2026-03-26,1,15,2025-10-08
USR0098,Org-Delta-Team1,Org-Delta,2026-03-28,3,1,2025-10-08
USR0098,Org-Delta-Team1,Org-Delta,2026-03-30,6,23,2025-10-08
USR0098,Org-Delta-Team1,Org-Delta,2026-03-31,2,17,2025-10-08
USR0099,Org-Delta-Team2,Org-Delta,2025-10-17,8,8,2025-10-15
USR0099,Org-Delta-Team2,Org-Delta,2025-10-18,6,11,2025-10-15
USR0099,Org-Delta-Team2,Org-Delta,2025-10-19,1,12,2025-10-15
USR0099,Org-Delta-Team2,Org-Delta,2025-10-20,3,7,2025-10-15
USR0099,Org-Delta-Team2,Org-Delta,2025-10-24,2,34,2025-10-15
USR0099,Org-Delta-Team2,Org-Delta,2025-10-25,8,1,2025-10-15
USR0099,Org-Delta-Team2,Org-Delta,2025-10-27,7,7,2025-10-15
USR0099,Org-Delta-Team2,Org-Delta,2025-10-29,4,35,2025-10-15
USR0099,Org-Delta-Team2,Org-Delta,2025-10-30,2,38,2025-10-15
USR0099,Org-Delta-Team2,Org-Delta,2025-11-01,8,31,2025-10-15
USR0099,Org-Delta-Team2,Org-Delta,2025-11-02,2,25,2025-10-15
USR0099,Org-Delta-Team2,Org-Delta,2025-11-03,1,4,2025-10-15
USR0099,Org-Delta-Team2,Org-Delta,2025-11-07,4,5,2025-10-15
USR0099,Org-Delta-Team2,Org-Delta,2025-11-08,7,39,2025-10-15
USR0099,Org-Delta-Team2,Org-Delta,2025-11-10,8,12,2025-10-15
USR0099,Org-Delta-Team2,Org-Delta,2025-11-12,5,4,2025-10-15
USR0099,Org-Delta-Team2,Org-Delta,2025-11-15,8,11,2025-10-15
USR0099,Org-Delta-Team2,Org-Delta,2025-11-16,3,36,2025-10-15
USR0099,Org-Delta-Team2,Org-Delta,2025-11-17,5,35,2025-10-15
USR0099,Org-Delta-Team2,Org-Delta,2025-11-18,4,9,2025-10-15
USR0099,Org-Delta-Team2,Org-Delta,2025-11-20,5,6,2025-10-15
USR0099,Org-Delta-Team2,Org-Delta,2025-11-21,8,18,2025-10-15
USR0099,Org-Delta-Team2,Org-Delta,2025-11-27,6,37,2025-10-15
USR0099,Org-Delta-Team2,Org-Delta,2025-11-29,1,9,2025-10-15
USR0099,Org-Delta-Team2,Org-Delta,2025-12-02,4,4,2025-10-15
USR0099,Org-Delta-Team2,Org-Delta,2025-12-03,3,15,2025-10-15
USR0099,Org-Delta-Team2,Org-Delta,2025-12-05,8,32,2025-10-15
USR0099,Org-Delta-Team2,Org-Delta,2025-12-06,3,7,2025-10-15
USR0099,Org-Delta-Team2,Org-Delta,2025-12-07,4,3,2025-10-15
USR0099,Org-Delta-Team2,Org-Delta,2025-12-10,7,22,2025-10-15
USR0099,Org-Delta-Team2,Org-Delta,2025-12-12,7,13,2025-10-15
USR0099,Org-Delta-Team2,Org-Delta,2025-12-13,1,23,2025-10-15
USR0099,Org-Delta-Team2,Org-Delta,2025-12-15,8,30,2025-10-15
USR0099,Org-Delta-Team2,Org-Delta,2025-12-16,7,38,2025-10-15
USR0099,Org-Delta-Team2,Org-Delta,2025-12-17,4,9,2025-10-15
USR0099,Org-Delta-Team2,Org-Delta,2025-12-22,2,31,2025-10-15
USR0099,Org-Delta-Team2,Org-Delta,2025-12-23,1,11,2025-10-15
USR0099,Org-Delta-Team2,Org-Delta,2025-12-24,4,8,2025-10-15
USR0099,Org-Delta-Team2,Org-Delta,2025-12-26,4,35,2025-10-15
USR0099,Org-Delta-Team2,Org-Delta,2025-12-28,7,26,2025-10-15
USR0099,Org-Delta-Team2,Org-Delta,2025-12-29,2,13,2025-10-15
USR0099,Org-Delta-Team2,Org-Delta,2025-12-31,1,33,2025-10-15
USR0099,Org-Delta-Team2,Org-Delta,2026-01-01,7,36,2025-10-15
USR0099,Org-Delta-Team2,Org-Delta,2026-01-04,7,30,2025-10-15
USR0099,Org-Delta-Team2,Org-Delta,2026-01-07,4,26,2025-10-15
USR0099,Org-Delta-Team2,Org-Delta,2026-01-09,7,24,2025-10-15
USR0099,Org-Delta-Team2,Org-Delta,2026-01-10,5,38,2025-10-15
USR0099,Org-Delta-Team2,Org-Delta,2026-01-11,5,20,2025-10-15
USR0099,Org-Delta-Team2,Org-Delta,2026-01-13,7,26,2025-10-15
USR0099,Org-Delta-Team2,Org-Delta,2026-01-17,4,37,2025-10-15
USR0099,Org-Delta-Team2,Org-Delta,2026-01-18,1,20,2025-10-15
USR0099,Org-Delta-Team2,Org-Delta,2026-01-20,8,13,2025-10-15
USR0099,Org-Delta-Team2,Org-Delta,2026-01-21,3,25,2025-10-15
USR0099,Org-Delta-Team2,Org-Delta,2026-01-22,2,6,2025-10-15
USR0099,Org-Delta-Team2,Org-Delta,2026-01-23,3,17,2025-10-15
USR0099,Org-Delta-Team2,Org-Delta,2026-01-24,7,9,2025-10-15
USR0099,Org-Delta-Team2,Org-Delta,2026-01-28,6,18,2025-10-15
USR0099,Org-Delta-Team2,Org-Delta,2026-01-30,1,35,2025-10-15
USR0099,Org-Delta-Team2,Org-Delta,2026-02-02,2,40,2025-10-15
USR0099,Org-Delta-Team2,Org-Delta,2026-02-04,4,20,2025-10-15
USR0099,Org-Delta-Team2,Org-Delta,2026-02-08,7,17,2025-10-15
USR0099,Org-Delta-Team2,Org-Delta,2026-02-09,6,16,2025-10-15
USR0099,Org-Delta-Team2,Org-Delta,2026-02-13,8,12,2025-10-15
USR0099,Org-Delta-Team2,Org-Delta,2026-02-16,4,15,2025-10-15
USR0099,Org-Delta-Team2,Org-Delta,2026-02-17,4,3,2025-10-15
USR0099,Org-Delta-Team2,Org-Delta,2026-02-19,2,24,2025-10-15
USR0099,Org-Delta-Team2,Org-Delta,2026-02-21,7,2,2025-10-15
USR0099,Org-Delta-Team2,Org-Delta,2026-02-22,5,24,2025-10-15
USR0099,Org-Delta-Team2,Org-Delta,2026-02-25,5,32,2025-10-15
USR0099,Org-Delta-Team2,Org-Delta,2026-02-26,8,26,2025-10-15
USR0099,Org-Delta-Team2,Org-Delta,2026-02-27,5,22,2025-10-15
USR0099,Org-Delta-Team2,Org-Delta,2026-03-01,4,28,2025-10-15
USR0099,Org-Delta-Team2,Org-Delta,2026-03-02,8,18,2025-10-15
USR0099,Org-Delta-Team2,Org-Delta,2026-03-03,7,5,2025-10-15
USR0099,Org-Delta-Team2,Org-Delta,2026-03-04,5,9,2025-10-15
USR0099,Org-Delta-Team2,Org-Delta,2026-03-05,6,19,2025-10-15
USR0099,Org-Delta-Team2,Org-Delta,2026-03-06,1,37,2025-10-15
USR0099,Org-Delta-Team2,Org-Delta,2026-03-07,5,33,2025-10-15
USR0099,Org-Delta-Team2,Org-Delta,2026-03-08,6,12,2025-10-15
USR0099,Org-Delta-Team2,Org-Delta,2026-03-10,6,24,2025-10-15
USR0099,Org-Delta-Team2,Org-Delta,2026-03-11,7,20,2025-10-15
USR0099,Org-Delta-Team2,Org-Delta,2026-03-13,4,1,2025-10-15
USR0099,Org-Delta-Team2,Org-Delta,2026-03-14,5,9,2025-10-15
USR0099,Org-Delta-Team2,Org-Delta,2026-03-15,2,18,2025-10-15
USR0099,Org-Delta-Team2,Org-Delta,2026-03-16,2,19,2025-10-15
USR0099,Org-Delta-Team2,Org-Delta,2026-03-17,5,35,2025-10-15
USR0099,Org-Delta-Team2,Org-Delta,2026-03-18,4,11,2025-10-15
USR0099,Org-Delta-Team2,Org-Delta,2026-03-21,6,20,2025-10-15
USR0099,Org-Delta-Team2,Org-Delta,2026-03-22,1,29,2025-10-15
USR0099,Org-Delta-Team2,Org-Delta,2026-03-23,4,30,2025-10-15
USR0099,Org-Delta-Team2,Org-Delta,2026-03-24,1,2,2025-10-15
USR0099,Org-Delta-Team2,Org-Delta,2026-03-25,2,32,2025-10-15
USR0099,Org-Delta-Team2,Org-Delta,2026-03-29,2,6,2025-10-15
USR0099,Org-Delta-Team2,Org-Delta,2026-03-30,8,6,2025-10-15
USR0100,Org-Epsilon-Team1,Org-Epsilon,2025-10-18,5,12,2025-10-18
USR0100,Org-Epsilon-Team1,Org-Epsilon,2025-10-19,8,17,2025-10-18
USR0100,Org-Epsilon-Team1,Org-Epsilon,2025-10-20,8,4,2025-10-18
USR0101,Org-Gamma-Team2,Org-Gamma,2025-10-09,6,10,2025-10-04
USR0101,Org-Gamma-Team2,Org-Gamma,2025-10-10,8,30,2025-10-04
USR0102,Org-Beta-Team4,Org-Beta,2025-10-15,6,27,2025-10-15
USR0102,Org-Beta-Team4,Org-Beta,2025-10-16,8,1,2025-10-15
USR0102,Org-Beta-Team4,Org-Beta,2025-10-17,1,3,2025-10-15
USR0103,Org-Beta-Team4,Org-Beta,2025-10-14,6,21,2025-10-12
USR0103,Org-Beta-Team4,Org-Beta,2025-10-17,1,10,2025-10-12
USR0103,Org-Beta-Team4,Org-Beta,2025-10-18,3,9,2025-10-12
USR0103,Org-Beta-Team4,Org-Beta,2025-10-19,3,21,2025-10-12
USR0103,Org-Beta-Team4,Org-Beta,2025-10-20,4,8,2025-10-12
USR0103,Org-Beta-Team4,Org-Beta,2025-10-21,5,15,2025-10-12
USR0103,Org-Beta-Team4,Org-Beta,2025-10-24,4,26,2025-10-12
USR0103,Org-Beta-Team4,Org-Beta,2025-10-25,2,32,2025-10-12
USR0103,Org-Beta-Team4,Org-Beta,2025-10-28,4,25,2025-10-12
USR0103,Org-Beta-Team4,Org-Beta,2025-10-30,3,34,2025-10-12
USR0103,Org-Beta-Team4,Org-Beta,2025-11-01,1,39,2025-10-12
USR0103,Org-Beta-Team4,Org-Beta,2025-11-03,8,16,2025-10-12
USR0103,Org-Beta-Team4,Org-Beta,2025-11-04,6,40,2025-10-12
USR0103,Org-Beta-Team4,Org-Beta,2025-11-05,4,16,2025-10-12
USR0103,Org-Beta-Team4,Org-Beta,2025-11-06,3,29,2025-10-12
USR0103,Org-Beta-Team4,Org-Beta,2025-11-07,4,34,2025-10-12
USR0103,Org-Beta-Team4,Org-Beta,2025-11-09,5,24,2025-10-12
USR0103,Org-Beta-Team4,Org-Beta,2025-11-14,6,15,2025-10-12
USR0103,Org-Beta-Team4,Org-Beta,2025-11-15,7,28,2025-10-12
USR0103,Org-Beta-Team4,Org-Beta,2025-11-16,6,3,2025-10-12
USR0103,Org-Beta-Team4,Org-Beta,2025-11-17,2,4,2025-10-12
USR0103,Org-Beta-Team4,Org-Beta,2025-11-18,8,3,2025-10-12
USR0103,Org-Beta-Team4,Org-Beta,2025-11-19,7,39,2025-10-12
USR0103,Org-Beta-Team4,Org-Beta,2025-11-20,2,33,2025-10-12
USR0103,Org-Beta-Team4,Org-Beta,2025-11-23,1,7,2025-10-12
USR0103,Org-Beta-Team4,Org-Beta,2025-11-24,2,10,2025-10-12
USR0103,Org-Beta-Team4,Org-Beta,2025-11-25,6,36,2025-10-12
USR0103,Org-Beta-Team4,Org-Beta,2025-11-26,3,6,2025-10-12
USR0103,Org-Beta-Team4,Org-Beta,2025-11-28,7,17,2025-10-12
USR0103,Org-Beta-Team4,Org-Beta,2025-11-29,5,26,2025-10-12
USR0103,Org-Beta-Team4,Org-Beta,2025-11-30,6,29,2025-10-12
USR0103,Org-Beta-Team4,Org-Beta,2025-12-02,4,14,2025-10-12
USR0103,Org-Beta-Team4,Org-Beta,2025-12-05,3,33,2025-10-12
USR0103,Org-Beta-Team4,Org-Beta,2025-12-06,2,39,2025-10-12
USR0103,Org-Beta-Team4,Org-Beta,2025-12-07,3,23,2025-10-12
USR0103,Org-Beta-Team4,Org-Beta,2025-12-08,3,12,2025-10-12
USR0103,Org-Beta-Team4,Org-Beta,2025-12-09,6,26,2025-10-12
USR0103,Org-Beta-Team4,Org-Beta,2025-12-10,3,40,2025-10-12
USR0103,Org-Beta-Team4,Org-Beta,2025-12-12,6,4,2025-10-12
USR0103,Org-Beta-Team4,Org-Beta,2025-12-14,8,16,2025-10-12
USR0103,Org-Beta-Team4,Org-Beta,2025-12-15,2,35,2025-10-12
USR0103,Org-Beta-Team4,Org-Beta,2025-12-16,7,32,2025-10-12
USR0103,Org-Beta-Team4,Org-Beta,2025-12-17,4,1,2025-10-12
USR0103,Org-Beta-Team4,Org-Beta,2025-12-18,6,15,2025-10-12
USR0103,Org-Beta-Team4,Org-Beta,2025-12-23,1,5,2025-10-12
USR0103,Org-Beta-Team4,Org-Beta,2025-12-24,7,12,2025-10-12
USR0103,Org-Beta-Team4,Org-Beta,2025-12-25,1,33,2025-10-12
USR0103,Org-Beta-Team4,Org-Beta,2025-12-28,8,24,2025-10-12
USR0103,Org-Beta-Team4,Org-Beta,2025-12-29,6,18,2025-10-12
USR0103,Org-Beta-Team4,Org-Beta,2025-12-31,6,17,2025-10-12
USR0103,Org-Beta-Team4,Org-Beta,2026-01-01,3,5,2025-10-12
USR0103,Org-Beta-Team4,Org-Beta,2026-01-02,7,18,2025-10-12
USR0103,Org-Beta-Team4,Org-Beta,2026-01-03,6,22,2025-10-12
USR0103,Org-Beta-Team4,Org-Beta,2026-01-04,1,37,2025-10-12
USR0103,Org-Beta-Team4,Org-Beta,2026-01-06,7,38,2025-10-12
USR0103,Org-Beta-Team4,Org-Beta,2026-01-08,8,36,2025-10-12
USR0103,Org-Beta-Team4,Org-Beta,2026-01-09,3,4,2025-10-12
USR0103,Org-Beta-Team4,Org-Beta,2026-01-10,1,9,2025-10-12
USR0103,Org-Beta-Team4,Org-Beta,2026-01-11,3,28,2025-10-12
USR0103,Org-Beta-Team4,Org-Beta,2026-01-14,8,7,2025-10-12
USR0103,Org-Beta-Team4,Org-Beta,2026-01-15,2,10,2025-10-12
USR0103,Org-Beta-Team4,Org-Beta,2026-01-16,4,37,2025-10-12
USR0103,Org-Beta-Team4,Org-Beta,2026-01-17,7,40,2025-10-12
USR0103,Org-Beta-Team4,Org-Beta,2026-01-18,8,26,2025-10-12
USR0103,Org-Beta-Team4,Org-Beta,2026-01-19,8,14,2025-10-12
USR0103,Org-Beta-Team4,Org-Beta,2026-01-20,7,32,2025-10-12
USR0103,Org-Beta-Team4,Org-Beta,2026-01-22,3,9,2025-10-12
USR0103,Org-Beta-Team4,Org-Beta,2026-01-23,7,2,2025-10-12
USR0103,Org-Beta-Team4,Org-Beta,2026-01-24,6,37,2025-10-12
USR0103,Org-Beta-Team4,Org-Beta,2026-01-26,8,35,2025-10-12
USR0103,Org-Beta-Team4,Org-Beta,2026-01-27,4,14,2025-10-12
USR0103,Org-Beta-Team4,Org-Beta,2026-02-01,2,39,2025-10-12
USR0103,Org-Beta-Team4,Org-Beta,2026-02-02,7,22,2025-10-12
USR0103,Org-Beta-Team4,Org-Beta,2026-02-03,1,33,2025-10-12
USR0103,Org-Beta-Team4,Org-Beta,2026-02-07,2,10,2025-10-12
USR0103,Org-Beta-Team4,Org-Beta,2026-02-08,2,38,2025-10-12
USR0103,Org-Beta-Team4,Org-Beta,2026-02-09,1,23,2025-10-12
USR0103,Org-Beta-Team4,Org-Beta,2026-02-10,7,18,2025-10-12
USR0103,Org-Beta-Team4,Org-Beta,2026-02-12,8,19,2025-10-12
USR0103,Org-Beta-Team4,Org-Beta,2026-02-13,1,1,2025-10-12
USR0103,Org-Beta-Team4,Org-Beta,2026-02-14,8,26,2025-10-12
USR0103,Org-Beta-Team4,Org-Beta,2026-02-15,7,32,2025-10-12
USR0103,Org-Beta-Team4,Org-Beta,2026-02-16,8,38,2025-10-12
USR0103,Org-Beta-Team4,Org-Beta,2026-02-17,5,6,2025-10-12
USR0103,Org-Beta-Team4,Org-Beta,2026-02-18,4,25,2025-10-12
USR0103,Org-Beta-Team4,Org-Beta,2026-02-20,1,17,2025-10-12
USR0103,Org-Beta-Team4,Org-Beta,2026-02-22,7,16,2025-10-12
USR0103,Org-Beta-Team4,Org-Beta,2026-02-23,4,31,2025-10-12
USR0103,Org-Beta-Team4,Org-Beta,2026-02-24,7,18,2025-10-12
USR0103,Org-Beta-Team4,Org-Beta,2026-02-25,3,30,2025-10-12
USR0103,Org-Beta-Team4,Org-Beta,2026-02-26,2,37,2025-10-12
USR0103,Org-Beta-Team4,Org-Beta,2026-02-28,7,15,2025-10-12
USR0103,Org-Beta-Team4,Org-Beta,2026-03-01,1,24,2025-10-12
USR0103,Org-Beta-Team4,Org-Beta,2026-03-02,1,12,2025-10-12
USR0103,Org-Beta-Team4,Org-Beta,2026-03-03,2,11,2025-10-12
USR0103,Org-Beta-Team4,Org-Beta,2026-03-04,8,27,2025-10-12
USR0103,Org-Beta-Team4,Org-Beta,2026-03-06,4,6,2025-10-12
USR0103,Org-Beta-Team4,Org-Beta,2026-03-11,6,40,2025-10-12
USR0103,Org-Beta-Team4,Org-Beta,2026-03-12,5,27,2025-10-12
USR0103,Org-Beta-Team4,Org-Beta,2026-03-14,6,17,2025-10-12
USR0103,Org-Beta-Team4,Org-Beta,2026-03-17,4,20,2025-10-12
USR0103,Org-Beta-Team4,Org-Beta,2026-03-21,2,26,2025-10-12
USR0103,Org-Beta-Team4,Org-Beta,2026-03-22,4,39,2025-10-12
USR0103,Org-Beta-Team4,Org-Beta,2026-03-23,5,18,2025-10-12
USR0103,Org-Beta-Team4,Org-Beta,2026-03-24,5,15,2025-10-12
USR0103,Org-Beta-Team4,Org-Beta,2026-03-25,5,27,2025-10-12
USR0103,Org-Beta-Team4,Org-Beta,2026-03-26,3,10,2025-10-12
USR0103,Org-Beta-Team4,Org-Beta,2026-03-27,6,33,2025-10-12
USR0103,Org-Beta-Team4,Org-Beta,2026-03-28,8,14,2025-10-12
USR0103,Org-Beta-Team4,Org-Beta,2026-03-31,5,7,2025-10-12
USR0105,Org-Delta-Team2,Org-Delta,2025-10-15,8,3,2025-10-15
USR0105,Org-Delta-Team2,Org-Delta,2025-10-16,5,34,2025-10-15
USR0105,Org-Delta-Team2,Org-Delta,2025-10-17,5,27,2025-10-15
USR0105,Org-Delta-Team2,Org-Delta,2025-10-18,8,38,2025-10-15
USR0105,Org-Delta-Team2,Org-Delta,2025-10-19,3,3,2025-10-15
USR0105,Org-Delta-Team2,Org-Delta,2025-10-20,1,20,2025-10-15
USR0105,Org-Delta-Team2,Org-Delta,2025-10-21,7,20,2025-10-15
USR0106,Org-Delta-Team4,Org-Delta,2025-10-13,4,37,2025-10-13
USR0106,Org-Delta-Team4,Org-Delta,2025-10-14,1,10,2025-10-13
USR0106,Org-Delta-Team4,Org-Delta,2025-10-17,2,14,2025-10-13
USR0106,Org-Delta-Team4,Org-Delta,2025-10-19,7,23,2025-10-13
USR0106,Org-Delta-Team4,Org-Delta,2025-10-20,7,13,2025-10-13
USR0106,Org-Delta-Team4,Org-Delta,2025-10-21,6,31,2025-10-13
USR0106,Org-Delta-Team4,Org-Delta,2025-10-23,7,6,2025-10-13
USR0106,Org-Delta-Team4,Org-Delta,2025-10-27,6,36,2025-10-13
USR0106,Org-Delta-Team4,Org-Delta,2025-10-28,5,21,2025-10-13
USR0106,Org-Delta-Team4,Org-Delta,2025-10-29,4,6,2025-10-13
USR0106,Org-Delta-Team4,Org-Delta,2025-10-30,6,4,2025-10-13
USR0106,Org-Delta-Team4,Org-Delta,2025-11-01,3,13,2025-10-13
USR0106,Org-Delta-Team4,Org-Delta,2025-11-03,3,3,2025-10-13
USR0106,Org-Delta-Team4,Org-Delta,2025-11-05,8,19,2025-10-13
USR0106,Org-Delta-Team4,Org-Delta,2025-11-06,7,14,2025-10-13
USR0106,Org-Delta-Team4,Org-Delta,2025-11-08,4,29,2025-10-13
USR0106,Org-Delta-Team4,Org-Delta,2025-11-10,7,35,2025-10-13
USR0106,Org-Delta-Team4,Org-Delta,2025-11-12,6,10,2025-10-13
USR0106,Org-Delta-Team4,Org-Delta,2025-11-13,5,25,2025-10-13
USR0106,Org-Delta-Team4,Org-Delta,2025-11-16,2,32,2025-10-13
USR0106,Org-Delta-Team4,Org-Delta,2025-11-17,5,5,2025-10-13
USR0106,Org-Delta-Team4,Org-Delta,2025-11-18,4,3,2025-10-13
USR0106,Org-Delta-Team4,Org-Delta,2025-11-19,6,4,2025-10-13
USR0106,Org-Delta-Team4,Org-Delta,2025-11-20,6,4,2025-10-13
USR0106,Org-Delta-Team4,Org-Delta,2025-11-21,5,28,2025-10-13
USR0106,Org-Delta-Team4,Org-Delta,2025-11-22,3,29,2025-10-13
USR0106,Org-Delta-Team4,Org-Delta,2025-11-27,3,34,2025-10-13
USR0106,Org-Delta-Team4,Org-Delta,2025-11-30,3,2,2025-10-13
USR0106,Org-Delta-Team4,Org-Delta,2025-12-01,7,37,2025-10-13
USR0106,Org-Delta-Team4,Org-Delta,2025-12-03,1,15,2025-10-13
USR0106,Org-Delta-Team4,Org-Delta,2025-12-04,4,17,2025-10-13
USR0106,Org-Delta-Team4,Org-Delta,2025-12-05,8,5,2025-10-13
USR0106,Org-Delta-Team4,Org-Delta,2025-12-07,7,30,2025-10-13
USR0106,Org-Delta-Team4,Org-Delta,2025-12-08,1,29,2025-10-13
USR0106,Org-Delta-Team4,Org-Delta,2025-12-10,8,40,2025-10-13
USR0106,Org-Delta-Team4,Org-Delta,2025-12-13,1,12,2025-10-13
USR0106,Org-Delta-Team4,Org-Delta,2025-12-14,6,14,2025-10-13
USR0106,Org-Delta-Team4,Org-Delta,2025-12-15,3,15,2025-10-13
USR0106,Org-Delta-Team4,Org-Delta,2025-12-17,5,32,2025-10-13
USR0106,Org-Delta-Team4,Org-Delta,2025-12-18,1,14,2025-10-13
USR0106,Org-Delta-Team4,Org-Delta,2025-12-19,3,3,2025-10-13
USR0106,Org-Delta-Team4,Org-Delta,2025-12-20,5,30,2025-10-13
USR0106,Org-Delta-Team4,Org-Delta,2025-12-21,1,6,2025-10-13
USR0106,Org-Delta-Team4,Org-Delta,2025-12-22,3,11,2025-10-13
USR0106,Org-Delta-Team4,Org-Delta,2025-12-24,1,24,2025-10-13
USR0106,Org-Delta-Team4,Org-Delta,2025-12-25,7,17,2025-10-13
USR0106,Org-Delta-Team4,Org-Delta,2025-12-27,2,31,2025-10-13
USR0106,Org-Delta-Team4,Org-Delta,2025-12-30,5,27,2025-10-13
USR0106,Org-Delta-Team4,Org-Delta,2025-12-31,3,17,2025-10-13
USR0106,Org-Delta-Team4,Org-Delta,2026-01-01,6,35,2025-10-13
USR0106,Org-Delta-Team4,Org-Delta,2026-01-02,8,10,2025-10-13
USR0106,Org-Delta-Team4,Org-Delta,2026-01-04,3,22,2025-10-13
USR0106,Org-Delta-Team4,Org-Delta,2026-01-05,2,12,2025-10-13
USR0106,Org-Delta-Team4,Org-Delta,2026-01-06,1,38,2025-10-13
USR0106,Org-Delta-Team4,Org-Delta,2026-01-08,7,35,2025-10-13
USR0106,Org-Delta-Team4,Org-Delta,2026-01-09,5,33,2025-10-13
USR0106,Org-Delta-Team4,Org-Delta,2026-01-11,4,32,2025-10-13
USR0106,Org-Delta-Team4,Org-Delta,2026-01-12,4,29,2025-10-13
USR0106,Org-Delta-Team4,Org-Delta,2026-01-13,2,12,2025-10-13
USR0106,Org-Delta-Team4,Org-Delta,2026-01-14,2,6,2025-10-13
USR0106,Org-Delta-Team4,Org-Delta,2026-01-16,8,33,2025-10-13
USR0106,Org-Delta-Team4,Org-Delta,2026-01-17,6,36,2025-10-13
USR0106,Org-Delta-Team4,Org-Delta,2026-01-18,1,5,2025-10-13
USR0106,Org-Delta-Team4,Org-Delta,2026-01-19,1,32,2025-10-13
USR0106,Org-Delta-Team4,Org-Delta,2026-01-20,1,15,2025-10-13
USR0106,Org-Delta-Team4,Org-Delta,2026-01-21,6,7,2025-10-13
USR0106,Org-Delta-Team4,Org-Delta,2026-01-22,5,23,2025-10-13
USR0106,Org-Delta-Team4,Org-Delta,2026-01-23,6,8,2025-10-13
USR0106,Org-Delta-Team4,Org-Delta,2026-01-24,3,12,2025-10-13
USR0106,Org-Delta-Team4,Org-Delta,2026-01-25,8,25,2025-10-13
USR0106,Org-Delta-Team4,Org-Delta,2026-01-27,8,12,2025-10-13
USR0106,Org-Delta-Team4,Org-Delta,2026-01-28,6,19,2025-10-13
USR0106,Org-Delta-Team4,Org-Delta,2026-01-29,2,25,2025-10-13
USR0106,Org-Delta-Team4,Org-Delta,2026-01-30,6,17,2025-10-13
USR0106,Org-Delta-Team4,Org-Delta,2026-01-31,7,13,2025-10-13
USR0106,Org-Delta-Team4,Org-Delta,2026-02-03,4,13,2025-10-13
USR0106,Org-Delta-Team4,Org-Delta,2026-02-05,8,2,2025-10-13
USR0106,Org-Delta-Team4,Org-Delta,2026-02-06,8,33,2025-10-13
USR0106,Org-Delta-Team4,Org-Delta,2026-02-07,6,1,2025-10-13
USR0106,Org-Delta-Team4,Org-Delta,2026-02-08,1,11,2025-10-13
USR0106,Org-Delta-Team4,Org-Delta,2026-02-09,6,40,2025-10-13
USR0106,Org-Delta-Team4,Org-Delta,2026-02-13,6,13,2025-10-13
USR0106,Org-Delta-Team4,Org-Delta,2026-02-15,5,40,2025-10-13
USR0106,Org-Delta-Team4,Org-Delta,2026-02-17,7,14,2025-10-13
USR0106,Org-Delta-Team4,Org-Delta,2026-02-18,6,27,2025-10-13
USR0106,Org-Delta-Team4,Org-Delta,2026-02-19,3,29,2025-10-13
USR0106,Org-Delta-Team4,Org-Delta,2026-02-21,3,11,2025-10-13
USR0106,Org-Delta-Team4,Org-Delta,2026-02-23,1,27,2025-10-13
USR0106,Org-Delta-Team4,Org-Delta,2026-02-24,7,23,2025-10-13
USR0106,Org-Delta-Team4,Org-Delta,2026-02-25,3,39,2025-10-13
USR0106,Org-Delta-Team4,Org-Delta,2026-02-26,6,37,2025-10-13
USR0106,Org-Delta-Team4,Org-Delta,2026-02-28,5,8,2025-10-13
USR0106,Org-Delta-Team4,Org-Delta,2026-03-01,7,14,2025-10-13
USR0106,Org-Delta-Team4,Org-Delta,2026-03-02,6,21,2025-10-13
USR0106,Org-Delta-Team4,Org-Delta,2026-03-05,7,16,2025-10-13
USR0106,Org-Delta-Team4,Org-Delta,2026-03-06,3,27,2025-10-13
USR0106,Org-Delta-Team4,Org-Delta,2026-03-07,5,12,2025-10-13
USR0106,Org-Delta-Team4,Org-Delta,2026-03-08,7,5,2025-10-13
USR0106,Org-Delta-Team4,Org-Delta,2026-03-09,5,40,2025-10-13
USR0106,Org-Delta-Team4,Org-Delta,2026-03-10,6,7,2025-10-13
USR0106,Org-Delta-Team4,Org-Delta,2026-03-11,2,15,2025-10-13
USR0106,Org-Delta-Team4,Org-Delta,2026-03-14,5,37,2025-10-13
USR0106,Org-Delta-Team4,Org-Delta,2026-03-15,4,11,2025-10-13
USR0106,Org-Delta-Team4,Org-Delta,2026-03-16,2,12,2025-10-13
USR0106,Org-Delta-Team4,Org-Delta,2026-03-18,3,5,2025-10-13
USR0106,Org-Delta-Team4,Org-Delta,2026-03-19,5,33,2025-10-13
USR0106,Org-Delta-Team4,Org-Delta,2026-03-23,7,35,2025-10-13
USR0106,Org-Delta-Team4,Org-Delta,2026-03-24,8,26,2025-10-13
USR0106,Org-Delta-Team4,Org-Delta,2026-03-25,1,7,2025-10-13
USR0106,Org-Delta-Team4,Org-Delta,2026-03-27,6,17,2025-10-13
USR0106,Org-Delta-Team4,Org-Delta,2026-03-28,1,25,2025-10-13
USR0106,Org-Delta-Team4,Org-Delta,2026-03-29,5,9,2025-10-13
USR0107,Org-Alpha-Team2,Org-Alpha,2025-10-02,8,29,2025-10-02
USR0107,Org-Alpha-Team2,Org-Alpha,2025-10-04,6,34,2025-10-02
USR0108,Org-Epsilon-Team1,Org-Epsilon,2025-10-12,7,20,2025-10-11
USR0108,Org-Epsilon-Team1,Org-Epsilon,2025-10-14,7,9,2025-10-11
USR0108,Org-Epsilon-Team1,Org-Epsilon,2025-10-15,3,8,2025-10-11
USR0109,Org-Delta-Team2,Org-Delta,2025-10-21,4,12,2025-10-20
USR0109,Org-Delta-Team2,Org-Delta,2025-10-22,2,3,2025-10-20
USR0109,Org-Delta-Team2,Org-Delta,2025-10-23,5,35,2025-10-20
USR0109,Org-Delta-Team2,Org-Delta,2025-10-24,2,19,2025-10-20
USR0110,Org-Alpha-Team2,Org-Alpha,2025-10-25,2,6,2025-10-24
USR0110,Org-Alpha-Team2,Org-Alpha,2025-10-26,8,10,2025-10-24
USR0110,Org-Alpha-Team2,Org-Alpha,2025-10-28,5,37,2025-10-24
USR0111,Org-Gamma-Team2,Org-Gamma,2025-10-05,1,4,2025-10-04
USR0111,Org-Gamma-Team2,Org-Gamma,2025-10-06,7,28,2025-10-04
USR0111,Org-Gamma-Team2,Org-Gamma,2025-10-07,3,1,2025-10-04
USR0111,Org-Gamma-Team2,Org-Gamma,2025-10-08,6,13,2025-10-04
USR0112,Org-Alpha-Team4,Org-Alpha,2025-10-18,2,1,2025-10-18
USR0112,Org-Alpha-Team4,Org-Alpha,2025-10-19,1,21,2025-10-18
USR0112,Org-Alpha-Team4,Org-Alpha,2025-10-21,4,36,2025-10-18
USR0113,Org-Gamma-Team1,Org-Gamma,2025-10-21,1,4,2025-10-18
USR0113,Org-Gamma-Team1,Org-Gamma,2025-10-22,7,11,2025-10-18
USR0114,Org-Gamma-Team4,Org-Gamma,2025-10-29,4,33,2025-10-27
USR0114,Org-Gamma-Team4,Org-Gamma,2025-10-31,4,14,2025-10-27
USR0115,Org-Gamma-Team1,Org-Gamma,2025-10-27,6,8,2025-10-27
USR0115,Org-Gamma-Team1,Org-Gamma,2025-11-02,8,7,2025-10-27
USR0116,Org-Gamma-Team4,Org-Gamma,2025-10-09,2,13,2025-10-08
USR0116,Org-Gamma-Team4,Org-Gamma,2025-10-10,3,13,2025-10-08
USR0118,Org-Beta-Team4,Org-Beta,2025-10-24,3,30,2025-10-24
USR0118,Org-Beta-Team4,Org-Beta,2025-10-27,8,21,2025-10-24
USR0118,Org-Beta-Team4,Org-Beta,2025-10-31,8,32,2025-10-24
USR0118,Org-Beta-Team4,Org-Beta,2025-11-01,1,28,2025-10-24
USR0118,Org-Beta-Team4,Org-Beta,2025-11-05,2,18,2025-10-24
USR0118,Org-Beta-Team4,Org-Beta,2025-11-06,2,40,2025-10-24
USR0118,Org-Beta-Team4,Org-Beta,2025-11-07,8,27,2025-10-24
USR0118,Org-Beta-Team4,Org-Beta,2025-11-08,2,23,2025-10-24
USR0118,Org-Beta-Team4,Org-Beta,2025-11-10,4,35,2025-10-24
USR0118,Org-Beta-Team4,Org-Beta,2025-11-12,8,12,2025-10-24
USR0118,Org-Beta-Team4,Org-Beta,2025-11-14,3,26,2025-10-24
USR0118,Org-Beta-Team4,Org-Beta,2025-11-15,7,35,2025-10-24
USR0118,Org-Beta-Team4,Org-Beta,2025-11-16,3,40,2025-10-24
USR0118,Org-Beta-Team4,Org-Beta,2025-11-18,2,9,2025-10-24
USR0118,Org-Beta-Team4,Org-Beta,2025-11-19,4,20,2025-10-24
USR0118,Org-Beta-Team4,Org-Beta,2025-11-21,3,22,2025-10-24
USR0118,Org-Beta-Team4,Org-Beta,2025-11-22,5,28,2025-10-24
USR0118,Org-Beta-Team4,Org-Beta,2025-11-24,8,20,2025-10-24
USR0118,Org-Beta-Team4,Org-Beta,2025-11-26,1,29,2025-10-24
USR0118,Org-Beta-Team4,Org-Beta,2025-11-27,8,10,2025-10-24
USR0118,Org-Beta-Team4,Org-Beta,2025-11-29,5,5,2025-10-24
USR0118,Org-Beta-Team4,Org-Beta,2025-12-01,7,32,2025-10-24
USR0118,Org-Beta-Team4,Org-Beta,2025-12-02,1,36,2025-10-24
USR0118,Org-Beta-Team4,Org-Beta,2025-12-04,8,17,2025-10-24
USR0118,Org-Beta-Team4,Org-Beta,2025-12-05,5,26,2025-10-24
USR0118,Org-Beta-Team4,Org-Beta,2025-12-06,4,39,2025-10-24
USR0118,Org-Beta-Team4,Org-Beta,2025-12-09,8,16,2025-10-24
USR0118,Org-Beta-Team4,Org-Beta,2025-12-10,8,34,2025-10-24
USR0118,Org-Beta-Team4,Org-Beta,2025-12-12,7,38,2025-10-24
USR0118,Org-Beta-Team4,Org-Beta,2025-12-13,2,25,2025-10-24
USR0118,Org-Beta-Team4,Org-Beta,2025-12-14,1,17,2025-10-24
USR0118,Org-Beta-Team4,Org-Beta,2025-12-15,1,39,2025-10-24
USR0118,Org-Beta-Team4,Org-Beta,2025-12-16,7,1,2025-10-24
USR0118,Org-Beta-Team4,Org-Beta,2025-12-17,3,8,2025-10-24
USR0118,Org-Beta-Team4,Org-Beta,2025-12-20,3,30,2025-10-24
USR0118,Org-Beta-Team4,Org-Beta,2025-12-21,7,19,2025-10-24
USR0118,Org-Beta-Team4,Org-Beta,2025-12-22,1,2,2025-10-24
USR0118,Org-Beta-Team4,Org-Beta,2025-12-24,5,23,2025-10-24
USR0118,Org-Beta-Team4,Org-Beta,2025-12-25,4,1,2025-10-24
USR0118,Org-Beta-Team4,Org-Beta,2025-12-26,4,3,2025-10-24
USR0118,Org-Beta-Team4,Org-Beta,2025-12-27,5,35,2025-10-24
USR0118,Org-Beta-Team4,Org-Beta,2025-12-28,8,17,2025-10-24
USR0118,Org-Beta-Team4,Org-Beta,2025-12-31,6,27,2025-10-24
USR0118,Org-Beta-Team4,Org-Beta,2026-01-02,3,29,2025-10-24
USR0118,Org-Beta-Team4,Org-Beta,2026-01-05,4,3,2025-10-24
USR0118,Org-Beta-Team4,Org-Beta,2026-01-09,6,14,2025-10-24
USR0118,Org-Beta-Team4,Org-Beta,2026-01-10,6,25,2025-10-24
USR0118,Org-Beta-Team4,Org-Beta,2026-01-11,5,37,2025-10-24
USR0118,Org-Beta-Team4,Org-Beta,2026-01-12,8,35,2025-10-24
USR0118,Org-Beta-Team4,Org-Beta,2026-01-15,8,37,2025-10-24
USR0118,Org-Beta-Team4,Org-Beta,2026-01-16,8,2,2025-10-24
USR0118,Org-Beta-Team4,Org-Beta,2026-01-18,3,27,2025-10-24
USR0118,Org-Beta-Team4,Org-Beta,2026-01-21,4,28,2025-10-24
USR0118,Org-Beta-Team4,Org-Beta,2026-01-22,2,4,2025-10-24
USR0118,Org-Beta-Team4,Org-Beta,2026-01-23,5,20,2025-10-24
USR0118,Org-Beta-Team4,Org-Beta,2026-01-25,1,26,2025-10-24
USR0118,Org-Beta-Team4,Org-Beta,2026-01-26,6,28,2025-10-24
USR0118,Org-Beta-Team4,Org-Beta,2026-01-27,7,24,2025-10-24
USR0118,Org-Beta-Team4,Org-Beta,2026-01-28,1,25,2025-10-24
USR0118,Org-Beta-Team4,Org-Beta,2026-01-29,3,8,2025-10-24
USR0118,Org-Beta-Team4,Org-Beta,2026-01-30,6,40,2025-10-24
USR0118,Org-Beta-Team4,Org-Beta,2026-01-31,8,9,2025-10-24
USR0118,Org-Beta-Team4,Org-Beta,2026-02-01,7,12,2025-10-24
USR0118,Org-Beta-Team4,Org-Beta,2026-02-02,3,8,2025-10-24
USR0118,Org-Beta-Team4,Org-Beta,2026-02-04,4,19,2025-10-24
USR0118,Org-Beta-Team4,Org-Beta,2026-02-05,1,17,2025-10-24
USR0118,Org-Beta-Team4,Org-Beta,2026-02-06,8,25,2025-10-24
USR0118,Org-Beta-Team4,Org-Beta,2026-02-07,5,21,2025-10-24
USR0118,Org-Beta-Team4,Org-Beta,2026-02-08,4,39,2025-10-24
USR0118,Org-Beta-Team4,Org-Beta,2026-02-09,3,7,2025-10-24
USR0118,Org-Beta-Team4,Org-Beta,2026-02-12,6,1,2025-10-24
USR0118,Org-Beta-Team4,Org-Beta,2026-02-13,2,9,2025-10-24
USR0118,Org-Beta-Team4,Org-Beta,2026-02-14,6,14,2025-10-24
USR0118,Org-Beta-Team4,Org-Beta,2026-02-15,1,1,2025-10-24
USR0118,Org-Beta-Team4,Org-Beta,2026-02-17,3,6,2025-10-24
USR0118,Org-Beta-Team4,Org-Beta,2026-02-19,8,16,2025-10-24
USR0118,Org-Beta-Team4,Org-Beta,2026-02-23,3,28,2025-10-24
USR0118,Org-Beta-Team4,Org-Beta,2026-02-25,4,40,2025-10-24
USR0118,Org-Beta-Team4,Org-Beta,2026-02-26,6,21,2025-10-24
USR0118,Org-Beta-Team4,Org-Beta,2026-02-27,3,12,2025-10-24
USR0118,Org-Beta-Team4,Org-Beta,2026-02-28,5,11,2025-10-24
USR0118,Org-Beta-Team4,Org-Beta,2026-03-02,6,7,2025-10-24
USR0118,Org-Beta-Team4,Org-Beta,2026-03-03,6,32,2025-10-24
USR0118,Org-Beta-Team4,Org-Beta,2026-03-04,2,29,2025-10-24
USR0118,Org-Beta-Team4,Org-Beta,2026-03-05,6,4,2025-10-24
USR0118,Org-Beta-Team4,Org-Beta,2026-03-06,1,24,2025-10-24
USR0118,Org-Beta-Team4,Org-Beta,2026-03-07,2,17,2025-10-24
USR0118,Org-Beta-Team4,Org-Beta,2026-03-08,5,18,2025-10-24
USR0118,Org-Beta-Team4,Org-Beta,2026-03-09,6,14,2025-10-24
USR0118,Org-Beta-Team4,Org-Beta,2026-03-10,3,20,2025-10-24
USR0118,Org-Beta-Team4,Org-Beta,2026-03-11,5,8,2025-10-24
USR0118,Org-Beta-Team4,Org-Beta,2026-03-14,5,37,2025-10-24
USR0118,Org-Beta-Team4,Org-Beta,2026-03-15,5,19,2025-10-24
USR0118,Org-Beta-Team4,Org-Beta,2026-03-18,4,32,2025-10-24
USR0118,Org-Beta-Team4,Org-Beta,2026-03-19,1,15,2025-10-24
USR0118,Org-Beta-Team4,Org-Beta,2026-03-20,4,27,2025-10-24
USR0118,Org-Beta-Team4,Org-Beta,2026-03-21,2,13,2025-10-24
USR0118,Org-Beta-Team4,Org-Beta,2026-03-22,3,28,2025-10-24
USR0118,Org-Beta-Team4,Org-Beta,2026-03-24,3,36,2025-10-24
USR0118,Org-Beta-Team4,Org-Beta,2026-03-25,3,31,2025-10-24
USR0118,Org-Beta-Team4,Org-Beta,2026-03-26,4,1,2025-10-24
USR0118,Org-Beta-Team4,Org-Beta,2026-03-27,7,12,2025-10-24
USR0118,Org-Beta-Team4,Org-Beta,2026-03-28,2,21,2025-10-24
USR0118,Org-Beta-Team4,Org-Beta,2026-03-29,8,20,2025-10-24
USR0118,Org-Beta-Team4,Org-Beta,2026-03-30,4,21,2025-10-24
USR0119,Org-Gamma-Team3,Org-Gamma,2025-10-17,2,23,2025-10-16
USR0119,Org-Gamma-Team3,Org-Gamma,2025-10-18,8,13,2025-10-16
USR0119,Org-Gamma-Team3,Org-Gamma,2025-10-19,7,32,2025-10-16
USR0119,Org-Gamma-Team3,Org-Gamma,2025-10-20,8,29,2025-10-16
USR0119,Org-Gamma-Team3,Org-Gamma,2025-10-23,7,38,2025-10-16
USR0119,Org-Gamma-Team3,Org-Gamma,2025-10-26,7,9,2025-10-16
USR0119,Org-Gamma-Team3,Org-Gamma,2025-10-27,5,25,2025-10-16
USR0119,Org-Gamma-Team3,Org-Gamma,2025-10-29,6,4,2025-10-16
USR0119,Org-Gamma-Team3,Org-Gamma,2025-10-31,1,3,2025-10-16
USR0119,Org-Gamma-Team3,Org-Gamma,2025-11-01,6,31,2025-10-16
USR0119,Org-Gamma-Team3,Org-Gamma,2025-11-02,1,35,2025-10-16
USR0119,Org-Gamma-Team3,Org-Gamma,2025-11-06,2,6,2025-10-16
USR0119,Org-Gamma-Team3,Org-Gamma,2025-11-07,7,34,2025-10-16
USR0119,Org-Gamma-Team3,Org-Gamma,2025-11-08,5,11,2025-10-16
USR0119,Org-Gamma-Team3,Org-Gamma,2025-11-10,5,40,2025-10-16
USR0119,Org-Gamma-Team3,Org-Gamma,2025-11-15,8,11,2025-10-16
USR0119,Org-Gamma-Team3,Org-Gamma,2025-11-16,6,32,2025-10-16
USR0119,Org-Gamma-Team3,Org-Gamma,2025-11-17,6,34,2025-10-16
USR0119,Org-Gamma-Team3,Org-Gamma,2025-11-18,2,38,2025-10-16
USR0119,Org-Gamma-Team3,Org-Gamma,2025-11-19,3,5,2025-10-16
USR0119,Org-Gamma-Team3,Org-Gamma,2025-11-20,8,35,2025-10-16
USR0119,Org-Gamma-Team3,Org-Gamma,2025-11-26,4,39,2025-10-16
USR0119,Org-Gamma-Team3,Org-Gamma,2025-11-28,2,30,2025-10-16
USR0119,Org-Gamma-Team3,Org-Gamma,2025-11-29,6,38,2025-10-16
USR0119,Org-Gamma-Team3,Org-Gamma,2025-11-30,5,22,2025-10-16
USR0119,Org-Gamma-Team3,Org-Gamma,2025-12-04,8,11,2025-10-16
USR0119,Org-Gamma-Team3,Org-Gamma,2025-12-05,7,34,2025-10-16
USR0119,Org-Gamma-Team3,Org-Gamma,2025-12-06,3,14,2025-10-16
USR0119,Org-Gamma-Team3,Org-Gamma,2025-12-08,6,28,2025-10-16
USR0119,Org-Gamma-Team3,Org-Gamma,2025-12-10,2,37,2025-10-16
USR0119,Org-Gamma-Team3,Org-Gamma,2025-12-11,8,35,2025-10-16
USR0119,Org-Gamma-Team3,Org-Gamma,2025-12-12,6,37,2025-10-16
USR0119,Org-Gamma-Team3,Org-Gamma,2025-12-13,1,40,2025-10-16
USR0119,Org-Gamma-Team3,Org-Gamma,2025-12-17,3,7,2025-10-16
USR0119,Org-Gamma-Team3,Org-Gamma,2025-12-18,1,24,2025-10-16
USR0119,Org-Gamma-Team3,Org-Gamma,2025-12-19,7,28,2025-10-16
USR0119,Org-Gamma-Team3,Org-Gamma,2025-12-20,4,24,2025-10-16
USR0119,Org-Gamma-Team3,Org-Gamma,2025-12-21,6,33,2025-10-16
USR0119,Org-Gamma-Team3,Org-Gamma,2025-12-22,1,30,2025-10-16
USR0119,Org-Gamma-Team3,Org-Gamma,2025-12-24,6,13,2025-10-16
USR0119,Org-Gamma-Team3,Org-Gamma,2025-12-25,7,2,2025-10-16
USR0119,Org-Gamma-Team3,Org-Gamma,2025-12-27,4,38,2025-10-16
USR0119,Org-Gamma-Team3,Org-Gamma,2025-12-28,4,35,2025-10-16
USR0119,Org-Gamma-Team3,Org-Gamma,2025-12-29,8,20,2025-10-16
USR0119,Org-Gamma-Team3,Org-Gamma,2025-12-30,6,23,2025-10-16
USR0119,Org-Gamma-Team3,Org-Gamma,2025-12-31,7,3,2025-10-16
USR0119,Org-Gamma-Team3,Org-Gamma,2026-01-01,6,35,2025-10-16
USR0119,Org-Gamma-Team3,Org-Gamma,2026-01-05,6,4,2025-10-16
USR0119,Org-Gamma-Team3,Org-Gamma,2026-01-07,8,14,2025-10-16
USR0119,Org-Gamma-Team3,Org-Gamma,2026-01-08,6,34,2025-10-16
USR0119,Org-Gamma-Team3,Org-Gamma,2026-01-09,7,26,2025-10-16
USR0119,Org-Gamma-Team3,Org-Gamma,2026-01-10,8,6,2025-10-16
USR0119,Org-Gamma-Team3,Org-Gamma,2026-01-11,6,33,2025-10-16
USR0119,Org-Gamma-Team3,Org-Gamma,2026-01-13,4,14,2025-10-16
USR0119,Org-Gamma-Team3,Org-Gamma,2026-01-14,1,1,2025-10-16
USR0119,Org-Gamma-Team3,Org-Gamma,2026-01-16,7,6,2025-10-16
USR0119,Org-Gamma-Team3,Org-Gamma,2026-01-17,5,29,2025-10-16
USR0119,Org-Gamma-Team3,Org-Gamma,2026-01-19,6,25,2025-10-16
USR0119,Org-Gamma-Team3,Org-Gamma,2026-01-21,8,37,2025-10-16
USR0119,Org-Gamma-Team3,Org-Gamma,2026-01-22,6,8,2025-10-16
USR0119,Org-Gamma-Team3,Org-Gamma,2026-01-23,5,16,2025-10-16
USR0119,Org-Gamma-Team3,Org-Gamma,2026-01-24,1,9,2025-10-16
USR0119,Org-Gamma-Team3,Org-Gamma,2026-01-27,3,30,2025-10-16
USR0119,Org-Gamma-Team3,Org-Gamma,2026-01-28,3,35,2025-10-16
USR0119,Org-Gamma-Team3,Org-Gamma,2026-01-29,7,27,2025-10-16
USR0119,Org-Gamma-Team3,Org-Gamma,2026-01-30,4,19,2025-10-16
USR0119,Org-Gamma-Team3,Org-Gamma,2026-01-31,2,25,2025-10-16
USR0119,Org-Gamma-Team3,Org-Gamma,2026-02-02,7,5,2025-10-16
USR0119,Org-Gamma-Team3,Org-Gamma,2026-02-03,2,40,2025-10-16
USR0119,Org-Gamma-Team3,Org-Gamma,2026-02-05,6,14,2025-10-16
USR0119,Org-Gamma-Team3,Org-Gamma,2026-02-06,5,27,2025-10-16
USR0119,Org-Gamma-Team3,Org-Gamma,2026-02-08,6,8,2025-10-16
USR0119,Org-Gamma-Team3,Org-Gamma,2026-02-09,1,9,2025-10-16
USR0119,Org-Gamma-Team3,Org-Gamma,2026-02-10,4,1,2025-10-16
USR0119,Org-Gamma-Team3,Org-Gamma,2026-02-11,8,27,2025-10-16
USR0119,Org-Gamma-Team3,Org-Gamma,2026-02-12,3,33,2025-10-16
USR0119,Org-Gamma-Team3,Org-Gamma,2026-02-14,5,18,2025-10-16
USR0119,Org-Gamma-Team3,Org-Gamma,2026-02-15,4,38,2025-10-16
USR0119,Org-Gamma-Team3,Org-Gamma,2026-02-16,4,2,2025-10-16
USR0119,Org-Gamma-Team3,Org-Gamma,2026-02-17,1,27,2025-10-16
USR0119,Org-Gamma-Team3,Org-Gamma,2026-02-18,5,39,2025-10-16
USR0119,Org-Gamma-Team3,Org-Gamma,2026-02-21,3,12,2025-10-16
USR0119,Org-Gamma-Team3,Org-Gamma,2026-02-22,5,40,2025-10-16
USR0119,Org-Gamma-Team3,Org-Gamma,2026-02-23,5,21,2025-10-16
USR0119,Org-Gamma-Team3,Org-Gamma,2026-02-25,4,22,2025-10-16
USR0119,Org-Gamma-Team3,Org-Gamma,2026-02-26,8,9,2025-10-16
USR0119,Org-Gamma-Team3,Org-Gamma,2026-02-28,5,13,2025-10-16
USR0119,Org-Gamma-Team3,Org-Gamma,2026-03-01,7,36,2025-10-16
USR0119,Org-Gamma-Team3,Org-Gamma,2026-03-10,5,14,2025-10-16
USR0119,Org-Gamma-Team3,Org-Gamma,2026-03-11,2,33,2025-10-16
USR0119,Org-Gamma-Team3,Org-Gamma,2026-03-12,8,29,2025-10-16
USR0119,Org-Gamma-Team3,Org-Gamma,2026-03-14,4,15,2025-10-16
USR0119,Org-Gamma-Team3,Org-Gamma,2026-03-15,5,31,2025-10-16
USR0119,Org-Gamma-Team3,Org-Gamma,2026-03-16,5,7,2025-10-16
USR0119,Org-Gamma-Team3,Org-Gamma,2026-03-17,1,39,2025-10-16
USR0119,Org-Gamma-Team3,Org-Gamma,2026-03-18,2,23,2025-10-16
USR0119,Org-Gamma-Team3,Org-Gamma,2026-03-19,7,2,2025-10-16
USR0119,Org-Gamma-Team3,Org-Gamma,2026-03-20,3,26,2025-10-16
USR0119,Org-Gamma-Team3,Org-Gamma,2026-03-21,5,11,2025-10-16
USR0119,Org-Gamma-Team3,Org-Gamma,2026-03-24,3,15,2025-10-16
USR0119,Org-Gamma-Team3,Org-Gamma,2026-03-28,8,9,2025-10-16
USR0119,Org-Gamma-Team3,Org-Gamma,2026-03-29,5,5,2025-10-16
USR0119,Org-Gamma-Team3,Org-Gamma,2026-03-30,8,38,2025-10-16
USR0120,Org-Alpha-Team2,Org-Alpha,2025-10-09,6,16,2025-10-09
USR0121,Org-Beta-Team2,Org-Beta,2025-10-03,3,10,2025-10-02
USR0121,Org-Beta-Team2,Org-Beta,2025-10-05,8,2,2025-10-02
USR0121,Org-Beta-Team2,Org-Beta,2025-10-06,8,10,2025-10-02
USR0122,Org-Alpha-Team2,Org-Alpha,2025-10-28,3,12,2025-10-28
USR0122,Org-Alpha-Team2,Org-Alpha,2025-10-29,8,20,2025-10-28
USR0122,Org-Alpha-Team2,Org-Alpha,2025-10-31,1,17,2025-10-28
USR0122,Org-Alpha-Team2,Org-Alpha,2025-11-04,2,7,2025-10-28
USR0122,Org-Alpha-Team2,Org-Alpha,2025-11-05,1,3,2025-10-28
USR0122,Org-Alpha-Team2,Org-Alpha,2025-11-06,7,34,2025-10-28
USR0122,Org-Alpha-Team2,Org-Alpha,2025-11-07,7,14,2025-10-28
USR0122,Org-Alpha-Team2,Org-Alpha,2025-11-08,1,10,2025-10-28
USR0122,Org-Alpha-Team2,Org-Alpha,2025-11-09,8,11,2025-10-28
USR0122,Org-Alpha-Team2,Org-Alpha,2025-11-10,3,3,2025-10-28
USR0122,Org-Alpha-Team2,Org-Alpha,2025-11-11,6,16,2025-10-28
USR0122,Org-Alpha-Team2,Org-Alpha,2025-11-12,7,9,2025-10-28
USR0122,Org-Alpha-Team2,Org-Alpha,2025-11-13,6,13,2025-10-28
USR0122,Org-Alpha-Team2,Org-Alpha,2025-11-14,1,1,2025-10-28
USR0122,Org-Alpha-Team2,Org-Alpha,2025-11-15,8,39,2025-10-28
USR0122,Org-Alpha-Team2,Org-Alpha,2025-11-16,1,7,2025-10-28
USR0122,Org-Alpha-Team2,Org-Alpha,2025-11-17,3,22,2025-10-28
USR0122,Org-Alpha-Team2,Org-Alpha,2025-11-19,1,2,2025-10-28
USR0122,Org-Alpha-Team2,Org-Alpha,2025-11-21,8,6,2025-10-28
USR0122,Org-Alpha-Team2,Org-Alpha,2025-11-22,1,29,2025-10-28
USR0122,Org-Alpha-Team2,Org-Alpha,2025-11-23,2,7,2025-10-28
USR0122,Org-Alpha-Team2,Org-Alpha,2025-11-24,7,37,2025-10-28
USR0122,Org-Alpha-Team2,Org-Alpha,2025-11-25,8,5,2025-10-28
USR0122,Org-Alpha-Team2,Org-Alpha,2025-11-27,3,8,2025-10-28
USR0122,Org-Alpha-Team2,Org-Alpha,2025-11-28,5,21,2025-10-28
USR0122,Org-Alpha-Team2,Org-Alpha,2025-12-01,7,8,2025-10-28
USR0122,Org-Alpha-Team2,Org-Alpha,2025-12-03,3,36,2025-10-28
USR0122,Org-Alpha-Team2,Org-Alpha,2025-12-06,1,30,2025-10-28
USR0122,Org-Alpha-Team2,Org-Alpha,2025-12-07,4,27,2025-10-28
USR0122,Org-Alpha-Team2,Org-Alpha,2025-12-08,3,15,2025-10-28
USR0122,Org-Alpha-Team2,Org-Alpha,2025-12-10,3,12,2025-10-28
USR0122,Org-Alpha-Team2,Org-Alpha,2025-12-11,2,26,2025-10-28
USR0122,Org-Alpha-Team2,Org-Alpha,2025-12-12,6,12,2025-10-28
USR0122,Org-Alpha-Team2,Org-Alpha,2025-12-13,5,6,2025-10-28
USR0122,Org-Alpha-Team2,Org-Alpha,2025-12-14,1,38,2025-10-28
USR0122,Org-Alpha-Team2,Org-Alpha,2025-12-15,8,31,2025-10-28
USR0122,Org-Alpha-Team2,Org-Alpha,2025-12-17,1,14,2025-10-28
USR0122,Org-Alpha-Team2,Org-Alpha,2025-12-19,6,21,2025-10-28
USR0122,Org-Alpha-Team2,Org-Alpha,2025-12-20,3,31,2025-10-28
USR0122,Org-Alpha-Team2,Org-Alpha,2025-12-21,8,39,2025-10-28
USR0122,Org-Alpha-Team2,Org-Alpha,2025-12-24,3,18,2025-10-28
USR0122,Org-Alpha-Team2,Org-Alpha,2025-12-27,6,8,2025-10-28
USR0122,Org-Alpha-Team2,Org-Alpha,2025-12-28,3,7,2025-10-28
USR0122,Org-Alpha-Team2,Org-Alpha,2025-12-29,2,21,2025-10-28
USR0122,Org-Alpha-Team2,Org-Alpha,2025-12-31,2,11,2025-10-28
USR0122,Org-Alpha-Team2,Org-Alpha,2026-01-02,7,19,2025-10-28
USR0122,Org-Alpha-Team2,Org-Alpha,2026-01-06,7,33,2025-10-28
USR0122,Org-Alpha-Team2,Org-Alpha,2026-01-08,8,25,2025-10-28
USR0122,Org-Alpha-Team2,Org-Alpha,2026-01-11,5,20,2025-10-28
USR0122,Org-Alpha-Team2,Org-Alpha,2026-01-12,1,33,2025-10-28
USR0122,Org-Alpha-Team2,Org-Alpha,2026-01-14,2,37,2025-10-28
USR0122,Org-Alpha-Team2,Org-Alpha,2026-01-15,1,32,2025-10-28
USR0122,Org-Alpha-Team2,Org-Alpha,2026-01-16,3,6,2025-10-28
USR0122,Org-Alpha-Team2,Org-Alpha,2026-01-17,1,4,2025-10-28
USR0122,Org-Alpha-Team2,Org-Alpha,2026-01-18,4,26,2025-10-28
USR0122,Org-Alpha-Team2,Org-Alpha,2026-01-21,4,21,2025-10-28
USR0122,Org-Alpha-Team2,Org-Alpha,2026-01-23,5,33,2025-10-28
USR0122,Org-Alpha-Team2,Org-Alpha,2026-01-24,8,3,2025-10-28
USR0122,Org-Alpha-Team2,Org-Alpha,2026-01-25,2,15,2025-10-28
USR0122,Org-Alpha-Team2,Org-Alpha,2026-01-26,7,21,2025-10-28
USR0122,Org-Alpha-Team2,Org-Alpha,2026-01-27,3,10,2025-10-28
USR0122,Org-Alpha-Team2,Org-Alpha,2026-01-29,2,11,2025-10-28
USR0122,Org-Alpha-Team2,Org-Alpha,2026-01-30,8,10,2025-10-28
USR0122,Org-Alpha-Team2,Org-Alpha,2026-02-01,6,1,2025-10-28
USR0122,Org-Alpha-Team2,Org-Alpha,2026-02-04,1,2,2025-10-28
USR0122,Org-Alpha-Team2,Org-Alpha,2026-02-05,7,16,2025-10-28
USR0122,Org-Alpha-Team2,Org-Alpha,2026-02-09,2,40,2025-10-28
USR0122,Org-Alpha-Team2,Org-Alpha,2026-02-10,2,8,2025-10-28
USR0122,Org-Alpha-Team2,Org-Alpha,2026-02-11,7,1,2025-10-28
USR0122,Org-Alpha-Team2,Org-Alpha,2026-02-12,2,25,2025-10-28
USR0122,Org-Alpha-Team2,Org-Alpha,2026-02-13,3,16,2025-10-28
USR0122,Org-Alpha-Team2,Org-Alpha,2026-02-14,8,13,2025-10-28
USR0122,Org-Alpha-Team2,Org-Alpha,2026-02-17,8,40,2025-10-28
USR0122,Org-Alpha-Team2,Org-Alpha,2026-02-18,1,35,2025-10-28
USR0122,Org-Alpha-Team2,Org-Alpha,2026-02-20,2,36,2025-10-28
USR0122,Org-Alpha-Team2,Org-Alpha,2026-02-21,5,25,2025-10-28
USR0122,Org-Alpha-Team2,Org-Alpha,2026-02-22,1,2,2025-10-28
USR0122,Org-Alpha-Team2,Org-Alpha,2026-02-26,4,16,2025-10-28
USR0122,Org-Alpha-Team2,Org-Alpha,2026-02-27,2,16,2025-10-28
USR0122,Org-Alpha-Team2,Org-Alpha,2026-03-01,2,34,2025-10-28
USR0122,Org-Alpha-Team2,Org-Alpha,2026-03-03,6,17,2025-10-28
USR0122,Org-Alpha-Team2,Org-Alpha,2026-03-04,3,37,2025-10-28
USR0122,Org-Alpha-Team2,Org-Alpha,2026-03-06,1,13,2025-10-28
USR0122,Org-Alpha-Team2,Org-Alpha,2026-03-10,4,21,2025-10-28
USR0122,Org-Alpha-Team2,Org-Alpha,2026-03-12,7,2,2025-10-28
USR0122,Org-Alpha-Team2,Org-Alpha,2026-03-13,7,37,2025-10-28
USR0122,Org-Alpha-Team2,Org-Alpha,2026-03-15,5,26,2025-10-28
USR0122,Org-Alpha-Team2,Org-Alpha,2026-03-16,3,4,2025-10-28
USR0122,Org-Alpha-Team2,Org-Alpha,2026-03-17,3,18,2025-10-28
USR0122,Org-Alpha-Team2,Org-Alpha,2026-03-22,2,33,2025-10-28
USR0122,Org-Alpha-Team2,Org-Alpha,2026-03-23,3,15,2025-10-28
USR0122,Org-Alpha-Team2,Org-Alpha,2026-03-24,5,1,2025-10-28
USR0122,Org-Alpha-Team2,Org-Alpha,2026-03-25,7,10,2025-10-28
USR0122,Org-Alpha-Team2,Org-Alpha,2026-03-26,6,33,2025-10-28
USR0122,Org-Alpha-Team2,Org-Alpha,2026-03-28,6,9,2025-10-28
USR0122,Org-Alpha-Team2,Org-Alpha,2026-03-29,6,13,2025-10-28
USR0122,Org-Alpha-Team2,Org-Alpha,2026-03-30,3,15,2025-10-28
USR0122,Org-Alpha-Team2,Org-Alpha,2026-03-31,8,2,2025-10-28
USR0123,Org-Alpha-Team1,Org-Alpha,2025-10-03,3,36,2025-10-01
USR0124,Org-Alpha-Team2,Org-Alpha,2025-10-23,7,5,2025-10-23
USR0124,Org-Alpha-Team2,Org-Alpha,2025-10-27,1,19,2025-10-23
USR0125,Org-Gamma-Team3,Org-Gamma,2025-10-29,3,15,2025-10-29
USR0125,Org-Gamma-Team3,Org-Gamma,2025-10-30,7,27,2025-10-29
USR0126,Org-Beta-Team3,Org-Beta,2025-10-01,3,30,2025-10-01
USR0126,Org-Beta-Team3,Org-Beta,2025-10-02,2,12,2025-10-01
USR0126,Org-Beta-Team3,Org-Beta,2025-10-03,3,37,2025-10-01
USR0127,Org-Gamma-Team2,Org-Gamma,2025-10-25,2,9,2025-10-24
USR0127,Org-Gamma-Team2,Org-Gamma,2025-10-26,5,35,2025-10-24
USR0127,Org-Gamma-Team2,Org-Gamma,2025-10-28,7,28,2025-10-24
USR0127,Org-Gamma-Team2,Org-Gamma,2025-10-30,5,20,2025-10-24
USR0127,Org-Gamma-Team2,Org-Gamma,2025-10-31,1,20,2025-10-24
USR0127,Org-Gamma-Team2,Org-Gamma,2025-11-04,4,20,2025-10-24
USR0127,Org-Gamma-Team2,Org-Gamma,2025-11-05,1,7,2025-10-24
USR0127,Org-Gamma-Team2,Org-Gamma,2025-11-07,1,24,2025-10-24
USR0127,Org-Gamma-Team2,Org-Gamma,2025-11-08,4,20,2025-10-24
USR0127,Org-Gamma-Team2,Org-Gamma,2025-11-09,3,17,2025-10-24
USR0127,Org-Gamma-Team2,Org-Gamma,2025-11-10,7,6,2025-10-24
USR0127,Org-Gamma-Team2,Org-Gamma,2025-11-11,7,35,2025-10-24
USR0127,Org-Gamma-Team2,Org-Gamma,2025-11-12,6,7,2025-10-24
USR0127,Org-Gamma-Team2,Org-Gamma,2025-11-14,8,12,2025-10-24
USR0127,Org-Gamma-Team2,Org-Gamma,2025-11-15,1,33,2025-10-24
USR0127,Org-Gamma-Team2,Org-Gamma,2025-11-16,7,25,2025-10-24
USR0127,Org-Gamma-Team2,Org-Gamma,2025-11-22,2,40,2025-10-24
USR0127,Org-Gamma-Team2,Org-Gamma,2025-11-25,8,33,2025-10-24
USR0127,Org-Gamma-Team2,Org-Gamma,2025-11-27,5,31,2025-10-24
USR0127,Org-Gamma-Team2,Org-Gamma,2025-11-28,2,11,2025-10-24
USR0127,Org-Gamma-Team2,Org-Gamma,2025-11-29,4,24,2025-10-24
USR0127,Org-Gamma-Team2,Org-Gamma,2025-11-30,7,7,2025-10-24
USR0127,Org-Gamma-Team2,Org-Gamma,2025-12-02,8,20,2025-10-24
USR0127,Org-Gamma-Team2,Org-Gamma,2025-12-04,6,18,2025-10-24
USR0127,Org-Gamma-Team2,Org-Gamma,2025-12-06,5,27,2025-10-24
USR0127,Org-Gamma-Team2,Org-Gamma,2025-12-09,2,10,2025-10-24
USR0127,Org-Gamma-Team2,Org-Gamma,2025-12-10,7,17,2025-10-24
USR0127,Org-Gamma-Team2,Org-Gamma,2025-12-13,5,37,2025-10-24
USR0127,Org-Gamma-Team2,Org-Gamma,2025-12-15,7,18,2025-10-24
USR0127,Org-Gamma-Team2,Org-Gamma,2025-12-18,2,7,2025-10-24
USR0127,Org-Gamma-Team2,Org-Gamma,2025-12-22,2,34,2025-10-24
USR0127,Org-Gamma-Team2,Org-Gamma,2025-12-23,4,1,2025-10-24
USR0127,Org-Gamma-Team2,Org-Gamma,2025-12-25,5,15,2025-10-24
USR0127,Org-Gamma-Team2,Org-Gamma,2025-12-26,5,33,2025-10-24
USR0127,Org-Gamma-Team2,Org-Gamma,2025-12-28,3,5,2025-10-24
USR0127,Org-Gamma-Team2,Org-Gamma,2025-12-29,5,38,2025-10-24
USR0127,Org-Gamma-Team2,Org-Gamma,2025-12-31,7,26,2025-10-24
USR0127,Org-Gamma-Team2,Org-Gamma,2026-01-01,1,23,2025-10-24
USR0127,Org-Gamma-Team2,Org-Gamma,2026-01-05,3,24,2025-10-24
USR0127,Org-Gamma-Team2,Org-Gamma,2026-01-06,5,6,2025-10-24
USR0127,Org-Gamma-Team2,Org-Gamma,2026-01-08,1,8,2025-10-24
USR0127,Org-Gamma-Team2,Org-Gamma,2026-01-10,7,1,2025-10-24
USR0127,Org-Gamma-Team2,Org-Gamma,2026-01-12,3,7,2025-10-24
USR0127,Org-Gamma-Team2,Org-Gamma,2026-01-15,1,4,2025-10-24
USR0127,Org-Gamma-Team2,Org-Gamma,2026-01-16,1,13,2025-10-24
USR0127,Org-Gamma-Team2,Org-Gamma,2026-01-17,8,36,2025-10-24
USR0127,Org-Gamma-Team2,Org-Gamma,2026-01-21,2,18,2025-10-24
USR0127,Org-Gamma-Team2,Org-Gamma,2026-01-22,1,14,2025-10-24
USR0127,Org-Gamma-Team2,Org-Gamma,2026-01-23,8,8,2025-10-24
USR0127,Org-Gamma-Team2,Org-Gamma,2026-01-24,8,7,2025-10-24
USR0127,Org-Gamma-Team2,Org-Gamma,2026-01-25,8,36,2025-10-24
USR0127,Org-Gamma-Team2,Org-Gamma,2026-01-26,2,25,2025-10-24
USR0127,Org-Gamma-Team2,Org-Gamma,2026-01-28,6,40,2025-10-24
USR0127,Org-Gamma-Team2,Org-Gamma,2026-02-01,5,30,2025-10-24
USR0127,Org-Gamma-Team2,Org-Gamma,2026-02-03,6,1,2025-10-24
USR0127,Org-Gamma-Team2,Org-Gamma,2026-02-05,8,22,2025-10-24
USR0127,Org-Gamma-Team2,Org-Gamma,2026-02-06,3,8,2025-10-24
USR0127,Org-Gamma-Team2,Org-Gamma,2026-02-07,3,36,2025-10-24
USR0127,Org-Gamma-Team2,Org-Gamma,2026-02-08,8,34,2025-10-24
USR0127,Org-Gamma-Team2,Org-Gamma,2026-02-10,8,39,2025-10-24
USR0127,Org-Gamma-Team2,Org-Gamma,2026-02-13,7,7,2025-10-24
USR0127,Org-Gamma-Team2,Org-Gamma,2026-02-14,2,40,2025-10-24
USR0127,Org-Gamma-Team2,Org-Gamma,2026-02-15,3,9,2025-10-24
USR0127,Org-Gamma-Team2,Org-Gamma,2026-02-19,7,17,2025-10-24
USR0127,Org-Gamma-Team2,Org-Gamma,2026-02-20,2,35,2025-10-24
USR0127,Org-Gamma-Team2,Org-Gamma,2026-02-21,6,15,2025-10-24
USR0127,Org-Gamma-Team2,Org-Gamma,2026-02-22,7,36,2025-10-24
USR0127,Org-Gamma-Team2,Org-Gamma,2026-02-25,5,36,2025-10-24
USR0127,Org-Gamma-Team2,Org-Gamma,2026-02-26,6,23,2025-10-24
USR0127,Org-Gamma-Team2,Org-Gamma,2026-02-27,1,1,2025-10-24
USR0127,Org-Gamma-Team2,Org-Gamma,2026-02-28,5,19,2025-10-24
USR0127,Org-Gamma-Team2,Org-Gamma,2026-03-01,3,14,2025-10-24
USR0127,Org-Gamma-Team2,Org-Gamma,2026-03-04,2,26,2025-10-24
USR0127,Org-Gamma-Team2,Org-Gamma,2026-03-05,7,39,2025-10-24
USR0127,Org-Gamma-Team2,Org-Gamma,2026-03-07,6,30,2025-10-24
USR0127,Org-Gamma-Team2,Org-Gamma,2026-03-08,8,2,2025-10-24
USR0127,Org-Gamma-Team2,Org-Gamma,2026-03-09,8,23,2025-10-24
USR0127,Org-Gamma-Team2,Org-Gamma,2026-03-10,2,16,2025-10-24
USR0127,Org-Gamma-Team2,Org-Gamma,2026-03-11,6,10,2025-10-24
USR0127,Org-Gamma-Team2,Org-Gamma,2026-03-12,1,8,2025-10-24
USR0127,Org-Gamma-Team2,Org-Gamma,2026-03-16,1,31,2025-10-24
USR0127,Org-Gamma-Team2,Org-Gamma,2026-03-18,6,3,2025-10-24
USR0127,Org-Gamma-Team2,Org-Gamma,2026-03-24,4,8,2025-10-24
USR0127,Org-Gamma-Team2,Org-Gamma,2026-03-27,5,35,2025-10-24
USR0127,Org-Gamma-Team2,Org-Gamma,2026-03-29,4,2,2025-10-24
USR0127,Org-Gamma-Team2,Org-Gamma,2026-03-30,2,28,2025-10-24
USR0128,Org-Delta-Team4,Org-Delta,2025-10-26,4,3,2025-10-26
USR0128,Org-Delta-Team4,Org-Delta,2025-10-27,6,5,2025-10-26
USR0130,Org-Epsilon-Team4,Org-Epsilon,2025-10-13,6,15,2025-10-13
USR0130,Org-Epsilon-Team4,Org-Epsilon,2025-10-14,2,6,2025-10-13
USR0130,Org-Epsilon-Team4,Org-Epsilon,2025-10-15,1,8,2025-10-13
USR0131,Org-Alpha-Team4,Org-Alpha,2025-10-29,3,32,2025-10-29
USR0131,Org-Alpha-Team4,Org-Alpha,2025-10-30,7,8,2025-10-29
USR0131,Org-Alpha-Team4,Org-Alpha,2025-10-31,4,36,2025-10-29
USR0131,Org-Alpha-Team4,Org-Alpha,2025-11-01,2,9,2025-10-29
USR0131,Org-Alpha-Team4,Org-Alpha,2025-11-02,2,29,2025-10-29
USR0132,Org-Delta-Team2,Org-Delta,2025-10-30,4,38,2025-10-30
USR0132,Org-Delta-Team2,Org-Delta,2025-10-31,8,33,2025-10-30
USR0132,Org-Delta-Team2,Org-Delta,2025-11-01,6,17,2025-10-30
USR0132,Org-Delta-Team2,Org-Delta,2025-11-02,1,39,2025-10-30
USR0132,Org-Delta-Team2,Org-Delta,2025-11-03,4,25,2025-10-30
USR0132,Org-Delta-Team2,Org-Delta,2025-11-04,5,19,2025-10-30
USR0132,Org-Delta-Team2,Org-Delta,2025-11-05,6,18,2025-10-30
USR0132,Org-Delta-Team2,Org-Delta,2025-11-06,8,30,2025-10-30
USR0133,Org-Beta-Team2,Org-Beta,2025-10-05,1,30,2025-10-05
USR0133,Org-Beta-Team2,Org-Beta,2025-10-06,8,8,2025-10-05
USR0134,Org-Gamma-Team1,Org-Gamma,2025-10-13,4,31,2025-10-12
USR0134,Org-Gamma-Team1,Org-Gamma,2025-10-15,2,32,2025-10-12
USR0135,Org-Delta-Team4,Org-Delta,2025-10-11,3,29,2025-10-11
USR0135,Org-Delta-Team4,Org-Delta,2025-10-12,2,20,2025-10-11
USR0135,Org-Delta-Team4,Org-Delta,2025-10-13,6,30,2025-10-11
USR0136,Org-Gamma-Team4,Org-Gamma,2025-10-22,3,22,2025-10-22
USR0136,Org-Gamma-Team4,Org-Gamma,2025-10-23,7,34,2025-10-22
USR0137,Org-Gamma-Team3,Org-Gamma,2025-10-14,5,3,2025-10-13
USR0137,Org-Gamma-Team3,Org-Gamma,2025-10-15,7,17,2025-10-13
USR0137,Org-Gamma-Team3,Org-Gamma,2025-10-16,8,25,2025-10-13
USR0137,Org-Gamma-Team3,Org-Gamma,2025-10-18,2,14,2025-10-13
USR0137,Org-Gamma-Team3,Org-Gamma,2025-10-20,7,31,2025-10-13
USR0137,Org-Gamma-Team3,Org-Gamma,2025-10-21,3,23,2025-10-13
USR0137,Org-Gamma-Team3,Org-Gamma,2025-10-23,7,33,2025-10-13
USR0137,Org-Gamma-Team3,Org-Gamma,2025-10-26,1,17,2025-10-13
USR0137,Org-Gamma-Team3,Org-Gamma,2025-10-27,7,38,2025-10-13
USR0137,Org-Gamma-Team3,Org-Gamma,2025-10-29,6,24,2025-10-13
USR0137,Org-Gamma-Team3,Org-Gamma,2025-10-31,6,2,2025-10-13
USR0137,Org-Gamma-Team3,Org-Gamma,2025-11-04,4,37,2025-10-13
USR0137,Org-Gamma-Team3,Org-Gamma,2025-11-05,2,21,2025-10-13
USR0137,Org-Gamma-Team3,Org-Gamma,2025-11-06,8,28,2025-10-13
USR0137,Org-Gamma-Team3,Org-Gamma,2025-11-09,6,27,2025-10-13
USR0137,Org-Gamma-Team3,Org-Gamma,2025-11-10,8,33,2025-10-13
USR0137,Org-Gamma-Team3,Org-Gamma,2025-11-11,8,32,2025-10-13
USR0137,Org-Gamma-Team3,Org-Gamma,2025-11-13,3,28,2025-10-13
USR0137,Org-Gamma-Team3,Org-Gamma,2025-11-15,1,16,2025-10-13
USR0137,Org-Gamma-Team3,Org-Gamma,2025-11-17,3,12,2025-10-13
USR0137,Org-Gamma-Team3,Org-Gamma,2025-11-18,7,9,2025-10-13
USR0137,Org-Gamma-Team3,Org-Gamma,2025-11-19,4,12,2025-10-13
USR0137,Org-Gamma-Team3,Org-Gamma,2025-11-20,3,12,2025-10-13
USR0137,Org-Gamma-Team3,Org-Gamma,2025-11-22,2,7,2025-10-13
USR0137,Org-Gamma-Team3,Org-Gamma,2025-11-27,2,32,2025-10-13
USR0137,Org-Gamma-Team3,Org-Gamma,2025-11-28,3,4,2025-10-13
USR0137,Org-Gamma-Team3,Org-Gamma,2025-11-30,6,8,2025-10-13
USR0137,Org-Gamma-Team3,Org-Gamma,2025-12-01,7,37,2025-10-13
USR0137,Org-Gamma-Team3,Org-Gamma,2025-12-02,1,24,2025-10-13
USR0137,Org-Gamma-Team3,Org-Gamma,2025-12-03,2,28,2025-10-13
USR0137,Org-Gamma-Team3,Org-Gamma,2025-12-05,3,12,2025-10-13
USR0137,Org-Gamma-Team3,Org-Gamma,2025-12-06,3,27,2025-10-13
USR0137,Org-Gamma-Team3,Org-Gamma,2025-12-10,5,12,2025-10-13
USR0137,Org-Gamma-Team3,Org-Gamma,2025-12-12,2,4,2025-10-13
USR0137,Org-Gamma-Team3,Org-Gamma,2025-12-13,1,5,2025-10-13
USR0137,Org-Gamma-Team3,Org-Gamma,2025-12-14,1,14,2025-10-13
USR0137,Org-Gamma-Team3,Org-Gamma,2025-12-16,4,29,2025-10-13
USR0137,Org-Gamma-Team3,Org-Gamma,2025-12-18,6,1,2025-10-13
USR0137,Org-Gamma-Team3,Org-Gamma,2025-12-20,4,14,2025-10-13
USR0137,Org-Gamma-Team3,Org-Gamma,2025-12-21,8,12,2025-10-13
USR0137,Org-Gamma-Team3,Org-Gamma,2025-12-22,5,25,2025-10-13
USR0137,Org-Gamma-Team3,Org-Gamma,2025-12-23,2,29,2025-10-13
USR0137,Org-Gamma-Team3,Org-Gamma,2025-12-24,5,29,2025-10-13
USR0137,Org-Gamma-Team3,Org-Gamma,2025-12-25,4,36,2025-10-13
USR0137,Org-Gamma-Team3,Org-Gamma,2025-12-26,4,37,2025-10-13
USR0137,Org-Gamma-Team3,Org-Gamma,2025-12-27,7,21,2025-10-13
USR0137,Org-Gamma-Team3,Org-Gamma,2025-12-28,3,23,2025-10-13
USR0137,Org-Gamma-Team3,Org-Gamma,2026-01-01,4,39,2025-10-13
USR0137,Org-Gamma-Team3,Org-Gamma,2026-01-02,8,11,2025-10-13
USR0137,Org-Gamma-Team3,Org-Gamma,2026-01-04,2,11,2025-10-13
USR0137,Org-Gamma-Team3,Org-Gamma,2026-01-06,7,15,2025-10-13
USR0137,Org-Gamma-Team3,Org-Gamma,2026-01-07,1,20,2025-10-13
USR0137,Org-Gamma-Team3,Org-Gamma,2026-01-09,7,4,2025-10-13
USR0137,Org-Gamma-Team3,Org-Gamma,2026-01-10,7,27,2025-10-13
USR0137,Org-Gamma-Team3,Org-Gamma,2026-01-11,6,11,2025-10-13
USR0137,Org-Gamma-Team3,Org-Gamma,2026-01-12,3,36,2025-10-13
USR0137,Org-Gamma-Team3,Org-Gamma,2026-01-14,4,38,2025-10-13
USR0137,Org-Gamma-Team3,Org-Gamma,2026-01-15,6,2,2025-10-13
USR0137,Org-Gamma-Team3,Org-Gamma,2026-01-16,1,33,2025-10-13
USR0137,Org-Gamma-Team3,Org-Gamma,2026-01-18,1,27,2025-10-13
USR0137,Org-Gamma-Team3,Org-Gamma,2026-01-23,1,35,2025-10-13
USR0137,Org-Gamma-Team3,Org-Gamma,2026-01-24,2,37,2025-10-13
USR0137,Org-Gamma-Team3,Org-Gamma,2026-01-27,3,12,2025-10-13
USR0137,Org-Gamma-Team3,Org-Gamma,2026-02-02,1,18,2025-10-13
USR0137,Org-Gamma-Team3,Org-Gamma,2026-02-03,1,38,2025-10-13
USR0137,Org-Gamma-Team3,Org-Gamma,2026-02-04,3,23,2025-10-13
USR0137,Org-Gamma-Team3,Org-Gamma,2026-02-06,3,1,2025-10-13
USR0137,Org-Gamma-Team3,Org-Gamma,2026-02-08,2,3,2025-10-13
USR0137,Org-Gamma-Team3,Org-Gamma,2026-02-09,6,22,2025-10-13
USR0137,Org-Gamma-Team3,Org-Gamma,2026-02-10,1,8,2025-10-13
USR0137,Org-Gamma-Team3,Org-Gamma,2026-02-14,1,15,2025-10-13
USR0137,Org-Gamma-Team3,Org-Gamma,2026-02-16,5,14,2025-10-13
USR0137,Org-Gamma-Team3,Org-Gamma,2026-02-19,3,19,2025-10-13
USR0137,Org-Gamma-Team3,Org-Gamma,2026-02-21,3,38,2025-10-13
USR0137,Org-Gamma-Team3,Org-Gamma,2026-02-22,1,35,2025-10-13
USR0137,Org-Gamma-Team3,Org-Gamma,2026-02-23,4,8,2025-10-13
USR0137,Org-Gamma-Team3,Org-Gamma,2026-02-24,5,18,2025-10-13
USR0137,Org-Gamma-Team3,Org-Gamma,2026-02-25,1,29,2025-10-13
USR0137,Org-Gamma-Team3,Org-Gamma,2026-02-28,3,4,2025-10-13
USR0137,Org-Gamma-Team3,Org-Gamma,2026-03-01,4,32,2025-10-13
USR0137,Org-Gamma-Team3,Org-Gamma,2026-03-02,2,31,2025-10-13
USR0137,Org-Gamma-Team3,Org-Gamma,2026-03-03,6,18,2025-10-13
USR0137,Org-Gamma-Team3,Org-Gamma,2026-03-04,1,25,2025-10-13
USR0137,Org-Gamma-Team3,Org-Gamma,2026-03-05,5,6,2025-10-13
USR0137,Org-Gamma-Team3,Org-Gamma,2026-03-06,8,22,2025-10-13
USR0137,Org-Gamma-Team3,Org-Gamma,2026-03-09,3,26,2025-10-13
USR0137,Org-Gamma-Team3,Org-Gamma,2026-03-10,4,7,2025-10-13
USR0137,Org-Gamma-Team3,Org-Gamma,2026-03-11,4,26,2025-10-13
USR0137,Org-Gamma-Team3,Org-Gamma,2026-03-12,7,18,2025-10-13
USR0137,Org-Gamma-Team3,Org-Gamma,2026-03-13,3,33,2025-10-13
USR0137,Org-Gamma-Team3,Org-Gamma,2026-03-15,7,7,2025-10-13
USR0137,Org-Gamma-Team3,Org-Gamma,2026-03-17,1,40,2025-10-13
USR0137,Org-Gamma-Team3,Org-Gamma,2026-03-18,8,15,2025-10-13
USR0137,Org-Gamma-Team3,Org-Gamma,2026-03-19,3,35,2025-10-13
USR0137,Org-Gamma-Team3,Org-Gamma,2026-03-21,3,18,2025-10-13
USR0137,Org-Gamma-Team3,Org-Gamma,2026-03-22,3,7,2025-10-13
USR0137,Org-Gamma-Team3,Org-Gamma,2026-03-23,4,22,2025-10-13
USR0137,Org-Gamma-Team3,Org-Gamma,2026-03-24,6,7,2025-10-13
USR0137,Org-Gamma-Team3,Org-Gamma,2026-03-25,3,7,2025-10-13
USR0137,Org-Gamma-Team3,Org-Gamma,2026-03-26,2,20,2025-10-13
USR0137,Org-Gamma-Team3,Org-Gamma,2026-03-27,1,34,2025-10-13
USR0137,Org-Gamma-Team3,Org-Gamma,2026-03-29,8,9,2025-10-13
USR0137,Org-Gamma-Team3,Org-Gamma,2026-03-30,3,24,2025-10-13
USR0138,Org-Gamma-Team2,Org-Gamma,2025-10-09,2,33,2025-10-09
USR0138,Org-Gamma-Team2,Org-Gamma,2025-10-10,5,21,2025-10-09
USR0138,Org-Gamma-Team2,Org-Gamma,2025-10-12,2,38,2025-10-09
USR0138,Org-Gamma-Team2,Org-Gamma,2025-10-13,1,20,2025-10-09
USR0138,Org-Gamma-Team2,Org-Gamma,2025-10-15,1,28,2025-10-09
USR0138,Org-Gamma-Team2,Org-Gamma,2025-10-16,7,37,2025-10-09
USR0138,Org-Gamma-Team2,Org-Gamma,2025-10-17,4,16,2025-10-09
USR0138,Org-Gamma-Team2,Org-Gamma,2025-10-19,7,23,2025-10-09
USR0138,Org-Gamma-Team2,Org-Gamma,2025-10-20,1,11,2025-10-09
USR0138,Org-Gamma-Team2,Org-Gamma,2025-10-21,5,28,2025-10-09
USR0138,Org-Gamma-Team2,Org-Gamma,2025-10-22,6,33,2025-10-09
USR0138,Org-Gamma-Team2,Org-Gamma,2025-10-24,4,35,2025-10-09
USR0138,Org-Gamma-Team2,Org-Gamma,2025-10-25,6,28,2025-10-09
USR0138,Org-Gamma-Team2,Org-Gamma,2025-10-27,7,12,2025-10-09
USR0138,Org-Gamma-Team2,Org-Gamma,2025-10-28,5,26,2025-10-09
USR0138,Org-Gamma-Team2,Org-Gamma,2025-10-29,3,24,2025-10-09
USR0138,Org-Gamma-Team2,Org-Gamma,2025-10-30,4,21,2025-10-09
USR0138,Org-Gamma-Team2,Org-Gamma,2025-11-01,7,11,2025-10-09
USR0138,Org-Gamma-Team2,Org-Gamma,2025-11-02,3,12,2025-10-09
USR0138,Org-Gamma-Team2,Org-Gamma,2025-11-04,2,35,2025-10-09
USR0138,Org-Gamma-Team2,Org-Gamma,2025-11-05,7,11,2025-10-09
USR0138,Org-Gamma-Team2,Org-Gamma,2025-11-08,7,13,2025-10-09
USR0138,Org-Gamma-Team2,Org-Gamma,2025-11-09,5,12,2025-10-09
USR0138,Org-Gamma-Team2,Org-Gamma,2025-11-11,3,11,2025-10-09
USR0138,Org-Gamma-Team2,Org-Gamma,2025-11-12,5,6,2025-10-09
USR0138,Org-Gamma-Team2,Org-Gamma,2025-11-13,3,39,2025-10-09
USR0138,Org-Gamma-Team2,Org-Gamma,2025-11-14,1,39,2025-10-09
USR0138,Org-Gamma-Team2,Org-Gamma,2025-11-16,3,29,2025-10-09
USR0138,Org-Gamma-Team2,Org-Gamma,2025-11-17,7,26,2025-10-09
USR0138,Org-Gamma-Team2,Org-Gamma,2025-11-18,6,4,2025-10-09
USR0138,Org-Gamma-Team2,Org-Gamma,2025-11-20,4,12,2025-10-09
USR0138,Org-Gamma-Team2,Org-Gamma,2025-11-21,5,3,2025-10-09
USR0138,Org-Gamma-Team2,Org-Gamma,2025-11-22,4,40,2025-10-09
USR0138,Org-Gamma-Team2,Org-Gamma,2025-11-23,2,37,2025-10-09
USR0138,Org-Gamma-Team2,Org-Gamma,2025-11-24,6,13,2025-10-09
USR0138,Org-Gamma-Team2,Org-Gamma,2025-11-25,3,9,2025-10-09
USR0138,Org-Gamma-Team2,Org-Gamma,2025-11-26,8,6,2025-10-09
USR0138,Org-Gamma-Team2,Org-Gamma,2025-11-27,4,25,2025-10-09
USR0138,Org-Gamma-Team2,Org-Gamma,2025-11-30,1,34,2025-10-09
USR0138,Org-Gamma-Team2,Org-Gamma,2025-12-01,8,3,2025-10-09
USR0138,Org-Gamma-Team2,Org-Gamma,2025-12-02,5,26,2025-10-09
USR0138,Org-Gamma-Team2,Org-Gamma,2025-12-03,7,4,2025-10-09
USR0138,Org-Gamma-Team2,Org-Gamma,2025-12-04,7,9,2025-10-09
USR0138,Org-Gamma-Team2,Org-Gamma,2025-12-05,4,34,2025-10-09
USR0138,Org-Gamma-Team2,Org-Gamma,2025-12-07,1,37,2025-10-09
USR0138,Org-Gamma-Team2,Org-Gamma,2025-12-08,8,12,2025-10-09
USR0138,Org-Gamma-Team2,Org-Gamma,2025-12-09,7,6,2025-10-09
USR0138,Org-Gamma-Team2,Org-Gamma,2025-12-10,7,10,2025-10-09
USR0138,Org-Gamma-Team2,Org-Gamma,2025-12-13,4,27,2025-10-09
USR0138,Org-Gamma-Team2,Org-Gamma,2025-12-14,5,19,2025-10-09
USR0138,Org-Gamma-Team2,Org-Gamma,2025-12-17,4,7,2025-10-09
USR0138,Org-Gamma-Team2,Org-Gamma,2025-12-18,5,19,2025-10-09
USR0138,Org-Gamma-Team2,Org-Gamma,2025-12-19,4,30,2025-10-09
USR0138,Org-Gamma-Team2,Org-Gamma,2025-12-20,8,25,2025-10-09
USR0138,Org-Gamma-Team2,Org-Gamma,2025-12-21,8,27,2025-10-09
USR0138,Org-Gamma-Team2,Org-Gamma,2025-12-24,4,17,2025-10-09
USR0138,Org-Gamma-Team2,Org-Gamma,2025-12-26,1,18,2025-10-09
USR0138,Org-Gamma-Team2,Org-Gamma,2025-12-29,6,7,2025-10-09
USR0138,Org-Gamma-Team2,Org-Gamma,2025-12-30,8,2,2025-10-09
USR0138,Org-Gamma-Team2,Org-Gamma,2026-01-02,4,12,2025-10-09
USR0138,Org-Gamma-Team2,Org-Gamma,2026-01-03,3,3,2025-10-09
USR0138,Org-Gamma-Team2,Org-Gamma,2026-01-05,4,29,2025-10-09
USR0138,Org-Gamma-Team2,Org-Gamma,2026-01-06,5,5,2025-10-09
USR0138,Org-Gamma-Team2,Org-Gamma,2026-01-08,5,23,2025-10-09
USR0138,Org-Gamma-Team2,Org-Gamma,2026-01-09,6,13,2025-10-09
USR0138,Org-Gamma-Team2,Org-Gamma,2026-01-10,7,37,2025-10-09
USR0138,Org-Gamma-Team2,Org-Gamma,2026-01-11,1,11,2025-10-09
USR0138,Org-Gamma-Team2,Org-Gamma,2026-01-12,5,35,2025-10-09
USR0138,Org-Gamma-Team2,Org-Gamma,2026-01-13,4,25,2025-10-09
USR0138,Org-Gamma-Team2,Org-Gamma,2026-01-15,1,18,2025-10-09
USR0138,Org-Gamma-Team2,Org-Gamma,2026-01-17,7,18,2025-10-09
USR0138,Org-Gamma-Team2,Org-Gamma,2026-01-18,1,1,2025-10-09
USR0138,Org-Gamma-Team2,Org-Gamma,2026-01-19,4,33,2025-10-09
USR0138,Org-Gamma-Team2,Org-Gamma,2026-01-22,5,12,2025-10-09
USR0138,Org-Gamma-Team2,Org-Gamma,2026-01-23,5,16,2025-10-09
USR0138,Org-Gamma-Team2,Org-Gamma,2026-01-24,1,3,2025-10-09
USR0138,Org-Gamma-Team2,Org-Gamma,2026-01-25,4,31,2025-10-09
USR0138,Org-Gamma-Team2,Org-Gamma,2026-01-26,5,28,2025-10-09
USR0138,Org-Gamma-Team2,Org-Gamma,2026-01-27,8,27,2025-10-09
USR0138,Org-Gamma-Team2,Org-Gamma,2026-01-29,8,33,2025-10-09
USR0138,Org-Gamma-Team2,Org-Gamma,2026-01-31,5,14,2025-10-09
USR0138,Org-Gamma-Team2,Org-Gamma,2026-02-01,7,25,2025-10-09
USR0138,Org-Gamma-Team2,Org-Gamma,2026-02-02,8,23,2025-10-09
USR0138,Org-Gamma-Team2,Org-Gamma,2026-02-04,7,30,2025-10-09
USR0138,Org-Gamma-Team2,Org-Gamma,2026-02-05,7,15,2025-10-09
USR0138,Org-Gamma-Team2,Org-Gamma,2026-02-06,2,24,2025-10-09
USR0138,Org-Gamma-Team2,Org-Gamma,2026-02-09,6,34,2025-10-09
USR0138,Org-Gamma-Team2,Org-Gamma,2026-02-11,1,10,2025-10-09
USR0138,Org-Gamma-Team2,Org-Gamma,2026-02-12,3,37,2025-10-09
USR0138,Org-Gamma-Team2,Org-Gamma,2026-02-14,5,22,2025-10-09
USR0138,Org-Gamma-Team2,Org-Gamma,2026-02-15,8,36,2025-10-09
USR0138,Org-Gamma-Team2,Org-Gamma,2026-02-16,5,16,2025-10-09
USR0138,Org-Gamma-Team2,Org-Gamma,2026-02-17,7,3,2025-10-09
USR0138,Org-Gamma-Team2,Org-Gamma,2026-02-18,1,15,2025-10-09
USR0138,Org-Gamma-Team2,Org-Gamma,2026-02-20,7,38,2025-10-09
USR0138,Org-Gamma-Team2,Org-Gamma,2026-02-21,4,2,2025-10-09
USR0138,Org-Gamma-Team2,Org-Gamma,2026-02-22,8,14,2025-10-09
USR0138,Org-Gamma-Team2,Org-Gamma,2026-02-23,7,31,2025-10-09
USR0138,Org-Gamma-Team2,Org-Gamma,2026-02-26,3,12,2025-10-09
USR0138,Org-Gamma-Team2,Org-Gamma,2026-02-28,8,37,2025-10-09
USR0138,Org-Gamma-Team2,Org-Gamma,2026-03-05,7,22,2025-10-09
USR0138,Org-Gamma-Team2,Org-Gamma,2026-03-06,6,39,2025-10-09
USR0138,Org-Gamma-Team2,Org-Gamma,2026-03-08,8,14,2025-10-09
USR0138,Org-Gamma-Team2,Org-Gamma,2026-03-09,4,20,2025-10-09
USR0138,Org-Gamma-Team2,Org-Gamma,2026-03-11,8,26,2025-10-09
USR0138,Org-Gamma-Team2,Org-Gamma,2026-03-12,6,21,2025-10-09
USR0138,Org-Gamma-Team2,Org-Gamma,2026-03-16,3,8,2025-10-09
USR0138,Org-Gamma-Team2,Org-Gamma,2026-03-18,7,5,2025-10-09
USR0138,Org-Gamma-Team2,Org-Gamma,2026-03-19,7,29,2025-10-09
USR0138,Org-Gamma-Team2,Org-Gamma,2026-03-20,7,14,2025-10-09
USR0138,Org-Gamma-Team2,Org-Gamma,2026-03-21,1,5,2025-10-09
USR0138,Org-Gamma-Team2,Org-Gamma,2026-03-22,3,37,2025-10-09
USR0138,Org-Gamma-Team2,Org-Gamma,2026-03-26,3,33,2025-10-09
USR0138,Org-Gamma-Team2,Org-Gamma,2026-03-28,3,32,2025-10-09
USR0138,Org-Gamma-Team2,Org-Gamma,2026-03-29,3,27,2025-10-09
USR0139,Org-Alpha-Team4,Org-Alpha,2025-10-25,2,30,2025-10-25
USR0139,Org-Alpha-Team4,Org-Alpha,2025-10-28,5,40,2025-10-25
USR0139,Org-Alpha-Team4,Org-Alpha,2025-10-29,7,38,2025-10-25
USR0139,Org-Alpha-Team4,Org-Alpha,2025-10-30,1,14,2025-10-25
USR0139,Org-Alpha-Team4,Org-Alpha,2025-11-01,4,6,2025-10-25
USR0140,Org-Alpha-Team4,Org-Alpha,2025-10-22,1,8,2025-10-22
USR0140,Org-Alpha-Team4,Org-Alpha,2025-10-23,7,29,2025-10-22
USR0140,Org-Alpha-Team4,Org-Alpha,2025-10-24,7,39,2025-10-22
USR0140,Org-Alpha-Team4,Org-Alpha,2025-10-25,6,35,2025-10-22
USR0141,Org-Alpha-Team1,Org-Alpha,2025-10-15,3,18,2025-10-15
USR0141,Org-Alpha-Team1,Org-Alpha,2025-10-16,5,16,2025-10-15
USR0142,Org-Epsilon-Team2,Org-Epsilon,2025-10-28,2,27,2025-10-26
USR0142,Org-Epsilon-Team2,Org-Epsilon,2025-10-29,1,25,2025-10-26
USR0142,Org-Epsilon-Team2,Org-Epsilon,2025-11-01,4,8,2025-10-26
USR0142,Org-Epsilon-Team2,Org-Epsilon,2025-11-02,1,7,2025-10-26
USR0142,Org-Epsilon-Team2,Org-Epsilon,2025-11-03,5,38,2025-10-26
USR0142,Org-Epsilon-Team2,Org-Epsilon,2025-11-08,1,13,2025-10-26
USR0142,Org-Epsilon-Team2,Org-Epsilon,2025-11-11,1,39,2025-10-26
USR0142,Org-Epsilon-Team2,Org-Epsilon,2025-11-13,5,3,2025-10-26
USR0142,Org-Epsilon-Team2,Org-Epsilon,2025-11-14,1,14,2025-10-26
USR0142,Org-Epsilon-Team2,Org-Epsilon,2025-11-15,1,34,2025-10-26
USR0142,Org-Epsilon-Team2,Org-Epsilon,2025-11-19,7,10,2025-10-26
USR0142,Org-Epsilon-Team2,Org-Epsilon,2025-11-20,7,36,2025-10-26
USR0142,Org-Epsilon-Team2,Org-Epsilon,2025-11-21,5,20,2025-10-26
USR0142,Org-Epsilon-Team2,Org-Epsilon,2025-11-23,1,2,2025-10-26
USR0142,Org-Epsilon-Team2,Org-Epsilon,2025-11-24,6,37,2025-10-26
USR0142,Org-Epsilon-Team2,Org-Epsilon,2025-11-25,8,18,2025-10-26
USR0142,Org-Epsilon-Team2,Org-Epsilon,2025-11-26,7,35,2025-10-26
USR0142,Org-Epsilon-Team2,Org-Epsilon,2025-11-27,2,39,2025-10-26
USR0142,Org-Epsilon-Team2,Org-Epsilon,2025-11-29,2,11,2025-10-26
USR0142,Org-Epsilon-Team2,Org-Epsilon,2025-12-01,3,1,2025-10-26
USR0142,Org-Epsilon-Team2,Org-Epsilon,2025-12-02,3,2,2025-10-26
USR0142,Org-Epsilon-Team2,Org-Epsilon,2025-12-03,2,30,2025-10-26
USR0142,Org-Epsilon-Team2,Org-Epsilon,2025-12-04,3,27,2025-10-26
USR0142,Org-Epsilon-Team2,Org-Epsilon,2025-12-05,5,18,2025-10-26
USR0142,Org-Epsilon-Team2,Org-Epsilon,2025-12-06,6,39,2025-10-26
USR0142,Org-Epsilon-Team2,Org-Epsilon,2025-12-07,3,17,2025-10-26
USR0142,Org-Epsilon-Team2,Org-Epsilon,2025-12-08,8,1,2025-10-26
USR0142,Org-Epsilon-Team2,Org-Epsilon,2025-12-09,1,19,2025-10-26
USR0142,Org-Epsilon-Team2,Org-Epsilon,2025-12-12,3,24,2025-10-26
USR0142,Org-Epsilon-Team2,Org-Epsilon,2025-12-13,1,38,2025-10-26
USR0142,Org-Epsilon-Team2,Org-Epsilon,2025-12-14,3,15,2025-10-26
USR0142,Org-Epsilon-Team2,Org-Epsilon,2025-12-15,4,1,2025-10-26
USR0142,Org-Epsilon-Team2,Org-Epsilon,2025-12-16,5,37,2025-10-26
USR0142,Org-Epsilon-Team2,Org-Epsilon,2025-12-17,1,16,2025-10-26
USR0142,Org-Epsilon-Team2,Org-Epsilon,2025-12-20,3,19,2025-10-26
USR0142,Org-Epsilon-Team2,Org-Epsilon,2025-12-21,6,9,2025-10-26
USR0142,Org-Epsilon-Team2,Org-Epsilon,2025-12-24,6,23,2025-10-26
USR0142,Org-Epsilon-Team2,Org-Epsilon,2025-12-25,7,17,2025-10-26
USR0142,Org-Epsilon-Team2,Org-Epsilon,2025-12-26,2,35,2025-10-26
USR0142,Org-Epsilon-Team2,Org-Epsilon,2025-12-30,1,16,2025-10-26
USR0142,Org-Epsilon-Team2,Org-Epsilon,2026-01-02,3,8,2025-10-26
USR0142,Org-Epsilon-Team2,Org-Epsilon,2026-01-03,8,32,2025-10-26
USR0142,Org-Epsilon-Team2,Org-Epsilon,2026-01-04,6,18,2025-10-26
USR0142,Org-Epsilon-Team2,Org-Epsilon,2026-01-06,3,13,2025-10-26
USR0142,Org-Epsilon-Team2,Org-Epsilon,2026-01-08,1,25,2025-10-26
USR0142,Org-Epsilon-Team2,Org-Epsilon,2026-01-09,8,39,2025-10-26
USR0142,Org-Epsilon-Team2,Org-Epsilon,2026-01-12,2,9,2025-10-26
USR0142,Org-Epsilon-Team2,Org-Epsilon,2026-01-13,5,37,2025-10-26
USR0142,Org-Epsilon-Team2,Org-Epsilon,2026-01-18,1,17,2025-10-26
USR0142,Org-Epsilon-Team2,Org-Epsilon,2026-01-19,7,12,2025-10-26
USR0142,Org-Epsilon-Team2,Org-Epsilon,2026-01-20,7,37,2025-10-26
USR0142,Org-Epsilon-Team2,Org-Epsilon,2026-01-22,7,26,2025-10-26
USR0142,Org-Epsilon-Team2,Org-Epsilon,2026-01-23,8,37,2025-10-26
USR0142,Org-Epsilon-Team2,Org-Epsilon,2026-01-24,3,13,2025-10-26
USR0142,Org-Epsilon-Team2,Org-Epsilon,2026-01-26,3,38,2025-10-26
USR0142,Org-Epsilon-Team2,Org-Epsilon,2026-01-30,4,21,2025-10-26
USR0142,Org-Epsilon-Team2,Org-Epsilon,2026-02-03,8,32,2025-10-26
USR0142,Org-Epsilon-Team2,Org-Epsilon,2026-02-04,3,24,2025-10-26
USR0142,Org-Epsilon-Team2,Org-Epsilon,2026-02-06,5,8,2025-10-26
USR0142,Org-Epsilon-Team2,Org-Epsilon,2026-02-07,3,4,2025-10-26
USR0142,Org-Epsilon-Team2,Org-Epsilon,2026-02-08,5,39,2025-10-26
USR0142,Org-Epsilon-Team2,Org-Epsilon,2026-02-10,4,39,2025-10-26
USR0142,Org-Epsilon-Team2,Org-Epsilon,2026-02-11,4,39,2025-10-26
USR0142,Org-Epsilon-Team2,Org-Epsilon,2026-02-12,3,26,2025-10-26
USR0142,Org-Epsilon-Team2,Org-Epsilon,2026-02-13,1,5,2025-10-26
USR0142,Org-Epsilon-Team2,Org-Epsilon,2026-02-14,1,30,2025-10-26
USR0142,Org-Epsilon-Team2,Org-Epsilon,2026-02-16,2,20,2025-10-26
USR0142,Org-Epsilon-Team2,Org-Epsilon,2026-02-22,4,20,2025-10-26
USR0142,Org-Epsilon-Team2,Org-Epsilon,2026-02-23,4,34,2025-10-26
USR0142,Org-Epsilon-Team2,Org-Epsilon,2026-02-25,3,35,2025-10-26
USR0142,Org-Epsilon-Team2,Org-Epsilon,2026-02-26,1,38,2025-10-26
USR0142,Org-Epsilon-Team2,Org-Epsilon,2026-02-28,6,25,2025-10-26
USR0142,Org-Epsilon-Team2,Org-Epsilon,2026-03-01,3,19,2025-10-26
USR0142,Org-Epsilon-Team2,Org-Epsilon,2026-03-03,3,4,2025-10-26
USR0142,Org-Epsilon-Team2,Org-Epsilon,2026-03-04,4,22,2025-10-26
USR0142,Org-Epsilon-Team2,Org-Epsilon,2026-03-06,8,28,2025-10-26
USR0142,Org-Epsilon-Team2,Org-Epsilon,2026-03-07,2,40,2025-10-26
USR0142,Org-Epsilon-Team2,Org-Epsilon,2026-03-09,7,9,2025-10-26
USR0142,Org-Epsilon-Team2,Org-Epsilon,2026-03-11,1,24,2025-10-26
USR0142,Org-Epsilon-Team2,Org-Epsilon,2026-03-12,3,1,2025-10-26
USR0142,Org-Epsilon-Team2,Org-Epsilon,2026-03-13,6,16,2025-10-26
USR0142,Org-Epsilon-Team2,Org-Epsilon,2026-03-15,7,27,2025-10-26
USR0142,Org-Epsilon-Team2,Org-Epsilon,2026-03-16,7,37,2025-10-26
USR0142,Org-Epsilon-Team2,Org-Epsilon,2026-03-17,8,10,2025-10-26
USR0142,Org-Epsilon-Team2,Org-Epsilon,2026-03-22,1,20,2025-10-26
USR0142,Org-Epsilon-Team2,Org-Epsilon,2026-03-23,5,32,2025-10-26
USR0142,Org-Epsilon-Team2,Org-Epsilon,2026-03-24,3,21,2025-10-26
USR0142,Org-Epsilon-Team2,Org-Epsilon,2026-03-25,2,13,2025-10-26
USR0142,Org-Epsilon-Team2,Org-Epsilon,2026-03-26,6,26,2025-10-26
USR0142,Org-Epsilon-Team2,Org-Epsilon,2026-03-27,1,32,2025-10-26
USR0142,Org-Epsilon-Team2,Org-Epsilon,2026-03-28,4,11,2025-10-26
USR0142,Org-Epsilon-Team2,Org-Epsilon,2026-03-29,6,4,2025-10-26
USR0142,Org-Epsilon-Team2,Org-Epsilon,2026-03-30,2,37,2025-10-26
USR0143,Org-Beta-Team1,Org-Beta,2025-10-06,6,40,2025-10-06
USR0143,Org-Beta-Team1,Org-Beta,2025-10-08,2,38,2025-10-06
USR0143,Org-Beta-Team1,Org-Beta,2025-10-09,8,13,2025-10-06
USR0143,Org-Beta-Team1,Org-Beta,2025-10-10,1,13,2025-10-06
USR0143,Org-Beta-Team1,Org-Beta,2025-10-11,3,19,2025-10-06
USR0143,Org-Beta-Team1,Org-Beta,2025-10-13,8,19,2025-10-06
USR0143,Org-Beta-Team1,Org-Beta,2025-10-14,1,18,2025-10-06
USR0143,Org-Beta-Team1,Org-Beta,2025-10-15,1,29,2025-10-06
USR0143,Org-Beta-Team1,Org-Beta,2025-10-17,3,15,2025-10-06
USR0143,Org-Beta-Team1,Org-Beta,2025-10-18,2,1,2025-10-06
USR0143,Org-Beta-Team1,Org-Beta,2025-10-20,6,5,2025-10-06
USR0143,Org-Beta-Team1,Org-Beta,2025-10-29,4,11,2025-10-06
USR0143,Org-Beta-Team1,Org-Beta,2025-10-31,2,18,2025-10-06
USR0143,Org-Beta-Team1,Org-Beta,2025-11-01,4,17,2025-10-06
USR0143,Org-Beta-Team1,Org-Beta,2025-11-02,2,36,2025-10-06
USR0143,Org-Beta-Team1,Org-Beta,2025-11-04,6,23,2025-10-06
USR0143,Org-Beta-Team1,Org-Beta,2025-11-05,2,7,2025-10-06
USR0143,Org-Beta-Team1,Org-Beta,2025-11-06,8,17,2025-10-06
USR0143,Org-Beta-Team1,Org-Beta,2025-11-07,7,24,2025-10-06
USR0143,Org-Beta-Team1,Org-Beta,2025-11-08,2,26,2025-10-06
USR0143,Org-Beta-Team1,Org-Beta,2025-11-09,8,31,2025-10-06
USR0143,Org-Beta-Team1,Org-Beta,2025-11-10,5,1,2025-10-06
USR0143,Org-Beta-Team1,Org-Beta,2025-11-11,1,20,2025-10-06
USR0143,Org-Beta-Team1,Org-Beta,2025-11-12,5,8,2025-10-06
USR0143,Org-Beta-Team1,Org-Beta,2025-11-13,1,16,2025-10-06
USR0143,Org-Beta-Team1,Org-Beta,2025-11-16,3,6,2025-10-06
USR0143,Org-Beta-Team1,Org-Beta,2025-11-18,4,38,2025-10-06
USR0143,Org-Beta-Team1,Org-Beta,2025-11-19,3,3,2025-10-06
USR0143,Org-Beta-Team1,Org-Beta,2025-11-20,6,35,2025-10-06
USR0143,Org-Beta-Team1,Org-Beta,2025-11-21,5,2,2025-10-06
USR0143,Org-Beta-Team1,Org-Beta,2025-11-23,1,10,2025-10-06
USR0143,Org-Beta-Team1,Org-Beta,2025-11-24,3,39,2025-10-06
USR0143,Org-Beta-Team1,Org-Beta,2025-11-26,7,19,2025-10-06
USR0143,Org-Beta-Team1,Org-Beta,2025-11-29,4,16,2025-10-06
USR0143,Org-Beta-Team1,Org-Beta,2025-11-30,7,9,2025-10-06
USR0143,Org-Beta-Team1,Org-Beta,2025-12-01,4,39,2025-10-06
USR0143,Org-Beta-Team1,Org-Beta,2025-12-03,1,33,2025-10-06
USR0143,Org-Beta-Team1,Org-Beta,2025-12-08,8,3,2025-10-06
USR0143,Org-Beta-Team1,Org-Beta,2025-12-09,1,8,2025-10-06
USR0143,Org-Beta-Team1,Org-Beta,2025-12-10,2,35,2025-10-06
USR0143,Org-Beta-Team1,Org-Beta,2025-12-16,4,10,2025-10-06
USR0143,Org-Beta-Team1,Org-Beta,2025-12-18,2,22,2025-10-06
USR0143,Org-Beta-Team1,Org-Beta,2025-12-19,6,36,2025-10-06
USR0143,Org-Beta-Team1,Org-Beta,2025-12-20,3,26,2025-10-06
USR0143,Org-Beta-Team1,Org-Beta,2025-12-21,2,8,2025-10-06
USR0143,Org-Beta-Team1,Org-Beta,2025-12-22,7,3,2025-10-06
USR0143,Org-Beta-Team1,Org-Beta,2025-12-23,8,11,2025-10-06
USR0143,Org-Beta-Team1,Org-Beta,2025-12-24,6,15,2025-10-06
USR0143,Org-Beta-Team1,Org-Beta,2025-12-26,1,31,2025-10-06
USR0143,Org-Beta-Team1,Org-Beta,2025-12-27,5,24,2025-10-06
USR0143,Org-Beta-Team1,Org-Beta,2025-12-29,1,35,2025-10-06
USR0143,Org-Beta-Team1,Org-Beta,2026-01-01,4,6,2025-10-06
USR0143,Org-Beta-Team1,Org-Beta,2026-01-02,2,19,2025-10-06
USR0143,Org-Beta-Team1,Org-Beta,2026-01-03,2,40,2025-10-06
USR0143,Org-Beta-Team1,Org-Beta,2026-01-04,4,37,2025-10-06
USR0143,Org-Beta-Team1,Org-Beta,2026-01-05,8,25,2025-10-06
USR0143,Org-Beta-Team1,Org-Beta,2026-01-07,7,12,2025-10-06
USR0143,Org-Beta-Team1,Org-Beta,2026-01-08,7,1,2025-10-06
USR0143,Org-Beta-Team1,Org-Beta,2026-01-09,1,9,2025-10-06
USR0143,Org-Beta-Team1,Org-Beta,2026-01-11,5,2,2025-10-06
USR0143,Org-Beta-Team1,Org-Beta,2026-01-12,8,36,2025-10-06
USR0143,Org-Beta-Team1,Org-Beta,2026-01-14,7,34,2025-10-06
USR0143,Org-Beta-Team1,Org-Beta,2026-01-15,6,4,2025-10-06
USR0143,Org-Beta-Team1,Org-Beta,2026-01-16,1,26,2025-10-06
USR0143,Org-Beta-Team1,Org-Beta,2026-01-17,7,1,2025-10-06
USR0143,Org-Beta-Team1,Org-Beta,2026-01-18,3,34,2025-10-06
USR0143,Org-Beta-Team1,Org-Beta,2026-01-20,7,18,2025-10-06
USR0143,Org-Beta-Team1,Org-Beta,2026-01-23,1,14,2025-10-06
USR0143,Org-Beta-Team1,Org-Beta,2026-01-24,2,11,2025-10-06
USR0143,Org-Beta-Team1,Org-Beta,2026-01-25,4,2,2025-10-06
USR0143,Org-Beta-Team1,Org-Beta,2026-01-26,3,2,2025-10-06
USR0143,Org-Beta-Team1,Org-Beta,2026-01-28,4,30,2025-10-06
USR0143,Org-Beta-Team1,Org-Beta,2026-01-30,6,15,2025-10-06
USR0143,Org-Beta-Team1,Org-Beta,2026-02-01,3,26,2025-10-06
USR0143,Org-Beta-Team1,Org-Beta,2026-02-02,7,3,2025-10-06
USR0143,Org-Beta-Team1,Org-Beta,2026-02-03,8,23,2025-10-06
USR0143,Org-Beta-Team1,Org-Beta,2026-02-08,5,38,2025-10-06
USR0143,Org-Beta-Team1,Org-Beta,2026-02-10,5,36,2025-10-06
USR0143,Org-Beta-Team1,Org-Beta,2026-02-12,5,22,2025-10-06
USR0143,Org-Beta-Team1,Org-Beta,2026-02-13,2,8,2025-10-06
USR0143,Org-Beta-Team1,Org-Beta,2026-02-14,2,36,2025-10-06
USR0143,Org-Beta-Team1,Org-Beta,2026-02-15,6,23,2025-10-06
USR0143,Org-Beta-Team1,Org-Beta,2026-02-16,5,19,2025-10-06
USR0143,Org-Beta-Team1,Org-Beta,2026-02-18,7,11,2025-10-06
USR0143,Org-Beta-Team1,Org-Beta,2026-02-20,6,10,2025-10-06
USR0143,Org-Beta-Team1,Org-Beta,2026-02-21,8,4,2025-10-06
USR0143,Org-Beta-Team1,Org-Beta,2026-02-22,7,25,2025-10-06
USR0143,Org-Beta-Team1,Org-Beta,2026-02-23,7,7,2025-10-06
USR0143,Org-Beta-Team1,Org-Beta,2026-02-26,7,2,2025-10-06
USR0143,Org-Beta-Team1,Org-Beta,2026-02-27,5,29,2025-10-06
USR0143,Org-Beta-Team1,Org-Beta,2026-03-01,7,26,2025-10-06
USR0143,Org-Beta-Team1,Org-Beta,2026-03-02,4,23,2025-10-06
USR0143,Org-Beta-Team1,Org-Beta,2026-03-04,6,2,2025-10-06
USR0143,Org-Beta-Team1,Org-Beta,2026-03-05,4,1,2025-10-06
USR0143,Org-Beta-Team1,Org-Beta,2026-03-06,4,6,2025-10-06
USR0143,Org-Beta-Team1,Org-Beta,2026-03-07,2,21,2025-10-06
USR0143,Org-Beta-Team1,Org-Beta,2026-03-08,6,34,2025-10-06
USR0143,Org-Beta-Team1,Org-Beta,2026-03-09,1,24,2025-10-06
USR0143,Org-Beta-Team1,Org-Beta,2026-03-10,5,20,2025-10-06
USR0143,Org-Beta-Team1,Org-Beta,2026-03-11,4,38,2025-10-06
USR0143,Org-Beta-Team1,Org-Beta,2026-03-12,8,37,2025-10-06
USR0143,Org-Beta-Team1,Org-Beta,2026-03-13,7,17,2025-10-06
USR0143,Org-Beta-Team1,Org-Beta,2026-03-15,2,21,2025-10-06
USR0143,Org-Beta-Team1,Org-Beta,2026-03-18,1,21,2025-10-06
USR0143,Org-Beta-Team1,Org-Beta,2026-03-20,2,34,2025-10-06
USR0143,Org-Beta-Team1,Org-Beta,2026-03-22,7,20,2025-10-06
USR0143,Org-Beta-Team1,Org-Beta,2026-03-24,4,28,2025-10-06
USR0143,Org-Beta-Team1,Org-Beta,2026-03-25,2,36,2025-10-06
USR0143,Org-Beta-Team1,Org-Beta,2026-03-26,6,39,2025-10-06
USR0143,Org-Beta-Team1,Org-Beta,2026-03-27,8,26,2025-10-06
USR0143,Org-Beta-Team1,Org-Beta,2026-03-28,1,24,2025-10-06
USR0143,Org-Beta-Team1,Org-Beta,2026-03-30,3,16,2025-10-06
USR0144,Org-Gamma-Team3,Org-Gamma,2025-10-24,5,16,2025-10-23
USR0144,Org-Gamma-Team3,Org-Gamma,2025-10-27,3,11,2025-10-23
USR0145,Org-Gamma-Team4,Org-Gamma,2025-10-01,4,13,2025-10-01
USR0145,Org-Gamma-Team4,Org-Gamma,2025-10-03,8,14,2025-10-01
USR0145,Org-Gamma-Team4,Org-Gamma,2025-10-05,7,19,2025-10-01
USR0146,Org-Gamma-Team4,Org-Gamma,2025-10-09,3,21,2025-10-09
USR0146,Org-Gamma-Team4,Org-Gamma,2025-10-10,3,26,2025-10-09
USR0146,Org-Gamma-Team4,Org-Gamma,2025-10-13,3,17,2025-10-09
USR0146,Org-Gamma-Team4,Org-Gamma,2025-10-14,8,16,2025-10-09
USR0147,Org-Epsilon-Team3,Org-Epsilon,2025-10-08,3,3,2025-10-08
USR0147,Org-Epsilon-Team3,Org-Epsilon,2025-10-09,3,2,2025-10-08
USR0147,Org-Epsilon-Team3,Org-Epsilon,2025-10-10,5,1,2025-10-08
USR0147,Org-Epsilon-Team3,Org-Epsilon,2025-10-11,4,15,2025-10-08
USR0147,Org-Epsilon-Team3,Org-Epsilon,2025-10-13,5,19,2025-10-08
USR0147,Org-Epsilon-Team3,Org-Epsilon,2025-10-14,5,32,2025-10-08
USR0148,Org-Epsilon-Team1,Org-Epsilon,2025-10-21,8,22,2025-10-20
USR0149,Org-Epsilon-Team4,Org-Epsilon,2025-10-28,6,9,2025-10-28
USR0149,Org-Epsilon-Team4,Org-Epsilon,2025-10-30,8,21,2025-10-28
USR0149,Org-Epsilon-Team4,Org-Epsilon,2025-10-31,2,13,2025-10-28
USR0149,Org-Epsilon-Team4,Org-Epsilon,2025-11-01,4,8,2025-10-28
USR0149,Org-Epsilon-Team4,Org-Epsilon,2025-11-02,7,19,2025-10-28
USR0149,Org-Epsilon-Team4,Org-Epsilon,2025-11-04,3,12,2025-10-28
USR0150,Org-Gamma-Team4,Org-Gamma,2025-10-26,3,32,2025-10-25
USR0150,Org-Gamma-Team4,Org-Gamma,2025-10-27,8,14,2025-10-25
USR0150,Org-Gamma-Team4,Org-Gamma,2025-10-28,2,27,2025-10-25
USR0150,Org-Gamma-Team4,Org-Gamma,2025-10-30,1,26,2025-10-25
USR0150,Org-Gamma-Team4,Org-Gamma,2025-10-31,5,31,2025-10-25
USR0151,Org-Beta-Team4,Org-Beta,2025-10-01,4,36,2025-10-01
USR0151,Org-Beta-Team4,Org-Beta,2025-10-02,4,25,2025-10-01
USR0151,Org-Beta-Team4,Org-Beta,2025-10-04,6,11,2025-10-01
USR0151,Org-Beta-Team4,Org-Beta,2025-10-07,5,6,2025-10-01
USR0151,Org-Beta-Team4,Org-Beta,2025-10-09,8,20,2025-10-01
USR0151,Org-Beta-Team4,Org-Beta,2025-10-11,8,18,2025-10-01
USR0151,Org-Beta-Team4,Org-Beta,2025-10-12,7,31,2025-10-01
USR0151,Org-Beta-Team4,Org-Beta,2025-10-14,3,28,2025-10-01
USR0151,Org-Beta-Team4,Org-Beta,2025-10-15,3,24,2025-10-01
USR0151,Org-Beta-Team4,Org-Beta,2025-10-16,1,28,2025-10-01
USR0151,Org-Beta-Team4,Org-Beta,2025-10-18,1,16,2025-10-01
USR0151,Org-Beta-Team4,Org-Beta,2025-10-20,6,26,2025-10-01
USR0151,Org-Beta-Team4,Org-Beta,2025-10-25,8,18,2025-10-01
USR0151,Org-Beta-Team4,Org-Beta,2025-10-26,8,38,2025-10-01
USR0151,Org-Beta-Team4,Org-Beta,2025-10-27,4,38,2025-10-01
USR0151,Org-Beta-Team4,Org-Beta,2025-10-29,8,37,2025-10-01
USR0151,Org-Beta-Team4,Org-Beta,2025-11-02,2,17,2025-10-01
USR0151,Org-Beta-Team4,Org-Beta,2025-11-03,7,3,2025-10-01
USR0151,Org-Beta-Team4,Org-Beta,2025-11-04,6,21,2025-10-01
USR0151,Org-Beta-Team4,Org-Beta,2025-11-05,5,39,2025-10-01
USR0151,Org-Beta-Team4,Org-Beta,2025-11-08,7,28,2025-10-01
USR0151,Org-Beta-Team4,Org-Beta,2025-11-09,3,9,2025-10-01
USR0151,Org-Beta-Team4,Org-Beta,2025-11-12,7,7,2025-10-01
USR0151,Org-Beta-Team4,Org-Beta,2025-11-13,3,36,2025-10-01
USR0151,Org-Beta-Team4,Org-Beta,2025-11-14,2,7,2025-10-01
USR0151,Org-Beta-Team4,Org-Beta,2025-11-15,5,36,2025-10-01
USR0151,Org-Beta-Team4,Org-Beta,2025-11-17,1,1,2025-10-01
USR0151,Org-Beta-Team4,Org-Beta,2025-11-19,8,28,2025-10-01
USR0151,Org-Beta-Team4,Org-Beta,2025-11-23,4,38,2025-10-01
USR0151,Org-Beta-Team4,Org-Beta,2025-11-26,8,20,2025-10-01
USR0151,Org-Beta-Team4,Org-Beta,2025-11-27,3,22,2025-10-01
USR0151,Org-Beta-Team4,Org-Beta,2025-11-28,8,33,2025-10-01
USR0151,Org-Beta-Team4,Org-Beta,2025-11-30,3,9,2025-10-01
USR0151,Org-Beta-Team4,Org-Beta,2025-12-01,8,4,2025-10-01
USR0151,Org-Beta-Team4,Org-Beta,2025-12-02,5,5,2025-10-01
USR0151,Org-Beta-Team4,Org-Beta,2025-12-03,1,25,2025-10-01
USR0151,Org-Beta-Team4,Org-Beta,2025-12-06,5,37,2025-10-01
USR0151,Org-Beta-Team4,Org-Beta,2025-12-08,8,37,2025-10-01
USR0151,Org-Beta-Team4,Org-Beta,2025-12-09,5,26,2025-10-01
USR0151,Org-Beta-Team4,Org-Beta,2025-12-10,6,33,2025-10-01
USR0151,Org-Beta-Team4,Org-Beta,2025-12-11,8,40,2025-10-01
USR0151,Org-Beta-Team4,Org-Beta,2025-12-12,7,13,2025-10-01
USR0151,Org-Beta-Team4,Org-Beta,2025-12-14,1,40,2025-10-01
USR0151,Org-Beta-Team4,Org-Beta,2025-12-16,4,26,2025-10-01
USR0151,Org-Beta-Team4,Org-Beta,2025-12-18,1,37,2025-10-01
USR0151,Org-Beta-Team4,Org-Beta,2025-12-20,7,26,2025-10-01
USR0151,Org-Beta-Team4,Org-Beta,2025-12-21,2,27,2025-10-01
USR0151,Org-Beta-Team4,Org-Beta,2025-12-22,6,29,2025-10-01
USR0151,Org-Beta-Team4,Org-Beta,2025-12-24,5,22,2025-10-01
USR0151,Org-Beta-Team4,Org-Beta,2025-12-25,7,21,2025-10-01
USR0151,Org-Beta-Team4,Org-Beta,2025-12-26,6,32,2025-10-01
USR0151,Org-Beta-Team4,Org-Beta,2025-12-27,3,17,2025-10-01
USR0151,Org-Beta-Team4,Org-Beta,2025-12-28,5,1,2025-10-01
USR0151,Org-Beta-Team4,Org-Beta,2025-12-29,7,34,2025-10-01
USR0151,Org-Beta-Team4,Org-Beta,2025-12-30,7,34,2025-10-01
USR0151,Org-Beta-Team4,Org-Beta,2026-01-01,1,23,2025-10-01
USR0151,Org-Beta-Team4,Org-Beta,2026-01-02,7,23,2025-10-01
USR0151,Org-Beta-Team4,Org-Beta,2026-01-03,2,10,2025-10-01
USR0151,Org-Beta-Team4,Org-Beta,2026-01-04,5,20,2025-10-01
USR0151,Org-Beta-Team4,Org-Beta,2026-01-05,8,19,2025-10-01
USR0151,Org-Beta-Team4,Org-Beta,2026-01-06,4,13,2025-10-01
USR0151,Org-Beta-Team4,Org-Beta,2026-01-07,7,2,2025-10-01
USR0151,Org-Beta-Team4,Org-Beta,2026-01-08,4,21,2025-10-01
USR0151,Org-Beta-Team4,Org-Beta,2026-01-12,4,27,2025-10-01
USR0151,Org-Beta-Team4,Org-Beta,2026-01-13,5,18,2025-10-01
USR0151,Org-Beta-Team4,Org-Beta,2026-01-14,4,33,2025-10-01
USR0151,Org-Beta-Team4,Org-Beta,2026-01-16,1,22,2025-10-01
USR0151,Org-Beta-Team4,Org-Beta,2026-01-18,4,2,2025-10-01
USR0151,Org-Beta-Team4,Org-Beta,2026-01-21,2,14,2025-10-01
USR0151,Org-Beta-Team4,Org-Beta,2026-01-22,1,38,2025-10-01
USR0151,Org-Beta-Team4,Org-Beta,2026-01-26,8,37,2025-10-01
USR0151,Org-Beta-Team4,Org-Beta,2026-01-28,5,22,2025-10-01
USR0151,Org-Beta-Team4,Org-Beta,2026-01-30,2,14,2025-10-01
USR0151,Org-Beta-Team4,Org-Beta,2026-01-31,5,34,2025-10-01
USR0151,Org-Beta-Team4,Org-Beta,2026-02-01,6,3,2025-10-01
USR0151,Org-Beta-Team4,Org-Beta,2026-02-02,6,25,2025-10-01
USR0151,Org-Beta-Team4,Org-Beta,2026-02-04,1,37,2025-10-01
USR0151,Org-Beta-Team4,Org-Beta,2026-02-05,4,37,2025-10-01
USR0151,Org-Beta-Team4,Org-Beta,2026-02-06,1,22,2025-10-01
USR0151,Org-Beta-Team4,Org-Beta,2026-02-07,1,9,2025-10-01
USR0151,Org-Beta-Team4,Org-Beta,2026-02-09,3,40,2025-10-01
USR0151,Org-Beta-Team4,Org-Beta,2026-02-10,3,3,2025-10-01
USR0151,Org-Beta-Team4,Org-Beta,2026-02-13,3,22,2025-10-01
USR0151,Org-Beta-Team4,Org-Beta,2026-02-14,1,30,2025-10-01
USR0151,Org-Beta-Team4,Org-Beta,2026-02-15,5,10,2025-10-01
USR0151,Org-Beta-Team4,Org-Beta,2026-02-16,2,37,2025-10-01
USR0151,Org-Beta-Team4,Org-Beta,2026-02-19,7,30,2025-10-01
USR0151,Org-Beta-Team4,Org-Beta,2026-02-20,6,8,2025-10-01
USR0151,Org-Beta-Team4,Org-Beta,2026-02-22,7,18,2025-10-01
USR0151,Org-Beta-Team4,Org-Beta,2026-02-26,3,39,2025-10-01
USR0151,Org-Beta-Team4,Org-Beta,2026-02-27,7,33,2025-10-01
USR0151,Org-Beta-Team4,Org-Beta,2026-03-01,7,11,2025-10-01
USR0151,Org-Beta-Team4,Org-Beta,2026-03-02,4,11,2025-10-01
USR0151,Org-Beta-Team4,Org-Beta,2026-03-04,6,36,2025-10-01
USR0151,Org-Beta-Team4,Org-Beta,2026-03-05,5,11,2025-10-01
USR0151,Org-Beta-Team4,Org-Beta,2026-03-06,8,19,2025-10-01
USR0151,Org-Beta-Team4,Org-Beta,2026-03-08,8,13,2025-10-01
USR0151,Org-Beta-Team4,Org-Beta,2026-03-10,3,38,2025-10-01
USR0151,Org-Beta-Team4,Org-Beta,2026-03-11,2,24,2025-10-01
USR0151,Org-Beta-Team4,Org-Beta,2026-03-12,2,30,2025-10-01
USR0151,Org-Beta-Team4,Org-Beta,2026-03-13,3,19,2025-10-01
USR0151,Org-Beta-Team4,Org-Beta,2026-03-18,7,40,2025-10-01
USR0151,Org-Beta-Team4,Org-Beta,2026-03-19,1,27,2025-10-01
USR0151,Org-Beta-Team4,Org-Beta,2026-03-21,8,10,2025-10-01
USR0151,Org-Beta-Team4,Org-Beta,2026-03-22,8,8,2025-10-01
USR0151,Org-Beta-Team4,Org-Beta,2026-03-23,1,10,2025-10-01
USR0151,Org-Beta-Team4,Org-Beta,2026-03-25,1,3,2025-10-01
USR0151,Org-Beta-Team4,Org-Beta,2026-03-29,5,35,2025-10-01
USR0151,Org-Beta-Team4,Org-Beta,2026-03-31,5,30,2025-10-01
USR0152,Org-Gamma-Team1,Org-Gamma,2025-10-15,8,27,2025-10-15
USR0152,Org-Gamma-Team1,Org-Gamma,2025-10-16,6,13,2025-10-15
USR0152,Org-Gamma-Team1,Org-Gamma,2025-10-17,2,35,2025-10-15
USR0152,Org-Gamma-Team1,Org-Gamma,2025-10-18,1,29,2025-10-15
USR0152,Org-Gamma-Team1,Org-Gamma,2025-10-20,2,23,2025-10-15
USR0152,Org-Gamma-Team1,Org-Gamma,2025-10-21,6,32,2025-10-15
USR0153,Org-Beta-Team3,Org-Beta,2025-10-20,7,11,2025-10-20
USR0153,Org-Beta-Team3,Org-Beta,2025-10-21,4,33,2025-10-20
USR0153,Org-Beta-Team3,Org-Beta,2025-10-22,8,27,2025-10-20
USR0153,Org-Beta-Team3,Org-Beta,2025-10-23,1,10,2025-10-20
USR0154,Org-Epsilon-Team3,Org-Epsilon,2025-10-13,2,12,2025-10-13
USR0154,Org-Epsilon-Team3,Org-Epsilon,2025-10-14,1,22,2025-10-13
USR0155,Org-Delta-Team1,Org-Delta,2025-10-18,3,37,2025-10-18
USR0155,Org-Delta-Team1,Org-Delta,2025-10-20,7,7,2025-10-18
USR0155,Org-Delta-Team1,Org-Delta,2025-10-21,3,2,2025-10-18
USR0155,Org-Delta-Team1,Org-Delta,2025-10-23,7,25,2025-10-18
USR0155,Org-Delta-Team1,Org-Delta,2025-10-26,2,4,2025-10-18
USR0155,Org-Delta-Team1,Org-Delta,2025-10-27,3,15,2025-10-18
USR0155,Org-Delta-Team1,Org-Delta,2025-10-28,3,38,2025-10-18
USR0155,Org-Delta-Team1,Org-Delta,2025-10-29,7,36,2025-10-18
USR0155,Org-Delta-Team1,Org-Delta,2025-10-31,5,33,2025-10-18
USR0155,Org-Delta-Team1,Org-Delta,2025-11-05,1,16,2025-10-18
USR0155,Org-Delta-Team1,Org-Delta,2025-11-07,8,21,2025-10-18
USR0155,Org-Delta-Team1,Org-Delta,2025-11-08,7,34,2025-10-18
USR0155,Org-Delta-Team1,Org-Delta,2025-11-12,6,29,2025-10-18
USR0155,Org-Delta-Team1,Org-Delta,2025-11-13,8,29,2025-10-18
USR0155,Org-Delta-Team1,Org-Delta,2025-11-14,2,11,2025-10-18
USR0155,Org-Delta-Team1,Org-Delta,2025-11-18,6,22,2025-10-18
USR0155,Org-Delta-Team1,Org-Delta,2025-11-22,1,23,2025-10-18
USR0155,Org-Delta-Team1,Org-Delta,2025-11-23,2,34,2025-10-18
USR0155,Org-Delta-Team1,Org-Delta,2025-11-24,4,34,2025-10-18
USR0155,Org-Delta-Team1,Org-Delta,2025-11-25,5,17,2025-10-18
USR0155,Org-Delta-Team1,Org-Delta,2025-11-26,6,33,2025-10-18
USR0155,Org-Delta-Team1,Org-Delta,2025-11-27,2,5,2025-10-18
USR0155,Org-Delta-Team1,Org-Delta,2025-11-28,5,31,2025-10-18
USR0155,Org-Delta-Team1,Org-Delta,2025-12-07,8,8,2025-10-18
USR0155,Org-Delta-Team1,Org-Delta,2025-12-08,7,35,2025-10-18
USR0155,Org-Delta-Team1,Org-Delta,2025-12-11,8,29,2025-10-18
USR0155,Org-Delta-Team1,Org-Delta,2025-12-13,3,15,2025-10-18
USR0155,Org-Delta-Team1,Org-Delta,2025-12-15,5,23,2025-10-18
USR0155,Org-Delta-Team1,Org-Delta,2025-12-16,5,17,2025-10-18
USR0155,Org-Delta-Team1,Org-Delta,2025-12-17,8,37,2025-10-18
USR0155,Org-Delta-Team1,Org-Delta,2025-12-19,4,28,2025-10-18
USR0155,Org-Delta-Team1,Org-Delta,2025-12-21,5,2,2025-10-18
USR0155,Org-Delta-Team1,Org-Delta,2025-12-22,4,9,2025-10-18
USR0155,Org-Delta-Team1,Org-Delta,2025-12-24,8,33,2025-10-18
USR0155,Org-Delta-Team1,Org-Delta,2025-12-27,8,24,2025-10-18
USR0155,Org-Delta-Team1,Org-Delta,2025-12-28,3,39,2025-10-18
USR0155,Org-Delta-Team1,Org-Delta,2026-01-01,7,36,2025-10-18
USR0155,Org-Delta-Team1,Org-Delta,2026-01-03,1,9,2025-10-18
USR0155,Org-Delta-Team1,Org-Delta,2026-01-04,2,22,2025-10-18
USR0155,Org-Delta-Team1,Org-Delta,2026-01-05,5,11,2025-10-18
USR0155,Org-Delta-Team1,Org-Delta,2026-01-07,3,20,2025-10-18
USR0155,Org-Delta-Team1,Org-Delta,2026-01-08,6,5,2025-10-18
USR0155,Org-Delta-Team1,Org-Delta,2026-01-09,5,35,2025-10-18
USR0155,Org-Delta-Team1,Org-Delta,2026-01-10,7,25,2025-10-18
USR0155,Org-Delta-Team1,Org-Delta,2026-01-11,8,14,2025-10-18
USR0155,Org-Delta-Team1,Org-Delta,2026-01-12,7,31,2025-10-18
USR0155,Org-Delta-Team1,Org-Delta,2026-01-14,2,23,2025-10-18
USR0155,Org-Delta-Team1,Org-Delta,2026-01-16,5,6,2025-10-18
USR0155,Org-Delta-Team1,Org-Delta,2026-01-18,2,28,2025-10-18
USR0155,Org-Delta-Team1,Org-Delta,2026-01-19,1,22,2025-10-18
USR0155,Org-Delta-Team1,Org-Delta,2026-01-20,3,11,2025-10-18
USR0155,Org-Delta-Team1,Org-Delta,2026-01-21,2,26,2025-10-18
USR0155,Org-Delta-Team1,Org-Delta,2026-01-22,2,19,2025-10-18
USR0155,Org-Delta-Team1,Org-Delta,2026-01-24,5,18,2025-10-18
USR0155,Org-Delta-Team1,Org-Delta,2026-01-26,1,38,2025-10-18
USR0155,Org-Delta-Team1,Org-Delta,2026-01-27,4,32,2025-10-18
USR0155,Org-Delta-Team1,Org-Delta,2026-01-29,3,38,2025-10-18
USR0155,Org-Delta-Team1,Org-Delta,2026-02-01,5,16,2025-10-18
USR0155,Org-Delta-Team1,Org-Delta,2026-02-04,3,28,2025-10-18
USR0155,Org-Delta-Team1,Org-Delta,2026-02-09,7,12,2025-10-18
USR0155,Org-Delta-Team1,Org-Delta,2026-02-10,4,27,2025-10-18
USR0155,Org-Delta-Team1,Org-Delta,2026-02-11,8,8,2025-10-18
USR0155,Org-Delta-Team1,Org-Delta,2026-02-12,7,27,2025-10-18
USR0155,Org-Delta-Team1,Org-Delta,2026-02-13,2,1,2025-10-18
USR0155,Org-Delta-Team1,Org-Delta,2026-02-14,6,26,2025-10-18
USR0155,Org-Delta-Team1,Org-Delta,2026-02-16,1,9,2025-10-18
USR0155,Org-Delta-Team1,Org-Delta,2026-02-19,4,18,2025-10-18
USR0155,Org-Delta-Team1,Org-Delta,2026-02-21,2,14,2025-10-18
USR0155,Org-Delta-Team1,Org-Delta,2026-02-24,7,32,2025-10-18
USR0155,Org-Delta-Team1,Org-Delta,2026-02-25,1,7,2025-10-18
USR0155,Org-Delta-Team1,Org-Delta,2026-02-26,8,40,2025-10-18
USR0155,Org-Delta-Team1,Org-Delta,2026-02-27,3,20,2025-10-18
USR0155,Org-Delta-Team1,Org-Delta,2026-02-28,7,8,2025-10-18
USR0155,Org-Delta-Team1,Org-Delta,2026-03-01,1,40,2025-10-18
USR0155,Org-Delta-Team1,Org-Delta,2026-03-02,4,23,2025-10-18
USR0155,Org-Delta-Team1,Org-Delta,2026-03-03,5,26,2025-10-18
USR0155,Org-Delta-Team1,Org-Delta,2026-03-05,5,9,2025-10-18
USR0155,Org-Delta-Team1,Org-Delta,2026-03-07,1,8,2025-10-18
USR0155,Org-Delta-Team1,Org-Delta,2026-03-08,4,32,2025-10-18
USR0155,Org-Delta-Team1,Org-Delta,2026-03-10,2,37,2025-10-18
USR0155,Org-Delta-Team1,Org-Delta,2026-03-11,6,25,2025-10-18
USR0155,Org-Delta-Team1,Org-Delta,2026-03-14,3,12,2025-10-18
USR0155,Org-Delta-Team1,Org-Delta,2026-03-15,8,25,2025-10-18
USR0155,Org-Delta-Team1,Org-Delta,2026-03-17,2,20,2025-10-18
USR0155,Org-Delta-Team1,Org-Delta,2026-03-19,6,1,2025-10-18
USR0155,Org-Delta-Team1,Org-Delta,2026-03-22,2,14,2025-10-18
USR0155,Org-Delta-Team1,Org-Delta,2026-03-25,5,17,2025-10-18
USR0155,Org-Delta-Team1,Org-Delta,2026-03-27,3,12,2025-10-18
USR0155,Org-Delta-Team1,Org-Delta,2026-03-28,4,37,2025-10-18
USR0155,Org-Delta-Team1,Org-Delta,2026-03-29,8,16,2025-10-18
USR0155,Org-Delta-Team1,Org-Delta,2026-03-31,6,18,2025-10-18
USR0156,Org-Alpha-Team3,Org-Alpha,2025-10-13,8,19,2025-10-13
USR0156,Org-Alpha-Team3,Org-Alpha,2025-10-14,4,10,2025-10-13
USR0156,Org-Alpha-Team3,Org-Alpha,2025-10-15,2,17,2025-10-13
USR0156,Org-Alpha-Team3,Org-Alpha,2025-10-17,8,38,2025-10-13
USR0156,Org-Alpha-Team3,Org-Alpha,2025-10-19,3,1,2025-10-13
USR0157,Org-Alpha-Team4,Org-Alpha,2025-10-10,8,32,2025-10-10
USR0157,Org-Alpha-Team4,Org-Alpha,2025-10-12,4,4,2025-10-10
USR0158,Org-Beta-Team1,Org-Beta,2025-10-26,8,16,2025-10-26
USR0158,Org-Beta-Team1,Org-Beta,2025-10-27,4,38,2025-10-26
USR0159,Org-Epsilon-Team4,Org-Epsilon,2025-10-03,7,31,2025-10-03
USR0159,Org-Epsilon-Team4,Org-Epsilon,2025-10-04,3,7,2025-10-03
USR0160,Org-Alpha-Team4,Org-Alpha,2025-10-31,2,36,2025-10-31
USR0160,Org-Alpha-Team4,Org-Alpha,2025-11-01,1,40,2025-10-31
USR0160,Org-Alpha-Team4,Org-Alpha,2025-11-04,5,9,2025-10-31
USR0160,Org-Alpha-Team4,Org-Alpha,2025-11-05,8,4,2025-10-31
USR0160,Org-Alpha-Team4,Org-Alpha,2025-11-06,1,10,2025-10-31
USR0160,Org-Alpha-Team4,Org-Alpha,2025-11-10,2,24,2025-10-31
USR0160,Org-Alpha-Team4,Org-Alpha,2025-11-12,4,1,2025-10-31
USR0160,Org-Alpha-Team4,Org-Alpha,2025-11-13,1,12,2025-10-31
USR0160,Org-Alpha-Team4,Org-Alpha,2025-11-14,3,33,2025-10-31
USR0160,Org-Alpha-Team4,Org-Alpha,2025-11-15,6,22,2025-10-31
USR0160,Org-Alpha-Team4,Org-Alpha,2025-11-17,6,9,2025-10-31
USR0160,Org-Alpha-Team4,Org-Alpha,2025-11-18,2,7,2025-10-31
USR0160,Org-Alpha-Team4,Org-Alpha,2025-11-19,3,2,2025-10-31
USR0160,Org-Alpha-Team4,Org-Alpha,2025-11-20,8,3,2025-10-31
USR0160,Org-Alpha-Team4,Org-Alpha,2025-11-21,2,17,2025-10-31
USR0160,Org-Alpha-Team4,Org-Alpha,2025-11-22,3,2,2025-10-31
USR0160,Org-Alpha-Team4,Org-Alpha,2025-11-23,7,28,2025-10-31
USR0160,Org-Alpha-Team4,Org-Alpha,2025-11-25,3,9,2025-10-31
USR0160,Org-Alpha-Team4,Org-Alpha,2025-11-26,3,18,2025-10-31
USR0160,Org-Alpha-Team4,Org-Alpha,2025-11-27,6,15,2025-10-31
USR0160,Org-Alpha-Team4,Org-Alpha,2025-11-29,3,12,2025-10-31
USR0160,Org-Alpha-Team4,Org-Alpha,2025-11-30,7,9,2025-10-31
USR0160,Org-Alpha-Team4,Org-Alpha,2025-12-02,1,5,2025-10-31
USR0160,Org-Alpha-Team4,Org-Alpha,2025-12-03,4,17,2025-10-31
USR0160,Org-Alpha-Team4,Org-Alpha,2025-12-04,4,15,2025-10-31
USR0160,Org-Alpha-Team4,Org-Alpha,2025-12-05,4,15,2025-10-31
USR0160,Org-Alpha-Team4,Org-Alpha,2025-12-07,7,8,2025-10-31
USR0160,Org-Alpha-Team4,Org-Alpha,2025-12-09,5,22,2025-10-31
USR0160,Org-Alpha-Team4,Org-Alpha,2025-12-11,5,22,2025-10-31
USR0160,Org-Alpha-Team4,Org-Alpha,2025-12-12,5,12,2025-10-31
USR0160,Org-Alpha-Team4,Org-Alpha,2025-12-13,5,20,2025-10-31
USR0160,Org-Alpha-Team4,Org-Alpha,2025-12-15,1,12,2025-10-31
USR0160,Org-Alpha-Team4,Org-Alpha,2025-12-16,7,28,2025-10-31
USR0160,Org-Alpha-Team4,Org-Alpha,2025-12-17,3,4,2025-10-31
USR0160,Org-Alpha-Team4,Org-Alpha,2025-12-19,6,16,2025-10-31
USR0160,Org-Alpha-Team4,Org-Alpha,2025-12-20,8,31,2025-10-31
USR0160,Org-Alpha-Team4,Org-Alpha,2025-12-23,6,12,2025-10-31
USR0160,Org-Alpha-Team4,Org-Alpha,2025-12-26,2,22,2025-10-31
USR0160,Org-Alpha-Team4,Org-Alpha,2025-12-30,6,37,2025-10-31
USR0160,Org-Alpha-Team4,Org-Alpha,2026-01-01,7,11,2025-10-31
USR0160,Org-Alpha-Team4,Org-Alpha,2026-01-02,4,33,2025-10-31
USR0160,Org-Alpha-Team4,Org-Alpha,2026-01-03,7,27,2025-10-31
USR0160,Org-Alpha-Team4,Org-Alpha,2026-01-04,5,31,2025-10-31
USR0160,Org-Alpha-Team4,Org-Alpha,2026-01-06,4,26,2025-10-31
USR0160,Org-Alpha-Team4,Org-Alpha,2026-01-09,8,18,2025-10-31
USR0160,Org-Alpha-Team4,Org-Alpha,2026-01-11,6,15,2025-10-31
USR0160,Org-Alpha-Team4,Org-Alpha,2026-01-12,7,9,2025-10-31
USR0160,Org-Alpha-Team4,Org-Alpha,2026-01-15,6,16,2025-10-31
USR0160,Org-Alpha-Team4,Org-Alpha,2026-01-16,4,25,2025-10-31
USR0160,Org-Alpha-Team4,Org-Alpha,2026-01-17,3,20,2025-10-31
USR0160,Org-Alpha-Team4,Org-Alpha,2026-01-18,8,6,2025-10-31
USR0160,Org-Alpha-Team4,Org-Alpha,2026-01-19,8,27,2025-10-31
USR0160,Org-Alpha-Team4,Org-Alpha,2026-01-22,4,21,2025-10-31
USR0160,Org-Alpha-Team4,Org-Alpha,2026-01-23,5,27,2025-10-31
USR0160,Org-Alpha-Team4,Org-Alpha,2026-01-24,7,16,2025-10-31
USR0160,Org-Alpha-Team4,Org-Alpha,2026-01-26,2,26,2025-10-31
USR0160,Org-Alpha-Team4,Org-Alpha,2026-01-28,8,38,2025-10-31
USR0160,Org-Alpha-Team4,Org-Alpha,2026-02-03,2,23,2025-10-31
USR0160,Org-Alpha-Team4,Org-Alpha,2026-02-06,2,26,2025-10-31
USR0160,Org-Alpha-Team4,Org-Alpha,2026-02-08,4,30,2025-10-31
USR0160,Org-Alpha-Team4,Org-Alpha,2026-02-09,4,2,2025-10-31
USR0160,Org-Alpha-Team4,Org-Alpha,2026-02-10,4,31,2025-10-31
USR0160,Org-Alpha-Team4,Org-Alpha,2026-02-11,1,31,2025-10-31
USR0160,Org-Alpha-Team4,Org-Alpha,2026-02-16,7,31,2025-10-31
USR0160,Org-Alpha-Team4,Org-Alpha,2026-02-19,3,25,2025-10-31
USR0160,Org-Alpha-Team4,Org-Alpha,2026-02-21,2,9,2025-10-31
USR0160,Org-Alpha-Team4,Org-Alpha,2026-02-24,4,38,2025-10-31
USR0160,Org-Alpha-Team4,Org-Alpha,2026-02-27,3,21,2025-10-31
USR0160,Org-Alpha-Team4,Org-Alpha,2026-03-05,5,23,2025-10-31
USR0160,Org-Alpha-Team4,Org-Alpha,2026-03-07,4,39,2025-10-31
USR0160,Org-Alpha-Team4,Org-Alpha,2026-03-08,3,38,2025-10-31
USR0160,Org-Alpha-Team4,Org-Alpha,2026-03-10,5,1,2025-10-31
USR0160,Org-Alpha-Team4,Org-Alpha,2026-03-11,5,33,2025-10-31
USR0160,Org-Alpha-Team4,Org-Alpha,2026-03-13,2,12,2025-10-31
USR0160,Org-Alpha-Team4,Org-Alpha,2026-03-16,5,37,2025-10-31
USR0160,Org-Alpha-Team4,Org-Alpha,2026-03-17,7,29,2025-10-31
USR0160,Org-Alpha-Team4,Org-Alpha,2026-03-19,4,14,2025-10-31
USR0160,Org-Alpha-Team4,Org-Alpha,2026-03-20,2,3,2025-10-31
USR0160,Org-Alpha-Team4,Org-Alpha,2026-03-21,7,7,2025-10-31
USR0160,Org-Alpha-Team4,Org-Alpha,2026-03-22,1,8,2025-10-31
USR0160,Org-Alpha-Team4,Org-Alpha,2026-03-23,4,37,2025-10-31
USR0160,Org-Alpha-Team4,Org-Alpha,2026-03-26,2,13,2025-10-31
USR0160,Org-Alpha-Team4,Org-Alpha,2026-03-27,5,18,2025-10-31
USR0160,Org-Alpha-Team4,Org-Alpha,2026-03-28,7,31,2025-10-31
USR0160,Org-Alpha-Team4,Org-Alpha,2026-03-30,5,35,2025-10-31
USR0161,Org-Alpha-Team2,Org-Alpha,2025-10-10,5,6,2025-10-10
USR0161,Org-Alpha-Team2,Org-Alpha,2025-10-14,4,3,2025-10-10
USR0161,Org-Alpha-Team2,Org-Alpha,2025-10-15,5,35,2025-10-10
USR0162,Org-Epsilon-Team3,Org-Epsilon,2025-10-04,2,2,2025-10-03
USR0163,Org-Beta-Team3,Org-Beta,2025-10-05,7,27,2025-10-02
USR0163,Org-Beta-Team3,Org-Beta,2025-10-07,1,5,2025-10-02
USR0163,Org-Beta-Team3,Org-Beta,2025-10-10,3,8,2025-10-02
USR0163,Org-Beta-Team3,Org-Beta,2025-10-13,6,20,2025-10-02
USR0163,Org-Beta-Team3,Org-Beta,2025-10-14,3,4,2025-10-02
USR0163,Org-Beta-Team3,Org-Beta,2025-10-15,4,5,2025-10-02
USR0163,Org-Beta-Team3,Org-Beta,2025-10-16,8,37,2025-10-02
USR0163,Org-Beta-Team3,Org-Beta,2025-10-18,2,14,2025-10-02
USR0163,Org-Beta-Team3,Org-Beta,2025-10-20,2,21,2025-10-02
USR0163,Org-Beta-Team3,Org-Beta,2025-10-22,2,32,2025-10-02
USR0163,Org-Beta-Team3,Org-Beta,2025-10-23,3,7,2025-10-02
USR0163,Org-Beta-Team3,Org-Beta,2025-10-24,5,2,2025-10-02
USR0163,Org-Beta-Team3,Org-Beta,2025-10-26,8,1,2025-10-02
USR0163,Org-Beta-Team3,Org-Beta,2025-10-27,2,19,2025-10-02
USR0163,Org-Beta-Team3,Org-Beta,2025-10-28,3,35,2025-10-02
USR0163,Org-Beta-Team3,Org-Beta,2025-10-29,5,21,2025-10-02
USR0163,Org-Beta-Team3,Org-Beta,2025-10-30,8,5,2025-10-02
USR0163,Org-Beta-Team3,Org-Beta,2025-11-03,6,32,2025-10-02
USR0163,Org-Beta-Team3,Org-Beta,2025-11-04,7,13,2025-10-02
USR0163,Org-Beta-Team3,Org-Beta,2025-11-06,2,3,2025-10-02
USR0163,Org-Beta-Team3,Org-Beta,2025-11-08,2,25,2025-10-02
USR0163,Org-Beta-Team3,Org-Beta,2025-11-09,5,11,2025-10-02
USR0163,Org-Beta-Team3,Org-Beta,2025-11-10,3,8,2025-10-02
USR0163,Org-Beta-Team3,Org-Beta,2025-11-11,1,5,2025-10-02
USR0163,Org-Beta-Team3,Org-Beta,2025-11-13,6,14,2025-10-02
USR0163,Org-Beta-Team3,Org-Beta,2025-11-14,7,39,2025-10-02
USR0163,Org-Beta-Team3,Org-Beta,2025-11-17,2,27,2025-10-02
USR0163,Org-Beta-Team3,Org-Beta,2025-11-18,6,22,2025-10-02
USR0163,Org-Beta-Team3,Org-Beta,2025-11-19,6,12,2025-10-02
USR0163,Org-Beta-Team3,Org-Beta,2025-11-21,5,5,2025-10-02
USR0163,Org-Beta-Team3,Org-Beta,2025-11-22,6,19,2025-10-02
USR0163,Org-Beta-Team3,Org-Beta,2025-11-23,2,30,2025-10-02
USR0163,Org-Beta-Team3,Org-Beta,2025-11-24,5,34,2025-10-02
USR0163,Org-Beta-Team3,Org-Beta,2025-11-25,6,28,2025-10-02
USR0163,Org-Beta-Team3,Org-Beta,2025-11-26,5,33,2025-10-02
USR0163,Org-Beta-Team3,Org-Beta,2025-11-27,4,4,2025-10-02
USR0163,Org-Beta-Team3,Org-Beta,2025-11-28,2,38,2025-10-02
USR0163,Org-Beta-Team3,Org-Beta,2025-12-01,8,23,2025-10-02
USR0163,Org-Beta-Team3,Org-Beta,2025-12-04,6,33,2025-10-02
USR0163,Org-Beta-Team3,Org-Beta,2025-12-05,3,12,2025-10-02
USR0163,Org-Beta-Team3,Org-Beta,2025-12-06,2,30,2025-10-02
USR0163,Org-Beta-Team3,Org-Beta,2025-12-07,7,9,2025-10-02
USR0163,Org-Beta-Team3,Org-Beta,2025-12-09,6,2,2025-10-02
USR0163,Org-Beta-Team3,Org-Beta,2025-12-10,1,31,2025-10-02
USR0163,Org-Beta-Team3,Org-Beta,2025-12-11,1,6,2025-10-02
USR0163,Org-Beta-Team3,Org-Beta,2025-12-12,5,8,2025-10-02
USR0163,Org-Beta-Team3,Org-Beta,2025-12-14,7,33,2025-10-02
USR0163,Org-Beta-Team3,Org-Beta,2025-12-18,8,7,2025-10-02
USR0163,Org-Beta-Team3,Org-Beta,2025-12-20,7,27,2025-10-02
USR0163,Org-Beta-Team3,Org-Beta,2025-12-21,1,18,2025-10-02
USR0163,Org-Beta-Team3,Org-Beta,2025-12-24,3,35,2025-10-02
USR0163,Org-Beta-Team3,Org-Beta,2025-12-25,8,27,2025-10-02
USR0163,Org-Beta-Team3,Org-Beta,2025-12-26,2,8,2025-10-02
USR0163,Org-Beta-Team3,Org-Beta,2025-12-27,3,9,2025-10-02
USR0163,Org-Beta-Team3,Org-Beta,2025-12-28,3,12,2025-10-02
USR0163,Org-Beta-Team3,Org-Beta,2025-12-29,3,19,2025-10-02
USR0163,Org-Beta-Team3,Org-Beta,2025-12-30,5,31,2025-10-02
USR0163,Org-Beta-Team3,Org-Beta,2025-12-31,3,34,2025-10-02
USR0163,Org-Beta-Team3,Org-Beta,2026-01-01,5,3,2025-10-02
USR0163,Org-Beta-Team3,Org-Beta,2026-01-02,2,3,2025-10-02
USR0163,Org-Beta-Team3,Org-Beta,2026-01-04,8,39,2025-10-02
USR0163,Org-Beta-Team3,Org-Beta,2026-01-06,2,8,2025-10-02
USR0163,Org-Beta-Team3,Org-Beta,2026-01-08,1,21,2025-10-02
USR0163,Org-Beta-Team3,Org-Beta,2026-01-09,8,10,2025-10-02
USR0163,Org-Beta-Team3,Org-Beta,2026-01-10,3,1,2025-10-02
USR0163,Org-Beta-Team3,Org-Beta,2026-01-12,2,24,2025-10-02
USR0163,Org-Beta-Team3,Org-Beta,2026-01-14,1,39,2025-10-02
USR0163,Org-Beta-Team3,Org-Beta,2026-01-16,1,9,2025-10-02
USR0163,Org-Beta-Team3,Org-Beta,2026-01-18,2,2,2025-10-02
USR0163,Org-Beta-Team3,Org-Beta,2026-01-20,5,22,2025-10-02
USR0163,Org-Beta-Team3,Org-Beta,2026-01-21,2,40,2025-10-02
USR0163,Org-Beta-Team3,Org-Beta,2026-01-22,3,33,2025-10-02
USR0163,Org-Beta-Team3,Org-Beta,2026-01-24,5,19,2025-10-02
USR0163,Org-Beta-Team3,Org-Beta,2026-01-25,7,30,2025-10-02
USR0163,Org-Beta-Team3,Org-Beta,2026-01-26,3,36,2025-10-02
USR0163,Org-Beta-Team3,Org-Beta,2026-01-27,2,33,2025-10-02
USR0163,Org-Beta-Team3,Org-Beta,2026-01-30,7,15,2025-10-02
USR0163,Org-Beta-Team3,Org-Beta,2026-02-01,1,15,2025-10-02
USR0163,Org-Beta-Team3,Org-Beta,2026-02-02,2,10,2025-10-02
USR0163,Org-Beta-Team3,Org-Beta,2026-02-03,8,17,2025-10-02
USR0163,Org-Beta-Team3,Org-Beta,2026-02-07,1,21,2025-10-02
USR0163,Org-Beta-Team3,Org-Beta,2026-02-09,6,32,2025-10-02
USR0163,Org-Beta-Team3,Org-Beta,2026-02-11,5,2,2025-10-02
USR0163,Org-Beta-Team3,Org-Beta,2026-02-12,5,12,2025-10-02
USR0163,Org-Beta-Team3,Org-Beta,2026-02-13,1,27,2025-10-02
USR0163,Org-Beta-Team3,Org-Beta,2026-02-15,1,20,2025-10-02
USR0163,Org-Beta-Team3,Org-Beta,2026-02-16,3,34,2025-10-02
USR0163,Org-Beta-Team3,Org-Beta,2026-02-18,1,25,2025-10-02
USR0163,Org-Beta-Team3,Org-Beta,2026-02-19,1,25,2025-10-02
USR0163,Org-Beta-Team3,Org-Beta,2026-02-20,8,16,2025-10-02
USR0163,Org-Beta-Team3,Org-Beta,2026-02-21,5,24,2025-10-02
USR0163,Org-Beta-Team3,Org-Beta,2026-02-22,1,6,2025-10-02
USR0163,Org-Beta-Team3,Org-Beta,2026-02-23,3,29,2025-10-02
USR0163,Org-Beta-Team3,Org-Beta,2026-02-24,4,27,2025-10-02
USR0163,Org-Beta-Team3,Org-Beta,2026-02-26,1,9,2025-10-02
USR0163,Org-Beta-Team3,Org-Beta,2026-02-27,1,33,2025-10-02
USR0163,Org-Beta-Team3,Org-Beta,2026-02-28,8,26,2025-10-02
USR0163,Org-Beta-Team3,Org-Beta,2026-03-02,7,19,2025-10-02
USR0163,Org-Beta-Team3,Org-Beta,2026-03-03,8,32,2025-10-02
USR0163,Org-Beta-Team3,Org-Beta,2026-03-05,1,35,2025-10-02
USR0163,Org-Beta-Team3,Org-Beta,2026-03-06,3,16,2025-10-02
USR0163,Org-Beta-Team3,Org-Beta,2026-03-09,5,33,2025-10-02
USR0163,Org-Beta-Team3,Org-Beta,2026-03-10,1,18,2025-10-02
USR0163,Org-Beta-Team3,Org-Beta,2026-03-11,3,20,2025-10-02
USR0163,Org-Beta-Team3,Org-Beta,2026-03-12,6,22,2025-10-02
USR0163,Org-Beta-Team3,Org-Beta,2026-03-13,7,39,2025-10-02
USR0163,Org-Beta-Team3,Org-Beta,2026-03-14,6,21,2025-10-02
USR0163,Org-Beta-Team3,Org-Beta,2026-03-15,1,25,2025-10-02
USR0163,Org-Beta-Team3,Org-Beta,2026-03-16,8,37,2025-10-02
USR0163,Org-Beta-Team3,Org-Beta,2026-03-18,5,11,2025-10-02
USR0163,Org-Beta-Team3,Org-Beta,2026-03-19,1,16,2025-10-02
USR0163,Org-Beta-Team3,Org-Beta,2026-03-21,3,40,2025-10-02
USR0163,Org-Beta-Team3,Org-Beta,2026-03-24,3,15,2025-10-02
USR0163,Org-Beta-Team3,Org-Beta,2026-03-26,3,34,2025-10-02
USR0163,Org-Beta-Team3,Org-Beta,2026-03-27,1,18,2025-10-02
USR0163,Org-Beta-Team3,Org-Beta,2026-03-28,3,39,2025-10-02
USR0163,Org-Beta-Team3,Org-Beta,2026-03-29,3,40,2025-10-02
USR0163,Org-Beta-Team3,Org-Beta,2026-03-31,2,32,2025-10-02
USR0164,Org-Beta-Team3,Org-Beta,2025-10-12,2,27,2025-10-10
USR0164,Org-Beta-Team3,Org-Beta,2025-10-13,3,8,2025-10-10
USR0164,Org-Beta-Team3,Org-Beta,2025-10-14,4,38,2025-10-10
USR0164,Org-Beta-Team3,Org-Beta,2025-10-15,7,25,2025-10-10
USR0164,Org-Beta-Team3,Org-Beta,2025-10-17,1,26,2025-10-10
USR0164,Org-Beta-Team3,Org-Beta,2025-10-18,3,23,2025-10-10
USR0164,Org-Beta-Team3,Org-Beta,2025-10-21,4,38,2025-10-10
USR0164,Org-Beta-Team3,Org-Beta,2025-10-22,1,20,2025-10-10
USR0164,Org-Beta-Team3,Org-Beta,2025-10-23,6,1,2025-10-10
USR0164,Org-Beta-Team3,Org-Beta,2025-10-24,1,27,2025-10-10
USR0164,Org-Beta-Team3,Org-Beta,2025-10-25,1,7,2025-10-10
USR0164,Org-Beta-Team3,Org-Beta,2025-10-26,4,14,2025-10-10
USR0164,Org-Beta-Team3,Org-Beta,2025-10-27,4,32,2025-10-10
USR0164,Org-Beta-Team3,Org-Beta,2025-10-29,1,1,2025-10-10
USR0164,Org-Beta-Team3,Org-Beta,2025-10-30,1,12,2025-10-10
USR0164,Org-Beta-Team3,Org-Beta,2025-11-02,7,10,2025-10-10
USR0164,Org-Beta-Team3,Org-Beta,2025-11-03,6,25,2025-10-10
USR0164,Org-Beta-Team3,Org-Beta,2025-11-07,6,23,2025-10-10
USR0164,Org-Beta-Team3,Org-Beta,2025-11-09,8,38,2025-10-10
USR0164,Org-Beta-Team3,Org-Beta,2025-11-12,1,19,2025-10-10
USR0164,Org-Beta-Team3,Org-Beta,2025-11-14,4,9,2025-10-10
USR0164,Org-Beta-Team3,Org-Beta,2025-11-16,7,30,2025-10-10
USR0164,Org-Beta-Team3,Org-Beta,2025-11-17,2,19,2025-10-10
USR0164,Org-Beta-Team3,Org-Beta,2025-11-18,5,29,2025-10-10
USR0164,Org-Beta-Team3,Org-Beta,2025-11-21,2,40,2025-10-10
USR0164,Org-Beta-Team3,Org-Beta,2025-11-22,6,13,2025-10-10
USR0164,Org-Beta-Team3,Org-Beta,2025-11-25,2,29,2025-10-10
USR0164,Org-Beta-Team3,Org-Beta,2025-11-27,7,28,2025-10-10
USR0164,Org-Beta-Team3,Org-Beta,2025-11-28,6,12,2025-10-10
USR0164,Org-Beta-Team3,Org-Beta,2025-12-02,1,37,2025-10-10
USR0164,Org-Beta-Team3,Org-Beta,2025-12-03,2,21,2025-10-10
USR0164,Org-Beta-Team3,Org-Beta,2025-12-04,1,27,2025-10-10
USR0164,Org-Beta-Team3,Org-Beta,2025-12-08,4,5,2025-10-10
USR0164,Org-Beta-Team3,Org-Beta,2025-12-10,8,2,2025-10-10
USR0164,Org-Beta-Team3,Org-Beta,2025-12-11,8,28,2025-10-10
USR0164,Org-Beta-Team3,Org-Beta,2025-12-12,4,9,2025-10-10
USR0164,Org-Beta-Team3,Org-Beta,2025-12-13,8,8,2025-10-10
USR0164,Org-Beta-Team3,Org-Beta,2025-12-14,3,5,2025-10-10
USR0164,Org-Beta-Team3,Org-Beta,2025-12-16,5,33,2025-10-10
USR0164,Org-Beta-Team3,Org-Beta,2025-12-17,4,32,2025-10-10
USR0164,Org-Beta-Team3,Org-Beta,2025-12-18,5,10,2025-10-10
USR0164,Org-Beta-Team3,Org-Beta,2025-12-20,1,2,2025-10-10
USR0164,Org-Beta-Team3,Org-Beta,2025-12-22,6,16,2025-10-10
USR0164,Org-Beta-Team3,Org-Beta,2025-12-23,3,16,2025-10-10
USR0164,Org-Beta-Team3,Org-Beta,2025-12-25,3,17,2025-10-10
USR0164,Org-Beta-Team3,Org-Beta,2025-12-26,7,25,2025-10-10
USR0164,Org-Beta-Team3,Org-Beta,2025-12-28,8,35,2025-10-10
USR0164,Org-Beta-Team3,Org-Beta,2025-12-30,4,32,2025-10-10
USR0164,Org-Beta-Team3,Org-Beta,2025-12-31,2,22,2025-10-10
USR0164,Org-Beta-Team3,Org-Beta,2026-01-03,2,7,2025-10-10
USR0164,Org-Beta-Team3,Org-Beta,2026-01-06,7,23,2025-10-10
USR0164,Org-Beta-Team3,Org-Beta,2026-01-07,7,26,2025-10-10
USR0164,Org-Beta-Team3,Org-Beta,2026-01-08,7,29,2025-10-10
USR0164,Org-Beta-Team3,Org-Beta,2026-01-12,3,32,2025-10-10
USR0164,Org-Beta-Team3,Org-Beta,2026-01-13,5,21,2025-10-10
USR0164,Org-Beta-Team3,Org-Beta,2026-01-15,4,32,2025-10-10
USR0164,Org-Beta-Team3,Org-Beta,2026-01-17,7,21,2025-10-10
USR0164,Org-Beta-Team3,Org-Beta,2026-01-19,8,27,2025-10-10
USR0164,Org-Beta-Team3,Org-Beta,2026-01-20,8,33,2025-10-10
USR0164,Org-Beta-Team3,Org-Beta,2026-01-21,7,11,2025-10-10
USR0164,Org-Beta-Team3,Org-Beta,2026-01-22,5,24,2025-10-10
USR0164,Org-Beta-Team3,Org-Beta,2026-01-24,7,9,2025-10-10
USR0164,Org-Beta-Team3,Org-Beta,2026-01-25,7,38,2025-10-10
USR0164,Org-Beta-Team3,Org-Beta,2026-01-26,7,21,2025-10-10
USR0164,Org-Beta-Team3,Org-Beta,2026-01-27,6,8,2025-10-10
USR0164,Org-Beta-Team3,Org-Beta,2026-01-28,1,27,2025-10-10
USR0164,Org-Beta-Team3,Org-Beta,2026-02-02,4,21,2025-10-10
USR0164,Org-Beta-Team3,Org-Beta,2026-02-05,4,17,2025-10-10
USR0164,Org-Beta-Team3,Org-Beta,2026-02-07,3,5,2025-10-10
USR0164,Org-Beta-Team3,Org-Beta,2026-02-08,2,20,2025-10-10
USR0164,Org-Beta-Team3,Org-Beta,2026-02-09,6,1,2025-10-10
USR0164,Org-Beta-Team3,Org-Beta,2026-02-10,4,19,2025-10-10
USR0164,Org-Beta-Team3,Org-Beta,2026-02-12,1,19,2025-10-10
USR0164,Org-Beta-Team3,Org-Beta,2026-02-16,3,24,2025-10-10
USR0164,Org-Beta-Team3,Org-Beta,2026-02-17,5,4,2025-10-10
USR0164,Org-Beta-Team3,Org-Beta,2026-02-18,4,15,2025-10-10
USR0164,Org-Beta-Team3,Org-Beta,2026-02-20,2,19,2025-10-10
USR0164,Org-Beta-Team3,Org-Beta,2026-02-21,3,16,2025-10-10
USR0164,Org-Beta-Team3,Org-Beta,2026-02-22,3,4,2025-10-10
USR0164,Org-Beta-Team3,Org-Beta,2026-02-25,2,26,2025-10-10
USR0164,Org-Beta-Team3,Org-Beta,2026-02-26,8,1,2025-10-10
USR0164,Org-Beta-Team3,Org-Beta,2026-02-27,7,15,2025-10-10
USR0164,Org-Beta-Team3,Org-Beta,2026-03-04,1,8,2025-10-10
USR0164,Org-Beta-Team3,Org-Beta,2026-03-05,3,10,2025-10-10
USR0164,Org-Beta-Team3,Org-Beta,2026-03-06,1,34,2025-10-10
USR0164,Org-Beta-Team3,Org-Beta,2026-03-07,5,9,2025-10-10
USR0164,Org-Beta-Team3,Org-Beta,2026-03-08,5,35,2025-10-10
USR0164,Org-Beta-Team3,Org-Beta,2026-03-09,4,28,2025-10-10
USR0164,Org-Beta-Team3,Org-Beta,2026-03-12,3,35,2025-10-10
USR0164,Org-Beta-Team3,Org-Beta,2026-03-14,2,14,2025-10-10
USR0164,Org-Beta-Team3,Org-Beta,2026-03-15,6,17,2025-10-10
USR0164,Org-Beta-Team3,Org-Beta,2026-03-17,7,39,2025-10-10
USR0164,Org-Beta-Team3,Org-Beta,2026-03-18,6,27,2025-10-10
USR0164,Org-Beta-Team3,Org-Beta,2026-03-19,1,8,2025-10-10
USR0164,Org-Beta-Team3,Org-Beta,2026-03-21,6,6,2025-10-10
USR0164,Org-Beta-Team3,Org-Beta,2026-03-24,1,5,2025-10-10
USR0164,Org-Beta-Team3,Org-Beta,2026-03-25,6,19,2025-10-10
USR0164,Org-Beta-Team3,Org-Beta,2026-03-26,8,23,2025-10-10
USR0164,Org-Beta-Team3,Org-Beta,2026-03-28,1,35,2025-10-10
USR0164,Org-Beta-Team3,Org-Beta,2026-03-30,1,19,2025-10-10
USR0164,Org-Beta-Team3,Org-Beta,2026-03-31,2,4,2025-10-10
USR0165,Org-Delta-Team3,Org-Delta,2025-10-10,7,25,2025-10-10
USR0165,Org-Delta-Team3,Org-Delta,2025-10-12,4,22,2025-10-10
USR0166,Org-Alpha-Team4,Org-Alpha,2025-10-07,4,31,2025-10-07
USR0166,Org-Alpha-Team4,Org-Alpha,2025-10-08,6,23,2025-10-07
USR0166,Org-Alpha-Team4,Org-Alpha,2025-10-09,4,3,2025-10-07
USR0166,Org-Alpha-Team4,Org-Alpha,2025-10-11,7,34,2025-10-07
USR0166,Org-Alpha-Team4,Org-Alpha,2025-10-13,8,8,2025-10-07
USR0167,Org-Alpha-Team3,Org-Alpha,2025-10-16,5,3,2025-10-16
USR0167,Org-Alpha-Team3,Org-Alpha,2025-10-17,1,10,2025-10-16
USR0167,Org-Alpha-Team3,Org-Alpha,2025-10-21,4,31,2025-10-16
USR0167,Org-Alpha-Team3,Org-Alpha,2025-10-23,2,24,2025-10-16
USR0167,Org-Alpha-Team3,Org-Alpha,2025-10-24,7,28,2025-10-16
USR0167,Org-Alpha-Team3,Org-Alpha,2025-10-26,7,8,2025-10-16
USR0167,Org-Alpha-Team3,Org-Alpha,2025-10-27,8,25,2025-10-16
USR0167,Org-Alpha-Team3,Org-Alpha,2025-10-28,4,13,2025-10-16
USR0167,Org-Alpha-Team3,Org-Alpha,2025-10-29,2,31,2025-10-16
USR0167,Org-Alpha-Team3,Org-Alpha,2025-11-02,4,24,2025-10-16
USR0167,Org-Alpha-Team3,Org-Alpha,2025-11-03,6,35,2025-10-16
USR0167,Org-Alpha-Team3,Org-Alpha,2025-11-04,6,28,2025-10-16
USR0167,Org-Alpha-Team3,Org-Alpha,2025-11-05,3,35,2025-10-16
USR0167,Org-Alpha-Team3,Org-Alpha,2025-11-06,6,16,2025-10-16
USR0167,Org-Alpha-Team3,Org-Alpha,2025-11-08,3,19,2025-10-16
USR0167,Org-Alpha-Team3,Org-Alpha,2025-11-09,7,10,2025-10-16
USR0167,Org-Alpha-Team3,Org-Alpha,2025-11-10,8,22,2025-10-16
USR0167,Org-Alpha-Team3,Org-Alpha,2025-11-11,2,22,2025-10-16
USR0167,Org-Alpha-Team3,Org-Alpha,2025-11-12,5,28,2025-10-16
USR0167,Org-Alpha-Team3,Org-Alpha,2025-11-13,8,39,2025-10-16
USR0167,Org-Alpha-Team3,Org-Alpha,2025-11-15,4,1,2025-10-16
USR0167,Org-Alpha-Team3,Org-Alpha,2025-11-16,6,14,2025-10-16
USR0167,Org-Alpha-Team3,Org-Alpha,2025-11-17,8,12,2025-10-16
USR0167,Org-Alpha-Team3,Org-Alpha,2025-11-18,7,28,2025-10-16
USR0167,Org-Alpha-Team3,Org-Alpha,2025-11-19,4,17,2025-10-16
USR0167,Org-Alpha-Team3,Org-Alpha,2025-11-20,6,4,2025-10-16
USR0167,Org-Alpha-Team3,Org-Alpha,2025-11-21,3,34,2025-10-16
USR0167,Org-Alpha-Team3,Org-Alpha,2025-11-22,5,28,2025-10-16
USR0167,Org-Alpha-Team3,Org-Alpha,2025-11-23,4,1,2025-10-16
USR0167,Org-Alpha-Team3,Org-Alpha,2025-11-25,4,1,2025-10-16
USR0167,Org-Alpha-Team3,Org-Alpha,2025-11-26,8,9,2025-10-16
USR0167,Org-Alpha-Team3,Org-Alpha,2025-12-01,3,31,2025-10-16
USR0167,Org-Alpha-Team3,Org-Alpha,2025-12-03,2,8,2025-10-16
USR0167,Org-Alpha-Team3,Org-Alpha,2025-12-05,3,21,2025-10-16
USR0167,Org-Alpha-Team3,Org-Alpha,2025-12-06,8,33,2025-10-16
USR0167,Org-Alpha-Team3,Org-Alpha,2025-12-08,1,1,2025-10-16
USR0167,Org-Alpha-Team3,Org-Alpha,2025-12-09,2,10,2025-10-16
USR0167,Org-Alpha-Team3,Org-Alpha,2025-12-10,3,18,2025-10-16
USR0167,Org-Alpha-Team3,Org-Alpha,2025-12-11,5,19,2025-10-16
USR0167,Org-Alpha-Team3,Org-Alpha,2025-12-12,1,23,2025-10-16
USR0167,Org-Alpha-Team3,Org-Alpha,2025-12-14,8,31,2025-10-16
USR0167,Org-Alpha-Team3,Org-Alpha,2025-12-15,7,8,2025-10-16
USR0167,Org-Alpha-Team3,Org-Alpha,2025-12-17,8,7,2025-10-16
USR0167,Org-Alpha-Team3,Org-Alpha,2025-12-18,7,23,2025-10-16
USR0167,Org-Alpha-Team3,Org-Alpha,2025-12-20,8,27,2025-10-16
USR0167,Org-Alpha-Team3,Org-Alpha,2025-12-21,7,34,2025-10-16
USR0167,Org-Alpha-Team3,Org-Alpha,2025-12-23,5,2,2025-10-16
USR0167,Org-Alpha-Team3,Org-Alpha,2025-12-24,6,10,2025-10-16
USR0167,Org-Alpha-Team3,Org-Alpha,2025-12-25,5,9,2025-10-16
USR0167,Org-Alpha-Team3,Org-Alpha,2025-12-27,6,13,2025-10-16
USR0167,Org-Alpha-Team3,Org-Alpha,2025-12-31,2,38,2025-10-16
USR0167,Org-Alpha-Team3,Org-Alpha,2026-01-01,5,16,2025-10-16
USR0167,Org-Alpha-Team3,Org-Alpha,2026-01-04,6,19,2025-10-16
USR0167,Org-Alpha-Team3,Org-Alpha,2026-01-05,4,27,2025-10-16
USR0167,Org-Alpha-Team3,Org-Alpha,2026-01-06,2,22,2025-10-16
USR0167,Org-Alpha-Team3,Org-Alpha,2026-01-07,2,6,2025-10-16
USR0167,Org-Alpha-Team3,Org-Alpha,2026-01-09,2,3,2025-10-16
USR0167,Org-Alpha-Team3,Org-Alpha,2026-01-10,3,27,2025-10-16
USR0167,Org-Alpha-Team3,Org-Alpha,2026-01-11,1,9,2025-10-16
USR0167,Org-Alpha-Team3,Org-Alpha,2026-01-12,4,17,2025-10-16
USR0167,Org-Alpha-Team3,Org-Alpha,2026-01-15,4,15,2025-10-16
USR0167,Org-Alpha-Team3,Org-Alpha,2026-01-16,4,23,2025-10-16
USR0167,Org-Alpha-Team3,Org-Alpha,2026-01-17,2,39,2025-10-16
USR0167,Org-Alpha-Team3,Org-Alpha,2026-01-18,5,37,2025-10-16
USR0167,Org-Alpha-Team3,Org-Alpha,2026-01-19,2,17,2025-10-16
USR0167,Org-Alpha-Team3,Org-Alpha,2026-01-20,7,25,2025-10-16
USR0167,Org-Alpha-Team3,Org-Alpha,2026-01-23,3,2,2025-10-16
USR0167,Org-Alpha-Team3,Org-Alpha,2026-01-25,8,9,2025-10-16
USR0167,Org-Alpha-Team3,Org-Alpha,2026-01-27,6,10,2025-10-16
USR0167,Org-Alpha-Team3,Org-Alpha,2026-01-29,7,35,2025-10-16
USR0167,Org-Alpha-Team3,Org-Alpha,2026-01-30,3,32,2025-10-16
USR0167,Org-Alpha-Team3,Org-Alpha,2026-02-01,1,3,2025-10-16
USR0167,Org-Alpha-Team3,Org-Alpha,2026-02-05,7,4,2025-10-16
USR0167,Org-Alpha-Team3,Org-Alpha,2026-02-06,7,2,2025-10-16
USR0167,Org-Alpha-Team3,Org-Alpha,2026-02-07,1,36,2025-10-16
USR0167,Org-Alpha-Team3,Org-Alpha,2026-02-09,3,32,2025-10-16
USR0167,Org-Alpha-Team3,Org-Alpha,2026-02-11,4,4,2025-10-16
USR0167,Org-Alpha-Team3,Org-Alpha,2026-02-14,4,21,2025-10-16
USR0167,Org-Alpha-Team3,Org-Alpha,2026-02-18,4,1,2025-10-16
USR0167,Org-Alpha-Team3,Org-Alpha,2026-02-19,1,4,2025-10-16
USR0167,Org-Alpha-Team3,Org-Alpha,2026-02-21,4,5,2025-10-16
USR0167,Org-Alpha-Team3,Org-Alpha,2026-02-22,2,1,2025-10-16
USR0167,Org-Alpha-Team3,Org-Alpha,2026-02-24,1,12,2025-10-16
USR0167,Org-Alpha-Team3,Org-Alpha,2026-02-25,4,22,2025-10-16
USR0167,Org-Alpha-Team3,Org-Alpha,2026-02-27,6,35,2025-10-16
USR0167,Org-Alpha-Team3,Org-Alpha,2026-03-02,1,40,2025-10-16
USR0167,Org-Alpha-Team3,Org-Alpha,2026-03-04,5,15,2025-10-16
USR0167,Org-Alpha-Team3,Org-Alpha,2026-03-06,2,16,2025-10-16
USR0167,Org-Alpha-Team3,Org-Alpha,2026-03-08,1,33,2025-10-16
USR0167,Org-Alpha-Team3,Org-Alpha,2026-03-10,3,28,2025-10-16
USR0167,Org-Alpha-Team3,Org-Alpha,2026-03-11,6,37,2025-10-16
USR0167,Org-Alpha-Team3,Org-Alpha,2026-03-12,8,17,2025-10-16
USR0167,Org-Alpha-Team3,Org-Alpha,2026-03-17,2,3,2025-10-16
USR0167,Org-Alpha-Team3,Org-Alpha,2026-03-23,7,32,2025-10-16
USR0167,Org-Alpha-Team3,Org-Alpha,2026-03-27,3,7,2025-10-16
USR0167,Org-Alpha-Team3,Org-Alpha,2026-03-28,2,20,2025-10-16
USR0167,Org-Alpha-Team3,Org-Alpha,2026-03-29,7,39,2025-10-16
USR0167,Org-Alpha-Team3,Org-Alpha,2026-03-30,7,23,2025-10-16
USR0168,Org-Epsilon-Team2,Org-Epsilon,2025-10-26,2,33,2025-10-25
USR0168,Org-Epsilon-Team2,Org-Epsilon,2025-10-27,7,9,2025-10-25
USR0168,Org-Epsilon-Team2,Org-Epsilon,2025-10-29,4,27,2025-10-25
USR0169,Org-Epsilon-Team4,Org-Epsilon,2025-10-30,6,2,2025-10-30
USR0169,Org-Epsilon-Team4,Org-Epsilon,2025-10-31,7,11,2025-10-30
USR0169,Org-Epsilon-Team4,Org-Epsilon,2025-11-01,7,12,2025-10-30
USR0169,Org-Epsilon-Team4,Org-Epsilon,2025-11-02,3,28,2025-10-30
USR0169,Org-Epsilon-Team4,Org-Epsilon,2025-11-03,8,33,2025-10-30
USR0170,Org-Gamma-Team3,Org-Gamma,2025-10-18,7,6,2025-10-17
USR0170,Org-Gamma-Team3,Org-Gamma,2025-10-21,3,36,2025-10-17
USR0171,Org-Gamma-Team2,Org-Gamma,2025-10-29,5,38,2025-10-29
USR0171,Org-Gamma-Team2,Org-Gamma,2025-10-30,6,37,2025-10-29
USR0171,Org-Gamma-Team2,Org-Gamma,2025-10-31,3,21,2025-10-29
USR0171,Org-Gamma-Team2,Org-Gamma,2025-11-01,8,31,2025-10-29
USR0171,Org-Gamma-Team2,Org-Gamma,2025-11-02,7,21,2025-10-29
USR0172,Org-Delta-Team4,Org-Delta,2025-10-27,4,36,2025-10-27
USR0172,Org-Delta-Team4,Org-Delta,2025-10-28,1,21,2025-10-27
USR0172,Org-Delta-Team4,Org-Delta,2025-10-29,2,19,2025-10-27
USR0172,Org-Delta-Team4,Org-Delta,2025-10-30,8,7,2025-10-27
USR0173,Org-Beta-Team3,Org-Beta,2025-10-29,8,36,2025-10-29
USR0173,Org-Beta-Team3,Org-Beta,2025-10-30,2,9,2025-10-29
USR0173,Org-Beta-Team3,Org-Beta,2025-10-31,6,26,2025-10-29
USR0173,Org-Beta-Team3,Org-Beta,2025-11-01,2,35,2025-10-29
USR0173,Org-Beta-Team3,Org-Beta,2025-11-02,2,8,2025-10-29
USR0173,Org-Beta-Team3,Org-Beta,2025-11-04,7,3,2025-10-29
USR0173,Org-Beta-Team3,Org-Beta,2025-11-05,6,3,2025-10-29
USR0173,Org-Beta-Team3,Org-Beta,2025-11-06,3,17,2025-10-29
USR0173,Org-Beta-Team3,Org-Beta,2025-11-07,3,34,2025-10-29
USR0173,Org-Beta-Team3,Org-Beta,2025-11-09,8,23,2025-10-29
USR0173,Org-Beta-Team3,Org-Beta,2025-11-15,1,8,2025-10-29
USR0173,Org-Beta-Team3,Org-Beta,2025-11-16,3,22,2025-10-29
USR0173,Org-Beta-Team3,Org-Beta,2025-11-18,7,3,2025-10-29
USR0173,Org-Beta-Team3,Org-Beta,2025-11-19,3,37,2025-10-29
USR0173,Org-Beta-Team3,Org-Beta,2025-11-21,6,10,2025-10-29
USR0173,Org-Beta-Team3,Org-Beta,2025-11-23,4,27,2025-10-29
USR0173,Org-Beta-Team3,Org-Beta,2025-11-27,3,3,2025-10-29
USR0173,Org-Beta-Team3,Org-Beta,2025-11-28,8,13,2025-10-29
USR0173,Org-Beta-Team3,Org-Beta,2025-11-29,3,17,2025-10-29
USR0173,Org-Beta-Team3,Org-Beta,2025-12-03,5,37,2025-10-29
USR0173,Org-Beta-Team3,Org-Beta,2025-12-04,4,31,2025-10-29
USR0173,Org-Beta-Team3,Org-Beta,2025-12-07,1,21,2025-10-29
USR0173,Org-Beta-Team3,Org-Beta,2025-12-08,2,18,2025-10-29
USR0173,Org-Beta-Team3,Org-Beta,2025-12-09,6,27,2025-10-29
USR0173,Org-Beta-Team3,Org-Beta,2025-12-12,7,35,2025-10-29
USR0173,Org-Beta-Team3,Org-Beta,2025-12-15,5,17,2025-10-29
USR0173,Org-Beta-Team3,Org-Beta,2025-12-17,6,5,2025-10-29
USR0173,Org-Beta-Team3,Org-Beta,2025-12-18,7,36,2025-10-29
USR0173,Org-Beta-Team3,Org-Beta,2025-12-21,4,18,2025-10-29
USR0173,Org-Beta-Team3,Org-Beta,2025-12-22,5,36,2025-10-29
USR0173,Org-Beta-Team3,Org-Beta,2025-12-24,6,36,2025-10-29
USR0173,Org-Beta-Team3,Org-Beta,2025-12-29,7,20,2025-10-29
USR0173,Org-Beta-Team3,Org-Beta,2025-12-30,4,10,2025-10-29
USR0173,Org-Beta-Team3,Org-Beta,2025-12-31,8,31,2025-10-29
USR0173,Org-Beta-Team3,Org-Beta,2026-01-01,8,1,2025-10-29
USR0173,Org-Beta-Team3,Org-Beta,2026-01-04,3,27,2025-10-29
USR0173,Org-Beta-Team3,Org-Beta,2026-01-07,5,20,2025-10-29
USR0173,Org-Beta-Team3,Org-Beta,2026-01-08,7,39,2025-10-29
USR0173,Org-Beta-Team3,Org-Beta,2026-01-11,1,20,2025-10-29
USR0173,Org-Beta-Team3,Org-Beta,2026-01-12,1,24,2025-10-29
USR0173,Org-Beta-Team3,Org-Beta,2026-01-14,3,35,2025-10-29
USR0173,Org-Beta-Team3,Org-Beta,2026-01-15,8,11,2025-10-29
USR0173,Org-Beta-Team3,Org-Beta,2026-01-17,8,13,2025-10-29
USR0173,Org-Beta-Team3,Org-Beta,2026-01-18,4,37,2025-10-29
USR0173,Org-Beta-Team3,Org-Beta,2026-01-19,8,29,2025-10-29
USR0173,Org-Beta-Team3,Org-Beta,2026-01-20,8,10,2025-10-29
USR0173,Org-Beta-Team3,Org-Beta,2026-01-22,5,23,2025-10-29
USR0173,Org-Beta-Team3,Org-Beta,2026-01-25,1,5,2025-10-29
USR0173,Org-Beta-Team3,Org-Beta,2026-01-26,6,36,2025-10-29
USR0173,Org-Beta-Team3,Org-Beta,2026-01-28,1,9,2025-10-29
USR0173,Org-Beta-Team3,Org-Beta,2026-01-31,6,2,2025-10-29
USR0173,Org-Beta-Team3,Org-Beta,2026-02-03,4,22,2025-10-29
USR0173,Org-Beta-Team3,Org-Beta,2026-02-04,2,9,2025-10-29
USR0173,Org-Beta-Team3,Org-Beta,2026-02-06,4,15,2025-10-29
USR0173,Org-Beta-Team3,Org-Beta,2026-02-10,2,7,2025-10-29
USR0173,Org-Beta-Team3,Org-Beta,2026-02-11,4,23,2025-10-29
USR0173,Org-Beta-Team3,Org-Beta,2026-02-12,5,11,2025-10-29
USR0173,Org-Beta-Team3,Org-Beta,2026-02-13,3,30,2025-10-29
USR0173,Org-Beta-Team3,Org-Beta,2026-02-15,7,25,2025-10-29
USR0173,Org-Beta-Team3,Org-Beta,2026-02-18,1,34,2025-10-29
USR0173,Org-Beta-Team3,Org-Beta,2026-02-19,4,34,2025-10-29
USR0173,Org-Beta-Team3,Org-Beta,2026-02-20,6,23,2025-10-29
USR0173,Org-Beta-Team3,Org-Beta,2026-02-21,2,17,2025-10-29
USR0173,Org-Beta-Team3,Org-Beta,2026-02-23,1,39,2025-10-29
USR0173,Org-Beta-Team3,Org-Beta,2026-02-26,6,7,2025-10-29
USR0173,Org-Beta-Team3,Org-Beta,2026-02-27,5,23,2025-10-29
USR0173,Org-Beta-Team3,Org-Beta,2026-03-01,4,30,2025-10-29
USR0173,Org-Beta-Team3,Org-Beta,2026-03-04,8,12,2025-10-29
USR0173,Org-Beta-Team3,Org-Beta,2026-03-05,2,27,2025-10-29
USR0173,Org-Beta-Team3,Org-Beta,2026-03-06,4,29,2025-10-29
USR0173,Org-Beta-Team3,Org-Beta,2026-03-07,2,9,2025-10-29
USR0173,Org-Beta-Team3,Org-Beta,2026-03-11,7,11,2025-10-29
USR0173,Org-Beta-Team3,Org-Beta,2026-03-13,2,12,2025-10-29
USR0173,Org-Beta-Team3,Org-Beta,2026-03-15,5,34,2025-10-29
USR0173,Org-Beta-Team3,Org-Beta,2026-03-16,8,26,2025-10-29
USR0173,Org-Beta-Team3,Org-Beta,2026-03-17,1,28,2025-10-29
USR0173,Org-Beta-Team3,Org-Beta,2026-03-18,2,39,2025-10-29
USR0173,Org-Beta-Team3,Org-Beta,2026-03-20,4,40,2025-10-29
USR0173,Org-Beta-Team3,Org-Beta,2026-03-21,2,28,2025-10-29
USR0173,Org-Beta-Team3,Org-Beta,2026-03-24,1,22,2025-10-29
USR0173,Org-Beta-Team3,Org-Beta,2026-03-27,3,27,2025-10-29
USR0173,Org-Beta-Team3,Org-Beta,2026-03-28,2,12,2025-10-29
USR0173,Org-Beta-Team3,Org-Beta,2026-03-30,4,34,2025-10-29
USR0174,Org-Epsilon-Team2,Org-Epsilon,2025-10-17,6,6,2025-10-17
USR0174,Org-Epsilon-Team2,Org-Epsilon,2025-10-20,6,39,2025-10-17
USR0174,Org-Epsilon-Team2,Org-Epsilon,2025-10-22,6,3,2025-10-17
USR0174,Org-Epsilon-Team2,Org-Epsilon,2025-10-24,3,16,2025-10-17
USR0174,Org-Epsilon-Team2,Org-Epsilon,2025-10-25,5,9,2025-10-17
USR0174,Org-Epsilon-Team2,Org-Epsilon,2025-10-26,6,29,2025-10-17
USR0174,Org-Epsilon-Team2,Org-Epsilon,2025-10-27,3,39,2025-10-17
USR0174,Org-Epsilon-Team2,Org-Epsilon,2025-10-29,6,19,2025-10-17
USR0174,Org-Epsilon-Team2,Org-Epsilon,2025-10-30,5,17,2025-10-17
USR0174,Org-Epsilon-Team2,Org-Epsilon,2025-10-31,2,34,2025-10-17
USR0174,Org-Epsilon-Team2,Org-Epsilon,2025-11-02,5,16,2025-10-17
USR0174,Org-Epsilon-Team2,Org-Epsilon,2025-11-03,6,15,2025-10-17
USR0174,Org-Epsilon-Team2,Org-Epsilon,2025-11-05,1,11,2025-10-17
USR0174,Org-Epsilon-Team2,Org-Epsilon,2025-11-07,8,8,2025-10-17
USR0174,Org-Epsilon-Team2,Org-Epsilon,2025-11-09,1,27,2025-10-17
USR0174,Org-Epsilon-Team2,Org-Epsilon,2025-11-10,2,30,2025-10-17
USR0174,Org-Epsilon-Team2,Org-Epsilon,2025-11-12,6,5,2025-10-17
USR0174,Org-Epsilon-Team2,Org-Epsilon,2025-11-14,3,33,2025-10-17
USR0174,Org-Epsilon-Team2,Org-Epsilon,2025-11-15,7,10,2025-10-17
USR0174,Org-Epsilon-Team2,Org-Epsilon,2025-11-17,1,33,2025-10-17
USR0174,Org-Epsilon-Team2,Org-Epsilon,2025-11-18,3,11,2025-10-17
USR0174,Org-Epsilon-Team2,Org-Epsilon,2025-11-19,4,26,2025-10-17
USR0174,Org-Epsilon-Team2,Org-Epsilon,2025-11-20,2,21,2025-10-17
USR0174,Org-Epsilon-Team2,Org-Epsilon,2025-11-21,8,28,2025-10-17
USR0174,Org-Epsilon-Team2,Org-Epsilon,2025-11-23,1,23,2025-10-17
USR0174,Org-Epsilon-Team2,Org-Epsilon,2025-11-24,8,32,2025-10-17
USR0174,Org-Epsilon-Team2,Org-Epsilon,2025-11-25,5,23,2025-10-17
USR0174,Org-Epsilon-Team2,Org-Epsilon,2025-11-29,4,4,2025-10-17
USR0174,Org-Epsilon-Team2,Org-Epsilon,2025-11-30,6,4,2025-10-17
USR0174,Org-Epsilon-Team2,Org-Epsilon,2025-12-01,3,1,2025-10-17
USR0174,Org-Epsilon-Team2,Org-Epsilon,2025-12-02,7,34,2025-10-17
USR0174,Org-Epsilon-Team2,Org-Epsilon,2025-12-03,8,36,2025-10-17
USR0174,Org-Epsilon-Team2,Org-Epsilon,2025-12-07,6,4,2025-10-17
USR0174,Org-Epsilon-Team2,Org-Epsilon,2025-12-08,6,33,2025-10-17
USR0174,Org-Epsilon-Team2,Org-Epsilon,2025-12-09,7,4,2025-10-17
USR0174,Org-Epsilon-Team2,Org-Epsilon,2025-12-10,1,18,2025-10-17
USR0174,Org-Epsilon-Team2,Org-Epsilon,2025-12-11,4,18,2025-10-17
USR0174,Org-Epsilon-Team2,Org-Epsilon,2025-12-12,8,23,2025-10-17
USR0174,Org-Epsilon-Team2,Org-Epsilon,2025-12-13,2,35,2025-10-17
USR0174,Org-Epsilon-Team2,Org-Epsilon,2025-12-15,7,35,2025-10-17
USR0174,Org-Epsilon-Team2,Org-Epsilon,2025-12-16,1,5,2025-10-17
USR0174,Org-Epsilon-Team2,Org-Epsilon,2025-12-20,2,4,2025-10-17
USR0174,Org-Epsilon-Team2,Org-Epsilon,2025-12-22,4,16,2025-10-17
USR0174,Org-Epsilon-Team2,Org-Epsilon,2025-12-23,1,7,2025-10-17
USR0174,Org-Epsilon-Team2,Org-Epsilon,2025-12-24,3,10,2025-10-17
USR0174,Org-Epsilon-Team2,Org-Epsilon,2025-12-25,4,35,2025-10-17
USR0174,Org-Epsilon-Team2,Org-Epsilon,2025-12-27,4,12,2025-10-17
USR0174,Org-Epsilon-Team2,Org-Epsilon,2025-12-28,4,5,2025-10-17
USR0174,Org-Epsilon-Team2,Org-Epsilon,2025-12-31,7,15,2025-10-17
USR0174,Org-Epsilon-Team2,Org-Epsilon,2026-01-01,1,16,2025-10-17
USR0174,Org-Epsilon-Team2,Org-Epsilon,2026-01-02,2,31,2025-10-17
USR0174,Org-Epsilon-Team2,Org-Epsilon,2026-01-06,5,32,2025-10-17
USR0174,Org-Epsilon-Team2,Org-Epsilon,2026-01-07,3,3,2025-10-17
USR0174,Org-Epsilon-Team2,Org-Epsilon,2026-01-08,6,9,2025-10-17
USR0174,Org-Epsilon-Team2,Org-Epsilon,2026-01-09,2,4,2025-10-17
USR0174,Org-Epsilon-Team2,Org-Epsilon,2026-01-12,7,16,2025-10-17
USR0174,Org-Epsilon-Team2,Org-Epsilon,2026-01-13,6,2,2025-10-17
USR0174,Org-Epsilon-Team2,Org-Epsilon,2026-01-17,3,14,2025-10-17
USR0174,Org-Epsilon-Team2,Org-Epsilon,2026-01-18,6,6,2025-10-17
USR0174,Org-Epsilon-Team2,Org-Epsilon,2026-01-21,2,40,2025-10-17
USR0174,Org-Epsilon-Team2,Org-Epsilon,2026-01-22,5,24,2025-10-17
USR0174,Org-Epsilon-Team2,Org-Epsilon,2026-01-23,6,27,2025-10-17
USR0174,Org-Epsilon-Team2,Org-Epsilon,2026-01-25,7,23,2025-10-17
USR0174,Org-Epsilon-Team2,Org-Epsilon,2026-01-26,2,39,2025-10-17
USR0174,Org-Epsilon-Team2,Org-Epsilon,2026-01-27,7,32,2025-10-17
USR0174,Org-Epsilon-Team2,Org-Epsilon,2026-01-28,8,29,2025-10-17
USR0174,Org-Epsilon-Team2,Org-Epsilon,2026-02-02,3,28,2025-10-17
USR0174,Org-Epsilon-Team2,Org-Epsilon,2026-02-03,6,26,2025-10-17
USR0174,Org-Epsilon-Team2,Org-Epsilon,2026-02-04,7,25,2025-10-17
USR0174,Org-Epsilon-Team2,Org-Epsilon,2026-02-06,4,2,2025-10-17
USR0174,Org-Epsilon-Team2,Org-Epsilon,2026-02-07,8,14,2025-10-17
USR0174,Org-Epsilon-Team2,Org-Epsilon,2026-02-08,4,35,2025-10-17
USR0174,Org-Epsilon-Team2,Org-Epsilon,2026-02-10,5,3,2025-10-17
USR0174,Org-Epsilon-Team2,Org-Epsilon,2026-02-11,3,14,2025-10-17
USR0174,Org-Epsilon-Team2,Org-Epsilon,2026-02-15,7,5,2025-10-17
USR0174,Org-Epsilon-Team2,Org-Epsilon,2026-02-16,7,25,2025-10-17
USR0174,Org-Epsilon-Team2,Org-Epsilon,2026-02-17,7,14,2025-10-17
USR0174,Org-Epsilon-Team2,Org-Epsilon,2026-02-19,2,5,2025-10-17
USR0174,Org-Epsilon-Team2,Org-Epsilon,2026-02-21,2,20,2025-10-17
USR0174,Org-Epsilon-Team2,Org-Epsilon,2026-02-22,2,24,2025-10-17
USR0174,Org-Epsilon-Team2,Org-Epsilon,2026-02-23,4,8,2025-10-17
USR0174,Org-Epsilon-Team2,Org-Epsilon,2026-02-27,7,17,2025-10-17
USR0174,Org-Epsilon-Team2,Org-Epsilon,2026-02-28,5,25,2025-10-17
USR0174,Org-Epsilon-Team2,Org-Epsilon,2026-03-01,7,38,2025-10-17
USR0174,Org-Epsilon-Team2,Org-Epsilon,2026-03-02,8,2,2025-10-17
USR0174,Org-Epsilon-Team2,Org-Epsilon,2026-03-03,4,1,2025-10-17
USR0174,Org-Epsilon-Team2,Org-Epsilon,2026-03-04,4,32,2025-10-17
USR0174,Org-Epsilon-Team2,Org-Epsilon,2026-03-07,4,6,2025-10-17
USR0174,Org-Epsilon-Team2,Org-Epsilon,2026-03-09,3,10,2025-10-17
USR0174,Org-Epsilon-Team2,Org-Epsilon,2026-03-13,3,31,2025-10-17
USR0174,Org-Epsilon-Team2,Org-Epsilon,2026-03-15,4,18,2025-10-17
USR0174,Org-Epsilon-Team2,Org-Epsilon,2026-03-16,5,4,2025-10-17
USR0174,Org-Epsilon-Team2,Org-Epsilon,2026-03-17,3,38,2025-10-17
USR0174,Org-Epsilon-Team2,Org-Epsilon,2026-03-18,8,11,2025-10-17
USR0174,Org-Epsilon-Team2,Org-Epsilon,2026-03-19,3,18,2025-10-17
USR0174,Org-Epsilon-Team2,Org-Epsilon,2026-03-20,4,2,2025-10-17
USR0174,Org-Epsilon-Team2,Org-Epsilon,2026-03-21,2,29,2025-10-17
USR0174,Org-Epsilon-Team2,Org-Epsilon,2026-03-27,8,34,2025-10-17
USR0175,Org-Beta-Team1,Org-Beta,2025-10-27,8,40,2025-10-27
USR0175,Org-Beta-Team1,Org-Beta,2025-10-29,3,7,2025-10-27
USR0175,Org-Beta-Team1,Org-Beta,2025-10-30,2,18,2025-10-27
USR0176,Org-Alpha-Team2,Org-Alpha,2025-10-20,2,36,2025-10-18
USR0176,Org-Alpha-Team2,Org-Alpha,2025-10-25,2,32,2025-10-18
USR0176,Org-Alpha-Team2,Org-Alpha,2025-10-26,6,27,2025-10-18
USR0176,Org-Alpha-Team2,Org-Alpha,2025-10-28,7,13,2025-10-18
USR0176,Org-Alpha-Team2,Org-Alpha,2025-10-30,8,24,2025-10-18
USR0176,Org-Alpha-Team2,Org-Alpha,2025-11-01,3,27,2025-10-18
USR0176,Org-Alpha-Team2,Org-Alpha,2025-11-02,5,39,2025-10-18
USR0176,Org-Alpha-Team2,Org-Alpha,2025-11-03,8,36,2025-10-18
USR0176,Org-Alpha-Team2,Org-Alpha,2025-11-04,2,37,2025-10-18
USR0176,Org-Alpha-Team2,Org-Alpha,2025-11-06,1,26,2025-10-18
USR0176,Org-Alpha-Team2,Org-Alpha,2025-11-07,3,4,2025-10-18
USR0176,Org-Alpha-Team2,Org-Alpha,2025-11-08,4,1,2025-10-18
USR0176,Org-Alpha-Team2,Org-Alpha,2025-11-09,7,32,2025-10-18
USR0176,Org-Alpha-Team2,Org-Alpha,2025-11-10,3,8,2025-10-18
USR0176,Org-Alpha-Team2,Org-Alpha,2025-11-11,4,27,2025-10-18
USR0176,Org-Alpha-Team2,Org-Alpha,2025-11-14,8,40,2025-10-18
USR0176,Org-Alpha-Team2,Org-Alpha,2025-11-16,1,3,2025-10-18
USR0176,Org-Alpha-Team2,Org-Alpha,2025-11-17,1,16,2025-10-18
USR0176,Org-Alpha-Team2,Org-Alpha,2025-11-18,3,39,2025-10-18
USR0176,Org-Alpha-Team2,Org-Alpha,2025-11-19,5,24,2025-10-18
USR0176,Org-Alpha-Team2,Org-Alpha,2025-11-20,6,33,2025-10-18
USR0176,Org-Alpha-Team2,Org-Alpha,2025-11-21,7,16,2025-10-18
USR0176,Org-Alpha-Team2,Org-Alpha,2025-11-24,2,10,2025-10-18
USR0176,Org-Alpha-Team2,Org-Alpha,2025-11-25,5,14,2025-10-18
USR0176,Org-Alpha-Team2,Org-Alpha,2025-11-27,6,22,2025-10-18
USR0176,Org-Alpha-Team2,Org-Alpha,2025-11-28,5,5,2025-10-18
USR0176,Org-Alpha-Team2,Org-Alpha,2025-12-01,2,17,2025-10-18
USR0176,Org-Alpha-Team2,Org-Alpha,2025-12-06,3,13,2025-10-18
USR0176,Org-Alpha-Team2,Org-Alpha,2025-12-07,1,8,2025-10-18
USR0176,Org-Alpha-Team2,Org-Alpha,2025-12-09,5,23,2025-10-18
USR0176,Org-Alpha-Team2,Org-Alpha,2025-12-10,4,36,2025-10-18
USR0176,Org-Alpha-Team2,Org-Alpha,2025-12-11,4,7,2025-10-18
USR0176,Org-Alpha-Team2,Org-Alpha,2025-12-12,4,4,2025-10-18
USR0176,Org-Alpha-Team2,Org-Alpha,2025-12-14,8,39,2025-10-18
USR0176,Org-Alpha-Team2,Org-Alpha,2025-12-15,6,40,2025-10-18
USR0176,Org-Alpha-Team2,Org-Alpha,2025-12-16,7,20,2025-10-18
USR0176,Org-Alpha-Team2,Org-Alpha,2025-12-17,8,9,2025-10-18
USR0176,Org-Alpha-Team2,Org-Alpha,2025-12-20,3,7,2025-10-18
USR0176,Org-Alpha-Team2,Org-Alpha,2025-12-21,4,22,2025-10-18
USR0176,Org-Alpha-Team2,Org-Alpha,2025-12-24,7,33,2025-10-18
USR0176,Org-Alpha-Team2,Org-Alpha,2025-12-25,4,14,2025-10-18
USR0176,Org-Alpha-Team2,Org-Alpha,2025-12-27,7,29,2025-10-18
USR0176,Org-Alpha-Team2,Org-Alpha,2025-12-28,3,8,2025-10-18
USR0176,Org-Alpha-Team2,Org-Alpha,2025-12-29,4,19,2025-10-18
USR0176,Org-Alpha-Team2,Org-Alpha,2026-01-01,3,11,2025-10-18
USR0176,Org-Alpha-Team2,Org-Alpha,2026-01-05,4,4,2025-10-18
USR0176,Org-Alpha-Team2,Org-Alpha,2026-01-06,4,12,2025-10-18
USR0176,Org-Alpha-Team2,Org-Alpha,2026-01-08,5,1,2025-10-18
USR0176,Org-Alpha-Team2,Org-Alpha,2026-01-09,2,20,2025-10-18
USR0176,Org-Alpha-Team2,Org-Alpha,2026-01-10,3,19,2025-10-18
USR0176,Org-Alpha-Team2,Org-Alpha,2026-01-12,5,10,2025-10-18
USR0176,Org-Alpha-Team2,Org-Alpha,2026-01-15,5,16,2025-10-18
USR0176,Org-Alpha-Team2,Org-Alpha,2026-01-18,5,29,2025-10-18
USR0176,Org-Alpha-Team2,Org-Alpha,2026-01-19,2,8,2025-10-18
USR0176,Org-Alpha-Team2,Org-Alpha,2026-01-21,2,22,2025-10-18
USR0176,Org-Alpha-Team2,Org-Alpha,2026-01-22,5,1,2025-10-18
USR0176,Org-Alpha-Team2,Org-Alpha,2026-01-24,2,20,2025-10-18
USR0176,Org-Alpha-Team2,Org-Alpha,2026-01-25,4,40,2025-10-18
USR0176,Org-Alpha-Team2,Org-Alpha,2026-01-26,2,13,2025-10-18
USR0176,Org-Alpha-Team2,Org-Alpha,2026-01-27,6,20,2025-10-18
USR0176,Org-Alpha-Team2,Org-Alpha,2026-01-29,6,6,2025-10-18
USR0176,Org-Alpha-Team2,Org-Alpha,2026-02-01,3,25,2025-10-18
USR0176,Org-Alpha-Team2,Org-Alpha,2026-02-05,4,21,2025-10-18
USR0176,Org-Alpha-Team2,Org-Alpha,2026-02-06,5,12,2025-10-18
USR0176,Org-Alpha-Team2,Org-Alpha,2026-02-08,3,3,2025-10-18
USR0176,Org-Alpha-Team2,Org-Alpha,2026-02-10,8,25,2025-10-18
USR0176,Org-Alpha-Team2,Org-Alpha,2026-02-12,7,39,2025-10-18
USR0176,Org-Alpha-Team2,Org-Alpha,2026-02-13,3,37,2025-10-18
USR0176,Org-Alpha-Team2,Org-Alpha,2026-02-14,4,35,2025-10-18
USR0176,Org-Alpha-Team2,Org-Alpha,2026-02-15,5,6,2025-10-18
USR0176,Org-Alpha-Team2,Org-Alpha,2026-02-18,4,39,2025-10-18
USR0176,Org-Alpha-Team2,Org-Alpha,2026-02-23,5,10,2025-10-18
USR0176,Org-Alpha-Team2,Org-Alpha,2026-02-24,7,28,2025-10-18
USR0176,Org-Alpha-Team2,Org-Alpha,2026-02-26,4,18,2025-10-18
USR0176,Org-Alpha-Team2,Org-Alpha,2026-02-27,4,20,2025-10-18
USR0176,Org-Alpha-Team2,Org-Alpha,2026-03-01,4,16,2025-10-18
USR0176,Org-Alpha-Team2,Org-Alpha,2026-03-02,8,24,2025-10-18
USR0176,Org-Alpha-Team2,Org-Alpha,2026-03-03,7,28,2025-10-18
USR0176,Org-Alpha-Team2,Org-Alpha,2026-03-05,1,33,2025-10-18
USR0176,Org-Alpha-Team2,Org-Alpha,2026-03-06,6,19,2025-10-18
USR0176,Org-Alpha-Team2,Org-Alpha,2026-03-07,4,36,2025-10-18
USR0176,Org-Alpha-Team2,Org-Alpha,2026-03-08,3,36,2025-10-18
USR0176,Org-Alpha-Team2,Org-Alpha,2026-03-09,1,29,2025-10-18
USR0176,Org-Alpha-Team2,Org-Alpha,2026-03-10,6,2,2025-10-18
USR0176,Org-Alpha-Team2,Org-Alpha,2026-03-11,6,11,2025-10-18
USR0176,Org-Alpha-Team2,Org-Alpha,2026-03-23,7,39,2025-10-18
USR0176,Org-Alpha-Team2,Org-Alpha,2026-03-25,6,14,2025-10-18
USR0176,Org-Alpha-Team2,Org-Alpha,2026-03-26,2,31,2025-10-18
USR0176,Org-Alpha-Team2,Org-Alpha,2026-03-27,1,17,2025-10-18
USR0176,Org-Alpha-Team2,Org-Alpha,2026-03-28,4,1,2025-10-18
USR0176,Org-Alpha-Team2,Org-Alpha,2026-03-29,6,18,2025-10-18
USR0176,Org-Alpha-Team2,Org-Alpha,2026-03-30,8,14,2025-10-18
USR0177,Org-Beta-Team1,Org-Beta,2025-10-12,7,28,2025-10-10
USR0177,Org-Beta-Team1,Org-Beta,2025-10-13,5,30,2025-10-10
USR0177,Org-Beta-Team1,Org-Beta,2025-10-14,2,30,2025-10-10
USR0178,Org-Beta-Team3,Org-Beta,2025-10-30,2,17,2025-10-28
USR0178,Org-Beta-Team3,Org-Beta,2025-11-02,4,34,2025-10-28
USR0178,Org-Beta-Team3,Org-Beta,2025-11-03,8,7,2025-10-28
USR0178,Org-Beta-Team3,Org-Beta,2025-11-04,8,23,2025-10-28
USR0179,Org-Delta-Team2,Org-Delta,2025-10-14,6,5,2025-10-14
USR0179,Org-Delta-Team2,Org-Delta,2025-10-15,7,2,2025-10-14
USR0179,Org-Delta-Team2,Org-Delta,2025-10-17,5,17,2025-10-14
USR0180,Org-Epsilon-Team2,Org-Epsilon,2025-10-20,4,24,2025-10-19
USR0180,Org-Epsilon-Team2,Org-Epsilon,2025-10-23,6,2,2025-10-19
USR0180,Org-Epsilon-Team2,Org-Epsilon,2025-10-26,1,22,2025-10-19
USR0180,Org-Epsilon-Team2,Org-Epsilon,2025-10-28,4,32,2025-10-19
USR0180,Org-Epsilon-Team2,Org-Epsilon,2025-10-29,1,9,2025-10-19
USR0180,Org-Epsilon-Team2,Org-Epsilon,2025-11-01,3,36,2025-10-19
USR0180,Org-Epsilon-Team2,Org-Epsilon,2025-11-02,8,35,2025-10-19
USR0180,Org-Epsilon-Team2,Org-Epsilon,2025-11-03,6,29,2025-10-19
USR0180,Org-Epsilon-Team2,Org-Epsilon,2025-11-04,1,9,2025-10-19
USR0180,Org-Epsilon-Team2,Org-Epsilon,2025-11-05,4,35,2025-10-19
USR0180,Org-Epsilon-Team2,Org-Epsilon,2025-11-06,8,28,2025-10-19
USR0180,Org-Epsilon-Team2,Org-Epsilon,2025-11-10,2,27,2025-10-19
USR0180,Org-Epsilon-Team2,Org-Epsilon,2025-11-12,5,37,2025-10-19
USR0180,Org-Epsilon-Team2,Org-Epsilon,2025-11-13,7,36,2025-10-19
USR0180,Org-Epsilon-Team2,Org-Epsilon,2025-11-16,6,15,2025-10-19
USR0180,Org-Epsilon-Team2,Org-Epsilon,2025-11-17,2,2,2025-10-19
USR0180,Org-Epsilon-Team2,Org-Epsilon,2025-11-20,7,39,2025-10-19
USR0180,Org-Epsilon-Team2,Org-Epsilon,2025-11-21,4,1,2025-10-19
USR0180,Org-Epsilon-Team2,Org-Epsilon,2025-11-24,6,10,2025-10-19
USR0180,Org-Epsilon-Team2,Org-Epsilon,2025-11-27,6,34,2025-10-19
USR0180,Org-Epsilon-Team2,Org-Epsilon,2025-11-28,8,4,2025-10-19
USR0180,Org-Epsilon-Team2,Org-Epsilon,2025-11-30,7,10,2025-10-19
USR0180,Org-Epsilon-Team2,Org-Epsilon,2025-12-01,4,28,2025-10-19
USR0180,Org-Epsilon-Team2,Org-Epsilon,2025-12-02,5,19,2025-10-19
USR0180,Org-Epsilon-Team2,Org-Epsilon,2025-12-03,5,26,2025-10-19
USR0180,Org-Epsilon-Team2,Org-Epsilon,2025-12-04,7,16,2025-10-19
USR0180,Org-Epsilon-Team2,Org-Epsilon,2025-12-05,2,10,2025-10-19
USR0180,Org-Epsilon-Team2,Org-Epsilon,2025-12-06,6,29,2025-10-19
USR0180,Org-Epsilon-Team2,Org-Epsilon,2025-12-08,1,29,2025-10-19
USR0180,Org-Epsilon-Team2,Org-Epsilon,2025-12-12,6,30,2025-10-19
USR0180,Org-Epsilon-Team2,Org-Epsilon,2025-12-13,7,12,2025-10-19
USR0180,Org-Epsilon-Team2,Org-Epsilon,2025-12-16,7,29,2025-10-19
USR0180,Org-Epsilon-Team2,Org-Epsilon,2025-12-17,1,33,2025-10-19
USR0180,Org-Epsilon-Team2,Org-Epsilon,2025-12-23,8,24,2025-10-19
USR0180,Org-Epsilon-Team2,Org-Epsilon,2025-12-30,6,13,2025-10-19
USR0180,Org-Epsilon-Team2,Org-Epsilon,2025-12-31,8,17,2025-10-19
USR0180,Org-Epsilon-Team2,Org-Epsilon,2026-01-05,8,27,2025-10-19
USR0180,Org-Epsilon-Team2,Org-Epsilon,2026-01-06,5,2,2025-10-19
USR0180,Org-Epsilon-Team2,Org-Epsilon,2026-01-07,3,2,2025-10-19
USR0180,Org-Epsilon-Team2,Org-Epsilon,2026-01-09,8,23,2025-10-19
USR0180,Org-Epsilon-Team2,Org-Epsilon,2026-01-10,8,23,2025-10-19
USR0180,Org-Epsilon-Team2,Org-Epsilon,2026-01-11,2,5,2025-10-19
USR0180,Org-Epsilon-Team2,Org-Epsilon,2026-01-12,8,14,2025-10-19
USR0180,Org-Epsilon-Team2,Org-Epsilon,2026-01-14,1,3,2025-10-19
USR0180,Org-Epsilon-Team2,Org-Epsilon,2026-01-16,5,3,2025-10-19
USR0180,Org-Epsilon-Team2,Org-Epsilon,2026-01-18,6,33,2025-10-19
USR0180,Org-Epsilon-Team2,Org-Epsilon,2026-01-19,5,17,2025-10-19
USR0180,Org-Epsilon-Team2,Org-Epsilon,2026-01-20,6,28,2025-10-19
USR0180,Org-Epsilon-Team2,Org-Epsilon,2026-01-21,6,12,2025-10-19
USR0180,Org-Epsilon-Team2,Org-Epsilon,2026-01-24,7,28,2025-10-19
USR0180,Org-Epsilon-Team2,Org-Epsilon,2026-01-29,1,17,2025-10-19
USR0180,Org-Epsilon-Team2,Org-Epsilon,2026-01-30,2,5,2025-10-19
USR0180,Org-Epsilon-Team2,Org-Epsilon,2026-01-31,4,20,2025-10-19
USR0180,Org-Epsilon-Team2,Org-Epsilon,2026-02-01,6,27,2025-10-19
USR0180,Org-Epsilon-Team2,Org-Epsilon,2026-02-02,7,21,2025-10-19
USR0180,Org-Epsilon-Team2,Org-Epsilon,2026-02-04,2,21,2025-10-19
USR0180,Org-Epsilon-Team2,Org-Epsilon,2026-02-05,8,18,2025-10-19
USR0180,Org-Epsilon-Team2,Org-Epsilon,2026-02-06,2,20,2025-10-19
USR0180,Org-Epsilon-Team2,Org-Epsilon,2026-02-08,7,6,2025-10-19
USR0180,Org-Epsilon-Team2,Org-Epsilon,2026-02-09,7,33,2025-10-19
USR0180,Org-Epsilon-Team2,Org-Epsilon,2026-02-10,1,18,2025-10-19
USR0180,Org-Epsilon-Team2,Org-Epsilon,2026-02-13,7,36,2025-10-19
USR0180,Org-Epsilon-Team2,Org-Epsilon,2026-02-16,6,9,2025-10-19
USR0180,Org-Epsilon-Team2,Org-Epsilon,2026-02-17,6,39,2025-10-19
USR0180,Org-Epsilon-Team2,Org-Epsilon,2026-02-18,1,34,2025-10-19
USR0180,Org-Epsilon-Team2,Org-Epsilon,2026-02-20,3,15,2025-10-19
USR0180,Org-Epsilon-Team2,Org-Epsilon,2026-02-22,3,37,2025-10-19
USR0180,Org-Epsilon-Team2,Org-Epsilon,2026-02-24,5,2,2025-10-19
USR0180,Org-Epsilon-Team2,Org-Epsilon,2026-02-25,8,16,2025-10-19
USR0180,Org-Epsilon-Team2,Org-Epsilon,2026-02-27,3,5,2025-10-19
USR0180,Org-Epsilon-Team2,Org-Epsilon,2026-02-28,6,5,2025-10-19
USR0180,Org-Epsilon-Team2,Org-Epsilon,2026-03-01,2,35,2025-10-19
USR0180,Org-Epsilon-Team2,Org-Epsilon,2026-03-02,1,20,2025-10-19
USR0180,Org-Epsilon-Team2,Org-Epsilon,2026-03-03,8,16,2025-10-19
USR0180,Org-Epsilon-Team2,Org-Epsilon,2026-03-04,2,17,2025-10-19
USR0180,Org-Epsilon-Team2,Org-Epsilon,2026-03-05,6,11,2025-10-19
USR0180,Org-Epsilon-Team2,Org-Epsilon,2026-03-06,5,20,2025-10-19
USR0180,Org-Epsilon-Team2,Org-Epsilon,2026-03-08,6,39,2025-10-19
USR0180,Org-Epsilon-Team2,Org-Epsilon,2026-03-09,2,2,2025-10-19
USR0180,Org-Epsilon-Team2,Org-Epsilon,2026-03-14,8,15,2025-10-19
USR0180,Org-Epsilon-Team2,Org-Epsilon,2026-03-17,7,27,2025-10-19
USR0180,Org-Epsilon-Team2,Org-Epsilon,2026-03-18,8,31,2025-10-19
USR0180,Org-Epsilon-Team2,Org-Epsilon,2026-03-19,4,6,2025-10-19
USR0180,Org-Epsilon-Team2,Org-Epsilon,2026-03-22,4,1,2025-10-19
USR0180,Org-Epsilon-Team2,Org-Epsilon,2026-03-23,6,13,2025-10-19
USR0180,Org-Epsilon-Team2,Org-Epsilon,2026-03-24,7,21,2025-10-19
USR0180,Org-Epsilon-Team2,Org-Epsilon,2026-03-25,2,23,2025-10-19
USR0180,Org-Epsilon-Team2,Org-Epsilon,2026-03-26,6,11,2025-10-19
USR0180,Org-Epsilon-Team2,Org-Epsilon,2026-03-28,6,22,2025-10-19
USR0180,Org-Epsilon-Team2,Org-Epsilon,2026-03-31,5,5,2025-10-19
USR0181,Org-Gamma-Team1,Org-Gamma,2025-10-31,2,25,2025-10-30
USR0181,Org-Gamma-Team1,Org-Gamma,2025-11-01,3,14,2025-10-30
USR0181,Org-Gamma-Team1,Org-Gamma,2025-11-02,2,38,2025-10-30
USR0181,Org-Gamma-Team1,Org-Gamma,2025-11-03,2,36,2025-10-30
USR0183,Org-Gamma-Team4,Org-Gamma,2025-10-04,3,39,2025-10-03
USR0183,Org-Gamma-Team4,Org-Gamma,2025-10-06,3,7,2025-10-03
USR0183,Org-Gamma-Team4,Org-Gamma,2025-10-09,4,4,2025-10-03
USR0183,Org-Gamma-Team4,Org-Gamma,2025-10-12,2,33,2025-10-03
USR0183,Org-Gamma-Team4,Org-Gamma,2025-10-13,8,13,2025-10-03
USR0183,Org-Gamma-Team4,Org-Gamma,2025-10-14,2,19,2025-10-03
USR0183,Org-Gamma-Team4,Org-Gamma,2025-10-16,4,6,2025-10-03
USR0183,Org-Gamma-Team4,Org-Gamma,2025-10-17,6,24,2025-10-03
USR0183,Org-Gamma-Team4,Org-Gamma,2025-10-18,1,5,2025-10-03
USR0183,Org-Gamma-Team4,Org-Gamma,2025-10-19,1,13,2025-10-03
USR0183,Org-Gamma-Team4,Org-Gamma,2025-10-20,5,19,2025-10-03
USR0183,Org-Gamma-Team4,Org-Gamma,2025-10-21,8,35,2025-10-03
USR0183,Org-Gamma-Team4,Org-Gamma,2025-10-22,2,4,2025-10-03
USR0183,Org-Gamma-Team4,Org-Gamma,2025-10-25,5,21,2025-10-03
USR0183,Org-Gamma-Team4,Org-Gamma,2025-10-26,7,28,2025-10-03
USR0183,Org-Gamma-Team4,Org-Gamma,2025-10-27,5,21,2025-10-03
USR0183,Org-Gamma-Team4,Org-Gamma,2025-10-29,3,39,2025-10-03
USR0183,Org-Gamma-Team4,Org-Gamma,2025-10-30,3,27,2025-10-03
USR0183,Org-Gamma-Team4,Org-Gamma,2025-11-02,6,10,2025-10-03
USR0183,Org-Gamma-Team4,Org-Gamma,2025-11-03,5,6,2025-10-03
USR0183,Org-Gamma-Team4,Org-Gamma,2025-11-07,2,25,2025-10-03
USR0183,Org-Gamma-Team4,Org-Gamma,2025-11-09,2,2,2025-10-03
USR0183,Org-Gamma-Team4,Org-Gamma,2025-11-10,3,11,2025-10-03
USR0183,Org-Gamma-Team4,Org-Gamma,2025-11-12,2,26,2025-10-03
USR0183,Org-Gamma-Team4,Org-Gamma,2025-11-13,7,33,2025-10-03
USR0183,Org-Gamma-Team4,Org-Gamma,2025-11-15,2,32,2025-10-03
USR0183,Org-Gamma-Team4,Org-Gamma,2025-11-16,7,11,2025-10-03
USR0183,Org-Gamma-Team4,Org-Gamma,2025-11-18,7,10,2025-10-03
USR0183,Org-Gamma-Team4,Org-Gamma,2025-11-19,4,18,2025-10-03
USR0183,Org-Gamma-Team4,Org-Gamma,2025-11-20,2,1,2025-10-03
USR0183,Org-Gamma-Team4,Org-Gamma,2025-11-21,4,9,2025-10-03
USR0183,Org-Gamma-Team4,Org-Gamma,2025-11-26,3,9,2025-10-03
USR0183,Org-Gamma-Team4,Org-Gamma,2025-11-27,8,4,2025-10-03
USR0183,Org-Gamma-Team4,Org-Gamma,2025-11-29,1,3,2025-10-03
USR0183,Org-Gamma-Team4,Org-Gamma,2025-12-03,6,40,2025-10-03
USR0183,Org-Gamma-Team4,Org-Gamma,2025-12-04,3,17,2025-10-03
USR0183,Org-Gamma-Team4,Org-Gamma,2025-12-06,2,10,2025-10-03
USR0183,Org-Gamma-Team4,Org-Gamma,2025-12-08,6,12,2025-10-03
USR0183,Org-Gamma-Team4,Org-Gamma,2025-12-11,1,10,2025-10-03
USR0183,Org-Gamma-Team4,Org-Gamma,2025-12-14,7,3,2025-10-03
USR0183,Org-Gamma-Team4,Org-Gamma,2025-12-15,1,12,2025-10-03
USR0183,Org-Gamma-Team4,Org-Gamma,2025-12-18,7,23,2025-10-03
USR0183,Org-Gamma-Team4,Org-Gamma,2025-12-21,7,39,2025-10-03
USR0183,Org-Gamma-Team4,Org-Gamma,2025-12-23,1,17,2025-10-03
USR0183,Org-Gamma-Team4,Org-Gamma,2025-12-27,6,28,2025-10-03
USR0183,Org-Gamma-Team4,Org-Gamma,2025-12-28,5,14,2025-10-03
USR0183,Org-Gamma-Team4,Org-Gamma,2025-12-29,7,22,2025-10-03
USR0183,Org-Gamma-Team4,Org-Gamma,2025-12-31,3,15,2025-10-03
USR0183,Org-Gamma-Team4,Org-Gamma,2026-01-01,8,34,2025-10-03
USR0183,Org-Gamma-Team4,Org-Gamma,2026-01-02,8,25,2025-10-03
USR0183,Org-Gamma-Team4,Org-Gamma,2026-01-03,4,5,2025-10-03
USR0183,Org-Gamma-Team4,Org-Gamma,2026-01-04,1,27,2025-10-03
USR0183,Org-Gamma-Team4,Org-Gamma,2026-01-07,1,6,2025-10-03
USR0183,Org-Gamma-Team4,Org-Gamma,2026-01-11,1,18,2025-10-03
USR0183,Org-Gamma-Team4,Org-Gamma,2026-01-12,5,29,2025-10-03
USR0183,Org-Gamma-Team4,Org-Gamma,2026-01-14,1,14,2025-10-03
USR0183,Org-Gamma-Team4,Org-Gamma,2026-01-15,4,22,2025-10-03
USR0183,Org-Gamma-Team4,Org-Gamma,2026-01-16,5,34,2025-10-03
USR0183,Org-Gamma-Team4,Org-Gamma,2026-01-17,6,16,2025-10-03
USR0183,Org-Gamma-Team4,Org-Gamma,2026-01-18,5,20,2025-10-03
USR0183,Org-Gamma-Team4,Org-Gamma,2026-01-19,2,17,2025-10-03
USR0183,Org-Gamma-Team4,Org-Gamma,2026-01-20,1,24,2025-10-03
USR0183,Org-Gamma-Team4,Org-Gamma,2026-01-21,8,9,2025-10-03
USR0183,Org-Gamma-Team4,Org-Gamma,2026-01-22,6,6,2025-10-03
USR0183,Org-Gamma-Team4,Org-Gamma,2026-01-24,4,4,2025-10-03
USR0183,Org-Gamma-Team4,Org-Gamma,2026-01-26,4,9,2025-10-03
USR0183,Org-Gamma-Team4,Org-Gamma,2026-01-28,1,36,2025-10-03
USR0183,Org-Gamma-Team4,Org-Gamma,2026-01-29,7,34,2025-10-03
USR0183,Org-Gamma-Team4,Org-Gamma,2026-01-31,6,25,2025-10-03
USR0183,Org-Gamma-Team4,Org-Gamma,2026-02-02,3,24,2025-10-03
USR0183,Org-Gamma-Team4,Org-Gamma,2026-02-05,3,11,2025-10-03
USR0183,Org-Gamma-Team4,Org-Gamma,2026-02-06,3,35,2025-10-03
USR0183,Org-Gamma-Team4,Org-Gamma,2026-02-09,4,10,2025-10-03
USR0183,Org-Gamma-Team4,Org-Gamma,2026-02-10,4,3,2025-10-03
USR0183,Org-Gamma-Team4,Org-Gamma,2026-02-11,6,28,2025-10-03
USR0183,Org-Gamma-Team4,Org-Gamma,2026-02-12,5,28,2025-10-03
USR0183,Org-Gamma-Team4,Org-Gamma,2026-02-13,7,32,2025-10-03
USR0183,Org-Gamma-Team4,Org-Gamma,2026-02-14,7,18,2025-10-03
USR0183,Org-Gamma-Team4,Org-Gamma,2026-02-15,4,31,2025-10-03
USR0183,Org-Gamma-Team4,Org-Gamma,2026-02-18,8,22,2025-10-03
USR0183,Org-Gamma-Team4,Org-Gamma,2026-02-19,4,23,2025-10-03
USR0183,Org-Gamma-Team4,Org-Gamma,2026-02-21,8,21,2025-10-03
USR0183,Org-Gamma-Team4,Org-Gamma,2026-02-25,3,33,2025-10-03
USR0183,Org-Gamma-Team4,Org-Gamma,2026-02-27,8,18,2025-10-03
USR0183,Org-Gamma-Team4,Org-Gamma,2026-02-28,2,19,2025-10-03
USR0183,Org-Gamma-Team4,Org-Gamma,2026-03-02,3,28,2025-10-03
USR0183,Org-Gamma-Team4,Org-Gamma,2026-03-03,2,8,2025-10-03
USR0183,Org-Gamma-Team4,Org-Gamma,2026-03-06,6,15,2025-10-03
USR0183,Org-Gamma-Team4,Org-Gamma,2026-03-07,7,23,2025-10-03
USR0183,Org-Gamma-Team4,Org-Gamma,2026-03-09,6,28,2025-10-03
USR0183,Org-Gamma-Team4,Org-Gamma,2026-03-10,2,40,2025-10-03
USR0183,Org-Gamma-Team4,Org-Gamma,2026-03-11,7,16,2025-10-03
USR0183,Org-Gamma-Team4,Org-Gamma,2026-03-13,1,37,2025-10-03
USR0183,Org-Gamma-Team4,Org-Gamma,2026-03-15,3,4,2025-10-03
USR0183,Org-Gamma-Team4,Org-Gamma,2026-03-17,4,3,2025-10-03
USR0183,Org-Gamma-Team4,Org-Gamma,2026-03-18,6,37,2025-10-03
USR0183,Org-Gamma-Team4,Org-Gamma,2026-03-19,3,12,2025-10-03
USR0183,Org-Gamma-Team4,Org-Gamma,2026-03-21,5,35,2025-10-03
USR0183,Org-Gamma-Team4,Org-Gamma,2026-03-23,3,31,2025-10-03
USR0183,Org-Gamma-Team4,Org-Gamma,2026-03-24,1,37,2025-10-03
USR0183,Org-Gamma-Team4,Org-Gamma,2026-03-27,1,6,2025-10-03
USR0183,Org-Gamma-Team4,Org-Gamma,2026-03-31,4,13,2025-10-03
USR0184,Org-Gamma-Team4,Org-Gamma,2025-10-30,6,15,2025-10-30
USR0184,Org-Gamma-Team4,Org-Gamma,2025-10-31,4,24,2025-10-30
USR0185,Org-Delta-Team3,Org-Delta,2025-10-26,8,7,2025-10-26
USR0185,Org-Delta-Team3,Org-Delta,2025-10-28,5,27,2025-10-26
USR0185,Org-Delta-Team3,Org-Delta,2025-10-30,3,26,2025-10-26
USR0185,Org-Delta-Team3,Org-Delta,2025-10-31,7,32,2025-10-26
USR0185,Org-Delta-Team3,Org-Delta,2025-11-04,3,32,2025-10-26
USR0185,Org-Delta-Team3,Org-Delta,2025-11-05,6,14,2025-10-26
USR0185,Org-Delta-Team3,Org-Delta,2025-11-06,5,40,2025-10-26
USR0185,Org-Delta-Team3,Org-Delta,2025-11-07,2,39,2025-10-26
USR0185,Org-Delta-Team3,Org-Delta,2025-11-11,8,10,2025-10-26
USR0185,Org-Delta-Team3,Org-Delta,2025-11-13,1,11,2025-10-26
USR0185,Org-Delta-Team3,Org-Delta,2025-11-22,1,32,2025-10-26
USR0185,Org-Delta-Team3,Org-Delta,2025-11-23,6,36,2025-10-26
USR0185,Org-Delta-Team3,Org-Delta,2025-11-24,3,25,2025-10-26
USR0185,Org-Delta-Team3,Org-Delta,2025-11-25,5,14,2025-10-26
USR0185,Org-Delta-Team3,Org-Delta,2025-11-27,8,33,2025-10-26
USR0185,Org-Delta-Team3,Org-Delta,2025-11-28,7,1,2025-10-26
USR0185,Org-Delta-Team3,Org-Delta,2025-11-29,1,31,2025-10-26
USR0185,Org-Delta-Team3,Org-Delta,2025-12-01,2,39,2025-10-26
USR0185,Org-Delta-Team3,Org-Delta,2025-12-02,8,31,2025-10-26
USR0185,Org-Delta-Team3,Org-Delta,2025-12-03,2,10,2025-10-26
USR0185,Org-Delta-Team3,Org-Delta,2025-12-04,5,20,2025-10-26
USR0185,Org-Delta-Team3,Org-Delta,2025-12-05,5,39,2025-10-26
USR0185,Org-Delta-Team3,Org-Delta,2025-12-07,2,28,2025-10-26
USR0185,Org-Delta-Team3,Org-Delta,2025-12-10,4,34,2025-10-26
USR0185,Org-Delta-Team3,Org-Delta,2025-12-12,8,18,2025-10-26
USR0185,Org-Delta-Team3,Org-Delta,2025-12-13,7,23,2025-10-26
USR0185,Org-Delta-Team3,Org-Delta,2025-12-14,6,38,2025-10-26
USR0185,Org-Delta-Team3,Org-Delta,2025-12-16,6,21,2025-10-26
USR0185,Org-Delta-Team3,Org-Delta,2025-12-17,5,14,2025-10-26
USR0185,Org-Delta-Team3,Org-Delta,2025-12-19,7,35,2025-10-26
USR0185,Org-Delta-Team3,Org-Delta,2025-12-20,8,7,2025-10-26
USR0185,Org-Delta-Team3,Org-Delta,2025-12-21,7,37,2025-10-26
USR0185,Org-Delta-Team3,Org-Delta,2025-12-22,3,1,2025-10-26
USR0185,Org-Delta-Team3,Org-Delta,2025-12-24,1,32,2025-10-26
USR0185,Org-Delta-Team3,Org-Delta,2025-12-25,4,20,2025-10-26
USR0185,Org-Delta-Team3,Org-Delta,2025-12-27,6,38,2025-10-26
USR0185,Org-Delta-Team3,Org-Delta,2025-12-28,2,4,2025-10-26
USR0185,Org-Delta-Team3,Org-Delta,2025-12-30,6,17,2025-10-26
USR0185,Org-Delta-Team3,Org-Delta,2025-12-31,4,19,2025-10-26
USR0185,Org-Delta-Team3,Org-Delta,2026-01-02,2,17,2025-10-26
USR0185,Org-Delta-Team3,Org-Delta,2026-01-04,3,23,2025-10-26
USR0185,Org-Delta-Team3,Org-Delta,2026-01-06,6,26,2025-10-26
USR0185,Org-Delta-Team3,Org-Delta,2026-01-07,4,22,2025-10-26
USR0185,Org-Delta-Team3,Org-Delta,2026-01-08,8,20,2025-10-26
USR0185,Org-Delta-Team3,Org-Delta,2026-01-09,6,24,2025-10-26
USR0185,Org-Delta-Team3,Org-Delta,2026-01-10,6,10,2025-10-26
USR0185,Org-Delta-Team3,Org-Delta,2026-01-11,3,35,2025-10-26
USR0185,Org-Delta-Team3,Org-Delta,2026-01-12,6,23,2025-10-26
USR0185,Org-Delta-Team3,Org-Delta,2026-01-13,6,32,2025-10-26
USR0185,Org-Delta-Team3,Org-Delta,2026-01-15,8,24,2025-10-26
USR0185,Org-Delta-Team3,Org-Delta,2026-01-17,7,26,2025-10-26
USR0185,Org-Delta-Team3,Org-Delta,2026-01-18,5,8,2025-10-26
USR0185,Org-Delta-Team3,Org-Delta,2026-01-20,4,14,2025-10-26
USR0185,Org-Delta-Team3,Org-Delta,2026-01-24,1,20,2025-10-26
USR0185,Org-Delta-Team3,Org-Delta,2026-01-25,2,17,2025-10-26
USR0185,Org-Delta-Team3,Org-Delta,2026-01-26,8,7,2025-10-26
USR0185,Org-Delta-Team3,Org-Delta,2026-01-27,8,38,2025-10-26
USR0185,Org-Delta-Team3,Org-Delta,2026-01-28,4,19,2025-10-26
USR0185,Org-Delta-Team3,Org-Delta,2026-01-29,6,21,2025-10-26
USR0185,Org-Delta-Team3,Org-Delta,2026-01-30,1,34,2025-10-26
USR0185,Org-Delta-Team3,Org-Delta,2026-02-01,5,24,2025-10-26
USR0185,Org-Delta-Team3,Org-Delta,2026-02-03,2,30,2025-10-26
USR0185,Org-Delta-Team3,Org-Delta,2026-02-04,7,7,2025-10-26
USR0185,Org-Delta-Team3,Org-Delta,2026-02-05,8,23,2025-10-26
USR0185,Org-Delta-Team3,Org-Delta,2026-02-07,1,7,2025-10-26
USR0185,Org-Delta-Team3,Org-Delta,2026-02-08,1,25,2025-10-26
USR0185,Org-Delta-Team3,Org-Delta,2026-02-09,5,37,2025-10-26
USR0185,Org-Delta-Team3,Org-Delta,2026-02-10,7,39,2025-10-26
USR0185,Org-Delta-Team3,Org-Delta,2026-02-11,6,21,2025-10-26
USR0185,Org-Delta-Team3,Org-Delta,2026-02-13,3,8,2025-10-26
USR0185,Org-Delta-Team3,Org-Delta,2026-02-15,4,36,2025-10-26
USR0185,Org-Delta-Team3,Org-Delta,2026-02-18,7,16,2025-10-26
USR0185,Org-Delta-Team3,Org-Delta,2026-02-19,4,28,2025-10-26
USR0185,Org-Delta-Team3,Org-Delta,2026-02-20,4,24,2025-10-26
USR0185,Org-Delta-Team3,Org-Delta,2026-02-24,1,32,2025-10-26
USR0185,Org-Delta-Team3,Org-Delta,2026-02-25,3,9,2025-10-26
USR0185,Org-Delta-Team3,Org-Delta,2026-02-26,4,18,2025-10-26
USR0185,Org-Delta-Team3,Org-Delta,2026-03-01,6,7,2025-10-26
USR0185,Org-Delta-Team3,Org-Delta,2026-03-04,4,4,2025-10-26
USR0185,Org-Delta-Team3,Org-Delta,2026-03-07,8,20,2025-10-26
USR0185,Org-Delta-Team3,Org-Delta,2026-03-09,7,15,2025-10-26
USR0185,Org-Delta-Team3,Org-Delta,2026-03-10,7,29,2025-10-26
USR0185,Org-Delta-Team3,Org-Delta,2026-03-14,1,13,2025-10-26
USR0185,Org-Delta-Team3,Org-Delta,2026-03-18,1,30,2025-10-26
USR0185,Org-Delta-Team3,Org-Delta,2026-03-20,6,28,2025-10-26
USR0185,Org-Delta-Team3,Org-Delta,2026-03-22,3,25,2025-10-26
USR0185,Org-Delta-Team3,Org-Delta,2026-03-24,6,12,2025-10-26
USR0185,Org-Delta-Team3,Org-Delta,2026-03-27,8,38,2025-10-26
USR0185,Org-Delta-Team3,Org-Delta,2026-03-31,7,28,2025-10-26
USR0187,Org-Delta-Team2,Org-Delta,2025-10-31,5,11,2025-10-31
USR0187,Org-Delta-Team2,Org-Delta,2025-11-01,3,25,2025-10-31
USR0187,Org-Delta-Team2,Org-Delta,2025-11-02,2,38,2025-10-31
USR0187,Org-Delta-Team2,Org-Delta,2025-11-03,3,22,2025-10-31
USR0187,Org-Delta-Team2,Org-Delta,2025-11-06,6,29,2025-10-31
USR0188,Org-Alpha-Team3,Org-Alpha,2025-10-23,6,18,2025-10-21
USR0188,Org-Alpha-Team3,Org-Alpha,2025-10-24,2,8,2025-10-21
USR0188,Org-Alpha-Team3,Org-Alpha,2025-10-25,6,6,2025-10-21
USR0189,Org-Delta-Team4,Org-Delta,2025-10-07,1,22,2025-10-07
USR0189,Org-Delta-Team4,Org-Delta,2025-10-08,4,36,2025-10-07
USR0189,Org-Delta-Team4,Org-Delta,2025-10-11,4,29,2025-10-07
USR0190,Org-Delta-Team2,Org-Delta,2025-10-27,5,7,2025-10-27
USR0190,Org-Delta-Team2,Org-Delta,2025-10-28,5,32,2025-10-27
USR0190,Org-Delta-Team2,Org-Delta,2025-10-30,3,11,2025-10-27
USR0190,Org-Delta-Team2,Org-Delta,2025-10-31,2,17,2025-10-27
USR0190,Org-Delta-Team2,Org-Delta,2025-11-02,4,21,2025-10-27
USR0190,Org-Delta-Team2,Org-Delta,2025-11-03,1,7,2025-10-27
USR0190,Org-Delta-Team2,Org-Delta,2025-11-04,8,11,2025-10-27
USR0190,Org-Delta-Team2,Org-Delta,2025-11-05,7,1,2025-10-27
USR0190,Org-Delta-Team2,Org-Delta,2025-11-06,8,26,2025-10-27
USR0190,Org-Delta-Team2,Org-Delta,2025-11-08,8,3,2025-10-27
USR0190,Org-Delta-Team2,Org-Delta,2025-11-10,7,31,2025-10-27
USR0190,Org-Delta-Team2,Org-Delta,2025-11-11,4,30,2025-10-27
USR0190,Org-Delta-Team2,Org-Delta,2025-11-12,6,1,2025-10-27
USR0190,Org-Delta-Team2,Org-Delta,2025-11-13,8,5,2025-10-27
USR0190,Org-Delta-Team2,Org-Delta,2025-11-15,2,32,2025-10-27
USR0190,Org-Delta-Team2,Org-Delta,2025-11-16,5,35,2025-10-27
USR0190,Org-Delta-Team2,Org-Delta,2025-11-17,7,36,2025-10-27
USR0190,Org-Delta-Team2,Org-Delta,2025-11-18,5,7,2025-10-27
USR0190,Org-Delta-Team2,Org-Delta,2025-11-19,4,3,2025-10-27
USR0190,Org-Delta-Team2,Org-Delta,2025-11-20,3,25,2025-10-27
USR0190,Org-Delta-Team2,Org-Delta,2025-11-24,7,30,2025-10-27
USR0190,Org-Delta-Team2,Org-Delta,2025-11-25,2,26,2025-10-27
USR0190,Org-Delta-Team2,Org-Delta,2025-11-26,4,39,2025-10-27
USR0190,Org-Delta-Team2,Org-Delta,2025-11-28,5,37,2025-10-27
USR0190,Org-Delta-Team2,Org-Delta,2025-11-29,8,1,2025-10-27
USR0190,Org-Delta-Team2,Org-Delta,2025-11-30,3,22,2025-10-27
USR0190,Org-Delta-Team2,Org-Delta,2025-12-04,1,8,2025-10-27
USR0190,Org-Delta-Team2,Org-Delta,2025-12-05,6,36,2025-10-27
USR0190,Org-Delta-Team2,Org-Delta,2025-12-06,4,26,2025-10-27
USR0190,Org-Delta-Team2,Org-Delta,2025-12-08,7,30,2025-10-27
USR0190,Org-Delta-Team2,Org-Delta,2025-12-10,3,8,2025-10-27
USR0190,Org-Delta-Team2,Org-Delta,2025-12-13,4,26,2025-10-27
USR0190,Org-Delta-Team2,Org-Delta,2025-12-16,3,26,2025-10-27
USR0190,Org-Delta-Team2,Org-Delta,2025-12-18,2,28,2025-10-27
USR0190,Org-Delta-Team2,Org-Delta,2025-12-19,1,36,2025-10-27
USR0190,Org-Delta-Team2,Org-Delta,2025-12-21,5,33,2025-10-27
USR0190,Org-Delta-Team2,Org-Delta,2025-12-22,4,13,2025-10-27
USR0190,Org-Delta-Team2,Org-Delta,2025-12-24,4,33,2025-10-27
USR0190,Org-Delta-Team2,Org-Delta,2025-12-26,2,1,2025-10-27
USR0190,Org-Delta-Team2,Org-Delta,2025-12-27,8,16,2025-10-27
USR0190,Org-Delta-Team2,Org-Delta,2025-12-29,2,31,2025-10-27
USR0190,Org-Delta-Team2,Org-Delta,2025-12-30,5,25,2025-10-27
USR0190,Org-Delta-Team2,Org-Delta,2025-12-31,6,8,2025-10-27
USR0190,Org-Delta-Team2,Org-Delta,2026-01-01,3,6,2025-10-27
USR0190,Org-Delta-Team2,Org-Delta,2026-01-02,2,10,2025-10-27
USR0190,Org-Delta-Team2,Org-Delta,2026-01-04,2,37,2025-10-27
USR0190,Org-Delta-Team2,Org-Delta,2026-01-05,8,37,2025-10-27
USR0190,Org-Delta-Team2,Org-Delta,2026-01-06,4,22,2025-10-27
USR0190,Org-Delta-Team2,Org-Delta,2026-01-09,8,32,2025-10-27
USR0190,Org-Delta-Team2,Org-Delta,2026-01-10,8,2,2025-10-27
USR0190,Org-Delta-Team2,Org-Delta,2026-01-11,6,27,2025-10-27
USR0190,Org-Delta-Team2,Org-Delta,2026-01-12,1,37,2025-10-27
USR0190,Org-Delta-Team2,Org-Delta,2026-01-13,3,17,2025-10-27
USR0190,Org-Delta-Team2,Org-Delta,2026-01-16,2,26,2025-10-27
USR0190,Org-Delta-Team2,Org-Delta,2026-01-17,4,36,2025-10-27
USR0190,Org-Delta-Team2,Org-Delta,2026-01-18,4,16,2025-10-27
USR0190,Org-Delta-Team2,Org-Delta,2026-01-19,5,8,2025-10-27
USR0190,Org-Delta-Team2,Org-Delta,2026-01-21,7,30,2025-10-27
USR0190,Org-Delta-Team2,Org-Delta,2026-01-22,7,4,2025-10-27
USR0190,Org-Delta-Team2,Org-Delta,2026-01-23,5,15,2025-10-27
USR0190,Org-Delta-Team2,Org-Delta,2026-01-24,8,15,2025-10-27
USR0190,Org-Delta-Team2,Org-Delta,2026-01-27,4,3,2025-10-27
USR0190,Org-Delta-Team2,Org-Delta,2026-01-28,3,17,2025-10-27
USR0190,Org-Delta-Team2,Org-Delta,2026-01-29,7,29,2025-10-27
USR0190,Org-Delta-Team2,Org-Delta,2026-01-30,8,17,2025-10-27
USR0190,Org-Delta-Team2,Org-Delta,2026-02-01,1,20,2025-10-27
USR0190,Org-Delta-Team2,Org-Delta,2026-02-02,1,38,2025-10-27
USR0190,Org-Delta-Team2,Org-Delta,2026-02-03,8,14,2025-10-27
USR0190,Org-Delta-Team2,Org-Delta,2026-02-05,6,25,2025-10-27
USR0190,Org-Delta-Team2,Org-Delta,2026-02-06,6,19,2025-10-27
USR0190,Org-Delta-Team2,Org-Delta,2026-02-07,1,30,2025-10-27
USR0190,Org-Delta-Team2,Org-Delta,2026-02-08,6,38,2025-10-27
USR0190,Org-Delta-Team2,Org-Delta,2026-02-10,8,27,2025-10-27
USR0190,Org-Delta-Team2,Org-Delta,2026-02-12,1,31,2025-10-27
USR0190,Org-Delta-Team2,Org-Delta,2026-02-14,7,20,2025-10-27
USR0190,Org-Delta-Team2,Org-Delta,2026-02-16,6,27,2025-10-27
USR0190,Org-Delta-Team2,Org-Delta,2026-02-17,3,33,2025-10-27
USR0190,Org-Delta-Team2,Org-Delta,2026-02-18,8,10,2025-10-27
USR0190,Org-Delta-Team2,Org-Delta,2026-02-19,4,19,2025-10-27
USR0190,Org-Delta-Team2,Org-Delta,2026-02-20,5,2,2025-10-27
USR0190,Org-Delta-Team2,Org-Delta,2026-02-22,5,25,2025-10-27
USR0190,Org-Delta-Team2,Org-Delta,2026-02-23,6,27,2025-10-27
USR0190,Org-Delta-Team2,Org-Delta,2026-02-24,7,25,2025-10-27
USR0190,Org-Delta-Team2,Org-Delta,2026-02-27,7,5,2025-10-27
USR0190,Org-Delta-Team2,Org-Delta,2026-02-28,3,27,2025-10-27
USR0190,Org-Delta-Team2,Org-Delta,2026-03-02,8,29,2025-10-27
USR0190,Org-Delta-Team2,Org-Delta,2026-03-04,6,30,2025-10-27
USR0190,Org-Delta-Team2,Org-Delta,2026-03-05,4,37,2025-10-27
USR0190,Org-Delta-Team2,Org-Delta,2026-03-06,7,10,2025-10-27
USR0190,Org-Delta-Team2,Org-Delta,2026-03-07,8,30,2025-10-27
USR0190,Org-Delta-Team2,Org-Delta,2026-03-08,8,5,2025-10-27
USR0190,Org-Delta-Team2,Org-Delta,2026-03-10,8,16,2025-10-27
USR0190,Org-Delta-Team2,Org-Delta,2026-03-12,7,12,2025-10-27
USR0190,Org-Delta-Team2,Org-Delta,2026-03-13,1,27,2025-10-27
USR0190,Org-Delta-Team2,Org-Delta,2026-03-14,3,19,2025-10-27
USR0190,Org-Delta-Team2,Org-Delta,2026-03-15,4,13,2025-10-27
USR0190,Org-Delta-Team2,Org-Delta,2026-03-18,3,14,2025-10-27
USR0190,Org-Delta-Team2,Org-Delta,2026-03-21,7,2,2025-10-27
USR0190,Org-Delta-Team2,Org-Delta,2026-03-27,5,15,2025-10-27
USR0190,Org-Delta-Team2,Org-Delta,2026-03-29,6,9,2025-10-27
USR0190,Org-Delta-Team2,Org-Delta,2026-03-30,8,35,2025-10-27
USR0191,Org-Epsilon-Team1,Org-Epsilon,2025-10-11,3,33,2025-10-11
USR0191,Org-Epsilon-Team1,Org-Epsilon,2025-10-12,8,4,2025-10-11
USR0191,Org-Epsilon-Team1,Org-Epsilon,2025-10-13,7,17,2025-10-11
USR0191,Org-Epsilon-Team1,Org-Epsilon,2025-10-14,6,19,2025-10-11
USR0191,Org-Epsilon-Team1,Org-Epsilon,2025-10-15,6,16,2025-10-11
USR0191,Org-Epsilon-Team1,Org-Epsilon,2025-10-16,1,17,2025-10-11
USR0192,Org-Epsilon-Team1,Org-Epsilon,2025-10-07,1,21,2025-10-06
USR0192,Org-Epsilon-Team1,Org-Epsilon,2025-10-08,8,27,2025-10-06
USR0193,Org-Alpha-Team1,Org-Alpha,2025-10-10,1,31,2025-10-10
USR0193,Org-Alpha-Team1,Org-Alpha,2025-10-11,7,36,2025-10-10
USR0193,Org-Alpha-Team1,Org-Alpha,2025-10-12,8,35,2025-10-10
USR0193,Org-Alpha-Team1,Org-Alpha,2025-10-13,3,3,2025-10-10
USR0193,Org-Alpha-Team1,Org-Alpha,2025-10-14,3,11,2025-10-10
USR0193,Org-Alpha-Team1,Org-Alpha,2025-10-15,2,31,2025-10-10
USR0193,Org-Alpha-Team1,Org-Alpha,2025-10-16,2,40,2025-10-10
USR0193,Org-Alpha-Team1,Org-Alpha,2025-10-19,7,14,2025-10-10
USR0193,Org-Alpha-Team1,Org-Alpha,2025-10-23,8,37,2025-10-10
USR0193,Org-Alpha-Team1,Org-Alpha,2025-10-24,8,11,2025-10-10
USR0193,Org-Alpha-Team1,Org-Alpha,2025-10-26,4,5,2025-10-10
USR0193,Org-Alpha-Team1,Org-Alpha,2025-10-27,3,20,2025-10-10
USR0193,Org-Alpha-Team1,Org-Alpha,2025-10-28,7,12,2025-10-10
USR0193,Org-Alpha-Team1,Org-Alpha,2025-10-29,2,31,2025-10-10
USR0193,Org-Alpha-Team1,Org-Alpha,2025-10-31,5,20,2025-10-10
USR0193,Org-Alpha-Team1,Org-Alpha,2025-11-01,1,16,2025-10-10
USR0193,Org-Alpha-Team1,Org-Alpha,2025-11-02,3,35,2025-10-10
USR0193,Org-Alpha-Team1,Org-Alpha,2025-11-03,1,31,2025-10-10
USR0193,Org-Alpha-Team1,Org-Alpha,2025-11-04,6,6,2025-10-10
USR0193,Org-Alpha-Team1,Org-Alpha,2025-11-06,8,20,2025-10-10
USR0193,Org-Alpha-Team1,Org-Alpha,2025-11-07,2,10,2025-10-10
USR0193,Org-Alpha-Team1,Org-Alpha,2025-11-09,3,1,2025-10-10
USR0193,Org-Alpha-Team1,Org-Alpha,2025-11-10,8,24,2025-10-10
USR0193,Org-Alpha-Team1,Org-Alpha,2025-11-11,5,5,2025-10-10
USR0193,Org-Alpha-Team1,Org-Alpha,2025-11-12,8,40,2025-10-10
USR0193,Org-Alpha-Team1,Org-Alpha,2025-11-13,2,4,2025-10-10
USR0193,Org-Alpha-Team1,Org-Alpha,2025-11-15,7,9,2025-10-10
USR0193,Org-Alpha-Team1,Org-Alpha,2025-11-17,1,7,2025-10-10
USR0193,Org-Alpha-Team1,Org-Alpha,2025-11-18,7,37,2025-10-10
USR0193,Org-Alpha-Team1,Org-Alpha,2025-11-19,5,11,2025-10-10
USR0193,Org-Alpha-Team1,Org-Alpha,2025-11-21,7,4,2025-10-10
USR0193,Org-Alpha-Team1,Org-Alpha,2025-11-22,6,19,2025-10-10
USR0193,Org-Alpha-Team1,Org-Alpha,2025-11-26,6,33,2025-10-10
USR0193,Org-Alpha-Team1,Org-Alpha,2025-11-28,4,36,2025-10-10
USR0193,Org-Alpha-Team1,Org-Alpha,2025-11-29,1,28,2025-10-10
USR0193,Org-Alpha-Team1,Org-Alpha,2025-11-30,2,17,2025-10-10
USR0193,Org-Alpha-Team1,Org-Alpha,2025-12-01,3,15,2025-10-10
USR0193,Org-Alpha-Team1,Org-Alpha,2025-12-02,8,5,2025-10-10
USR0193,Org-Alpha-Team1,Org-Alpha,2025-12-03,6,33,2025-10-10
USR0193,Org-Alpha-Team1,Org-Alpha,2025-12-06,2,24,2025-10-10
USR0193,Org-Alpha-Team1,Org-Alpha,2025-12-07,2,37,2025-10-10
USR0193,Org-Alpha-Team1,Org-Alpha,2025-12-08,8,9,2025-10-10
USR0193,Org-Alpha-Team1,Org-Alpha,2025-12-09,3,23,2025-10-10
USR0193,Org-Alpha-Team1,Org-Alpha,2025-12-10,3,3,2025-10-10
USR0193,Org-Alpha-Team1,Org-Alpha,2025-12-11,3,36,2025-10-10
USR0193,Org-Alpha-Team1,Org-Alpha,2025-12-13,4,15,2025-10-10
USR0193,Org-Alpha-Team1,Org-Alpha,2025-12-16,1,18,2025-10-10
USR0193,Org-Alpha-Team1,Org-Alpha,2025-12-17,4,31,2025-10-10
USR0193,Org-Alpha-Team1,Org-Alpha,2025-12-18,3,38,2025-10-10
USR0193,Org-Alpha-Team1,Org-Alpha,2025-12-20,6,21,2025-10-10
USR0193,Org-Alpha-Team1,Org-Alpha,2025-12-22,4,39,2025-10-10
USR0193,Org-Alpha-Team1,Org-Alpha,2025-12-24,3,2,2025-10-10
USR0193,Org-Alpha-Team1,Org-Alpha,2025-12-26,8,20,2025-10-10
USR0193,Org-Alpha-Team1,Org-Alpha,2025-12-28,5,12,2025-10-10
USR0193,Org-Alpha-Team1,Org-Alpha,2025-12-29,8,16,2025-10-10
USR0193,Org-Alpha-Team1,Org-Alpha,2025-12-30,3,25,2025-10-10
USR0193,Org-Alpha-Team1,Org-Alpha,2025-12-31,2,34,2025-10-10
USR0193,Org-Alpha-Team1,Org-Alpha,2026-01-02,2,12,2025-10-10
USR0193,Org-Alpha-Team1,Org-Alpha,2026-01-03,8,29,2025-10-10
USR0193,Org-Alpha-Team1,Org-Alpha,2026-01-04,7,30,2025-10-10
USR0193,Org-Alpha-Team1,Org-Alpha,2026-01-05,5,20,2025-10-10
USR0193,Org-Alpha-Team1,Org-Alpha,2026-01-06,5,13,2025-10-10
USR0193,Org-Alpha-Team1,Org-Alpha,2026-01-08,5,40,2025-10-10
USR0193,Org-Alpha-Team1,Org-Alpha,2026-01-10,3,39,2025-10-10
USR0193,Org-Alpha-Team1,Org-Alpha,2026-01-12,8,8,2025-10-10
USR0193,Org-Alpha-Team1,Org-Alpha,2026-01-13,7,20,2025-10-10
USR0193,Org-Alpha-Team1,Org-Alpha,2026-01-14,1,11,2025-10-10
USR0193,Org-Alpha-Team1,Org-Alpha,2026-01-16,4,18,2025-10-10
USR0193,Org-Alpha-Team1,Org-Alpha,2026-01-20,8,38,2025-10-10
USR0193,Org-Alpha-Team1,Org-Alpha,2026-01-25,1,39,2025-10-10
USR0193,Org-Alpha-Team1,Org-Alpha,2026-01-26,6,31,2025-10-10
USR0193,Org-Alpha-Team1,Org-Alpha,2026-01-27,7,9,2025-10-10
USR0193,Org-Alpha-Team1,Org-Alpha,2026-01-28,3,26,2025-10-10
USR0193,Org-Alpha-Team1,Org-Alpha,2026-01-29,3,9,2025-10-10
USR0193,Org-Alpha-Team1,Org-Alpha,2026-01-30,3,3,2025-10-10
USR0193,Org-Alpha-Team1,Org-Alpha,2026-01-31,4,4,2025-10-10
USR0193,Org-Alpha-Team1,Org-Alpha,2026-02-01,2,18,2025-10-10
USR0193,Org-Alpha-Team1,Org-Alpha,2026-02-04,2,22,2025-10-10
USR0193,Org-Alpha-Team1,Org-Alpha,2026-02-05,4,7,2025-10-10
USR0193,Org-Alpha-Team1,Org-Alpha,2026-02-07,8,12,2025-10-10
USR0193,Org-Alpha-Team1,Org-Alpha,2026-02-09,2,17,2025-10-10
USR0193,Org-Alpha-Team1,Org-Alpha,2026-02-10,6,27,2025-10-10
USR0193,Org-Alpha-Team1,Org-Alpha,2026-02-11,1,1,2025-10-10
USR0193,Org-Alpha-Team1,Org-Alpha,2026-02-13,3,40,2025-10-10
USR0193,Org-Alpha-Team1,Org-Alpha,2026-02-15,6,40,2025-10-10
USR0193,Org-Alpha-Team1,Org-Alpha,2026-02-16,5,29,2025-10-10
USR0193,Org-Alpha-Team1,Org-Alpha,2026-02-18,4,21,2025-10-10
USR0193,Org-Alpha-Team1,Org-Alpha,2026-02-22,8,6,2025-10-10
USR0193,Org-Alpha-Team1,Org-Alpha,2026-02-24,1,11,2025-10-10
USR0193,Org-Alpha-Team1,Org-Alpha,2026-02-25,3,20,2025-10-10
USR0193,Org-Alpha-Team1,Org-Alpha,2026-02-26,4,26,2025-10-10
USR0193,Org-Alpha-Team1,Org-Alpha,2026-02-27,1,13,2025-10-10
USR0193,Org-Alpha-Team1,Org-Alpha,2026-02-28,1,37,2025-10-10
USR0193,Org-Alpha-Team1,Org-Alpha,2026-03-01,1,28,2025-10-10
USR0193,Org-Alpha-Team1,Org-Alpha,2026-03-02,8,27,2025-10-10
USR0193,Org-Alpha-Team1,Org-Alpha,2026-03-03,5,20,2025-10-10
USR0193,Org-Alpha-Team1,Org-Alpha,2026-03-04,8,16,2025-10-10
USR0193,Org-Alpha-Team1,Org-Alpha,2026-03-07,1,19,2025-10-10
USR0193,Org-Alpha-Team1,Org-Alpha,2026-03-08,4,8,2025-10-10
USR0193,Org-Alpha-Team1,Org-Alpha,2026-03-09,8,39,2025-10-10
USR0193,Org-Alpha-Team1,Org-Alpha,2026-03-10,1,28,2025-10-10
USR0193,Org-Alpha-Team1,Org-Alpha,2026-03-11,6,18,2025-10-10
USR0193,Org-Alpha-Team1,Org-Alpha,2026-03-13,4,20,2025-10-10
USR0193,Org-Alpha-Team1,Org-Alpha,2026-03-16,1,18,2025-10-10
USR0193,Org-Alpha-Team1,Org-Alpha,2026-03-17,4,38,2025-10-10
USR0193,Org-Alpha-Team1,Org-Alpha,2026-03-21,8,36,2025-10-10
USR0193,Org-Alpha-Team1,Org-Alpha,2026-03-23,4,16,2025-10-10
USR0193,Org-Alpha-Team1,Org-Alpha,2026-03-26,4,16,2025-10-10
USR0193,Org-Alpha-Team1,Org-Alpha,2026-03-27,8,15,2025-10-10
USR0193,Org-Alpha-Team1,Org-Alpha,2026-03-28,4,14,2025-10-10
USR0193,Org-Alpha-Team1,Org-Alpha,2026-03-29,4,28,2025-10-10
USR0193,Org-Alpha-Team1,Org-Alpha,2026-03-30,3,10,2025-10-10
USR0193,Org-Alpha-Team1,Org-Alpha,2026-03-31,8,17,2025-10-10
USR0194,Org-Beta-Team2,Org-Beta,2025-10-01,8,11,2025-10-01
USR0194,Org-Beta-Team2,Org-Beta,2025-10-02,4,23,2025-10-01
USR0194,Org-Beta-Team2,Org-Beta,2025-10-03,2,26,2025-10-01
USR0194,Org-Beta-Team2,Org-Beta,2025-10-04,4,9,2025-10-01
USR0194,Org-Beta-Team2,Org-Beta,2025-10-05,1,32,2025-10-01
USR0195,Org-Epsilon-Team4,Org-Epsilon,2025-10-12,8,4,2025-10-12
USR0195,Org-Epsilon-Team4,Org-Epsilon,2025-10-15,1,18,2025-10-12
USR0195,Org-Epsilon-Team4,Org-Epsilon,2025-10-16,5,22,2025-10-12
USR0195,Org-Epsilon-Team4,Org-Epsilon,2025-10-17,2,6,2025-10-12
USR0195,Org-Epsilon-Team4,Org-Epsilon,2025-10-18,3,24,2025-10-12
USR0195,Org-Epsilon-Team4,Org-Epsilon,2025-10-21,4,33,2025-10-12
USR0195,Org-Epsilon-Team4,Org-Epsilon,2025-10-23,8,34,2025-10-12
USR0195,Org-Epsilon-Team4,Org-Epsilon,2025-10-24,2,16,2025-10-12
USR0195,Org-Epsilon-Team4,Org-Epsilon,2025-10-29,4,20,2025-10-12
USR0195,Org-Epsilon-Team4,Org-Epsilon,2025-10-31,2,40,2025-10-12
USR0195,Org-Epsilon-Team4,Org-Epsilon,2025-11-02,6,32,2025-10-12
USR0195,Org-Epsilon-Team4,Org-Epsilon,2025-11-04,8,8,2025-10-12
USR0195,Org-Epsilon-Team4,Org-Epsilon,2025-11-06,4,12,2025-10-12
USR0195,Org-Epsilon-Team4,Org-Epsilon,2025-11-09,5,27,2025-10-12
USR0195,Org-Epsilon-Team4,Org-Epsilon,2025-11-10,7,8,2025-10-12
USR0195,Org-Epsilon-Team4,Org-Epsilon,2025-11-12,2,35,2025-10-12
USR0195,Org-Epsilon-Team4,Org-Epsilon,2025-11-16,3,1,2025-10-12
USR0195,Org-Epsilon-Team4,Org-Epsilon,2025-11-18,7,5,2025-10-12
USR0195,Org-Epsilon-Team4,Org-Epsilon,2025-11-19,5,10,2025-10-12
USR0195,Org-Epsilon-Team4,Org-Epsilon,2025-11-20,7,33,2025-10-12
USR0195,Org-Epsilon-Team4,Org-Epsilon,2025-11-23,8,30,2025-10-12
USR0195,Org-Epsilon-Team4,Org-Epsilon,2025-11-25,4,28,2025-10-12
USR0195,Org-Epsilon-Team4,Org-Epsilon,2025-11-26,1,38,2025-10-12
USR0195,Org-Epsilon-Team4,Org-Epsilon,2025-11-27,1,6,2025-10-12
USR0195,Org-Epsilon-Team4,Org-Epsilon,2025-11-30,2,4,2025-10-12
USR0195,Org-Epsilon-Team4,Org-Epsilon,2025-12-02,8,33,2025-10-12
USR0195,Org-Epsilon-Team4,Org-Epsilon,2025-12-03,2,35,2025-10-12
USR0195,Org-Epsilon-Team4,Org-Epsilon,2025-12-04,1,18,2025-10-12
USR0195,Org-Epsilon-Team4,Org-Epsilon,2025-12-08,4,36,2025-10-12
USR0195,Org-Epsilon-Team4,Org-Epsilon,2025-12-09,7,33,2025-10-12
USR0195,Org-Epsilon-Team4,Org-Epsilon,2025-12-10,6,6,2025-10-12
USR0195,Org-Epsilon-Team4,Org-Epsilon,2025-12-11,6,27,2025-10-12
USR0195,Org-Epsilon-Team4,Org-Epsilon,2025-12-13,6,3,2025-10-12
USR0195,Org-Epsilon-Team4,Org-Epsilon,2025-12-15,7,36,2025-10-12
USR0195,Org-Epsilon-Team4,Org-Epsilon,2025-12-16,3,25,2025-10-12
USR0195,Org-Epsilon-Team4,Org-Epsilon,2025-12-17,1,1,2025-10-12
USR0195,Org-Epsilon-Team4,Org-Epsilon,2025-12-18,3,32,2025-10-12
USR0195,Org-Epsilon-Team4,Org-Epsilon,2025-12-19,1,36,2025-10-12
USR0195,Org-Epsilon-Team4,Org-Epsilon,2025-12-20,5,29,2025-10-12
USR0195,Org-Epsilon-Team4,Org-Epsilon,2025-12-21,4,30,2025-10-12
USR0195,Org-Epsilon-Team4,Org-Epsilon,2025-12-22,7,19,2025-10-12
USR0195,Org-Epsilon-Team4,Org-Epsilon,2025-12-23,4,2,2025-10-12
USR0195,Org-Epsilon-Team4,Org-Epsilon,2025-12-25,7,39,2025-10-12
USR0195,Org-Epsilon-Team4,Org-Epsilon,2025-12-26,6,7,2025-10-12
USR0195,Org-Epsilon-Team4,Org-Epsilon,2025-12-28,5,39,2025-10-12
USR0195,Org-Epsilon-Team4,Org-Epsilon,2025-12-29,7,30,2025-10-12
USR0195,Org-Epsilon-Team4,Org-Epsilon,2025-12-31,8,17,2025-10-12
USR0195,Org-Epsilon-Team4,Org-Epsilon,2026-01-01,7,25,2025-10-12
USR0195,Org-Epsilon-Team4,Org-Epsilon,2026-01-02,7,29,2025-10-12
USR0195,Org-Epsilon-Team4,Org-Epsilon,2026-01-03,6,32,2025-10-12
USR0195,Org-Epsilon-Team4,Org-Epsilon,2026-01-05,5,23,2025-10-12
USR0195,Org-Epsilon-Team4,Org-Epsilon,2026-01-06,6,39,2025-10-12
USR0195,Org-Epsilon-Team4,Org-Epsilon,2026-01-09,5,16,2025-10-12
USR0195,Org-Epsilon-Team4,Org-Epsilon,2026-01-11,1,29,2025-10-12
USR0195,Org-Epsilon-Team4,Org-Epsilon,2026-01-12,3,2,2025-10-12
USR0195,Org-Epsilon-Team4,Org-Epsilon,2026-01-14,6,28,2025-10-12
USR0195,Org-Epsilon-Team4,Org-Epsilon,2026-01-15,4,16,2025-10-12
USR0195,Org-Epsilon-Team4,Org-Epsilon,2026-01-18,4,2,2025-10-12
USR0195,Org-Epsilon-Team4,Org-Epsilon,2026-01-20,8,36,2025-10-12
USR0195,Org-Epsilon-Team4,Org-Epsilon,2026-01-21,3,27,2025-10-12
USR0195,Org-Epsilon-Team4,Org-Epsilon,2026-01-22,5,36,2025-10-12
USR0195,Org-Epsilon-Team4,Org-Epsilon,2026-01-23,3,1,2025-10-12
USR0195,Org-Epsilon-Team4,Org-Epsilon,2026-01-25,1,9,2025-10-12
USR0195,Org-Epsilon-Team4,Org-Epsilon,2026-01-28,6,2,2025-10-12
USR0195,Org-Epsilon-Team4,Org-Epsilon,2026-01-31,1,33,2025-10-12
USR0195,Org-Epsilon-Team4,Org-Epsilon,2026-02-04,4,37,2025-10-12
USR0195,Org-Epsilon-Team4,Org-Epsilon,2026-02-06,8,16,2025-10-12
USR0195,Org-Epsilon-Team4,Org-Epsilon,2026-02-07,8,9,2025-10-12
USR0195,Org-Epsilon-Team4,Org-Epsilon,2026-02-08,2,26,2025-10-12
USR0195,Org-Epsilon-Team4,Org-Epsilon,2026-02-09,4,19,2025-10-12
USR0195,Org-Epsilon-Team4,Org-Epsilon,2026-02-10,4,4,2025-10-12
USR0195,Org-Epsilon-Team4,Org-Epsilon,2026-02-11,2,19,2025-10-12
USR0195,Org-Epsilon-Team4,Org-Epsilon,2026-02-12,3,40,2025-10-12
USR0195,Org-Epsilon-Team4,Org-Epsilon,2026-02-13,4,2,2025-10-12
USR0195,Org-Epsilon-Team4,Org-Epsilon,2026-02-14,5,7,2025-10-12
USR0195,Org-Epsilon-Team4,Org-Epsilon,2026-02-15,7,21,2025-10-12
USR0195,Org-Epsilon-Team4,Org-Epsilon,2026-02-17,7,10,2025-10-12
USR0195,Org-Epsilon-Team4,Org-Epsilon,2026-02-18,8,13,2025-10-12
USR0195,Org-Epsilon-Team4,Org-Epsilon,2026-02-19,7,11,2025-10-12
USR0195,Org-Epsilon-Team4,Org-Epsilon,2026-02-20,3,29,2025-10-12
USR0195,Org-Epsilon-Team4,Org-Epsilon,2026-02-23,3,9,2025-10-12
USR0195,Org-Epsilon-Team4,Org-Epsilon,2026-02-24,3,15,2025-10-12
USR0195,Org-Epsilon-Team4,Org-Epsilon,2026-02-26,6,25,2025-10-12
USR0195,Org-Epsilon-Team4,Org-Epsilon,2026-02-28,2,12,2025-10-12
USR0195,Org-Epsilon-Team4,Org-Epsilon,2026-03-01,6,34,2025-10-12
USR0195,Org-Epsilon-Team4,Org-Epsilon,2026-03-02,1,17,2025-10-12
USR0195,Org-Epsilon-Team4,Org-Epsilon,2026-03-03,3,33,2025-10-12
USR0195,Org-Epsilon-Team4,Org-Epsilon,2026-03-05,2,27,2025-10-12
USR0195,Org-Epsilon-Team4,Org-Epsilon,2026-03-06,1,35,2025-10-12
USR0195,Org-Epsilon-Team4,Org-Epsilon,2026-03-09,3,32,2025-10-12
USR0195,Org-Epsilon-Team4,Org-Epsilon,2026-03-10,5,18,2025-10-12
USR0195,Org-Epsilon-Team4,Org-Epsilon,2026-03-11,1,38,2025-10-12
USR0195,Org-Epsilon-Team4,Org-Epsilon,2026-03-12,4,27,2025-10-12
USR0195,Org-Epsilon-Team4,Org-Epsilon,2026-03-13,3,31,2025-10-12
USR0195,Org-Epsilon-Team4,Org-Epsilon,2026-03-14,6,36,2025-10-12
USR0195,Org-Epsilon-Team4,Org-Epsilon,2026-03-17,5,10,2025-10-12
USR0195,Org-Epsilon-Team4,Org-Epsilon,2026-03-18,3,17,2025-10-12
USR0195,Org-Epsilon-Team4,Org-Epsilon,2026-03-20,7,13,2025-10-12
USR0195,Org-Epsilon-Team4,Org-Epsilon,2026-03-22,8,16,2025-10-12
USR0195,Org-Epsilon-Team4,Org-Epsilon,2026-03-23,5,24,2025-10-12
USR0195,Org-Epsilon-Team4,Org-Epsilon,2026-03-24,2,8,2025-10-12
USR0195,Org-Epsilon-Team4,Org-Epsilon,2026-03-26,3,25,2025-10-12
USR0196,Org-Gamma-Team1,Org-Gamma,2025-10-20,1,25,2025-10-20
USR0196,Org-Gamma-Team1,Org-Gamma,2025-10-21,5,30,2025-10-20
USR0196,Org-Gamma-Team1,Org-Gamma,2025-10-25,2,7,2025-10-20
USR0197,Org-Beta-Team1,Org-Beta,2025-10-28,3,20,2025-10-26
USR0198,Org-Gamma-Team2,Org-Gamma,2025-10-24,4,19,2025-10-24
USR0198,Org-Gamma-Team2,Org-Gamma,2025-10-25,1,15,2025-10-24
USR0198,Org-Gamma-Team2,Org-Gamma,2025-10-26,5,6,2025-10-24
USR0198,Org-Gamma-Team2,Org-Gamma,2025-10-27,2,34,2025-10-24
USR0198,Org-Gamma-Team2,Org-Gamma,2025-10-28,2,20,2025-10-24
USR0198,Org-Gamma-Team2,Org-Gamma,2025-10-29,6,6,2025-10-24
USR0199,Org-Alpha-Team2,Org-Alpha,2025-10-23,2,29,2025-10-23
USR0200,Org-Epsilon-Team3,Org-Epsilon,2025-10-10,7,1,2025-10-10
USR0200,Org-Epsilon-Team3,Org-Epsilon,2025-10-11,5,4,2025-10-10
USR0201,Org-Alpha-Team2,Org-Alpha,2025-10-26,2,19,2025-10-26
USR0201,Org-Alpha-Team2,Org-Alpha,2025-10-28,4,5,2025-10-26
USR0201,Org-Alpha-Team2,Org-Alpha,2025-10-29,2,17,2025-10-26
USR0201,Org-Alpha-Team2,Org-Alpha,2025-10-31,7,18,2025-10-26
USR0201,Org-Alpha-Team2,Org-Alpha,2025-11-01,3,10,2025-10-26
USR0201,Org-Alpha-Team2,Org-Alpha,2025-11-02,8,39,2025-10-26
USR0201,Org-Alpha-Team2,Org-Alpha,2025-11-03,1,30,2025-10-26
USR0201,Org-Alpha-Team2,Org-Alpha,2025-11-05,4,29,2025-10-26
USR0201,Org-Alpha-Team2,Org-Alpha,2025-11-06,8,1,2025-10-26
USR0201,Org-Alpha-Team2,Org-Alpha,2025-11-08,2,15,2025-10-26
USR0201,Org-Alpha-Team2,Org-Alpha,2025-11-09,5,6,2025-10-26
USR0201,Org-Alpha-Team2,Org-Alpha,2025-11-10,7,20,2025-10-26
USR0201,Org-Alpha-Team2,Org-Alpha,2025-11-11,7,2,2025-10-26
USR0201,Org-Alpha-Team2,Org-Alpha,2025-11-12,7,29,2025-10-26
USR0201,Org-Alpha-Team2,Org-Alpha,2025-11-13,2,36,2025-10-26
USR0201,Org-Alpha-Team2,Org-Alpha,2025-11-14,8,26,2025-10-26
USR0201,Org-Alpha-Team2,Org-Alpha,2025-11-15,1,6,2025-10-26
USR0201,Org-Alpha-Team2,Org-Alpha,2025-11-16,7,22,2025-10-26
USR0201,Org-Alpha-Team2,Org-Alpha,2025-11-17,2,11,2025-10-26
USR0201,Org-Alpha-Team2,Org-Alpha,2025-11-18,7,3,2025-10-26
USR0201,Org-Alpha-Team2,Org-Alpha,2025-11-19,5,2,2025-10-26
USR0201,Org-Alpha-Team2,Org-Alpha,2025-11-20,8,19,2025-10-26
USR0201,Org-Alpha-Team2,Org-Alpha,2025-11-22,5,36,2025-10-26
USR0201,Org-Alpha-Team2,Org-Alpha,2025-11-23,5,33,2025-10-26
USR0201,Org-Alpha-Team2,Org-Alpha,2025-11-24,2,30,2025-10-26
USR0201,Org-Alpha-Team2,Org-Alpha,2025-11-25,4,26,2025-10-26
USR0201,Org-Alpha-Team2,Org-Alpha,2025-11-27,1,30,2025-10-26
USR0201,Org-Alpha-Team2,Org-Alpha,2025-11-29,2,29,2025-10-26
USR0201,Org-Alpha-Team2,Org-Alpha,2025-11-30,4,31,2025-10-26
USR0201,Org-Alpha-Team2,Org-Alpha,2025-12-01,5,39,2025-10-26
USR0201,Org-Alpha-Team2,Org-Alpha,2025-12-02,4,3,2025-10-26
USR0201,Org-Alpha-Team2,Org-Alpha,2025-12-03,2,8,2025-10-26
USR0201,Org-Alpha-Team2,Org-Alpha,2025-12-05,2,37,2025-10-26
USR0201,Org-Alpha-Team2,Org-Alpha,2025-12-07,1,3,2025-10-26
USR0201,Org-Alpha-Team2,Org-Alpha,2025-12-08,1,11,2025-10-26
USR0201,Org-Alpha-Team2,Org-Alpha,2025-12-10,5,6,2025-10-26
USR0201,Org-Alpha-Team2,Org-Alpha,2025-12-13,7,29,2025-10-26
USR0201,Org-Alpha-Team2,Org-Alpha,2025-12-14,4,15,2025-10-26
USR0201,Org-Alpha-Team2,Org-Alpha,2025-12-16,7,22,2025-10-26
USR0201,Org-Alpha-Team2,Org-Alpha,2025-12-17,3,15,2025-10-26
USR0201,Org-Alpha-Team2,Org-Alpha,2025-12-18,2,31,2025-10-26
USR0201,Org-Alpha-Team2,Org-Alpha,2025-12-20,4,15,2025-10-26
USR0201,Org-Alpha-Team2,Org-Alpha,2025-12-21,1,4,2025-10-26
USR0201,Org-Alpha-Team2,Org-Alpha,2025-12-22,3,25,2025-10-26
USR0201,Org-Alpha-Team2,Org-Alpha,2025-12-25,7,8,2025-10-26
USR0201,Org-Alpha-Team2,Org-Alpha,2025-12-29,2,30,2025-10-26
USR0201,Org-Alpha-Team2,Org-Alpha,2025-12-30,5,28,2025-10-26
USR0201,Org-Alpha-Team2,Org-Alpha,2026-01-01,8,10,2025-10-26
USR0201,Org-Alpha-Team2,Org-Alpha,2026-01-03,6,34,2025-10-26
USR0201,Org-Alpha-Team2,Org-Alpha,2026-01-04,6,16,2025-10-26
USR0201,Org-Alpha-Team2,Org-Alpha,2026-01-06,8,25,2025-10-26
USR0201,Org-Alpha-Team2,Org-Alpha,2026-01-07,2,17,2025-10-26
USR0201,Org-Alpha-Team2,Org-Alpha,2026-01-11,4,8,2025-10-26
USR0201,Org-Alpha-Team2,Org-Alpha,2026-01-13,7,29,2025-10-26
USR0201,Org-Alpha-Team2,Org-Alpha,2026-01-15,6,24,2025-10-26
USR0201,Org-Alpha-Team2,Org-Alpha,2026-01-16,2,31,2025-10-26
USR0201,Org-Alpha-Team2,Org-Alpha,2026-01-19,3,8,2025-10-26
USR0201,Org-Alpha-Team2,Org-Alpha,2026-01-21,3,22,2025-10-26
USR0201,Org-Alpha-Team2,Org-Alpha,2026-01-22,4,24,2025-10-26
USR0201,Org-Alpha-Team2,Org-Alpha,2026-01-24,7,14,2025-10-26
USR0201,Org-Alpha-Team2,Org-Alpha,2026-01-26,8,1,2025-10-26
USR0201,Org-Alpha-Team2,Org-Alpha,2026-01-27,5,21,2025-10-26
USR0201,Org-Alpha-Team2,Org-Alpha,2026-01-28,1,15,2025-10-26
USR0201,Org-Alpha-Team2,Org-Alpha,2026-01-29,4,17,2025-10-26
USR0201,Org-Alpha-Team2,Org-Alpha,2026-01-31,2,35,2025-10-26
USR0201,Org-Alpha-Team2,Org-Alpha,2026-02-02,3,24,2025-10-26
USR0201,Org-Alpha-Team2,Org-Alpha,2026-02-03,1,22,2025-10-26
USR0201,Org-Alpha-Team2,Org-Alpha,2026-02-04,3,25,2025-10-26
USR0201,Org-Alpha-Team2,Org-Alpha,2026-02-06,2,8,2025-10-26
USR0201,Org-Alpha-Team2,Org-Alpha,2026-02-09,6,28,2025-10-26
USR0201,Org-Alpha-Team2,Org-Alpha,2026-02-10,2,38,2025-10-26
USR0201,Org-Alpha-Team2,Org-Alpha,2026-02-11,5,17,2025-10-26
USR0201,Org-Alpha-Team2,Org-Alpha,2026-02-15,2,15,2025-10-26
USR0201,Org-Alpha-Team2,Org-Alpha,2026-02-16,3,13,2025-10-26
USR0201,Org-Alpha-Team2,Org-Alpha,2026-02-17,5,25,2025-10-26
USR0201,Org-Alpha-Team2,Org-Alpha,2026-02-24,7,31,2025-10-26
USR0201,Org-Alpha-Team2,Org-Alpha,2026-02-25,4,5,2025-10-26
USR0201,Org-Alpha-Team2,Org-Alpha,2026-02-26,5,34,2025-10-26
USR0201,Org-Alpha-Team2,Org-Alpha,2026-02-27,8,16,2025-10-26
USR0201,Org-Alpha-Team2,Org-Alpha,2026-03-01,6,21,2025-10-26
USR0201,Org-Alpha-Team2,Org-Alpha,2026-03-03,3,9,2025-10-26
USR0201,Org-Alpha-Team2,Org-Alpha,2026-03-06,3,9,2025-10-26
USR0201,Org-Alpha-Team2,Org-Alpha,2026-03-07,4,6,2025-10-26
USR0201,Org-Alpha-Team2,Org-Alpha,2026-03-08,7,19,2025-10-26
USR0201,Org-Alpha-Team2,Org-Alpha,2026-03-09,7,5,2025-10-26
USR0201,Org-Alpha-Team2,Org-Alpha,2026-03-14,7,17,2025-10-26
USR0201,Org-Alpha-Team2,Org-Alpha,2026-03-17,4,28,2025-10-26
USR0201,Org-Alpha-Team2,Org-Alpha,2026-03-18,6,40,2025-10-26
USR0201,Org-Alpha-Team2,Org-Alpha,2026-03-19,7,30,2025-10-26
USR0201,Org-Alpha-Team2,Org-Alpha,2026-03-20,1,16,2025-10-26
USR0201,Org-Alpha-Team2,Org-Alpha,2026-03-21,2,37,2025-10-26
USR0201,Org-Alpha-Team2,Org-Alpha,2026-03-25,3,26,2025-10-26
USR0201,Org-Alpha-Team2,Org-Alpha,2026-03-28,4,30,2025-10-26
USR0201,Org-Alpha-Team2,Org-Alpha,2026-03-29,6,11,2025-10-26
USR0201,Org-Alpha-Team2,Org-Alpha,2026-03-31,7,17,2025-10-26
USR0202,Org-Beta-Team3,Org-Beta,2025-10-09,4,28,2025-10-09
USR0202,Org-Beta-Team3,Org-Beta,2025-10-12,2,8,2025-10-09
USR0202,Org-Beta-Team3,Org-Beta,2025-10-13,4,15,2025-10-09
USR0202,Org-Beta-Team3,Org-Beta,2025-10-14,5,2,2025-10-09
USR0203,Org-Delta-Team1,Org-Delta,2025-10-20,8,31,2025-10-20
USR0203,Org-Delta-Team1,Org-Delta,2025-10-21,6,21,2025-10-20
USR0204,Org-Delta-Team4,Org-Delta,2025-10-28,8,34,2025-10-23
USR0204,Org-Delta-Team4,Org-Delta,2025-10-29,1,11,2025-10-23
USR0205,Org-Epsilon-Team2,Org-Epsilon,2025-10-31,5,25,2025-10-30
USR0206,Org-Epsilon-Team1,Org-Epsilon,2025-10-31,3,26,2025-10-31
USR0206,Org-Epsilon-Team1,Org-Epsilon,2025-11-01,1,14,2025-10-31
USR0206,Org-Epsilon-Team1,Org-Epsilon,2025-11-02,6,33,2025-10-31
USR0207,Org-Alpha-Team3,Org-Alpha,2025-10-10,6,23,2025-10-10
USR0207,Org-Alpha-Team3,Org-Alpha,2025-10-12,8,30,2025-10-10
USR0207,Org-Alpha-Team3,Org-Alpha,2025-10-17,6,32,2025-10-10
USR0208,Org-Beta-Team2,Org-Beta,2025-10-28,3,17,2025-10-28
USR0208,Org-Beta-Team2,Org-Beta,2025-10-30,2,5,2025-10-28
USR0208,Org-Beta-Team2,Org-Beta,2025-10-31,4,26,2025-10-28
USR0208,Org-Beta-Team2,Org-Beta,2025-11-02,4,34,2025-10-28
USR0208,Org-Beta-Team2,Org-Beta,2025-11-03,6,26,2025-10-28
USR0209,Org-Delta-Team3,Org-Delta,2025-10-15,3,24,2025-10-15
USR0209,Org-Delta-Team3,Org-Delta,2025-10-17,3,14,2025-10-15
USR0209,Org-Delta-Team3,Org-Delta,2025-10-18,1,35,2025-10-15
USR0209,Org-Delta-Team3,Org-Delta,2025-10-19,7,16,2025-10-15
USR0209,Org-Delta-Team3,Org-Delta,2025-10-20,3,37,2025-10-15
USR0209,Org-Delta-Team3,Org-Delta,2025-10-24,8,15,2025-10-15
USR0209,Org-Delta-Team3,Org-Delta,2025-10-27,2,3,2025-10-15
USR0209,Org-Delta-Team3,Org-Delta,2025-10-30,4,6,2025-10-15
USR0209,Org-Delta-Team3,Org-Delta,2025-10-31,8,15,2025-10-15
USR0209,Org-Delta-Team3,Org-Delta,2025-11-04,6,10,2025-10-15
USR0209,Org-Delta-Team3,Org-Delta,2025-11-05,8,9,2025-10-15
USR0209,Org-Delta-Team3,Org-Delta,2025-11-06,8,2,2025-10-15
USR0209,Org-Delta-Team3,Org-Delta,2025-11-07,3,35,2025-10-15
USR0209,Org-Delta-Team3,Org-Delta,2025-11-08,2,28,2025-10-15
USR0209,Org-Delta-Team3,Org-Delta,2025-11-10,7,14,2025-10-15
USR0209,Org-Delta-Team3,Org-Delta,2025-11-12,3,40,2025-10-15
USR0209,Org-Delta-Team3,Org-Delta,2025-11-14,6,6,2025-10-15
USR0209,Org-Delta-Team3,Org-Delta,2025-11-16,6,6,2025-10-15
USR0209,Org-Delta-Team3,Org-Delta,2025-11-17,2,40,2025-10-15
USR0209,Org-Delta-Team3,Org-Delta,2025-11-18,5,9,2025-10-15
USR0209,Org-Delta-Team3,Org-Delta,2025-11-19,3,14,2025-10-15
USR0209,Org-Delta-Team3,Org-Delta,2025-11-21,7,1,2025-10-15
USR0209,Org-Delta-Team3,Org-Delta,2025-11-23,4,21,2025-10-15
USR0209,Org-Delta-Team3,Org-Delta,2025-11-24,4,1,2025-10-15
USR0209,Org-Delta-Team3,Org-Delta,2025-11-26,5,10,2025-10-15
USR0209,Org-Delta-Team3,Org-Delta,2025-11-29,8,22,2025-10-15
USR0209,Org-Delta-Team3,Org-Delta,2025-12-01,7,37,2025-10-15
USR0209,Org-Delta-Team3,Org-Delta,2025-12-02,1,39,2025-10-15
USR0209,Org-Delta-Team3,Org-Delta,2025-12-03,7,26,2025-10-15
USR0209,Org-Delta-Team3,Org-Delta,2025-12-04,7,28,2025-10-15
USR0209,Org-Delta-Team3,Org-Delta,2025-12-07,5,1,2025-10-15
USR0209,Org-Delta-Team3,Org-Delta,2025-12-08,1,17,2025-10-15
USR0209,Org-Delta-Team3,Org-Delta,2025-12-09,5,5,2025-10-15
USR0209,Org-Delta-Team3,Org-Delta,2025-12-11,7,26,2025-10-15
USR0209,Org-Delta-Team3,Org-Delta,2025-12-12,8,1,2025-10-15
USR0209,Org-Delta-Team3,Org-Delta,2025-12-13,5,19,2025-10-15
USR0209,Org-Delta-Team3,Org-Delta,2025-12-15,1,7,2025-10-15
USR0209,Org-Delta-Team3,Org-Delta,2025-12-16,2,32,2025-10-15
USR0209,Org-Delta-Team3,Org-Delta,2025-12-17,3,38,2025-10-15
USR0209,Org-Delta-Team3,Org-Delta,2025-12-20,1,38,2025-10-15
USR0209,Org-Delta-Team3,Org-Delta,2025-12-21,2,8,2025-10-15
USR0209,Org-Delta-Team3,Org-Delta,2025-12-22,6,2,2025-10-15
USR0209,Org-Delta-Team3,Org-Delta,2025-12-25,7,7,2025-10-15
USR0209,Org-Delta-Team3,Org-Delta,2025-12-28,3,22,2025-10-15
USR0209,Org-Delta-Team3,Org-Delta,2025-12-29,4,11,2025-10-15
USR0209,Org-Delta-Team3,Org-Delta,2025-12-30,1,21,2025-10-15
USR0209,Org-Delta-Team3,Org-Delta,2025-12-31,4,30,2025-10-15
USR0209,Org-Delta-Team3,Org-Delta,2026-01-03,5,4,2025-10-15
USR0209,Org-Delta-Team3,Org-Delta,2026-01-06,7,12,2025-10-15
USR0209,Org-Delta-Team3,Org-Delta,2026-01-10,1,7,2025-10-15
USR0209,Org-Delta-Team3,Org-Delta,2026-01-11,6,11,2025-10-15
USR0209,Org-Delta-Team3,Org-Delta,2026-01-13,7,12,2025-10-15
USR0209,Org-Delta-Team3,Org-Delta,2026-01-14,3,26,2025-10-15
USR0209,Org-Delta-Team3,Org-Delta,2026-01-15,2,29,2025-10-15
USR0209,Org-Delta-Team3,Org-Delta,2026-01-16,1,16,2025-10-15
USR0209,Org-Delta-Team3,Org-Delta,2026-01-17,6,35,2025-10-15
USR0209,Org-Delta-Team3,Org-Delta,2026-01-19,8,8,2025-10-15
USR0209,Org-Delta-Team3,Org-Delta,2026-01-21,5,9,2025-10-15
USR0209,Org-Delta-Team3,Org-Delta,2026-01-22,4,24,2025-10-15
USR0209,Org-Delta-Team3,Org-Delta,2026-01-24,5,24,2025-10-15
USR0209,Org-Delta-Team3,Org-Delta,2026-01-25,3,3,2025-10-15
USR0209,Org-Delta-Team3,Org-Delta,2026-01-26,6,37,2025-10-15
USR0209,Org-Delta-Team3,Org-Delta,2026-01-27,6,29,2025-10-15
USR0209,Org-Delta-Team3,Org-Delta,2026-01-28,2,7,2025-10-15
USR0209,Org-Delta-Team3,Org-Delta,2026-02-02,5,22,2025-10-15
USR0209,Org-Delta-Team3,Org-Delta,2026-02-03,3,29,2025-10-15
USR0209,Org-Delta-Team3,Org-Delta,2026-02-05,2,6,2025-10-15
USR0209,Org-Delta-Team3,Org-Delta,2026-02-07,6,34,2025-10-15
USR0209,Org-Delta-Team3,Org-Delta,2026-02-08,1,7,2025-10-15
USR0209,Org-Delta-Team3,Org-Delta,2026-02-12,4,13,2025-10-15
USR0209,Org-Delta-Team3,Org-Delta,2026-02-13,7,4,2025-10-15
USR0209,Org-Delta-Team3,Org-Delta,2026-02-14,4,18,2025-10-15
USR0209,Org-Delta-Team3,Org-Delta,2026-02-15,2,9,2025-10-15
USR0209,Org-Delta-Team3,Org-Delta,2026-02-19,4,1,2025-10-15
USR0209,Org-Delta-Team3,Org-Delta,2026-02-22,2,8,2025-10-15
USR0209,Org-Delta-Team3,Org-Delta,2026-02-25,8,37,2025-10-15
USR0209,Org-Delta-Team3,Org-Delta,2026-02-28,2,22,2025-10-15
USR0209,Org-Delta-Team3,Org-Delta,2026-03-05,8,35,2025-10-15
USR0209,Org-Delta-Team3,Org-Delta,2026-03-09,6,36,2025-10-15
USR0209,Org-Delta-Team3,Org-Delta,2026-03-11,2,35,2025-10-15
USR0209,Org-Delta-Team3,Org-Delta,2026-03-13,4,37,2025-10-15
USR0209,Org-Delta-Team3,Org-Delta,2026-03-14,4,4,2025-10-15
USR0209,Org-Delta-Team3,Org-Delta,2026-03-17,1,31,2025-10-15
USR0209,Org-Delta-Team3,Org-Delta,2026-03-18,5,40,2025-10-15
USR0209,Org-Delta-Team3,Org-Delta,2026-03-19,5,18,2025-10-15
USR0209,Org-Delta-Team3,Org-Delta,2026-03-20,5,20,2025-10-15
USR0209,Org-Delta-Team3,Org-Delta,2026-03-21,1,29,2025-10-15
USR0209,Org-Delta-Team3,Org-Delta,2026-03-22,3,28,2025-10-15
USR0209,Org-Delta-Team3,Org-Delta,2026-03-23,6,19,2025-10-15
USR0209,Org-Delta-Team3,Org-Delta,2026-03-25,8,23,2025-10-15
USR0209,Org-Delta-Team3,Org-Delta,2026-03-27,7,2,2025-10-15
USR0209,Org-Delta-Team3,Org-Delta,2026-03-30,4,40,2025-10-15
USR0209,Org-Delta-Team3,Org-Delta,2026-03-31,1,30,2025-10-15
USR0210,Org-Epsilon-Team1,Org-Epsilon,2025-10-26,7,24,2025-10-26
USR0210,Org-Epsilon-Team1,Org-Epsilon,2025-10-27,6,29,2025-10-26
USR0210,Org-Epsilon-Team1,Org-Epsilon,2025-10-28,4,32,2025-10-26
USR0210,Org-Epsilon-Team1,Org-Epsilon,2025-10-29,2,25,2025-10-26
USR0210,Org-Epsilon-Team1,Org-Epsilon,2025-10-30,5,14,2025-10-26
USR0210,Org-Epsilon-Team1,Org-Epsilon,2025-11-02,4,4,2025-10-26
USR0212,Org-Epsilon-Team2,Org-Epsilon,2025-10-15,4,21,2025-10-15
USR0212,Org-Epsilon-Team2,Org-Epsilon,2025-10-18,4,25,2025-10-15
USR0212,Org-Epsilon-Team2,Org-Epsilon,2025-10-19,3,13,2025-10-15
USR0212,Org-Epsilon-Team2,Org-Epsilon,2025-10-20,6,19,2025-10-15
USR0212,Org-Epsilon-Team2,Org-Epsilon,2025-10-21,4,27,2025-10-15
USR0212,Org-Epsilon-Team2,Org-Epsilon,2025-10-22,6,9,2025-10-15
USR0212,Org-Epsilon-Team2,Org-Epsilon,2025-10-24,1,12,2025-10-15
USR0212,Org-Epsilon-Team2,Org-Epsilon,2025-10-25,3,26,2025-10-15
USR0212,Org-Epsilon-Team2,Org-Epsilon,2025-10-26,3,30,2025-10-15
USR0212,Org-Epsilon-Team2,Org-Epsilon,2025-10-27,6,8,2025-10-15
USR0212,Org-Epsilon-Team2,Org-Epsilon,2025-10-28,8,10,2025-10-15
USR0212,Org-Epsilon-Team2,Org-Epsilon,2025-10-29,1,13,2025-10-15
USR0212,Org-Epsilon-Team2,Org-Epsilon,2025-10-30,3,16,2025-10-15
USR0212,Org-Epsilon-Team2,Org-Epsilon,2025-10-31,8,5,2025-10-15
USR0212,Org-Epsilon-Team2,Org-Epsilon,2025-11-01,6,3,2025-10-15
USR0212,Org-Epsilon-Team2,Org-Epsilon,2025-11-02,6,21,2025-10-15
USR0212,Org-Epsilon-Team2,Org-Epsilon,2025-11-03,8,3,2025-10-15
USR0212,Org-Epsilon-Team2,Org-Epsilon,2025-11-05,1,27,2025-10-15
USR0212,Org-Epsilon-Team2,Org-Epsilon,2025-11-06,5,5,2025-10-15
USR0212,Org-Epsilon-Team2,Org-Epsilon,2025-11-07,5,17,2025-10-15
USR0212,Org-Epsilon-Team2,Org-Epsilon,2025-11-10,8,26,2025-10-15
USR0212,Org-Epsilon-Team2,Org-Epsilon,2025-11-11,3,7,2025-10-15
USR0212,Org-Epsilon-Team2,Org-Epsilon,2025-11-12,4,39,2025-10-15
USR0212,Org-Epsilon-Team2,Org-Epsilon,2025-11-13,3,31,2025-10-15
USR0212,Org-Epsilon-Team2,Org-Epsilon,2025-11-16,7,21,2025-10-15
USR0212,Org-Epsilon-Team2,Org-Epsilon,2025-11-17,7,7,2025-10-15
USR0212,Org-Epsilon-Team2,Org-Epsilon,2025-11-19,3,35,2025-10-15
USR0212,Org-Epsilon-Team2,Org-Epsilon,2025-11-23,5,19,2025-10-15
USR0212,Org-Epsilon-Team2,Org-Epsilon,2025-11-24,6,16,2025-10-15
USR0212,Org-Epsilon-Team2,Org-Epsilon,2025-11-27,6,22,2025-10-15
USR0212,Org-Epsilon-Team2,Org-Epsilon,2025-11-28,1,9,2025-10-15
USR0212,Org-Epsilon-Team2,Org-Epsilon,2025-11-30,6,28,2025-10-15
USR0212,Org-Epsilon-Team2,Org-Epsilon,2025-12-01,8,32,2025-10-15
USR0212,Org-Epsilon-Team2,Org-Epsilon,2025-12-06,3,32,2025-10-15
USR0212,Org-Epsilon-Team2,Org-Epsilon,2025-12-07,4,37,2025-10-15
USR0212,Org-Epsilon-Team2,Org-Epsilon,2025-12-09,7,3,2025-10-15
USR0212,Org-Epsilon-Team2,Org-Epsilon,2025-12-10,3,16,2025-10-15
USR0212,Org-Epsilon-Team2,Org-Epsilon,2025-12-11,7,10,2025-10-15
USR0212,Org-Epsilon-Team2,Org-Epsilon,2025-12-13,1,12,2025-10-15
USR0212,Org-Epsilon-Team2,Org-Epsilon,2025-12-15,1,37,2025-10-15
USR0212,Org-Epsilon-Team2,Org-Epsilon,2025-12-16,6,2,2025-10-15
USR0212,Org-Epsilon-Team2,Org-Epsilon,2025-12-17,8,39,2025-10-15
USR0212,Org-Epsilon-Team2,Org-Epsilon,2025-12-18,8,2,2025-10-15
USR0212,Org-Epsilon-Team2,Org-Epsilon,2025-12-20,6,7,2025-10-15
USR0212,Org-Epsilon-Team2,Org-Epsilon,2025-12-21,1,14,2025-10-15
USR0212,Org-Epsilon-Team2,Org-Epsilon,2025-12-22,4,17,2025-10-15
USR0212,Org-Epsilon-Team2,Org-Epsilon,2025-12-23,1,30,2025-10-15
USR0212,Org-Epsilon-Team2,Org-Epsilon,2025-12-24,8,11,2025-10-15
USR0212,Org-Epsilon-Team2,Org-Epsilon,2025-12-26,2,36,2025-10-15
USR0212,Org-Epsilon-Team2,Org-Epsilon,2025-12-31,2,39,2025-10-15
USR0212,Org-Epsilon-Team2,Org-Epsilon,2026-01-01,7,40,2025-10-15
USR0212,Org-Epsilon-Team2,Org-Epsilon,2026-01-02,1,22,2025-10-15
USR0212,Org-Epsilon-Team2,Org-Epsilon,2026-01-03,8,6,2025-10-15
USR0212,Org-Epsilon-Team2,Org-Epsilon,2026-01-04,7,3,2025-10-15
USR0212,Org-Epsilon-Team2,Org-Epsilon,2026-01-07,3,33,2025-10-15
USR0212,Org-Epsilon-Team2,Org-Epsilon,2026-01-08,8,29,2025-10-15
USR0212,Org-Epsilon-Team2,Org-Epsilon,2026-01-10,1,21,2025-10-15
USR0212,Org-Epsilon-Team2,Org-Epsilon,2026-01-11,6,32,2025-10-15
USR0212,Org-Epsilon-Team2,Org-Epsilon,2026-01-13,8,11,2025-10-15
USR0212,Org-Epsilon-Team2,Org-Epsilon,2026-01-16,4,10,2025-10-15
USR0212,Org-Epsilon-Team2,Org-Epsilon,2026-01-17,1,6,2025-10-15
USR0212,Org-Epsilon-Team2,Org-Epsilon,2026-01-19,1,19,2025-10-15
USR0212,Org-Epsilon-Team2,Org-Epsilon,2026-01-20,7,24,2025-10-15
USR0212,Org-Epsilon-Team2,Org-Epsilon,2026-01-21,6,9,2025-10-15
USR0212,Org-Epsilon-Team2,Org-Epsilon,2026-01-23,7,1,2025-10-15
USR0212,Org-Epsilon-Team2,Org-Epsilon,2026-01-25,1,28,2025-10-15
USR0212,Org-Epsilon-Team2,Org-Epsilon,2026-01-28,5,22,2025-10-15
USR0212,Org-Epsilon-Team2,Org-Epsilon,2026-01-29,8,14,2025-10-15
USR0212,Org-Epsilon-Team2,Org-Epsilon,2026-01-30,8,17,2025-10-15
USR0212,Org-Epsilon-Team2,Org-Epsilon,2026-01-31,5,1,2025-10-15
USR0212,Org-Epsilon-Team2,Org-Epsilon,2026-02-01,5,27,2025-10-15
USR0212,Org-Epsilon-Team2,Org-Epsilon,2026-02-02,8,30,2025-10-15
USR0212,Org-Epsilon-Team2,Org-Epsilon,2026-02-04,7,6,2025-10-15
USR0212,Org-Epsilon-Team2,Org-Epsilon,2026-02-05,8,10,2025-10-15
USR0212,Org-Epsilon-Team2,Org-Epsilon,2026-02-06,3,26,2025-10-15
USR0212,Org-Epsilon-Team2,Org-Epsilon,2026-02-07,3,33,2025-10-15
USR0212,Org-Epsilon-Team2,Org-Epsilon,2026-02-09,7,5,2025-10-15
USR0212,Org-Epsilon-Team2,Org-Epsilon,2026-02-12,8,2,2025-10-15
USR0212,Org-Epsilon-Team2,Org-Epsilon,2026-02-13,4,32,2025-10-15
USR0212,Org-Epsilon-Team2,Org-Epsilon,2026-02-14,7,3,2025-10-15
USR0212,Org-Epsilon-Team2,Org-Epsilon,2026-02-15,7,35,2025-10-15
USR0212,Org-Epsilon-Team2,Org-Epsilon,2026-02-16,4,5,2025-10-15
USR0212,Org-Epsilon-Team2,Org-Epsilon,2026-02-19,5,31,2025-10-15
USR0212,Org-Epsilon-Team2,Org-Epsilon,2026-02-21,6,5,2025-10-15
USR0212,Org-Epsilon-Team2,Org-Epsilon,2026-02-22,4,8,2025-10-15
USR0212,Org-Epsilon-Team2,Org-Epsilon,2026-02-26,6,16,2025-10-15
USR0212,Org-Epsilon-Team2,Org-Epsilon,2026-03-01,7,2,2025-10-15
USR0212,Org-Epsilon-Team2,Org-Epsilon,2026-03-02,2,40,2025-10-15
USR0212,Org-Epsilon-Team2,Org-Epsilon,2026-03-03,5,36,2025-10-15
USR0212,Org-Epsilon-Team2,Org-Epsilon,2026-03-04,8,1,2025-10-15
USR0212,Org-Epsilon-Team2,Org-Epsilon,2026-03-06,1,33,2025-10-15
USR0212,Org-Epsilon-Team2,Org-Epsilon,2026-03-09,2,24,2025-10-15
USR0212,Org-Epsilon-Team2,Org-Epsilon,2026-03-10,8,30,2025-10-15
USR0212,Org-Epsilon-Team2,Org-Epsilon,2026-03-13,5,4,2025-10-15
USR0212,Org-Epsilon-Team2,Org-Epsilon,2026-03-14,4,28,2025-10-15
USR0212,Org-Epsilon-Team2,Org-Epsilon,2026-03-16,8,39,2025-10-15
USR0212,Org-Epsilon-Team2,Org-Epsilon,2026-03-17,3,19,2025-10-15
USR0212,Org-Epsilon-Team2,Org-Epsilon,2026-03-18,1,21,2025-10-15
USR0212,Org-Epsilon-Team2,Org-Epsilon,2026-03-20,1,4,2025-10-15
USR0212,Org-Epsilon-Team2,Org-Epsilon,2026-03-22,2,32,2025-10-15
USR0212,Org-Epsilon-Team2,Org-Epsilon,2026-03-23,6,2,2025-10-15
USR0212,Org-Epsilon-Team2,Org-Epsilon,2026-03-25,1,10,2025-10-15
USR0212,Org-Epsilon-Team2,Org-Epsilon,2026-03-26,5,37,2025-10-15
USR0212,Org-Epsilon-Team2,Org-Epsilon,2026-03-27,4,40,2025-10-15
USR0212,Org-Epsilon-Team2,Org-Epsilon,2026-03-28,2,1,2025-10-15
USR0212,Org-Epsilon-Team2,Org-Epsilon,2026-03-30,8,24,2025-10-15
USR0214,Org-Delta-Team1,Org-Delta,2025-10-11,6,39,2025-10-11
USR0214,Org-Delta-Team1,Org-Delta,2025-10-15,3,23,2025-10-11
USR0214,Org-Delta-Team1,Org-Delta,2025-10-16,5,11,2025-10-11
USR0214,Org-Delta-Team1,Org-Delta,2025-10-17,2,26,2025-10-11
USR0214,Org-Delta-Team1,Org-Delta,2025-10-18,6,14,2025-10-11
USR0215,Org-Epsilon-Team4,Org-Epsilon,2025-10-17,4,16,2025-10-15
USR0215,Org-Epsilon-Team4,Org-Epsilon,2025-10-18,4,29,2025-10-15
USR0215,Org-Epsilon-Team4,Org-Epsilon,2025-10-21,8,25,2025-10-15
USR0215,Org-Epsilon-Team4,Org-Epsilon,2025-10-22,7,1,2025-10-15
USR0216,Org-Gamma-Team1,Org-Gamma,2025-10-27,2,30,2025-10-27
USR0216,Org-Gamma-Team1,Org-Gamma,2025-10-28,1,24,2025-10-27
USR0216,Org-Gamma-Team1,Org-Gamma,2025-10-29,7,34,2025-10-27
USR0216,Org-Gamma-Team1,Org-Gamma,2025-10-30,5,18,2025-10-27
USR0217,Org-Beta-Team3,Org-Beta,2025-10-19,6,33,2025-10-19
USR0217,Org-Beta-Team3,Org-Beta,2025-10-20,5,3,2025-10-19
USR0217,Org-Beta-Team3,Org-Beta,2025-10-22,5,22,2025-10-19
USR0217,Org-Beta-Team3,Org-Beta,2025-10-23,7,14,2025-10-19
USR0217,Org-Beta-Team3,Org-Beta,2025-10-24,6,16,2025-10-19
USR0218,Org-Beta-Team2,Org-Beta,2025-10-12,2,6,2025-10-11
USR0218,Org-Beta-Team2,Org-Beta,2025-10-14,6,5,2025-10-11
USR0219,Org-Alpha-Team1,Org-Alpha,2025-10-13,3,5,2025-10-09
USR0220,Org-Beta-Team2,Org-Beta,2025-10-08,4,4,2025-10-08
USR0220,Org-Beta-Team2,Org-Beta,2025-10-10,4,18,2025-10-08
USR0220,Org-Beta-Team2,Org-Beta,2025-10-13,1,10,2025-10-08
USR0221,Org-Epsilon-Team3,Org-Epsilon,2025-10-05,6,40,2025-10-05
USR0221,Org-Epsilon-Team3,Org-Epsilon,2025-10-07,3,1,2025-10-05
USR0221,Org-Epsilon-Team3,Org-Epsilon,2025-10-08,6,19,2025-10-05
USR0221,Org-Epsilon-Team3,Org-Epsilon,2025-10-09,3,37,2025-10-05
USR0222,Org-Beta-Team3,Org-Beta,2025-10-19,2,40,2025-10-17
USR0222,Org-Beta-Team3,Org-Beta,2025-10-20,2,19,2025-10-17
USR0222,Org-Beta-Team3,Org-Beta,2025-10-21,5,39,2025-10-17
USR0222,Org-Beta-Team3,Org-Beta,2025-10-23,5,25,2025-10-17
USR0222,Org-Beta-Team3,Org-Beta,2025-10-24,3,38,2025-10-17
USR0222,Org-Beta-Team3,Org-Beta,2025-10-25,8,7,2025-10-17
USR0222,Org-Beta-Team3,Org-Beta,2025-10-26,5,31,2025-10-17
USR0222,Org-Beta-Team3,Org-Beta,2025-10-29,7,6,2025-10-17
USR0222,Org-Beta-Team3,Org-Beta,2025-10-30,8,22,2025-10-17
USR0222,Org-Beta-Team3,Org-Beta,2025-10-31,5,23,2025-10-17
USR0222,Org-Beta-Team3,Org-Beta,2025-11-04,7,40,2025-10-17
USR0222,Org-Beta-Team3,Org-Beta,2025-11-06,8,38,2025-10-17
USR0222,Org-Beta-Team3,Org-Beta,2025-11-08,8,22,2025-10-17
USR0222,Org-Beta-Team3,Org-Beta,2025-11-09,6,33,2025-10-17
USR0222,Org-Beta-Team3,Org-Beta,2025-11-10,8,19,2025-10-17
USR0222,Org-Beta-Team3,Org-Beta,2025-11-12,1,8,2025-10-17
USR0222,Org-Beta-Team3,Org-Beta,2025-11-15,4,27,2025-10-17
USR0222,Org-Beta-Team3,Org-Beta,2025-11-20,8,22,2025-10-17
USR0222,Org-Beta-Team3,Org-Beta,2025-11-22,4,17,2025-10-17
USR0222,Org-Beta-Team3,Org-Beta,2025-11-23,4,34,2025-10-17
USR0222,Org-Beta-Team3,Org-Beta,2025-11-25,5,34,2025-10-17
USR0222,Org-Beta-Team3,Org-Beta,2025-11-26,5,31,2025-10-17
USR0222,Org-Beta-Team3,Org-Beta,2025-11-28,6,27,2025-10-17
USR0222,Org-Beta-Team3,Org-Beta,2025-11-29,2,24,2025-10-17
USR0222,Org-Beta-Team3,Org-Beta,2025-11-30,7,9,2025-10-17
USR0222,Org-Beta-Team3,Org-Beta,2025-12-03,1,30,2025-10-17
USR0222,Org-Beta-Team3,Org-Beta,2025-12-04,7,22,2025-10-17
USR0222,Org-Beta-Team3,Org-Beta,2025-12-06,6,15,2025-10-17
USR0222,Org-Beta-Team3,Org-Beta,2025-12-07,1,9,2025-10-17
USR0222,Org-Beta-Team3,Org-Beta,2025-12-09,5,16,2025-10-17
USR0222,Org-Beta-Team3,Org-Beta,2025-12-10,4,29,2025-10-17
USR0222,Org-Beta-Team3,Org-Beta,2025-12-12,8,5,2025-10-17
USR0222,Org-Beta-Team3,Org-Beta,2025-12-13,3,19,2025-10-17
USR0222,Org-Beta-Team3,Org-Beta,2025-12-14,6,27,2025-10-17
USR0222,Org-Beta-Team3,Org-Beta,2025-12-15,2,7,2025-10-17
USR0222,Org-Beta-Team3,Org-Beta,2025-12-16,2,14,2025-10-17
USR0222,Org-Beta-Team3,Org-Beta,2025-12-17,1,32,2025-10-17
USR0222,Org-Beta-Team3,Org-Beta,2025-12-18,3,36,2025-10-17
USR0222,Org-Beta-Team3,Org-Beta,2025-12-20,1,26,2025-10-17
USR0222,Org-Beta-Team3,Org-Beta,2025-12-21,6,20,2025-10-17
USR0222,Org-Beta-Team3,Org-Beta,2025-12-22,6,33,2025-10-17
USR0222,Org-Beta-Team3,Org-Beta,2025-12-23,4,23,2025-10-17
USR0222,Org-Beta-Team3,Org-Beta,2025-12-24,5,6,2025-10-17
USR0222,Org-Beta-Team3,Org-Beta,2025-12-25,1,11,2025-10-17
USR0222,Org-Beta-Team3,Org-Beta,2025-12-27,3,22,2025-10-17
USR0222,Org-Beta-Team3,Org-Beta,2025-12-28,3,34,2025-10-17
USR0222,Org-Beta-Team3,Org-Beta,2025-12-30,1,21,2025-10-17
USR0222,Org-Beta-Team3,Org-Beta,2026-01-02,5,12,2025-10-17
USR0222,Org-Beta-Team3,Org-Beta,2026-01-03,3,35,2025-10-17
USR0222,Org-Beta-Team3,Org-Beta,2026-01-05,1,22,2025-10-17
USR0222,Org-Beta-Team3,Org-Beta,2026-01-06,4,6,2025-10-17
USR0222,Org-Beta-Team3,Org-Beta,2026-01-09,8,6,2025-10-17
USR0222,Org-Beta-Team3,Org-Beta,2026-01-12,3,2,2025-10-17
USR0222,Org-Beta-Team3,Org-Beta,2026-01-13,7,25,2025-10-17
USR0222,Org-Beta-Team3,Org-Beta,2026-01-14,5,9,2025-10-17
USR0222,Org-Beta-Team3,Org-Beta,2026-01-18,3,28,2025-10-17
USR0222,Org-Beta-Team3,Org-Beta,2026-01-22,3,34,2025-10-17
USR0222,Org-Beta-Team3,Org-Beta,2026-01-23,7,2,2025-10-17
USR0222,Org-Beta-Team3,Org-Beta,2026-01-25,8,29,2025-10-17
USR0222,Org-Beta-Team3,Org-Beta,2026-01-26,5,29,2025-10-17
USR0222,Org-Beta-Team3,Org-Beta,2026-01-29,3,35,2025-10-17
USR0222,Org-Beta-Team3,Org-Beta,2026-01-30,4,18,2025-10-17
USR0222,Org-Beta-Team3,Org-Beta,2026-02-01,6,31,2025-10-17
USR0222,Org-Beta-Team3,Org-Beta,2026-02-02,7,12,2025-10-17
USR0222,Org-Beta-Team3,Org-Beta,2026-02-03,3,29,2025-10-17
USR0222,Org-Beta-Team3,Org-Beta,2026-02-04,1,4,2025-10-17
USR0222,Org-Beta-Team3,Org-Beta,2026-02-05,4,22,2025-10-17
USR0222,Org-Beta-Team3,Org-Beta,2026-02-06,8,14,2025-10-17
USR0222,Org-Beta-Team3,Org-Beta,2026-02-07,3,30,2025-10-17
USR0222,Org-Beta-Team3,Org-Beta,2026-02-08,3,11,2025-10-17
USR0222,Org-Beta-Team3,Org-Beta,2026-02-09,8,2,2025-10-17
USR0222,Org-Beta-Team3,Org-Beta,2026-02-10,3,17,2025-10-17
USR0222,Org-Beta-Team3,Org-Beta,2026-02-11,3,22,2025-10-17
USR0222,Org-Beta-Team3,Org-Beta,2026-02-12,5,27,2025-10-17
USR0222,Org-Beta-Team3,Org-Beta,2026-02-13,4,38,2025-10-17
USR0222,Org-Beta-Team3,Org-Beta,2026-02-18,2,27,2025-10-17
USR0222,Org-Beta-Team3,Org-Beta,2026-02-19,2,24,2025-10-17
USR0222,Org-Beta-Team3,Org-Beta,2026-02-21,5,26,2025-10-17
USR0222,Org-Beta-Team3,Org-Beta,2026-02-23,7,22,2025-10-17
USR0222,Org-Beta-Team3,Org-Beta,2026-02-24,1,20,2025-10-17
USR0222,Org-Beta-Team3,Org-Beta,2026-02-26,5,28,2025-10-17
USR0222,Org-Beta-Team3,Org-Beta,2026-02-27,4,14,2025-10-17
USR0222,Org-Beta-Team3,Org-Beta,2026-02-28,3,40,2025-10-17
USR0222,Org-Beta-Team3,Org-Beta,2026-03-03,6,23,2025-10-17
USR0222,Org-Beta-Team3,Org-Beta,2026-03-04,8,2,2025-10-17
USR0222,Org-Beta-Team3,Org-Beta,2026-03-05,7,11,2025-10-17
USR0222,Org-Beta-Team3,Org-Beta,2026-03-06,5,21,2025-10-17
USR0222,Org-Beta-Team3,Org-Beta,2026-03-07,5,11,2025-10-17
USR0222,Org-Beta-Team3,Org-Beta,2026-03-08,1,32,2025-10-17
USR0222,Org-Beta-Team3,Org-Beta,2026-03-09,6,14,2025-10-17
USR0222,Org-Beta-Team3,Org-Beta,2026-03-10,3,4,2025-10-17
USR0222,Org-Beta-Team3,Org-Beta,2026-03-11,4,37,2025-10-17
USR0222,Org-Beta-Team3,Org-Beta,2026-03-12,2,16,2025-10-17
USR0222,Org-Beta-Team3,Org-Beta,2026-03-14,2,25,2025-10-17
USR0222,Org-Beta-Team3,Org-Beta,2026-03-15,4,16,2025-10-17
USR0222,Org-Beta-Team3,Org-Beta,2026-03-16,1,21,2025-10-17
USR0222,Org-Beta-Team3,Org-Beta,2026-03-18,2,3,2025-10-17
USR0222,Org-Beta-Team3,Org-Beta,2026-03-19,1,8,2025-10-17
USR0222,Org-Beta-Team3,Org-Beta,2026-03-20,4,14,2025-10-17
USR0222,Org-Beta-Team3,Org-Beta,2026-03-21,4,21,2025-10-17
USR0222,Org-Beta-Team3,Org-Beta,2026-03-22,1,9,2025-10-17
USR0222,Org-Beta-Team3,Org-Beta,2026-03-24,3,33,2025-10-17
USR0222,Org-Beta-Team3,Org-Beta,2026-03-26,6,25,2025-10-17
USR0222,Org-Beta-Team3,Org-Beta,2026-03-27,7,40,2025-10-17
USR0222,Org-Beta-Team3,Org-Beta,2026-03-28,5,23,2025-10-17
USR0222,Org-Beta-Team3,Org-Beta,2026-03-30,6,40,2025-10-17
USR0222,Org-Beta-Team3,Org-Beta,2026-03-31,6,2,2025-10-17
USR0223,Org-Epsilon-Team3,Org-Epsilon,2025-10-29,7,9,2025-10-29
USR0223,Org-Epsilon-Team3,Org-Epsilon,2025-10-30,2,29,2025-10-29
USR0223,Org-Epsilon-Team3,Org-Epsilon,2025-10-31,6,19,2025-10-29
USR0223,Org-Epsilon-Team3,Org-Epsilon,2025-11-02,6,11,2025-10-29
USR0223,Org-Epsilon-Team3,Org-Epsilon,2025-11-04,6,10,2025-10-29
USR0224,Org-Alpha-Team1,Org-Alpha,2025-10-30,2,26,2025-10-26
USR0224,Org-Alpha-Team1,Org-Alpha,2025-11-01,2,40,2025-10-26
USR0224,Org-Alpha-Team1,Org-Alpha,2025-11-03,5,24,2025-10-26
USR0224,Org-Alpha-Team1,Org-Alpha,2025-11-04,5,21,2025-10-26
USR0224,Org-Alpha-Team1,Org-Alpha,2025-11-05,4,3,2025-10-26
USR0224,Org-Alpha-Team1,Org-Alpha,2025-11-08,7,40,2025-10-26
USR0224,Org-Alpha-Team1,Org-Alpha,2025-11-10,1,33,2025-10-26
USR0224,Org-Alpha-Team1,Org-Alpha,2025-11-12,5,4,2025-10-26
USR0224,Org-Alpha-Team1,Org-Alpha,2025-11-13,6,16,2025-10-26
USR0224,Org-Alpha-Team1,Org-Alpha,2025-11-14,2,11,2025-10-26
USR0224,Org-Alpha-Team1,Org-Alpha,2025-11-16,5,1,2025-10-26
USR0224,Org-Alpha-Team1,Org-Alpha,2025-11-18,4,28,2025-10-26
USR0224,Org-Alpha-Team1,Org-Alpha,2025-11-19,1,37,2025-10-26
USR0224,Org-Alpha-Team1,Org-Alpha,2025-11-20,3,6,2025-10-26
USR0224,Org-Alpha-Team1,Org-Alpha,2025-11-23,3,23,2025-10-26
USR0224,Org-Alpha-Team1,Org-Alpha,2025-11-24,6,38,2025-10-26
USR0224,Org-Alpha-Team1,Org-Alpha,2025-11-25,1,19,2025-10-26
USR0224,Org-Alpha-Team1,Org-Alpha,2025-11-27,5,6,2025-10-26
USR0224,Org-Alpha-Team1,Org-Alpha,2025-11-28,4,10,2025-10-26
USR0224,Org-Alpha-Team1,Org-Alpha,2025-11-29,7,1,2025-10-26
USR0224,Org-Alpha-Team1,Org-Alpha,2025-11-30,2,8,2025-10-26
USR0224,Org-Alpha-Team1,Org-Alpha,2025-12-01,5,15,2025-10-26
USR0224,Org-Alpha-Team1,Org-Alpha,2025-12-02,6,31,2025-10-26
USR0224,Org-Alpha-Team1,Org-Alpha,2025-12-03,4,39,2025-10-26
USR0224,Org-Alpha-Team1,Org-Alpha,2025-12-08,7,6,2025-10-26
USR0224,Org-Alpha-Team1,Org-Alpha,2025-12-09,4,19,2025-10-26
USR0224,Org-Alpha-Team1,Org-Alpha,2025-12-11,2,10,2025-10-26
USR0224,Org-Alpha-Team1,Org-Alpha,2025-12-12,3,40,2025-10-26
USR0224,Org-Alpha-Team1,Org-Alpha,2025-12-13,4,33,2025-10-26
USR0224,Org-Alpha-Team1,Org-Alpha,2025-12-14,4,3,2025-10-26
USR0224,Org-Alpha-Team1,Org-Alpha,2025-12-15,5,36,2025-10-26
USR0224,Org-Alpha-Team1,Org-Alpha,2025-12-16,1,36,2025-10-26
USR0224,Org-Alpha-Team1,Org-Alpha,2025-12-17,2,38,2025-10-26
USR0224,Org-Alpha-Team1,Org-Alpha,2025-12-18,7,20,2025-10-26
USR0224,Org-Alpha-Team1,Org-Alpha,2025-12-20,2,37,2025-10-26
USR0224,Org-Alpha-Team1,Org-Alpha,2025-12-21,1,33,2025-10-26
USR0224,Org-Alpha-Team1,Org-Alpha,2025-12-22,4,13,2025-10-26
USR0224,Org-Alpha-Team1,Org-Alpha,2025-12-23,4,7,2025-10-26
USR0224,Org-Alpha-Team1,Org-Alpha,2025-12-24,3,15,2025-10-26
USR0224,Org-Alpha-Team1,Org-Alpha,2025-12-28,5,5,2025-10-26
USR0224,Org-Alpha-Team1,Org-Alpha,2025-12-30,4,36,2025-10-26
USR0224,Org-Alpha-Team1,Org-Alpha,2026-01-01,2,33,2025-10-26
USR0224,Org-Alpha-Team1,Org-Alpha,2026-01-03,1,21,2025-10-26
USR0224,Org-Alpha-Team1,Org-Alpha,2026-01-05,4,14,2025-10-26
USR0224,Org-Alpha-Team1,Org-Alpha,2026-01-07,4,18,2025-10-26
USR0224,Org-Alpha-Team1,Org-Alpha,2026-01-09,6,28,2025-10-26
USR0224,Org-Alpha-Team1,Org-Alpha,2026-01-10,8,5,2025-10-26
USR0224,Org-Alpha-Team1,Org-Alpha,2026-01-11,8,26,2025-10-26
USR0224,Org-Alpha-Team1,Org-Alpha,2026-01-12,8,30,2025-10-26
USR0224,Org-Alpha-Team1,Org-Alpha,2026-01-13,3,23,2025-10-26
USR0224,Org-Alpha-Team1,Org-Alpha,2026-01-16,2,25,2025-10-26
USR0224,Org-Alpha-Team1,Org-Alpha,2026-01-18,7,2,2025-10-26
USR0224,Org-Alpha-Team1,Org-Alpha,2026-01-22,2,6,2025-10-26
USR0224,Org-Alpha-Team1,Org-Alpha,2026-01-27,8,2,2025-10-26
USR0224,Org-Alpha-Team1,Org-Alpha,2026-01-30,7,14,2025-10-26
USR0224,Org-Alpha-Team1,Org-Alpha,2026-01-31,7,30,2025-10-26
USR0224,Org-Alpha-Team1,Org-Alpha,2026-02-01,6,39,2025-10-26
USR0224,Org-Alpha-Team1,Org-Alpha,2026-02-03,7,26,2025-10-26
USR0224,Org-Alpha-Team1,Org-Alpha,2026-02-05,3,16,2025-10-26
USR0224,Org-Alpha-Team1,Org-Alpha,2026-02-06,8,4,2025-10-26
USR0224,Org-Alpha-Team1,Org-Alpha,2026-02-07,2,21,2025-10-26
USR0224,Org-Alpha-Team1,Org-Alpha,2026-02-08,1,2,2025-10-26
USR0224,Org-Alpha-Team1,Org-Alpha,2026-02-09,2,18,2025-10-26
USR0224,Org-Alpha-Team1,Org-Alpha,2026-02-11,4,16,2025-10-26
USR0224,Org-Alpha-Team1,Org-Alpha,2026-02-12,5,14,2025-10-26
USR0224,Org-Alpha-Team1,Org-Alpha,2026-02-15,8,19,2025-10-26
USR0224,Org-Alpha-Team1,Org-Alpha,2026-02-16,4,40,2025-10-26
USR0224,Org-Alpha-Team1,Org-Alpha,2026-02-18,8,22,2025-10-26
USR0224,Org-Alpha-Team1,Org-Alpha,2026-02-19,1,37,2025-10-26
USR0224,Org-Alpha-Team1,Org-Alpha,2026-02-20,3,34,2025-10-26
USR0224,Org-Alpha-Team1,Org-Alpha,2026-02-22,3,24,2025-10-26
USR0224,Org-Alpha-Team1,Org-Alpha,2026-02-23,6,18,2025-10-26
USR0224,Org-Alpha-Team1,Org-Alpha,2026-02-24,2,14,2025-10-26
USR0224,Org-Alpha-Team1,Org-Alpha,2026-02-26,7,2,2025-10-26
USR0224,Org-Alpha-Team1,Org-Alpha,2026-03-01,3,16,2025-10-26
USR0224,Org-Alpha-Team1,Org-Alpha,2026-03-02,4,36,2025-10-26
USR0224,Org-Alpha-Team1,Org-Alpha,2026-03-04,4,10,2025-10-26
USR0224,Org-Alpha-Team1,Org-Alpha,2026-03-06,1,17,2025-10-26
USR0224,Org-Alpha-Team1,Org-Alpha,2026-03-08,8,24,2025-10-26
USR0224,Org-Alpha-Team1,Org-Alpha,2026-03-09,7,27,2025-10-26
USR0224,Org-Alpha-Team1,Org-Alpha,2026-03-11,7,31,2025-10-26
USR0224,Org-Alpha-Team1,Org-Alpha,2026-03-13,7,15,2025-10-26
USR0224,Org-Alpha-Team1,Org-Alpha,2026-03-14,2,9,2025-10-26
USR0224,Org-Alpha-Team1,Org-Alpha,2026-03-15,4,7,2025-10-26
USR0224,Org-Alpha-Team1,Org-Alpha,2026-03-16,6,11,2025-10-26
USR0224,Org-Alpha-Team1,Org-Alpha,2026-03-17,8,26,2025-10-26
USR0224,Org-Alpha-Team1,Org-Alpha,2026-03-18,5,23,2025-10-26
USR0224,Org-Alpha-Team1,Org-Alpha,2026-03-19,1,33,2025-10-26
USR0224,Org-Alpha-Team1,Org-Alpha,2026-03-20,5,17,2025-10-26
USR0224,Org-Alpha-Team1,Org-Alpha,2026-03-22,3,35,2025-10-26
USR0224,Org-Alpha-Team1,Org-Alpha,2026-03-23,5,14,2025-10-26
USR0224,Org-Alpha-Team1,Org-Alpha,2026-03-26,7,8,2025-10-26
USR0224,Org-Alpha-Team1,Org-Alpha,2026-03-27,7,2,2025-10-26
USR0224,Org-Alpha-Team1,Org-Alpha,2026-03-30,3,26,2025-10-26
USR0225,Org-Epsilon-Team1,Org-Epsilon,2025-10-01,5,25,2025-10-01
USR0225,Org-Epsilon-Team1,Org-Epsilon,2025-10-04,7,33,2025-10-01
USR0226,Org-Delta-Team3,Org-Delta,2025-10-08,4,32,2025-10-08
USR0226,Org-Delta-Team3,Org-Delta,2025-10-09,5,2,2025-10-08
USR0226,Org-Delta-Team3,Org-Delta,2025-10-10,5,21,2025-10-08
USR0226,Org-Delta-Team3,Org-Delta,2025-10-11,6,37,2025-10-08
USR0226,Org-Delta-Team3,Org-Delta,2025-10-12,7,28,2025-10-08
USR0226,Org-Delta-Team3,Org-Delta,2025-10-13,4,1,2025-10-08
USR0226,Org-Delta-Team3,Org-Delta,2025-10-15,7,9,2025-10-08
USR0227,Org-Epsilon-Team1,Org-Epsilon,2025-10-07,8,18,2025-10-05
USR0229,Org-Gamma-Team1,Org-Gamma,2025-10-26,4,35,2025-10-25
USR0229,Org-Gamma-Team1,Org-Gamma,2025-10-27,1,38,2025-10-25
USR0229,Org-Gamma-Team1,Org-Gamma,2025-10-28,8,2,2025-10-25
USR0229,Org-Gamma-Team1,Org-Gamma,2025-10-30,5,2,2025-10-25
USR0230,Org-Gamma-Team2,Org-Gamma,2025-10-03,2,5,2025-10-03
USR0230,Org-Gamma-Team2,Org-Gamma,2025-10-04,5,2,2025-10-03
USR0230,Org-Gamma-Team2,Org-Gamma,2025-10-05,5,36,2025-10-03
USR0230,Org-Gamma-Team2,Org-Gamma,2025-10-06,8,30,2025-10-03
USR0231,Org-Beta-Team4,Org-Beta,2025-10-02,8,37,2025-10-02
USR0231,Org-Beta-Team4,Org-Beta,2025-10-03,6,8,2025-10-02
USR0231,Org-Beta-Team4,Org-Beta,2025-10-04,3,39,2025-10-02
USR0231,Org-Beta-Team4,Org-Beta,2025-10-06,7,28,2025-10-02
USR0233,Org-Gamma-Team1,Org-Gamma,2025-10-17,7,9,2025-10-16
USR0233,Org-Gamma-Team1,Org-Gamma,2025-10-18,3,33,2025-10-16
USR0233,Org-Gamma-Team1,Org-Gamma,2025-10-19,1,8,2025-10-16
USR0233,Org-Gamma-Team1,Org-Gamma,2025-10-20,2,29,2025-10-16
USR0233,Org-Gamma-Team1,Org-Gamma,2025-10-21,5,30,2025-10-16
USR0233,Org-Gamma-Team1,Org-Gamma,2025-10-22,5,21,2025-10-16
USR0233,Org-Gamma-Team1,Org-Gamma,2025-10-23,4,21,2025-10-16
USR0233,Org-Gamma-Team1,Org-Gamma,2025-10-27,3,28,2025-10-16
USR0233,Org-Gamma-Team1,Org-Gamma,2025-10-28,8,6,2025-10-16
USR0233,Org-Gamma-Team1,Org-Gamma,2025-10-31,2,29,2025-10-16
USR0233,Org-Gamma-Team1,Org-Gamma,2025-11-01,2,9,2025-10-16
USR0233,Org-Gamma-Team1,Org-Gamma,2025-11-05,7,5,2025-10-16
USR0233,Org-Gamma-Team1,Org-Gamma,2025-11-07,5,37,2025-10-16
USR0233,Org-Gamma-Team1,Org-Gamma,2025-11-08,5,6,2025-10-16
USR0233,Org-Gamma-Team1,Org-Gamma,2025-11-11,4,21,2025-10-16
USR0233,Org-Gamma-Team1,Org-Gamma,2025-11-17,4,31,2025-10-16
USR0233,Org-Gamma-Team1,Org-Gamma,2025-11-18,8,23,2025-10-16
USR0233,Org-Gamma-Team1,Org-Gamma,2025-11-21,2,14,2025-10-16
USR0233,Org-Gamma-Team1,Org-Gamma,2025-11-22,3,27,2025-10-16
USR0233,Org-Gamma-Team1,Org-Gamma,2025-11-24,8,31,2025-10-16
USR0233,Org-Gamma-Team1,Org-Gamma,2025-11-25,2,22,2025-10-16
USR0233,Org-Gamma-Team1,Org-Gamma,2025-11-26,3,5,2025-10-16
USR0233,Org-Gamma-Team1,Org-Gamma,2025-12-02,5,5,2025-10-16
USR0233,Org-Gamma-Team1,Org-Gamma,2025-12-05,2,8,2025-10-16
USR0233,Org-Gamma-Team1,Org-Gamma,2025-12-07,5,26,2025-10-16
USR0233,Org-Gamma-Team1,Org-Gamma,2025-12-08,7,6,2025-10-16
USR0233,Org-Gamma-Team1,Org-Gamma,2025-12-12,8,24,2025-10-16
USR0233,Org-Gamma-Team1,Org-Gamma,2025-12-14,5,32,2025-10-16
USR0233,Org-Gamma-Team1,Org-Gamma,2025-12-15,6,12,2025-10-16
USR0233,Org-Gamma-Team1,Org-Gamma,2025-12-16,8,19,2025-10-16
USR0233,Org-Gamma-Team1,Org-Gamma,2025-12-17,8,30,2025-10-16
USR0233,Org-Gamma-Team1,Org-Gamma,2025-12-18,8,36,2025-10-16
USR0233,Org-Gamma-Team1,Org-Gamma,2025-12-19,2,10,2025-10-16
USR0233,Org-Gamma-Team1,Org-Gamma,2025-12-20,3,22,2025-10-16
USR0233,Org-Gamma-Team1,Org-Gamma,2025-12-22,1,36,2025-10-16
USR0233,Org-Gamma-Team1,Org-Gamma,2025-12-25,1,40,2025-10-16
USR0233,Org-Gamma-Team1,Org-Gamma,2025-12-26,7,27,2025-10-16
USR0233,Org-Gamma-Team1,Org-Gamma,2025-12-28,7,24,2025-10-16
USR0233,Org-Gamma-Team1,Org-Gamma,2025-12-31,4,37,2025-10-16
USR0233,Org-Gamma-Team1,Org-Gamma,2026-01-02,2,27,2025-10-16
USR0233,Org-Gamma-Team1,Org-Gamma,2026-01-03,3,7,2025-10-16
USR0233,Org-Gamma-Team1,Org-Gamma,2026-01-05,1,13,2025-10-16
USR0233,Org-Gamma-Team1,Org-Gamma,2026-01-08,1,29,2025-10-16
USR0233,Org-Gamma-Team1,Org-Gamma,2026-01-09,4,32,2025-10-16
USR0233,Org-Gamma-Team1,Org-Gamma,2026-01-10,1,34,2025-10-16
USR0233,Org-Gamma-Team1,Org-Gamma,2026-01-13,7,38,2025-10-16
USR0233,Org-Gamma-Team1,Org-Gamma,2026-01-14,1,32,2025-10-16
USR0233,Org-Gamma-Team1,Org-Gamma,2026-01-18,4,18,2025-10-16
USR0233,Org-Gamma-Team1,Org-Gamma,2026-01-19,3,28,2025-10-16
USR0233,Org-Gamma-Team1,Org-Gamma,2026-01-20,5,35,2025-10-16
USR0233,Org-Gamma-Team1,Org-Gamma,2026-01-21,7,12,2025-10-16
USR0233,Org-Gamma-Team1,Org-Gamma,2026-01-23,8,19,2025-10-16
USR0233,Org-Gamma-Team1,Org-Gamma,2026-01-25,6,26,2025-10-16
USR0233,Org-Gamma-Team1,Org-Gamma,2026-01-26,3,28,2025-10-16
USR0233,Org-Gamma-Team1,Org-Gamma,2026-01-27,6,18,2025-10-16
USR0233,Org-Gamma-Team1,Org-Gamma,2026-01-28,3,33,2025-10-16
USR0233,Org-Gamma-Team1,Org-Gamma,2026-01-29,5,32,2025-10-16
USR0233,Org-Gamma-Team1,Org-Gamma,2026-01-30,6,1,2025-10-16
USR0233,Org-Gamma-Team1,Org-Gamma,2026-02-02,6,9,2025-10-16
USR0233,Org-Gamma-Team1,Org-Gamma,2026-02-04,7,12,2025-10-16
USR0233,Org-Gamma-Team1,Org-Gamma,2026-02-05,4,4,2025-10-16
USR0233,Org-Gamma-Team1,Org-Gamma,2026-02-06,7,17,2025-10-16
USR0233,Org-Gamma-Team1,Org-Gamma,2026-02-07,6,29,2025-10-16
USR0233,Org-Gamma-Team1,Org-Gamma,2026-02-08,1,40,2025-10-16
USR0233,Org-Gamma-Team1,Org-Gamma,2026-02-12,5,3,2025-10-16
USR0233,Org-Gamma-Team1,Org-Gamma,2026-02-14,2,28,2025-10-16
USR0233,Org-Gamma-Team1,Org-Gamma,2026-02-15,3,10,2025-10-16
USR0233,Org-Gamma-Team1,Org-Gamma,2026-02-16,7,31,2025-10-16
USR0233,Org-Gamma-Team1,Org-Gamma,2026-02-17,3,22,2025-10-16
USR0233,Org-Gamma-Team1,Org-Gamma,2026-02-19,1,4,2025-10-16
USR0233,Org-Gamma-Team1,Org-Gamma,2026-02-21,4,26,2025-10-16
USR0233,Org-Gamma-Team1,Org-Gamma,2026-02-25,3,32,2025-10-16
USR0233,Org-Gamma-Team1,Org-Gamma,2026-02-26,4,17,2025-10-16
USR0233,Org-Gamma-Team1,Org-Gamma,2026-02-27,6,26,2025-10-16
USR0233,Org-Gamma-Team1,Org-Gamma,2026-02-28,4,30,2025-10-16
USR0233,Org-Gamma-Team1,Org-Gamma,2026-03-01,4,32,2025-10-16
USR0233,Org-Gamma-Team1,Org-Gamma,2026-03-03,4,7,2025-10-16
USR0233,Org-Gamma-Team1,Org-Gamma,2026-03-04,4,31,2025-10-16
USR0233,Org-Gamma-Team1,Org-Gamma,2026-03-08,5,10,2025-10-16
USR0233,Org-Gamma-Team1,Org-Gamma,2026-03-10,1,14,2025-10-16
USR0233,Org-Gamma-Team1,Org-Gamma,2026-03-12,4,13,2025-10-16
USR0233,Org-Gamma-Team1,Org-Gamma,2026-03-13,4,8,2025-10-16
USR0233,Org-Gamma-Team1,Org-Gamma,2026-03-15,4,35,2025-10-16
USR0233,Org-Gamma-Team1,Org-Gamma,2026-03-16,7,6,2025-10-16
USR0233,Org-Gamma-Team1,Org-Gamma,2026-03-17,8,36,2025-10-16
USR0233,Org-Gamma-Team1,Org-Gamma,2026-03-19,8,15,2025-10-16
USR0233,Org-Gamma-Team1,Org-Gamma,2026-03-20,6,8,2025-10-16
USR0233,Org-Gamma-Team1,Org-Gamma,2026-03-21,7,37,2025-10-16
USR0233,Org-Gamma-Team1,Org-Gamma,2026-03-23,7,19,2025-10-16
USR0233,Org-Gamma-Team1,Org-Gamma,2026-03-24,6,20,2025-10-16
USR0233,Org-Gamma-Team1,Org-Gamma,2026-03-25,3,7,2025-10-16
USR0233,Org-Gamma-Team1,Org-Gamma,2026-03-26,4,30,2025-10-16
USR0233,Org-Gamma-Team1,Org-Gamma,2026-03-28,5,2,2025-10-16
USR0233,Org-Gamma-Team1,Org-Gamma,2026-03-29,3,29,2025-10-16
USR0233,Org-Gamma-Team1,Org-Gamma,2026-03-30,7,34,2025-10-16
USR0233,Org-Gamma-Team1,Org-Gamma,2026-03-31,4,17,2025-10-16
USR0234,Org-Epsilon-Team2,Org-Epsilon,2025-10-24,4,37,2025-10-24
USR0234,Org-Epsilon-Team2,Org-Epsilon,2025-10-25,8,40,2025-10-24
USR0234,Org-Epsilon-Team2,Org-Epsilon,2025-10-27,4,14,2025-10-24
USR0234,Org-Epsilon-Team2,Org-Epsilon,2025-10-28,6,2,2025-10-24
USR0234,Org-Epsilon-Team2,Org-Epsilon,2025-10-29,2,39,2025-10-24
USR0234,Org-Epsilon-Team2,Org-Epsilon,2025-10-30,7,23,2025-10-24
USR0234,Org-Epsilon-Team2,Org-Epsilon,2025-11-04,1,26,2025-10-24
USR0234,Org-Epsilon-Team2,Org-Epsilon,2025-11-05,7,3,2025-10-24
USR0234,Org-Epsilon-Team2,Org-Epsilon,2025-11-06,8,15,2025-10-24
USR0234,Org-Epsilon-Team2,Org-Epsilon,2025-11-08,8,6,2025-10-24
USR0234,Org-Epsilon-Team2,Org-Epsilon,2025-11-11,7,16,2025-10-24
USR0234,Org-Epsilon-Team2,Org-Epsilon,2025-11-12,6,40,2025-10-24
USR0234,Org-Epsilon-Team2,Org-Epsilon,2025-11-13,1,15,2025-10-24
USR0234,Org-Epsilon-Team2,Org-Epsilon,2025-11-14,3,20,2025-10-24
USR0234,Org-Epsilon-Team2,Org-Epsilon,2025-11-15,8,25,2025-10-24
USR0234,Org-Epsilon-Team2,Org-Epsilon,2025-11-16,2,21,2025-10-24
USR0234,Org-Epsilon-Team2,Org-Epsilon,2025-11-17,7,16,2025-10-24
USR0234,Org-Epsilon-Team2,Org-Epsilon,2025-11-19,4,37,2025-10-24
USR0234,Org-Epsilon-Team2,Org-Epsilon,2025-11-21,5,40,2025-10-24
USR0234,Org-Epsilon-Team2,Org-Epsilon,2025-11-22,5,1,2025-10-24
USR0234,Org-Epsilon-Team2,Org-Epsilon,2025-11-23,6,21,2025-10-24
USR0234,Org-Epsilon-Team2,Org-Epsilon,2025-11-25,6,28,2025-10-24
USR0234,Org-Epsilon-Team2,Org-Epsilon,2025-11-28,8,4,2025-10-24
USR0234,Org-Epsilon-Team2,Org-Epsilon,2025-11-29,4,3,2025-10-24
USR0234,Org-Epsilon-Team2,Org-Epsilon,2025-11-30,2,2,2025-10-24
USR0234,Org-Epsilon-Team2,Org-Epsilon,2025-12-05,7,15,2025-10-24
USR0234,Org-Epsilon-Team2,Org-Epsilon,2025-12-08,7,30,2025-10-24
USR0234,Org-Epsilon-Team2,Org-Epsilon,2025-12-09,3,11,2025-10-24
USR0234,Org-Epsilon-Team2,Org-Epsilon,2025-12-11,8,18,2025-10-24
USR0234,Org-Epsilon-Team2,Org-Epsilon,2025-12-12,2,28,2025-10-24
USR0234,Org-Epsilon-Team2,Org-Epsilon,2025-12-14,2,38,2025-10-24
USR0234,Org-Epsilon-Team2,Org-Epsilon,2025-12-15,1,20,2025-10-24
USR0234,Org-Epsilon-Team2,Org-Epsilon,2025-12-16,7,26,2025-10-24
USR0234,Org-Epsilon-Team2,Org-Epsilon,2025-12-20,3,27,2025-10-24
USR0234,Org-Epsilon-Team2,Org-Epsilon,2025-12-21,8,36,2025-10-24
USR0234,Org-Epsilon-Team2,Org-Epsilon,2025-12-24,8,33,2025-10-24
USR0234,Org-Epsilon-Team2,Org-Epsilon,2025-12-25,6,18,2025-10-24
USR0234,Org-Epsilon-Team2,Org-Epsilon,2025-12-26,7,4,2025-10-24
USR0234,Org-Epsilon-Team2,Org-Epsilon,2025-12-29,4,32,2025-10-24
USR0234,Org-Epsilon-Team2,Org-Epsilon,2025-12-30,7,19,2025-10-24
USR0234,Org-Epsilon-Team2,Org-Epsilon,2026-01-03,2,1,2025-10-24
USR0234,Org-Epsilon-Team2,Org-Epsilon,2026-01-04,8,16,2025-10-24
USR0234,Org-Epsilon-Team2,Org-Epsilon,2026-01-06,5,17,2025-10-24
USR0234,Org-Epsilon-Team2,Org-Epsilon,2026-01-11,1,21,2025-10-24
USR0234,Org-Epsilon-Team2,Org-Epsilon,2026-01-12,1,22,2025-10-24
USR0234,Org-Epsilon-Team2,Org-Epsilon,2026-01-13,6,6,2025-10-24
USR0234,Org-Epsilon-Team2,Org-Epsilon,2026-01-14,8,35,2025-10-24
USR0234,Org-Epsilon-Team2,Org-Epsilon,2026-01-16,8,29,2025-10-24
USR0234,Org-Epsilon-Team2,Org-Epsilon,2026-01-17,4,29,2025-10-24
USR0234,Org-Epsilon-Team2,Org-Epsilon,2026-01-18,5,23,2025-10-24
USR0234,Org-Epsilon-Team2,Org-Epsilon,2026-01-19,7,33,2025-10-24
USR0234,Org-Epsilon-Team2,Org-Epsilon,2026-01-20,4,33,2025-10-24
USR0234,Org-Epsilon-Team2,Org-Epsilon,2026-01-21,3,21,2025-10-24
USR0234,Org-Epsilon-Team2,Org-Epsilon,2026-01-22,4,3,2025-10-24
USR0234,Org-Epsilon-Team2,Org-Epsilon,2026-01-23,7,18,2025-10-24
USR0234,Org-Epsilon-Team2,Org-Epsilon,2026-01-24,3,17,2025-10-24
USR0234,Org-Epsilon-Team2,Org-Epsilon,2026-01-26,4,23,2025-10-24
USR0234,Org-Epsilon-Team2,Org-Epsilon,2026-01-27,7,39,2025-10-24
USR0234,Org-Epsilon-Team2,Org-Epsilon,2026-01-28,2,12,2025-10-24
USR0234,Org-Epsilon-Team2,Org-Epsilon,2026-01-31,4,33,2025-10-24
USR0234,Org-Epsilon-Team2,Org-Epsilon,2026-02-01,1,34,2025-10-24
USR0234,Org-Epsilon-Team2,Org-Epsilon,2026-02-02,4,22,2025-10-24
USR0234,Org-Epsilon-Team2,Org-Epsilon,2026-02-04,5,25,2025-10-24
USR0234,Org-Epsilon-Team2,Org-Epsilon,2026-02-05,5,38,2025-10-24
USR0234,Org-Epsilon-Team2,Org-Epsilon,2026-02-07,7,17,2025-10-24
USR0234,Org-Epsilon-Team2,Org-Epsilon,2026-02-08,8,28,2025-10-24
USR0234,Org-Epsilon-Team2,Org-Epsilon,2026-02-10,2,28,2025-10-24
USR0234,Org-Epsilon-Team2,Org-Epsilon,2026-02-11,3,8,2025-10-24
USR0234,Org-Epsilon-Team2,Org-Epsilon,2026-02-13,4,37,2025-10-24
USR0234,Org-Epsilon-Team2,Org-Epsilon,2026-02-15,6,23,2025-10-24
USR0234,Org-Epsilon-Team2,Org-Epsilon,2026-02-16,7,33,2025-10-24
USR0234,Org-Epsilon-Team2,Org-Epsilon,2026-02-21,5,8,2025-10-24
USR0234,Org-Epsilon-Team2,Org-Epsilon,2026-02-22,4,14,2025-10-24
USR0234,Org-Epsilon-Team2,Org-Epsilon,2026-02-23,3,35,2025-10-24
USR0234,Org-Epsilon-Team2,Org-Epsilon,2026-02-24,7,1,2025-10-24
USR0234,Org-Epsilon-Team2,Org-Epsilon,2026-02-25,4,33,2025-10-24
USR0234,Org-Epsilon-Team2,Org-Epsilon,2026-02-26,1,2,2025-10-24
USR0234,Org-Epsilon-Team2,Org-Epsilon,2026-02-27,6,31,2025-10-24
USR0234,Org-Epsilon-Team2,Org-Epsilon,2026-02-28,1,7,2025-10-24
USR0234,Org-Epsilon-Team2,Org-Epsilon,2026-03-03,5,23,2025-10-24
USR0234,Org-Epsilon-Team2,Org-Epsilon,2026-03-05,2,24,2025-10-24
USR0234,Org-Epsilon-Team2,Org-Epsilon,2026-03-06,7,6,2025-10-24
USR0234,Org-Epsilon-Team2,Org-Epsilon,2026-03-07,2,13,2025-10-24
USR0234,Org-Epsilon-Team2,Org-Epsilon,2026-03-11,6,22,2025-10-24
USR0234,Org-Epsilon-Team2,Org-Epsilon,2026-03-12,2,38,2025-10-24
USR0234,Org-Epsilon-Team2,Org-Epsilon,2026-03-13,7,35,2025-10-24
USR0234,Org-Epsilon-Team2,Org-Epsilon,2026-03-14,7,32,2025-10-24
USR0234,Org-Epsilon-Team2,Org-Epsilon,2026-03-15,1,35,2025-10-24
USR0234,Org-Epsilon-Team2,Org-Epsilon,2026-03-16,5,40,2025-10-24
USR0234,Org-Epsilon-Team2,Org-Epsilon,2026-03-18,4,11,2025-10-24
USR0234,Org-Epsilon-Team2,Org-Epsilon,2026-03-26,2,39,2025-10-24
USR0234,Org-Epsilon-Team2,Org-Epsilon,2026-03-27,3,38,2025-10-24
USR0234,Org-Epsilon-Team2,Org-Epsilon,2026-03-28,3,5,2025-10-24
USR0234,Org-Epsilon-Team2,Org-Epsilon,2026-03-30,6,11,2025-10-24
USR0235,Org-Alpha-Team4,Org-Alpha,2025-10-03,1,14,2025-10-02
USR0235,Org-Alpha-Team4,Org-Alpha,2025-10-04,2,31,2025-10-02
USR0235,Org-Alpha-Team4,Org-Alpha,2025-10-05,6,25,2025-10-02
USR0235,Org-Alpha-Team4,Org-Alpha,2025-10-06,8,17,2025-10-02
USR0235,Org-Alpha-Team4,Org-Alpha,2025-10-07,7,26,2025-10-02
USR0235,Org-Alpha-Team4,Org-Alpha,2025-10-08,3,27,2025-10-02
USR0237,Org-Beta-Team4,Org-Beta,2025-10-13,2,28,2025-10-13
USR0237,Org-Beta-Team4,Org-Beta,2025-10-14,2,11,2025-10-13
USR0237,Org-Beta-Team4,Org-Beta,2025-10-15,7,4,2025-10-13
USR0237,Org-Beta-Team4,Org-Beta,2025-10-17,2,8,2025-10-13
USR0237,Org-Beta-Team4,Org-Beta,2025-10-19,4,40,2025-10-13
USR0238,Org-Alpha-Team2,Org-Alpha,2025-10-30,6,38,2025-10-30
USR0239,Org-Epsilon-Team2,Org-Epsilon,2025-10-18,7,10,2025-10-17
USR0239,Org-Epsilon-Team2,Org-Epsilon,2025-10-19,5,22,2025-10-17
USR0239,Org-Epsilon-Team2,Org-Epsilon,2025-10-21,2,2,2025-10-17
USR0240,Org-Beta-Team4,Org-Beta,2025-10-23,7,36,2025-10-23
USR0240,Org-Beta-Team4,Org-Beta,2025-10-24,5,23,2025-10-23
USR0241,Org-Gamma-Team2,Org-Gamma,2025-10-01,1,14,2025-10-01
USR0243,Org-Beta-Team1,Org-Beta,2025-10-14,2,17,2025-10-09
USR0243,Org-Beta-Team1,Org-Beta,2025-10-15,4,18,2025-10-09
USR0243,Org-Beta-Team1,Org-Beta,2025-10-16,6,17,2025-10-09
USR0244,Org-Gamma-Team1,Org-Gamma,2025-10-09,7,1,2025-10-09
USR0244,Org-Gamma-Team1,Org-Gamma,2025-10-10,6,33,2025-10-09
USR0244,Org-Gamma-Team1,Org-Gamma,2025-10-11,3,30,2025-10-09
USR0244,Org-Gamma-Team1,Org-Gamma,2025-10-12,7,28,2025-10-09
USR0245,Org-Beta-Team1,Org-Beta,2025-10-21,6,37,2025-10-20
USR0245,Org-Beta-Team1,Org-Beta,2025-10-23,3,39,2025-10-20
USR0245,Org-Beta-Team1,Org-Beta,2025-10-25,3,40,2025-10-20
USR0246,Org-Gamma-Team1,Org-Gamma,2025-10-12,7,12,2025-10-10
USR0246,Org-Gamma-Team1,Org-Gamma,2025-10-13,4,35,2025-10-10
USR0246,Org-Gamma-Team1,Org-Gamma,2025-10-14,7,25,2025-10-10
USR0247,Org-Alpha-Team2,Org-Alpha,2025-10-21,2,26,2025-10-20
USR0247,Org-Alpha-Team2,Org-Alpha,2025-10-24,7,8,2025-10-20
USR0247,Org-Alpha-Team2,Org-Alpha,2025-10-25,5,25,2025-10-20
USR0248,Org-Beta-Team4,Org-Beta,2025-10-30,7,9,2025-10-29
USR0248,Org-Beta-Team4,Org-Beta,2025-11-01,7,6,2025-10-29
USR0248,Org-Beta-Team4,Org-Beta,2025-11-02,7,25,2025-10-29
USR0248,Org-Beta-Team4,Org-Beta,2025-11-03,7,28,2025-10-29
USR0249,Org-Beta-Team3,Org-Beta,2025-10-01,3,18,2025-10-01
USR0249,Org-Beta-Team3,Org-Beta,2025-10-03,7,31,2025-10-01
USR0250,Org-Epsilon-Team2,Org-Epsilon,2025-10-04,8,32,2025-10-04
USR0250,Org-Epsilon-Team2,Org-Epsilon,2025-10-06,3,5,2025-10-04
USR0251,Org-Alpha-Team4,Org-Alpha,2025-10-16,3,21,2025-10-16
USR0251,Org-Alpha-Team4,Org-Alpha,2025-10-17,3,13,2025-10-16
USR0251,Org-Alpha-Team4,Org-Alpha,2025-10-18,6,25,2025-10-16
USR0251,Org-Alpha-Team4,Org-Alpha,2025-10-20,6,34,2025-10-16
USR0251,Org-Alpha-Team4,Org-Alpha,2025-10-22,7,5,2025-10-16
USR0251,Org-Alpha-Team4,Org-Alpha,2025-10-23,2,24,2025-10-16
USR0251,Org-Alpha-Team4,Org-Alpha,2025-10-25,3,1,2025-10-16
USR0251,Org-Alpha-Team4,Org-Alpha,2025-10-29,2,13,2025-10-16
USR0251,Org-Alpha-Team4,Org-Alpha,2025-10-31,6,27,2025-10-16
USR0251,Org-Alpha-Team4,Org-Alpha,2025-11-01,4,19,2025-10-16
USR0251,Org-Alpha-Team4,Org-Alpha,2025-11-03,3,8,2025-10-16
USR0251,Org-Alpha-Team4,Org-Alpha,2025-11-04,2,10,2025-10-16
USR0251,Org-Alpha-Team4,Org-Alpha,2025-11-06,5,15,2025-10-16
USR0251,Org-Alpha-Team4,Org-Alpha,2025-11-09,2,18,2025-10-16
USR0251,Org-Alpha-Team4,Org-Alpha,2025-11-12,8,33,2025-10-16
USR0251,Org-Alpha-Team4,Org-Alpha,2025-11-13,4,30,2025-10-16
USR0251,Org-Alpha-Team4,Org-Alpha,2025-11-15,3,20,2025-10-16
USR0251,Org-Alpha-Team4,Org-Alpha,2025-11-16,3,7,2025-10-16
USR0251,Org-Alpha-Team4,Org-Alpha,2025-11-18,3,15,2025-10-16
USR0251,Org-Alpha-Team4,Org-Alpha,2025-11-19,8,40,2025-10-16
USR0251,Org-Alpha-Team4,Org-Alpha,2025-11-23,2,1,2025-10-16
USR0251,Org-Alpha-Team4,Org-Alpha,2025-11-26,3,20,2025-10-16
USR0251,Org-Alpha-Team4,Org-Alpha,2025-11-27,7,23,2025-10-16
USR0251,Org-Alpha-Team4,Org-Alpha,2025-11-29,7,14,2025-10-16
USR0251,Org-Alpha-Team4,Org-Alpha,2025-12-01,8,29,2025-10-16
USR0251,Org-Alpha-Team4,Org-Alpha,2025-12-06,5,33,2025-10-16
USR0251,Org-Alpha-Team4,Org-Alpha,2025-12-07,3,13,2025-10-16
USR0251,Org-Alpha-Team4,Org-Alpha,2025-12-11,5,19,2025-10-16
USR0251,Org-Alpha-Team4,Org-Alpha,2025-12-13,6,13,2025-10-16
USR0251,Org-Alpha-Team4,Org-Alpha,2025-12-14,2,30,2025-10-16
USR0251,Org-Alpha-Team4,Org-Alpha,2025-12-18,6,3,2025-10-16
USR0251,Org-Alpha-Team4,Org-Alpha,2025-12-20,6,15,2025-10-16
USR0251,Org-Alpha-Team4,Org-Alpha,2025-12-21,3,33,2025-10-16
USR0251,Org-Alpha-Team4,Org-Alpha,2025-12-23,5,29,2025-10-16
USR0251,Org-Alpha-Team4,Org-Alpha,2025-12-24,7,25,2025-10-16
USR0251,Org-Alpha-Team4,Org-Alpha,2025-12-27,8,20,2025-10-16
USR0251,Org-Alpha-Team4,Org-Alpha,2025-12-28,8,6,2025-10-16
USR0251,Org-Alpha-Team4,Org-Alpha,2025-12-30,8,21,2025-10-16
USR0251,Org-Alpha-Team4,Org-Alpha,2025-12-31,4,25,2025-10-16
USR0251,Org-Alpha-Team4,Org-Alpha,2026-01-01,4,7,2025-10-16
USR0251,Org-Alpha-Team4,Org-Alpha,2026-01-02,3,26,2025-10-16
USR0251,Org-Alpha-Team4,Org-Alpha,2026-01-03,1,31,2025-10-16
USR0251,Org-Alpha-Team4,Org-Alpha,2026-01-07,5,15,2025-10-16
USR0251,Org-Alpha-Team4,Org-Alpha,2026-01-08,2,1,2025-10-16
USR0251,Org-Alpha-Team4,Org-Alpha,2026-01-10,5,23,2025-10-16
USR0251,Org-Alpha-Team4,Org-Alpha,2026-01-11,7,20,2025-10-16
USR0251,Org-Alpha-Team4,Org-Alpha,2026-01-12,8,20,2025-10-16
USR0251,Org-Alpha-Team4,Org-Alpha,2026-01-13,4,14,2025-10-16
USR0251,Org-Alpha-Team4,Org-Alpha,2026-01-14,8,7,2025-10-16
USR0251,Org-Alpha-Team4,Org-Alpha,2026-01-17,4,16,2025-10-16
USR0251,Org-Alpha-Team4,Org-Alpha,2026-01-21,7,40,2025-10-16
USR0251,Org-Alpha-Team4,Org-Alpha,2026-01-22,2,2,2025-10-16
USR0251,Org-Alpha-Team4,Org-Alpha,2026-01-26,5,20,2025-10-16
USR0251,Org-Alpha-Team4,Org-Alpha,2026-01-27,8,24,2025-10-16
USR0251,Org-Alpha-Team4,Org-Alpha,2026-01-29,6,36,2025-10-16
USR0251,Org-Alpha-Team4,Org-Alpha,2026-02-02,2,31,2025-10-16
USR0251,Org-Alpha-Team4,Org-Alpha,2026-02-03,1,9,2025-10-16
USR0251,Org-Alpha-Team4,Org-Alpha,2026-02-04,3,32,2025-10-16
USR0251,Org-Alpha-Team4,Org-Alpha,2026-02-06,7,15,2025-10-16
USR0251,Org-Alpha-Team4,Org-Alpha,2026-02-07,8,19,2025-10-16
USR0251,Org-Alpha-Team4,Org-Alpha,2026-02-08,1,14,2025-10-16
USR0251,Org-Alpha-Team4,Org-Alpha,2026-02-09,3,11,2025-10-16
USR0251,Org-Alpha-Team4,Org-Alpha,2026-02-10,6,17,2025-10-16
USR0251,Org-Alpha-Team4,Org-Alpha,2026-02-11,8,1,2025-10-16
USR0251,Org-Alpha-Team4,Org-Alpha,2026-02-12,4,8,2025-10-16
USR0251,Org-Alpha-Team4,Org-Alpha,2026-02-17,7,36,2025-10-16
USR0251,Org-Alpha-Team4,Org-Alpha,2026-02-18,8,31,2025-10-16
USR0251,Org-Alpha-Team4,Org-Alpha,2026-02-20,1,30,2025-10-16
USR0251,Org-Alpha-Team4,Org-Alpha,2026-02-21,7,25,2025-10-16
USR0251,Org-Alpha-Team4,Org-Alpha,2026-02-22,6,26,2025-10-16
USR0251,Org-Alpha-Team4,Org-Alpha,2026-02-23,8,25,2025-10-16
USR0251,Org-Alpha-Team4,Org-Alpha,2026-02-25,3,8,2025-10-16
USR0251,Org-Alpha-Team4,Org-Alpha,2026-02-27,3,8,2025-10-16
USR0251,Org-Alpha-Team4,Org-Alpha,2026-02-28,4,33,2025-10-16
USR0251,Org-Alpha-Team4,Org-Alpha,2026-03-01,3,31,2025-10-16
USR0251,Org-Alpha-Team4,Org-Alpha,2026-03-02,5,29,2025-10-16
USR0251,Org-Alpha-Team4,Org-Alpha,2026-03-03,5,14,2025-10-16
USR0251,Org-Alpha-Team4,Org-Alpha,2026-03-04,4,1,2025-10-16
USR0251,Org-Alpha-Team4,Org-Alpha,2026-03-07,7,37,2025-10-16
USR0251,Org-Alpha-Team4,Org-Alpha,2026-03-08,1,26,2025-10-16
USR0251,Org-Alpha-Team4,Org-Alpha,2026-03-09,7,3,2025-10-16
USR0251,Org-Alpha-Team4,Org-Alpha,2026-03-11,4,7,2025-10-16
USR0251,Org-Alpha-Team4,Org-Alpha,2026-03-12,5,17,2025-10-16
USR0251,Org-Alpha-Team4,Org-Alpha,2026-03-13,6,34,2025-10-16
USR0251,Org-Alpha-Team4,Org-Alpha,2026-03-15,2,8,2025-10-16
USR0251,Org-Alpha-Team4,Org-Alpha,2026-03-20,3,17,2025-10-16
USR0251,Org-Alpha-Team4,Org-Alpha,2026-03-21,1,25,2025-10-16
USR0251,Org-Alpha-Team4,Org-Alpha,2026-03-23,2,31,2025-10-16
USR0251,Org-Alpha-Team4,Org-Alpha,2026-03-25,4,25,2025-10-16
USR0251,Org-Alpha-Team4,Org-Alpha,2026-03-26,2,6,2025-10-16
USR0251,Org-Alpha-Team4,Org-Alpha,2026-03-29,6,36,2025-10-16
USR0252,Org-Alpha-Team1,Org-Alpha,2025-10-19,4,32,2025-10-19
USR0252,Org-Alpha-Team1,Org-Alpha,2025-10-20,4,7,2025-10-19
USR0252,Org-Alpha-Team1,Org-Alpha,2025-10-21,7,13,2025-10-19
USR0252,Org-Alpha-Team1,Org-Alpha,2025-10-23,8,12,2025-10-19
USR0252,Org-Alpha-Team1,Org-Alpha,2025-10-24,8,28,2025-10-19
USR0252,Org-Alpha-Team1,Org-Alpha,2025-10-25,8,32,2025-10-19
USR0252,Org-Alpha-Team1,Org-Alpha,2025-10-26,4,24,2025-10-19
USR0252,Org-Alpha-Team1,Org-Alpha,2025-10-28,4,20,2025-10-19
USR0252,Org-Alpha-Team1,Org-Alpha,2025-10-29,5,39,2025-10-19
USR0252,Org-Alpha-Team1,Org-Alpha,2025-10-30,6,15,2025-10-19
USR0252,Org-Alpha-Team1,Org-Alpha,2025-11-02,5,12,2025-10-19
USR0252,Org-Alpha-Team1,Org-Alpha,2025-11-03,8,9,2025-10-19
USR0252,Org-Alpha-Team1,Org-Alpha,2025-11-04,1,32,2025-10-19
USR0252,Org-Alpha-Team1,Org-Alpha,2025-11-06,1,3,2025-10-19
USR0252,Org-Alpha-Team1,Org-Alpha,2025-11-07,2,15,2025-10-19
USR0252,Org-Alpha-Team1,Org-Alpha,2025-11-09,1,20,2025-10-19
USR0252,Org-Alpha-Team1,Org-Alpha,2025-11-10,4,27,2025-10-19
USR0252,Org-Alpha-Team1,Org-Alpha,2025-11-12,3,5,2025-10-19
USR0252,Org-Alpha-Team1,Org-Alpha,2025-11-13,1,6,2025-10-19
USR0252,Org-Alpha-Team1,Org-Alpha,2025-11-14,7,7,2025-10-19
USR0252,Org-Alpha-Team1,Org-Alpha,2025-11-16,5,30,2025-10-19
USR0252,Org-Alpha-Team1,Org-Alpha,2025-11-18,2,22,2025-10-19
USR0252,Org-Alpha-Team1,Org-Alpha,2025-11-20,1,25,2025-10-19
USR0252,Org-Alpha-Team1,Org-Alpha,2025-11-21,7,30,2025-10-19
USR0252,Org-Alpha-Team1,Org-Alpha,2025-11-23,3,3,2025-10-19
USR0252,Org-Alpha-Team1,Org-Alpha,2025-11-24,7,8,2025-10-19
USR0252,Org-Alpha-Team1,Org-Alpha,2025-11-25,3,13,2025-10-19
USR0252,Org-Alpha-Team1,Org-Alpha,2025-11-26,7,20,2025-10-19
USR0252,Org-Alpha-Team1,Org-Alpha,2025-11-27,3,4,2025-10-19
USR0252,Org-Alpha-Team1,Org-Alpha,2025-11-28,7,37,2025-10-19
USR0252,Org-Alpha-Team1,Org-Alpha,2025-11-29,3,18,2025-10-19
USR0252,Org-Alpha-Team1,Org-Alpha,2025-12-02,6,24,2025-10-19
USR0252,Org-Alpha-Team1,Org-Alpha,2025-12-04,4,11,2025-10-19
USR0252,Org-Alpha-Team1,Org-Alpha,2025-12-06,1,8,2025-10-19
USR0252,Org-Alpha-Team1,Org-Alpha,2025-12-07,6,20,2025-10-19
USR0252,Org-Alpha-Team1,Org-Alpha,2025-12-09,8,32,2025-10-19
USR0252,Org-Alpha-Team1,Org-Alpha,2025-12-10,3,27,2025-10-19
USR0252,Org-Alpha-Team1,Org-Alpha,2025-12-11,7,33,2025-10-19
USR0252,Org-Alpha-Team1,Org-Alpha,2025-12-12,7,5,2025-10-19
USR0252,Org-Alpha-Team1,Org-Alpha,2025-12-13,6,39,2025-10-19
USR0252,Org-Alpha-Team1,Org-Alpha,2025-12-14,6,33,2025-10-19
USR0252,Org-Alpha-Team1,Org-Alpha,2025-12-15,8,38,2025-10-19
USR0252,Org-Alpha-Team1,Org-Alpha,2025-12-16,4,13,2025-10-19
USR0252,Org-Alpha-Team1,Org-Alpha,2025-12-18,5,32,2025-10-19
USR0252,Org-Alpha-Team1,Org-Alpha,2025-12-19,7,13,2025-10-19
USR0252,Org-Alpha-Team1,Org-Alpha,2025-12-20,7,32,2025-10-19
USR0252,Org-Alpha-Team1,Org-Alpha,2025-12-24,7,17,2025-10-19
USR0252,Org-Alpha-Team1,Org-Alpha,2025-12-26,7,25,2025-10-19
USR0252,Org-Alpha-Team1,Org-Alpha,2026-01-01,4,18,2025-10-19
USR0252,Org-Alpha-Team1,Org-Alpha,2026-01-07,1,24,2025-10-19
USR0252,Org-Alpha-Team1,Org-Alpha,2026-01-08,8,11,2025-10-19
USR0252,Org-Alpha-Team1,Org-Alpha,2026-01-10,5,34,2025-10-19
USR0252,Org-Alpha-Team1,Org-Alpha,2026-01-12,4,40,2025-10-19
USR0252,Org-Alpha-Team1,Org-Alpha,2026-01-13,1,16,2025-10-19
USR0252,Org-Alpha-Team1,Org-Alpha,2026-01-14,6,18,2025-10-19
USR0252,Org-Alpha-Team1,Org-Alpha,2026-01-15,1,31,2025-10-19
USR0252,Org-Alpha-Team1,Org-Alpha,2026-01-16,6,15,2025-10-19
USR0252,Org-Alpha-Team1,Org-Alpha,2026-01-17,4,35,2025-10-19
USR0252,Org-Alpha-Team1,Org-Alpha,2026-01-18,7,38,2025-10-19
USR0252,Org-Alpha-Team1,Org-Alpha,2026-01-19,2,16,2025-10-19
USR0252,Org-Alpha-Team1,Org-Alpha,2026-01-20,7,20,2025-10-19
USR0252,Org-Alpha-Team1,Org-Alpha,2026-01-22,5,2,2025-10-19
USR0252,Org-Alpha-Team1,Org-Alpha,2026-01-23,8,14,2025-10-19
USR0252,Org-Alpha-Team1,Org-Alpha,2026-01-24,5,6,2025-10-19
USR0252,Org-Alpha-Team1,Org-Alpha,2026-01-25,7,14,2025-10-19
USR0252,Org-Alpha-Team1,Org-Alpha,2026-01-26,5,2,2025-10-19
USR0252,Org-Alpha-Team1,Org-Alpha,2026-01-27,1,10,2025-10-19
USR0252,Org-Alpha-Team1,Org-Alpha,2026-01-28,4,35,2025-10-19
USR0252,Org-Alpha-Team1,Org-Alpha,2026-01-29,7,14,2025-10-19
USR0252,Org-Alpha-Team1,Org-Alpha,2026-01-30,5,26,2025-10-19
USR0252,Org-Alpha-Team1,Org-Alpha,2026-01-31,7,18,2025-10-19
USR0252,Org-Alpha-Team1,Org-Alpha,2026-02-04,7,3,2025-10-19
USR0252,Org-Alpha-Team1,Org-Alpha,2026-02-05,3,32,2025-10-19
USR0252,Org-Alpha-Team1,Org-Alpha,2026-02-06,8,17,2025-10-19
USR0252,Org-Alpha-Team1,Org-Alpha,2026-02-07,3,4,2025-10-19
USR0252,Org-Alpha-Team1,Org-Alpha,2026-02-10,2,4,2025-10-19
USR0252,Org-Alpha-Team1,Org-Alpha,2026-02-12,8,28,2025-10-19
USR0252,Org-Alpha-Team1,Org-Alpha,2026-02-13,2,39,2025-10-19
USR0252,Org-Alpha-Team1,Org-Alpha,2026-02-14,7,20,2025-10-19
USR0252,Org-Alpha-Team1,Org-Alpha,2026-02-16,8,31,2025-10-19
USR0252,Org-Alpha-Team1,Org-Alpha,2026-02-17,8,13,2025-10-19
USR0252,Org-Alpha-Team1,Org-Alpha,2026-02-18,4,2,2025-10-19
USR0252,Org-Alpha-Team1,Org-Alpha,2026-02-19,5,17,2025-10-19
USR0252,Org-Alpha-Team1,Org-Alpha,2026-02-20,6,29,2025-10-19
USR0252,Org-Alpha-Team1,Org-Alpha,2026-02-22,8,34,2025-10-19
USR0252,Org-Alpha-Team1,Org-Alpha,2026-02-23,6,2,2025-10-19
USR0252,Org-Alpha-Team1,Org-Alpha,2026-03-01,3,30,2025-10-19
USR0252,Org-Alpha-Team1,Org-Alpha,2026-03-02,7,34,2025-10-19
USR0252,Org-Alpha-Team1,Org-Alpha,2026-03-03,7,31,2025-10-19
USR0252,Org-Alpha-Team1,Org-Alpha,2026-03-04,2,35,2025-10-19
USR0252,Org-Alpha-Team1,Org-Alpha,2026-03-06,3,39,2025-10-19
USR0252,Org-Alpha-Team1,Org-Alpha,2026-03-07,7,7,2025-10-19
USR0252,Org-Alpha-Team1,Org-Alpha,2026-03-09,3,13,2025-10-19
USR0252,Org-Alpha-Team1,Org-Alpha,2026-03-10,5,24,2025-10-19
USR0252,Org-Alpha-Team1,Org-Alpha,2026-03-11,5,7,2025-10-19
USR0252,Org-Alpha-Team1,Org-Alpha,2026-03-15,7,33,2025-10-19
USR0252,Org-Alpha-Team1,Org-Alpha,2026-03-16,6,33,2025-10-19
USR0252,Org-Alpha-Team1,Org-Alpha,2026-03-18,2,3,2025-10-19
USR0252,Org-Alpha-Team1,Org-Alpha,2026-03-22,1,28,2025-10-19
USR0252,Org-Alpha-Team1,Org-Alpha,2026-03-23,8,3,2025-10-19
USR0252,Org-Alpha-Team1,Org-Alpha,2026-03-25,5,29,2025-10-19
USR0252,Org-Alpha-Team1,Org-Alpha,2026-03-26,5,33,2025-10-19
USR0252,Org-Alpha-Team1,Org-Alpha,2026-03-29,6,30,2025-10-19
USR0252,Org-Alpha-Team1,Org-Alpha,2026-03-30,6,19,2025-10-19
USR0253,Org-Gamma-Team4,Org-Gamma,2025-10-03,1,40,2025-10-01
USR0253,Org-Gamma-Team4,Org-Gamma,2025-10-04,2,29,2025-10-01
USR0253,Org-Gamma-Team4,Org-Gamma,2025-10-05,4,25,2025-10-01
USR0253,Org-Gamma-Team4,Org-Gamma,2025-10-07,2,28,2025-10-01
USR0253,Org-Gamma-Team4,Org-Gamma,2025-10-08,6,40,2025-10-01
USR0253,Org-Gamma-Team4,Org-Gamma,2025-10-09,5,17,2025-10-01
USR0253,Org-Gamma-Team4,Org-Gamma,2025-10-12,6,38,2025-10-01
USR0253,Org-Gamma-Team4,Org-Gamma,2025-10-13,4,12,2025-10-01
USR0253,Org-Gamma-Team4,Org-Gamma,2025-10-15,6,28,2025-10-01
USR0253,Org-Gamma-Team4,Org-Gamma,2025-10-16,6,10,2025-10-01
USR0253,Org-Gamma-Team4,Org-Gamma,2025-10-17,1,8,2025-10-01
USR0253,Org-Gamma-Team4,Org-Gamma,2025-10-19,1,9,2025-10-01
USR0253,Org-Gamma-Team4,Org-Gamma,2025-10-21,7,25,2025-10-01
USR0253,Org-Gamma-Team4,Org-Gamma,2025-10-22,1,39,2025-10-01
USR0253,Org-Gamma-Team4,Org-Gamma,2025-10-24,4,23,2025-10-01
USR0253,Org-Gamma-Team4,Org-Gamma,2025-10-26,5,1,2025-10-01
USR0253,Org-Gamma-Team4,Org-Gamma,2025-10-28,2,23,2025-10-01
USR0253,Org-Gamma-Team4,Org-Gamma,2025-10-29,1,12,2025-10-01
USR0253,Org-Gamma-Team4,Org-Gamma,2025-10-31,3,2,2025-10-01
USR0253,Org-Gamma-Team4,Org-Gamma,2025-11-01,6,14,2025-10-01
USR0253,Org-Gamma-Team4,Org-Gamma,2025-11-02,6,1,2025-10-01
USR0253,Org-Gamma-Team4,Org-Gamma,2025-11-03,3,13,2025-10-01
USR0253,Org-Gamma-Team4,Org-Gamma,2025-11-04,3,3,2025-10-01
USR0253,Org-Gamma-Team4,Org-Gamma,2025-11-07,3,4,2025-10-01
USR0253,Org-Gamma-Team4,Org-Gamma,2025-11-08,2,3,2025-10-01
USR0253,Org-Gamma-Team4,Org-Gamma,2025-11-09,1,23,2025-10-01
USR0253,Org-Gamma-Team4,Org-Gamma,2025-11-10,5,29,2025-10-01
USR0253,Org-Gamma-Team4,Org-Gamma,2025-11-11,6,29,2025-10-01
USR0253,Org-Gamma-Team4,Org-Gamma,2025-11-13,8,14,2025-10-01
USR0253,Org-Gamma-Team4,Org-Gamma,2025-11-14,3,18,2025-10-01
USR0253,Org-Gamma-Team4,Org-Gamma,2025-11-16,6,16,2025-10-01
USR0253,Org-Gamma-Team4,Org-Gamma,2025-11-17,2,24,2025-10-01
USR0253,Org-Gamma-Team4,Org-Gamma,2025-11-19,8,10,2025-10-01
USR0253,Org-Gamma-Team4,Org-Gamma,2025-11-21,3,28,2025-10-01
USR0253,Org-Gamma-Team4,Org-Gamma,2025-11-24,2,33,2025-10-01
USR0253,Org-Gamma-Team4,Org-Gamma,2025-11-25,6,24,2025-10-01
USR0253,Org-Gamma-Team4,Org-Gamma,2025-12-01,6,38,2025-10-01
USR0253,Org-Gamma-Team4,Org-Gamma,2025-12-02,1,33,2025-10-01
USR0253,Org-Gamma-Team4,Org-Gamma,2025-12-03,7,40,2025-10-01
USR0253,Org-Gamma-Team4,Org-Gamma,2025-12-04,5,17,2025-10-01
USR0253,Org-Gamma-Team4,Org-Gamma,2025-12-06,2,22,2025-10-01
USR0253,Org-Gamma-Team4,Org-Gamma,2025-12-07,5,33,2025-10-01
USR0253,Org-Gamma-Team4,Org-Gamma,2025-12-08,2,21,2025-10-01
USR0253,Org-Gamma-Team4,Org-Gamma,2025-12-10,3,17,2025-10-01
USR0253,Org-Gamma-Team4,Org-Gamma,2025-12-11,5,3,2025-10-01
USR0253,Org-Gamma-Team4,Org-Gamma,2025-12-12,6,2,2025-10-01
USR0253,Org-Gamma-Team4,Org-Gamma,2025-12-13,7,39,2025-10-01
USR0253,Org-Gamma-Team4,Org-Gamma,2025-12-15,6,39,2025-10-01
USR0253,Org-Gamma-Team4,Org-Gamma,2025-12-18,6,33,2025-10-01
USR0253,Org-Gamma-Team4,Org-Gamma,2025-12-19,1,33,2025-10-01
USR0253,Org-Gamma-Team4,Org-Gamma,2025-12-21,3,29,2025-10-01
USR0253,Org-Gamma-Team4,Org-Gamma,2025-12-22,6,20,2025-10-01
USR0253,Org-Gamma-Team4,Org-Gamma,2025-12-23,8,32,2025-10-01
USR0253,Org-Gamma-Team4,Org-Gamma,2025-12-25,3,24,2025-10-01
USR0253,Org-Gamma-Team4,Org-Gamma,2025-12-26,2,9,2025-10-01
USR0253,Org-Gamma-Team4,Org-Gamma,2025-12-27,8,10,2025-10-01
USR0253,Org-Gamma-Team4,Org-Gamma,2025-12-31,8,40,2025-10-01
USR0253,Org-Gamma-Team4,Org-Gamma,2026-01-01,8,4,2025-10-01
USR0253,Org-Gamma-Team4,Org-Gamma,2026-01-05,5,36,2025-10-01
USR0253,Org-Gamma-Team4,Org-Gamma,2026-01-07,7,30,2025-10-01
USR0253,Org-Gamma-Team4,Org-Gamma,2026-01-11,7,9,2025-10-01
USR0253,Org-Gamma-Team4,Org-Gamma,2026-01-12,6,27,2025-10-01
USR0253,Org-Gamma-Team4,Org-Gamma,2026-01-14,3,22,2025-10-01
USR0253,Org-Gamma-Team4,Org-Gamma,2026-01-15,4,22,2025-10-01
USR0253,Org-Gamma-Team4,Org-Gamma,2026-01-19,5,40,2025-10-01
USR0253,Org-Gamma-Team4,Org-Gamma,2026-01-21,5,8,2025-10-01
USR0253,Org-Gamma-Team4,Org-Gamma,2026-01-25,8,26,2025-10-01
USR0253,Org-Gamma-Team4,Org-Gamma,2026-01-26,2,19,2025-10-01
USR0253,Org-Gamma-Team4,Org-Gamma,2026-01-30,2,32,2025-10-01
USR0253,Org-Gamma-Team4,Org-Gamma,2026-02-02,6,19,2025-10-01
USR0253,Org-Gamma-Team4,Org-Gamma,2026-02-04,4,19,2025-10-01
USR0253,Org-Gamma-Team4,Org-Gamma,2026-02-05,6,24,2025-10-01
USR0253,Org-Gamma-Team4,Org-Gamma,2026-02-09,4,14,2025-10-01
USR0253,Org-Gamma-Team4,Org-Gamma,2026-02-10,8,27,2025-10-01
USR0253,Org-Gamma-Team4,Org-Gamma,2026-02-11,1,36,2025-10-01
USR0253,Org-Gamma-Team4,Org-Gamma,2026-02-15,2,2,2025-10-01
USR0253,Org-Gamma-Team4,Org-Gamma,2026-02-16,1,19,2025-10-01
USR0253,Org-Gamma-Team4,Org-Gamma,2026-02-17,8,6,2025-10-01
USR0253,Org-Gamma-Team4,Org-Gamma,2026-02-18,6,31,2025-10-01
USR0253,Org-Gamma-Team4,Org-Gamma,2026-02-19,3,6,2025-10-01
USR0253,Org-Gamma-Team4,Org-Gamma,2026-02-21,4,15,2025-10-01
USR0253,Org-Gamma-Team4,Org-Gamma,2026-02-22,7,3,2025-10-01
USR0253,Org-Gamma-Team4,Org-Gamma,2026-02-28,6,2,2025-10-01
USR0253,Org-Gamma-Team4,Org-Gamma,2026-03-02,6,36,2025-10-01
USR0253,Org-Gamma-Team4,Org-Gamma,2026-03-03,2,6,2025-10-01
USR0253,Org-Gamma-Team4,Org-Gamma,2026-03-04,4,12,2025-10-01
USR0253,Org-Gamma-Team4,Org-Gamma,2026-03-05,7,19,2025-10-01
USR0253,Org-Gamma-Team4,Org-Gamma,2026-03-06,4,16,2025-10-01
USR0253,Org-Gamma-Team4,Org-Gamma,2026-03-09,8,38,2025-10-01
USR0253,Org-Gamma-Team4,Org-Gamma,2026-03-10,1,16,2025-10-01
USR0253,Org-Gamma-Team4,Org-Gamma,2026-03-11,8,34,2025-10-01
USR0253,Org-Gamma-Team4,Org-Gamma,2026-03-12,2,36,2025-10-01
USR0253,Org-Gamma-Team4,Org-Gamma,2026-03-13,4,34,2025-10-01
USR0253,Org-Gamma-Team4,Org-Gamma,2026-03-14,8,34,2025-10-01
USR0253,Org-Gamma-Team4,Org-Gamma,2026-03-15,7,29,2025-10-01
USR0253,Org-Gamma-Team4,Org-Gamma,2026-03-16,4,18,2025-10-01
USR0253,Org-Gamma-Team4,Org-Gamma,2026-03-20,5,33,2025-10-01
USR0253,Org-Gamma-Team4,Org-Gamma,2026-03-22,3,26,2025-10-01
USR0253,Org-Gamma-Team4,Org-Gamma,2026-03-23,8,18,2025-10-01
USR0253,Org-Gamma-Team4,Org-Gamma,2026-03-24,7,20,2025-10-01
USR0253,Org-Gamma-Team4,Org-Gamma,2026-03-25,1,17,2025-10-01
USR0253,Org-Gamma-Team4,Org-Gamma,2026-03-26,4,11,2025-10-01
USR0253,Org-Gamma-Team4,Org-Gamma,2026-03-28,7,27,2025-10-01
USR0253,Org-Gamma-Team4,Org-Gamma,2026-03-29,6,34,2025-10-01
USR0253,Org-Gamma-Team4,Org-Gamma,2026-03-30,8,29,2025-10-01
USR0254,Org-Epsilon-Team4,Org-Epsilon,2025-10-10,7,34,2025-10-10
USR0254,Org-Epsilon-Team4,Org-Epsilon,2025-10-11,2,20,2025-10-10
USR0254,Org-Epsilon-Team4,Org-Epsilon,2025-10-13,4,37,2025-10-10
USR0254,Org-Epsilon-Team4,Org-Epsilon,2025-10-15,2,21,2025-10-10
USR0255,Org-Gamma-Team4,Org-Gamma,2025-10-11,3,13,2025-10-11
USR0255,Org-Gamma-Team4,Org-Gamma,2025-10-13,3,25,2025-10-11
USR0255,Org-Gamma-Team4,Org-Gamma,2025-10-15,1,36,2025-10-11
USR0255,Org-Gamma-Team4,Org-Gamma,2025-10-18,7,25,2025-10-11
USR0255,Org-Gamma-Team4,Org-Gamma,2025-10-19,2,8,2025-10-11
USR0255,Org-Gamma-Team4,Org-Gamma,2025-10-21,3,37,2025-10-11
USR0255,Org-Gamma-Team4,Org-Gamma,2025-10-23,3,18,2025-10-11
USR0255,Org-Gamma-Team4,Org-Gamma,2025-10-24,8,9,2025-10-11
USR0255,Org-Gamma-Team4,Org-Gamma,2025-10-25,1,15,2025-10-11
USR0255,Org-Gamma-Team4,Org-Gamma,2025-10-26,4,32,2025-10-11
USR0255,Org-Gamma-Team4,Org-Gamma,2025-10-29,7,5,2025-10-11
USR0255,Org-Gamma-Team4,Org-Gamma,2025-10-30,7,32,2025-10-11
USR0255,Org-Gamma-Team4,Org-Gamma,2025-11-04,4,4,2025-10-11
USR0255,Org-Gamma-Team4,Org-Gamma,2025-11-07,7,21,2025-10-11
USR0255,Org-Gamma-Team4,Org-Gamma,2025-11-09,7,24,2025-10-11
USR0255,Org-Gamma-Team4,Org-Gamma,2025-11-11,7,36,2025-10-11
USR0255,Org-Gamma-Team4,Org-Gamma,2025-11-13,6,22,2025-10-11
USR0255,Org-Gamma-Team4,Org-Gamma,2025-11-14,3,26,2025-10-11
USR0255,Org-Gamma-Team4,Org-Gamma,2025-11-16,7,17,2025-10-11
USR0255,Org-Gamma-Team4,Org-Gamma,2025-11-19,7,15,2025-10-11
USR0255,Org-Gamma-Team4,Org-Gamma,2025-11-20,1,24,2025-10-11
USR0255,Org-Gamma-Team4,Org-Gamma,2025-11-21,5,28,2025-10-11
USR0255,Org-Gamma-Team4,Org-Gamma,2025-11-22,5,17,2025-10-11
USR0255,Org-Gamma-Team4,Org-Gamma,2025-11-23,1,19,2025-10-11
USR0255,Org-Gamma-Team4,Org-Gamma,2025-11-24,7,29,2025-10-11
USR0255,Org-Gamma-Team4,Org-Gamma,2025-11-25,2,24,2025-10-11
USR0255,Org-Gamma-Team4,Org-Gamma,2025-11-26,4,21,2025-10-11
USR0255,Org-Gamma-Team4,Org-Gamma,2025-11-27,2,37,2025-10-11
USR0255,Org-Gamma-Team4,Org-Gamma,2025-11-29,1,22,2025-10-11
USR0255,Org-Gamma-Team4,Org-Gamma,2025-11-30,2,16,2025-10-11
USR0255,Org-Gamma-Team4,Org-Gamma,2025-12-01,6,4,2025-10-11
USR0255,Org-Gamma-Team4,Org-Gamma,2025-12-02,5,13,2025-10-11
USR0255,Org-Gamma-Team4,Org-Gamma,2025-12-06,8,28,2025-10-11
USR0255,Org-Gamma-Team4,Org-Gamma,2025-12-07,4,12,2025-10-11
USR0255,Org-Gamma-Team4,Org-Gamma,2025-12-11,5,9,2025-10-11
USR0255,Org-Gamma-Team4,Org-Gamma,2025-12-12,2,1,2025-10-11
USR0255,Org-Gamma-Team4,Org-Gamma,2025-12-13,2,32,2025-10-11
USR0255,Org-Gamma-Team4,Org-Gamma,2025-12-14,6,10,2025-10-11
USR0255,Org-Gamma-Team4,Org-Gamma,2025-12-15,2,34,2025-10-11
USR0255,Org-Gamma-Team4,Org-Gamma,2025-12-16,8,19,2025-10-11
USR0255,Org-Gamma-Team4,Org-Gamma,2025-12-17,7,24,2025-10-11
USR0255,Org-Gamma-Team4,Org-Gamma,2025-12-19,3,31,2025-10-11
USR0255,Org-Gamma-Team4,Org-Gamma,2025-12-20,3,23,2025-10-11
USR0255,Org-Gamma-Team4,Org-Gamma,2025-12-22,2,19,2025-10-11
USR0255,Org-Gamma-Team4,Org-Gamma,2025-12-23,4,3,2025-10-11
USR0255,Org-Gamma-Team4,Org-Gamma,2025-12-24,1,31,2025-10-11
USR0255,Org-Gamma-Team4,Org-Gamma,2025-12-25,6,8,2025-10-11
USR0255,Org-Gamma-Team4,Org-Gamma,2025-12-26,7,5,2025-10-11
USR0255,Org-Gamma-Team4,Org-Gamma,2025-12-27,3,9,2025-10-11
USR0255,Org-Gamma-Team4,Org-Gamma,2025-12-28,8,19,2025-10-11
USR0255,Org-Gamma-Team4,Org-Gamma,2025-12-29,4,30,2025-10-11
USR0255,Org-Gamma-Team4,Org-Gamma,2025-12-30,8,16,2025-10-11
USR0255,Org-Gamma-Team4,Org-Gamma,2026-01-01,5,16,2025-10-11
USR0255,Org-Gamma-Team4,Org-Gamma,2026-01-02,3,29,2025-10-11
USR0255,Org-Gamma-Team4,Org-Gamma,2026-01-03,2,12,2025-10-11
USR0255,Org-Gamma-Team4,Org-Gamma,2026-01-04,7,23,2025-10-11
USR0255,Org-Gamma-Team4,Org-Gamma,2026-01-05,1,12,2025-10-11
USR0255,Org-Gamma-Team4,Org-Gamma,2026-01-06,7,6,2025-10-11
USR0255,Org-Gamma-Team4,Org-Gamma,2026-01-09,1,27,2025-10-11
USR0255,Org-Gamma-Team4,Org-Gamma,2026-01-11,6,22,2025-10-11
USR0255,Org-Gamma-Team4,Org-Gamma,2026-01-12,7,30,2025-10-11
USR0255,Org-Gamma-Team4,Org-Gamma,2026-01-16,8,4,2025-10-11
USR0255,Org-Gamma-Team4,Org-Gamma,2026-01-17,6,8,2025-10-11
USR0255,Org-Gamma-Team4,Org-Gamma,2026-01-18,6,28,2025-10-11
USR0255,Org-Gamma-Team4,Org-Gamma,2026-01-19,1,28,2025-10-11
USR0255,Org-Gamma-Team4,Org-Gamma,2026-01-20,6,30,2025-10-11
USR0255,Org-Gamma-Team4,Org-Gamma,2026-01-24,2,25,2025-10-11
USR0255,Org-Gamma-Team4,Org-Gamma,2026-01-25,4,12,2025-10-11
USR0255,Org-Gamma-Team4,Org-Gamma,2026-01-27,4,37,2025-10-11
USR0255,Org-Gamma-Team4,Org-Gamma,2026-01-31,6,18,2025-10-11
USR0255,Org-Gamma-Team4,Org-Gamma,2026-02-01,6,6,2025-10-11
USR0255,Org-Gamma-Team4,Org-Gamma,2026-02-03,8,4,2025-10-11
USR0255,Org-Gamma-Team4,Org-Gamma,2026-02-05,4,10,2025-10-11
USR0255,Org-Gamma-Team4,Org-Gamma,2026-02-08,3,18,2025-10-11
USR0255,Org-Gamma-Team4,Org-Gamma,2026-02-09,5,27,2025-10-11
USR0255,Org-Gamma-Team4,Org-Gamma,2026-02-15,3,3,2025-10-11
USR0255,Org-Gamma-Team4,Org-Gamma,2026-02-16,2,21,2025-10-11
USR0255,Org-Gamma-Team4,Org-Gamma,2026-02-18,1,21,2025-10-11
USR0255,Org-Gamma-Team4,Org-Gamma,2026-02-19,4,13,2025-10-11
USR0255,Org-Gamma-Team4,Org-Gamma,2026-02-20,6,16,2025-10-11
USR0255,Org-Gamma-Team4,Org-Gamma,2026-02-21,7,13,2025-10-11
USR0255,Org-Gamma-Team4,Org-Gamma,2026-02-23,8,24,2025-10-11
USR0255,Org-Gamma-Team4,Org-Gamma,2026-02-25,1,1,2025-10-11
USR0255,Org-Gamma-Team4,Org-Gamma,2026-02-26,5,8,2025-10-11
USR0255,Org-Gamma-Team4,Org-Gamma,2026-02-27,5,15,2025-10-11
USR0255,Org-Gamma-Team4,Org-Gamma,2026-02-28,8,3,2025-10-11
USR0255,Org-Gamma-Team4,Org-Gamma,2026-03-02,8,1,2025-10-11
USR0255,Org-Gamma-Team4,Org-Gamma,2026-03-05,2,12,2025-10-11
USR0255,Org-Gamma-Team4,Org-Gamma,2026-03-06,3,36,2025-10-11
USR0255,Org-Gamma-Team4,Org-Gamma,2026-03-09,4,37,2025-10-11
USR0255,Org-Gamma-Team4,Org-Gamma,2026-03-11,6,25,2025-10-11
USR0255,Org-Gamma-Team4,Org-Gamma,2026-03-12,8,25,2025-10-11
USR0255,Org-Gamma-Team4,Org-Gamma,2026-03-14,6,39,2025-10-11
USR0255,Org-Gamma-Team4,Org-Gamma,2026-03-15,4,37,2025-10-11
USR0255,Org-Gamma-Team4,Org-Gamma,2026-03-16,2,4,2025-10-11
USR0255,Org-Gamma-Team4,Org-Gamma,2026-03-20,7,39,2025-10-11
USR0255,Org-Gamma-Team4,Org-Gamma,2026-03-22,2,32,2025-10-11
USR0255,Org-Gamma-Team4,Org-Gamma,2026-03-23,7,19,2025-10-11
USR0255,Org-Gamma-Team4,Org-Gamma,2026-03-25,5,20,2025-10-11
USR0255,Org-Gamma-Team4,Org-Gamma,2026-03-26,6,19,2025-10-11
USR0255,Org-Gamma-Team4,Org-Gamma,2026-03-31,4,24,2025-10-11
USR0256,Org-Gamma-Team3,Org-Gamma,2025-10-18,5,26,2025-10-15
USR0256,Org-Gamma-Team3,Org-Gamma,2025-10-19,1,31,2025-10-15
USR0257,Org-Alpha-Team3,Org-Alpha,2025-10-18,3,12,2025-10-18
USR0257,Org-Alpha-Team3,Org-Alpha,2025-10-19,3,27,2025-10-18
USR0257,Org-Alpha-Team3,Org-Alpha,2025-10-20,3,25,2025-10-18
USR0257,Org-Alpha-Team3,Org-Alpha,2025-10-23,7,33,2025-10-18
USR0257,Org-Alpha-Team3,Org-Alpha,2025-10-25,2,2,2025-10-18
USR0257,Org-Alpha-Team3,Org-Alpha,2025-10-29,1,38,2025-10-18
USR0257,Org-Alpha-Team3,Org-Alpha,2025-10-31,1,36,2025-10-18
USR0257,Org-Alpha-Team3,Org-Alpha,2025-11-01,8,4,2025-10-18
USR0257,Org-Alpha-Team3,Org-Alpha,2025-11-02,4,9,2025-10-18
USR0257,Org-Alpha-Team3,Org-Alpha,2025-11-03,7,11,2025-10-18
USR0257,Org-Alpha-Team3,Org-Alpha,2025-11-04,6,34,2025-10-18
USR0257,Org-Alpha-Team3,Org-Alpha,2025-11-05,8,32,2025-10-18
USR0257,Org-Alpha-Team3,Org-Alpha,2025-11-07,8,9,2025-10-18
USR0257,Org-Alpha-Team3,Org-Alpha,2025-11-09,2,7,2025-10-18
USR0257,Org-Alpha-Team3,Org-Alpha,2025-11-10,7,39,2025-10-18
USR0257,Org-Alpha-Team3,Org-Alpha,2025-11-12,1,32,2025-10-18
USR0257,Org-Alpha-Team3,Org-Alpha,2025-11-13,6,39,2025-10-18
USR0257,Org-Alpha-Team3,Org-Alpha,2025-11-14,2,38,2025-10-18
USR0257,Org-Alpha-Team3,Org-Alpha,2025-11-16,6,8,2025-10-18
USR0257,Org-Alpha-Team3,Org-Alpha,2025-11-18,4,37,2025-10-18
USR0257,Org-Alpha-Team3,Org-Alpha,2025-11-25,1,32,2025-10-18
USR0257,Org-Alpha-Team3,Org-Alpha,2025-11-26,7,30,2025-10-18
USR0257,Org-Alpha-Team3,Org-Alpha,2025-11-30,8,13,2025-10-18
USR0257,Org-Alpha-Team3,Org-Alpha,2025-12-01,2,36,2025-10-18
USR0257,Org-Alpha-Team3,Org-Alpha,2025-12-02,2,32,2025-10-18
USR0257,Org-Alpha-Team3,Org-Alpha,2025-12-04,8,19,2025-10-18
USR0257,Org-Alpha-Team3,Org-Alpha,2025-12-05,4,24,2025-10-18
USR0257,Org-Alpha-Team3,Org-Alpha,2025-12-10,5,14,2025-10-18
USR0257,Org-Alpha-Team3,Org-Alpha,2025-12-11,6,25,2025-10-18
USR0257,Org-Alpha-Team3,Org-Alpha,2025-12-13,2,12,2025-10-18
USR0257,Org-Alpha-Team3,Org-Alpha,2025-12-14,1,6,2025-10-18
USR0257,Org-Alpha-Team3,Org-Alpha,2025-12-16,7,17,2025-10-18
USR0257,Org-Alpha-Team3,Org-Alpha,2025-12-17,2,10,2025-10-18
USR0257,Org-Alpha-Team3,Org-Alpha,2025-12-18,8,8,2025-10-18
USR0257,Org-Alpha-Team3,Org-Alpha,2025-12-19,7,38,2025-10-18
USR0257,Org-Alpha-Team3,Org-Alpha,2025-12-20,4,24,2025-10-18
USR0257,Org-Alpha-Team3,Org-Alpha,2025-12-21,1,14,2025-10-18
USR0257,Org-Alpha-Team3,Org-Alpha,2025-12-23,8,36,2025-10-18
USR0257,Org-Alpha-Team3,Org-Alpha,2025-12-24,6,26,2025-10-18
USR0257,Org-Alpha-Team3,Org-Alpha,2025-12-25,8,24,2025-10-18
USR0257,Org-Alpha-Team3,Org-Alpha,2025-12-26,6,22,2025-10-18
USR0257,Org-Alpha-Team3,Org-Alpha,2025-12-27,3,4,2025-10-18
USR0257,Org-Alpha-Team3,Org-Alpha,2025-12-28,5,36,2025-10-18
USR0257,Org-Alpha-Team3,Org-Alpha,2025-12-30,2,8,2025-10-18
USR0257,Org-Alpha-Team3,Org-Alpha,2025-12-31,3,26,2025-10-18
USR0257,Org-Alpha-Team3,Org-Alpha,2026-01-01,4,19,2025-10-18
USR0257,Org-Alpha-Team3,Org-Alpha,2026-01-03,4,37,2025-10-18
USR0257,Org-Alpha-Team3,Org-Alpha,2026-01-06,4,6,2025-10-18
USR0257,Org-Alpha-Team3,Org-Alpha,2026-01-07,8,33,2025-10-18
USR0257,Org-Alpha-Team3,Org-Alpha,2026-01-08,1,16,2025-10-18
USR0257,Org-Alpha-Team3,Org-Alpha,2026-01-09,5,29,2025-10-18
USR0257,Org-Alpha-Team3,Org-Alpha,2026-01-10,1,21,2025-10-18
USR0257,Org-Alpha-Team3,Org-Alpha,2026-01-11,8,32,2025-10-18
USR0257,Org-Alpha-Team3,Org-Alpha,2026-01-14,8,20,2025-10-18
USR0257,Org-Alpha-Team3,Org-Alpha,2026-01-15,3,20,2025-10-18
USR0257,Org-Alpha-Team3,Org-Alpha,2026-01-16,6,14,2025-10-18
USR0257,Org-Alpha-Team3,Org-Alpha,2026-01-17,2,5,2025-10-18
USR0257,Org-Alpha-Team3,Org-Alpha,2026-01-19,1,38,2025-10-18
USR0257,Org-Alpha-Team3,Org-Alpha,2026-01-20,8,11,2025-10-18
USR0257,Org-Alpha-Team3,Org-Alpha,2026-01-21,5,33,2025-10-18
USR0257,Org-Alpha-Team3,Org-Alpha,2026-01-22,4,25,2025-10-18
USR0257,Org-Alpha-Team3,Org-Alpha,2026-01-23,6,29,2025-10-18
USR0257,Org-Alpha-Team3,Org-Alpha,2026-01-26,5,13,2025-10-18
USR0257,Org-Alpha-Team3,Org-Alpha,2026-01-27,2,27,2025-10-18
USR0257,Org-Alpha-Team3,Org-Alpha,2026-01-28,8,1,2025-10-18
USR0257,Org-Alpha-Team3,Org-Alpha,2026-01-30,6,2,2025-10-18
USR0257,Org-Alpha-Team3,Org-Alpha,2026-01-31,5,15,2025-10-18
USR0257,Org-Alpha-Team3,Org-Alpha,2026-02-02,5,18,2025-10-18
USR0257,Org-Alpha-Team3,Org-Alpha,2026-02-04,2,2,2025-10-18
USR0257,Org-Alpha-Team3,Org-Alpha,2026-02-05,8,38,2025-10-18
USR0257,Org-Alpha-Team3,Org-Alpha,2026-02-06,4,23,2025-10-18
USR0257,Org-Alpha-Team3,Org-Alpha,2026-02-07,3,8,2025-10-18
USR0257,Org-Alpha-Team3,Org-Alpha,2026-02-09,2,33,2025-10-18
USR0257,Org-Alpha-Team3,Org-Alpha,2026-02-10,7,40,2025-10-18
USR0257,Org-Alpha-Team3,Org-Alpha,2026-02-13,3,38,2025-10-18
USR0257,Org-Alpha-Team3,Org-Alpha,2026-02-14,8,21,2025-10-18
USR0257,Org-Alpha-Team3,Org-Alpha,2026-02-15,5,33,2025-10-18
USR0257,Org-Alpha-Team3,Org-Alpha,2026-02-17,2,21,2025-10-18
USR0257,Org-Alpha-Team3,Org-Alpha,2026-02-19,4,20,2025-10-18
USR0257,Org-Alpha-Team3,Org-Alpha,2026-02-20,7,4,2025-10-18
USR0257,Org-Alpha-Team3,Org-Alpha,2026-02-24,3,25,2025-10-18
USR0257,Org-Alpha-Team3,Org-Alpha,2026-02-25,6,21,2025-10-18
USR0257,Org-Alpha-Team3,Org-Alpha,2026-02-26,3,1,2025-10-18
USR0257,Org-Alpha-Team3,Org-Alpha,2026-03-02,5,25,2025-10-18
USR0257,Org-Alpha-Team3,Org-Alpha,2026-03-05,4,37,2025-10-18
USR0257,Org-Alpha-Team3,Org-Alpha,2026-03-06,8,6,2025-10-18
USR0257,Org-Alpha-Team3,Org-Alpha,2026-03-08,5,15,2025-10-18
USR0257,Org-Alpha-Team3,Org-Alpha,2026-03-09,7,4,2025-10-18
USR0257,Org-Alpha-Team3,Org-Alpha,2026-03-14,1,4,2025-10-18
USR0257,Org-Alpha-Team3,Org-Alpha,2026-03-15,4,37,2025-10-18
USR0257,Org-Alpha-Team3,Org-Alpha,2026-03-16,2,4,2025-10-18
USR0257,Org-Alpha-Team3,Org-Alpha,2026-03-17,6,7,2025-10-18
USR0257,Org-Alpha-Team3,Org-Alpha,2026-03-18,6,9,2025-10-18
USR0257,Org-Alpha-Team3,Org-Alpha,2026-03-19,2,12,2025-10-18
USR0257,Org-Alpha-Team3,Org-Alpha,2026-03-20,3,11,2025-10-18
USR0257,Org-Alpha-Team3,Org-Alpha,2026-03-21,2,32,2025-10-18
USR0257,Org-Alpha-Team3,Org-Alpha,2026-03-22,2,25,2025-10-18
USR0257,Org-Alpha-Team3,Org-Alpha,2026-03-23,6,28,2025-10-18
USR0257,Org-Alpha-Team3,Org-Alpha,2026-03-24,2,34,2025-10-18
USR0257,Org-Alpha-Team3,Org-Alpha,2026-03-27,4,14,2025-10-18
USR0257,Org-Alpha-Team3,Org-Alpha,2026-03-29,6,1,2025-10-18
USR0257,Org-Alpha-Team3,Org-Alpha,2026-03-30,6,39,2025-10-18
USR0258,Org-Epsilon-Team2,Org-Epsilon,2025-10-05,8,40,2025-10-03
USR0258,Org-Epsilon-Team2,Org-Epsilon,2025-10-06,6,31,2025-10-03
USR0258,Org-Epsilon-Team2,Org-Epsilon,2025-10-07,1,22,2025-10-03
USR0259,Org-Gamma-Team1,Org-Gamma,2025-10-06,3,6,2025-10-06
USR0260,Org-Beta-Team1,Org-Beta,2025-10-04,5,33,2025-10-04
USR0260,Org-Beta-Team1,Org-Beta,2025-10-05,2,19,2025-10-04
USR0260,Org-Beta-Team1,Org-Beta,2025-10-06,2,14,2025-10-04
USR0261,Org-Delta-Team2,Org-Delta,2025-10-28,4,38,2025-10-27
USR0261,Org-Delta-Team2,Org-Delta,2025-10-29,3,27,2025-10-27
USR0261,Org-Delta-Team2,Org-Delta,2025-10-30,1,8,2025-10-27
USR0262,Org-Epsilon-Team4,Org-Epsilon,2025-10-27,8,20,2025-10-27
USR0262,Org-Epsilon-Team4,Org-Epsilon,2025-10-29,5,20,2025-10-27
USR0262,Org-Epsilon-Team4,Org-Epsilon,2025-10-30,7,26,2025-10-27
USR0262,Org-Epsilon-Team4,Org-Epsilon,2025-10-31,5,35,2025-10-27
USR0262,Org-Epsilon-Team4,Org-Epsilon,2025-11-01,3,30,2025-10-27
USR0262,Org-Epsilon-Team4,Org-Epsilon,2025-11-02,2,16,2025-10-27
USR0263,Org-Gamma-Team2,Org-Gamma,2025-10-22,2,27,2025-10-22
USR0263,Org-Gamma-Team2,Org-Gamma,2025-10-23,5,37,2025-10-22
USR0263,Org-Gamma-Team2,Org-Gamma,2025-10-24,6,13,2025-10-22
USR0263,Org-Gamma-Team2,Org-Gamma,2025-10-27,1,7,2025-10-22
USR0263,Org-Gamma-Team2,Org-Gamma,2025-10-28,1,34,2025-10-22
USR0264,Org-Gamma-Team3,Org-Gamma,2025-10-11,6,26,2025-10-11
USR0264,Org-Gamma-Team3,Org-Gamma,2025-10-13,3,16,2025-10-11
USR0264,Org-Gamma-Team3,Org-Gamma,2025-10-14,5,1,2025-10-11
USR0264,Org-Gamma-Team3,Org-Gamma,2025-10-16,5,26,2025-10-11
USR0264,Org-Gamma-Team3,Org-Gamma,2025-10-17,7,31,2025-10-11
USR0264,Org-Gamma-Team3,Org-Gamma,2025-10-21,3,21,2025-10-11
USR0264,Org-Gamma-Team3,Org-Gamma,2025-10-22,5,11,2025-10-11
USR0264,Org-Gamma-Team3,Org-Gamma,2025-10-23,7,29,2025-10-11
USR0264,Org-Gamma-Team3,Org-Gamma,2025-10-26,1,20,2025-10-11
USR0264,Org-Gamma-Team3,Org-Gamma,2025-11-02,8,28,2025-10-11
USR0264,Org-Gamma-Team3,Org-Gamma,2025-11-05,8,32,2025-10-11
USR0264,Org-Gamma-Team3,Org-Gamma,2025-11-07,8,22,2025-10-11
USR0264,Org-Gamma-Team3,Org-Gamma,2025-11-08,5,4,2025-10-11
USR0264,Org-Gamma-Team3,Org-Gamma,2025-11-09,4,3,2025-10-11
USR0264,Org-Gamma-Team3,Org-Gamma,2025-11-11,2,2,2025-10-11
USR0264,Org-Gamma-Team3,Org-Gamma,2025-11-16,3,19,2025-10-11
USR0264,Org-Gamma-Team3,Org-Gamma,2025-11-19,5,12,2025-10-11
USR0264,Org-Gamma-Team3,Org-Gamma,2025-11-20,5,5,2025-10-11
USR0264,Org-Gamma-Team3,Org-Gamma,2025-11-21,4,38,2025-10-11
USR0264,Org-Gamma-Team3,Org-Gamma,2025-11-22,7,15,2025-10-11
USR0264,Org-Gamma-Team3,Org-Gamma,2025-11-23,6,12,2025-10-11
USR0264,Org-Gamma-Team3,Org-Gamma,2025-11-24,2,36,2025-10-11
USR0264,Org-Gamma-Team3,Org-Gamma,2025-11-25,4,25,2025-10-11
USR0264,Org-Gamma-Team3,Org-Gamma,2025-11-30,7,34,2025-10-11
USR0264,Org-Gamma-Team3,Org-Gamma,2025-12-01,1,18,2025-10-11
USR0264,Org-Gamma-Team3,Org-Gamma,2025-12-02,4,23,2025-10-11
USR0264,Org-Gamma-Team3,Org-Gamma,2025-12-04,4,6,2025-10-11
USR0264,Org-Gamma-Team3,Org-Gamma,2025-12-05,6,38,2025-10-11
USR0264,Org-Gamma-Team3,Org-Gamma,2025-12-06,2,28,2025-10-11
USR0264,Org-Gamma-Team3,Org-Gamma,2025-12-08,2,13,2025-10-11
USR0264,Org-Gamma-Team3,Org-Gamma,2025-12-09,5,30,2025-10-11
USR0264,Org-Gamma-Team3,Org-Gamma,2025-12-11,8,1,2025-10-11
USR0264,Org-Gamma-Team3,Org-Gamma,2025-12-12,6,1,2025-10-11
USR0264,Org-Gamma-Team3,Org-Gamma,2025-12-14,5,37,2025-10-11
USR0264,Org-Gamma-Team3,Org-Gamma,2025-12-15,7,13,2025-10-11
USR0264,Org-Gamma-Team3,Org-Gamma,2025-12-17,7,27,2025-10-11
USR0264,Org-Gamma-Team3,Org-Gamma,2025-12-18,2,16,2025-10-11
USR0264,Org-Gamma-Team3,Org-Gamma,2025-12-19,1,21,2025-10-11
USR0264,Org-Gamma-Team3,Org-Gamma,2025-12-21,5,36,2025-10-11
USR0264,Org-Gamma-Team3,Org-Gamma,2025-12-22,6,18,2025-10-11
USR0264,Org-Gamma-Team3,Org-Gamma,2025-12-24,6,38,2025-10-11
USR0264,Org-Gamma-Team3,Org-Gamma,2025-12-25,2,13,2025-10-11
USR0264,Org-Gamma-Team3,Org-Gamma,2025-12-31,2,38,2025-10-11
USR0264,Org-Gamma-Team3,Org-Gamma,2026-01-01,6,8,2025-10-11
USR0264,Org-Gamma-Team3,Org-Gamma,2026-01-05,7,32,2025-10-11
USR0264,Org-Gamma-Team3,Org-Gamma,2026-01-06,2,15,2025-10-11
USR0264,Org-Gamma-Team3,Org-Gamma,2026-01-09,7,23,2025-10-11
USR0264,Org-Gamma-Team3,Org-Gamma,2026-01-11,6,2,2025-10-11
USR0264,Org-Gamma-Team3,Org-Gamma,2026-01-12,8,16,2025-10-11
USR0264,Org-Gamma-Team3,Org-Gamma,2026-01-13,3,10,2025-10-11
USR0264,Org-Gamma-Team3,Org-Gamma,2026-01-14,3,27,2025-10-11
USR0264,Org-Gamma-Team3,Org-Gamma,2026-01-16,8,3,2025-10-11
USR0264,Org-Gamma-Team3,Org-Gamma,2026-01-18,3,14,2025-10-11
USR0264,Org-Gamma-Team3,Org-Gamma,2026-01-20,3,34,2025-10-11
USR0264,Org-Gamma-Team3,Org-Gamma,2026-01-21,2,34,2025-10-11
USR0264,Org-Gamma-Team3,Org-Gamma,2026-01-24,4,23,2025-10-11
USR0264,Org-Gamma-Team3,Org-Gamma,2026-01-26,8,21,2025-10-11
USR0264,Org-Gamma-Team3,Org-Gamma,2026-01-29,3,29,2025-10-11
USR0264,Org-Gamma-Team3,Org-Gamma,2026-02-01,8,14,2025-10-11
USR0264,Org-Gamma-Team3,Org-Gamma,2026-02-02,5,39,2025-10-11
USR0264,Org-Gamma-Team3,Org-Gamma,2026-02-04,2,2,2025-10-11
USR0264,Org-Gamma-Team3,Org-Gamma,2026-02-06,3,16,2025-10-11
USR0264,Org-Gamma-Team3,Org-Gamma,2026-02-07,7,22,2025-10-11
USR0264,Org-Gamma-Team3,Org-Gamma,2026-02-09,5,2,2025-10-11
USR0264,Org-Gamma-Team3,Org-Gamma,2026-02-10,2,33,2025-10-11
USR0264,Org-Gamma-Team3,Org-Gamma,2026-02-12,7,20,2025-10-11
USR0264,Org-Gamma-Team3,Org-Gamma,2026-02-13,6,6,2025-10-11
USR0264,Org-Gamma-Team3,Org-Gamma,2026-02-16,3,20,2025-10-11
USR0264,Org-Gamma-Team3,Org-Gamma,2026-02-17,5,2,2025-10-11
USR0264,Org-Gamma-Team3,Org-Gamma,2026-02-18,8,3,2025-10-11
USR0264,Org-Gamma-Team3,Org-Gamma,2026-02-19,5,28,2025-10-11
USR0264,Org-Gamma-Team3,Org-Gamma,2026-02-20,8,35,2025-10-11
USR0264,Org-Gamma-Team3,Org-Gamma,2026-02-21,4,12,2025-10-11
USR0264,Org-Gamma-Team3,Org-Gamma,2026-02-23,8,1,2025-10-11
USR0264,Org-Gamma-Team3,Org-Gamma,2026-02-24,3,2,2025-10-11
USR0264,Org-Gamma-Team3,Org-Gamma,2026-02-25,5,32,2025-10-11
USR0264,Org-Gamma-Team3,Org-Gamma,2026-02-26,4,20,2025-10-11
USR0264,Org-Gamma-Team3,Org-Gamma,2026-02-27,2,3,2025-10-11
USR0264,Org-Gamma-Team3,Org-Gamma,2026-02-28,2,3,2025-10-11
USR0264,Org-Gamma-Team3,Org-Gamma,2026-03-02,7,1,2025-10-11
USR0264,Org-Gamma-Team3,Org-Gamma,2026-03-03,5,8,2025-10-11
USR0264,Org-Gamma-Team3,Org-Gamma,2026-03-04,4,22,2025-10-11
USR0264,Org-Gamma-Team3,Org-Gamma,2026-03-05,8,37,2025-10-11
USR0264,Org-Gamma-Team3,Org-Gamma,2026-03-06,1,31,2025-10-11
USR0264,Org-Gamma-Team3,Org-Gamma,2026-03-10,4,39,2025-10-11
USR0264,Org-Gamma-Team3,Org-Gamma,2026-03-12,8,9,2025-10-11
USR0264,Org-Gamma-Team3,Org-Gamma,2026-03-14,2,34,2025-10-11
USR0264,Org-Gamma-Team3,Org-Gamma,2026-03-16,8,36,2025-10-11
USR0264,Org-Gamma-Team3,Org-Gamma,2026-03-19,8,29,2025-10-11
USR0264,Org-Gamma-Team3,Org-Gamma,2026-03-22,8,30,2025-10-11
USR0264,Org-Gamma-Team3,Org-Gamma,2026-03-24,4,39,2025-10-11
USR0264,Org-Gamma-Team3,Org-Gamma,2026-03-25,4,40,2025-10-11
USR0264,Org-Gamma-Team3,Org-Gamma,2026-03-26,3,3,2025-10-11
USR0264,Org-Gamma-Team3,Org-Gamma,2026-03-27,8,15,2025-10-11
USR0264,Org-Gamma-Team3,Org-Gamma,2026-03-28,6,8,2025-10-11
USR0264,Org-Gamma-Team3,Org-Gamma,2026-03-29,6,22,2025-10-11
USR0264,Org-Gamma-Team3,Org-Gamma,2026-03-31,2,30,2025-10-11
USR0265,Org-Alpha-Team2,Org-Alpha,2025-10-27,1,32,2025-10-27
USR0265,Org-Alpha-Team2,Org-Alpha,2025-10-29,7,20,2025-10-27
USR0266,Org-Alpha-Team1,Org-Alpha,2025-10-03,8,21,2025-10-02
USR0266,Org-Alpha-Team1,Org-Alpha,2025-10-04,4,37,2025-10-02
USR0266,Org-Alpha-Team1,Org-Alpha,2025-10-05,6,16,2025-10-02
USR0266,Org-Alpha-Team1,Org-Alpha,2025-10-08,5,20,2025-10-02
USR0267,Org-Gamma-Team4,Org-Gamma,2025-10-20,8,6,2025-10-20
USR0267,Org-Gamma-Team4,Org-Gamma,2025-10-22,1,27,2025-10-20
USR0268,Org-Beta-Team4,Org-Beta,2025-10-08,8,1,2025-10-08
USR0268,Org-Beta-Team4,Org-Beta,2025-10-09,1,30,2025-10-08
USR0268,Org-Beta-Team4,Org-Beta,2025-10-11,6,13,2025-10-08
USR0268,Org-Beta-Team4,Org-Beta,2025-10-12,5,12,2025-10-08
USR0268,Org-Beta-Team4,Org-Beta,2025-10-13,6,23,2025-10-08
USR0268,Org-Beta-Team4,Org-Beta,2025-10-15,6,15,2025-10-08
USR0269,Org-Gamma-Team1,Org-Gamma,2025-10-24,7,30,2025-10-22
USR0269,Org-Gamma-Team1,Org-Gamma,2025-10-25,3,9,2025-10-22
USR0270,Org-Beta-Team2,Org-Beta,2025-10-27,3,1,2025-10-26
USR0271,Org-Gamma-Team1,Org-Gamma,2025-10-31,2,8,2025-10-30
USR0271,Org-Gamma-Team1,Org-Gamma,2025-11-02,2,29,2025-10-30
USR0271,Org-Gamma-Team1,Org-Gamma,2025-11-03,8,35,2025-10-30
USR0271,Org-Gamma-Team1,Org-Gamma,2025-11-06,1,20,2025-10-30
USR0272,Org-Alpha-Team1,Org-Alpha,2025-10-18,7,17,2025-10-18
USR0272,Org-Alpha-Team1,Org-Alpha,2025-10-20,7,9,2025-10-18
USR0272,Org-Alpha-Team1,Org-Alpha,2025-10-22,8,4,2025-10-18
USR0273,Org-Epsilon-Team2,Org-Epsilon,2025-10-23,2,8,2025-10-23
USR0273,Org-Epsilon-Team2,Org-Epsilon,2025-10-26,8,1,2025-10-23
USR0273,Org-Epsilon-Team2,Org-Epsilon,2025-10-27,3,21,2025-10-23
USR0273,Org-Epsilon-Team2,Org-Epsilon,2025-10-28,1,19,2025-10-23
USR0274,Org-Epsilon-Team3,Org-Epsilon,2025-10-23,3,20,2025-10-22
USR0274,Org-Epsilon-Team3,Org-Epsilon,2025-10-27,8,17,2025-10-22
USR0275,Org-Alpha-Team4,Org-Alpha,2025-10-03,4,33,2025-10-02
USR0275,Org-Alpha-Team4,Org-Alpha,2025-10-06,3,17,2025-10-02
USR0275,Org-Alpha-Team4,Org-Alpha,2025-10-07,3,19,2025-10-02
USR0275,Org-Alpha-Team4,Org-Alpha,2025-10-08,5,34,2025-10-02
USR0276,Org-Delta-Team1,Org-Delta,2025-10-04,2,33,2025-10-04
USR0276,Org-Delta-Team1,Org-Delta,2025-10-05,5,16,2025-10-04
USR0276,Org-Delta-Team1,Org-Delta,2025-10-06,2,17,2025-10-04
USR0276,Org-Delta-Team1,Org-Delta,2025-10-10,2,11,2025-10-04
USR0277,Org-Gamma-Team1,Org-Gamma,2025-10-16,1,16,2025-10-15
USR0278,Org-Epsilon-Team4,Org-Epsilon,2025-10-09,4,10,2025-10-09
USR0278,Org-Epsilon-Team4,Org-Epsilon,2025-10-10,7,31,2025-10-09
USR0278,Org-Epsilon-Team4,Org-Epsilon,2025-10-11,6,14,2025-10-09
USR0278,Org-Epsilon-Team4,Org-Epsilon,2025-10-12,6,6,2025-10-09
USR0278,Org-Epsilon-Team4,Org-Epsilon,2025-10-15,2,22,2025-10-09
USR0278,Org-Epsilon-Team4,Org-Epsilon,2025-10-16,2,8,2025-10-09
USR0279,Org-Epsilon-Team2,Org-Epsilon,2025-10-21,1,32,2025-10-19
USR0279,Org-Epsilon-Team2,Org-Epsilon,2025-10-22,7,38,2025-10-19
USR0279,Org-Epsilon-Team2,Org-Epsilon,2025-10-23,1,24,2025-10-19
USR0279,Org-Epsilon-Team2,Org-Epsilon,2025-10-25,5,17,2025-10-19
USR0279,Org-Epsilon-Team2,Org-Epsilon,2025-10-26,7,29,2025-10-19
USR0279,Org-Epsilon-Team2,Org-Epsilon,2025-10-30,4,36,2025-10-19
USR0279,Org-Epsilon-Team2,Org-Epsilon,2025-10-31,3,21,2025-10-19
USR0279,Org-Epsilon-Team2,Org-Epsilon,2025-11-02,7,7,2025-10-19
USR0279,Org-Epsilon-Team2,Org-Epsilon,2025-11-04,5,18,2025-10-19
USR0279,Org-Epsilon-Team2,Org-Epsilon,2025-11-06,2,35,2025-10-19
USR0279,Org-Epsilon-Team2,Org-Epsilon,2025-11-07,6,21,2025-10-19
USR0279,Org-Epsilon-Team2,Org-Epsilon,2025-11-08,6,35,2025-10-19
USR0279,Org-Epsilon-Team2,Org-Epsilon,2025-11-10,3,40,2025-10-19
USR0279,Org-Epsilon-Team2,Org-Epsilon,2025-11-11,2,18,2025-10-19
USR0279,Org-Epsilon-Team2,Org-Epsilon,2025-11-13,5,3,2025-10-19
USR0279,Org-Epsilon-Team2,Org-Epsilon,2025-11-14,4,9,2025-10-19
USR0279,Org-Epsilon-Team2,Org-Epsilon,2025-11-15,6,38,2025-10-19
USR0279,Org-Epsilon-Team2,Org-Epsilon,2025-11-16,6,33,2025-10-19
USR0279,Org-Epsilon-Team2,Org-Epsilon,2025-11-17,4,22,2025-10-19
USR0279,Org-Epsilon-Team2,Org-Epsilon,2025-11-19,1,22,2025-10-19
USR0279,Org-Epsilon-Team2,Org-Epsilon,2025-11-20,8,21,2025-10-19
USR0279,Org-Epsilon-Team2,Org-Epsilon,2025-11-21,8,33,2025-10-19
USR0279,Org-Epsilon-Team2,Org-Epsilon,2025-11-22,8,14,2025-10-19
USR0279,Org-Epsilon-Team2,Org-Epsilon,2025-11-23,5,9,2025-10-19
USR0279,Org-Epsilon-Team2,Org-Epsilon,2025-11-24,5,31,2025-10-19
USR0279,Org-Epsilon-Team2,Org-Epsilon,2025-11-25,8,17,2025-10-19
USR0279,Org-Epsilon-Team2,Org-Epsilon,2025-11-26,5,37,2025-10-19
USR0279,Org-Epsilon-Team2,Org-Epsilon,2025-11-27,4,3,2025-10-19
USR0279,Org-Epsilon-Team2,Org-Epsilon,2025-11-28,5,4,2025-10-19
USR0279,Org-Epsilon-Team2,Org-Epsilon,2025-11-29,1,25,2025-10-19
USR0279,Org-Epsilon-Team2,Org-Epsilon,2025-11-30,3,25,2025-10-19
USR0279,Org-Epsilon-Team2,Org-Epsilon,2025-12-01,7,9,2025-10-19
USR0279,Org-Epsilon-Team2,Org-Epsilon,2025-12-04,6,14,2025-10-19
USR0279,Org-Epsilon-Team2,Org-Epsilon,2025-12-05,4,36,2025-10-19
USR0279,Org-Epsilon-Team2,Org-Epsilon,2025-12-06,5,25,2025-10-19
USR0279,Org-Epsilon-Team2,Org-Epsilon,2025-12-07,2,9,2025-10-19
USR0279,Org-Epsilon-Team2,Org-Epsilon,2025-12-08,5,2,2025-10-19
USR0279,Org-Epsilon-Team2,Org-Epsilon,2025-12-09,6,17,2025-10-19
USR0279,Org-Epsilon-Team2,Org-Epsilon,2025-12-11,4,39,2025-10-19
USR0279,Org-Epsilon-Team2,Org-Epsilon,2025-12-12,2,28,2025-10-19
USR0279,Org-Epsilon-Team2,Org-Epsilon,2025-12-13,4,10,2025-10-19
USR0279,Org-Epsilon-Team2,Org-Epsilon,2025-12-16,8,37,2025-10-19
USR0279,Org-Epsilon-Team2,Org-Epsilon,2025-12-17,3,24,2025-10-19
USR0279,Org-Epsilon-Team2,Org-Epsilon,2025-12-20,8,19,2025-10-19
USR0279,Org-Epsilon-Team2,Org-Epsilon,2025-12-21,7,4,2025-10-19
USR0279,Org-Epsilon-Team2,Org-Epsilon,2025-12-22,6,4,2025-10-19
USR0279,Org-Epsilon-Team2,Org-Epsilon,2025-12-24,5,16,2025-10-19
USR0279,Org-Epsilon-Team2,Org-Epsilon,2025-12-26,5,18,2025-10-19
USR0279,Org-Epsilon-Team2,Org-Epsilon,2025-12-28,6,10,2025-10-19
USR0279,Org-Epsilon-Team2,Org-Epsilon,2025-12-30,2,32,2025-10-19
USR0279,Org-Epsilon-Team2,Org-Epsilon,2025-12-31,5,37,2025-10-19
USR0279,Org-Epsilon-Team2,Org-Epsilon,2026-01-01,5,22,2025-10-19
USR0279,Org-Epsilon-Team2,Org-Epsilon,2026-01-03,6,40,2025-10-19
USR0279,Org-Epsilon-Team2,Org-Epsilon,2026-01-04,8,33,2025-10-19
USR0279,Org-Epsilon-Team2,Org-Epsilon,2026-01-06,4,7,2025-10-19
USR0279,Org-Epsilon-Team2,Org-Epsilon,2026-01-07,5,10,2025-10-19
USR0279,Org-Epsilon-Team2,Org-Epsilon,2026-01-08,2,34,2025-10-19
USR0279,Org-Epsilon-Team2,Org-Epsilon,2026-01-09,3,18,2025-10-19
USR0279,Org-Epsilon-Team2,Org-Epsilon,2026-01-11,4,26,2025-10-19
USR0279,Org-Epsilon-Team2,Org-Epsilon,2026-01-14,2,30,2025-10-19
USR0279,Org-Epsilon-Team2,Org-Epsilon,2026-01-15,5,2,2025-10-19
USR0279,Org-Epsilon-Team2,Org-Epsilon,2026-01-17,1,18,2025-10-19
USR0279,Org-Epsilon-Team2,Org-Epsilon,2026-01-19,6,7,2025-10-19
USR0279,Org-Epsilon-Team2,Org-Epsilon,2026-01-20,7,15,2025-10-19
USR0279,Org-Epsilon-Team2,Org-Epsilon,2026-01-21,2,2,2025-10-19
USR0279,Org-Epsilon-Team2,Org-Epsilon,2026-01-22,3,9,2025-10-19
USR0279,Org-Epsilon-Team2,Org-Epsilon,2026-01-23,3,3,2025-10-19
USR0279,Org-Epsilon-Team2,Org-Epsilon,2026-01-24,5,22,2025-10-19
USR0279,Org-Epsilon-Team2,Org-Epsilon,2026-01-25,3,34,2025-10-19
USR0279,Org-Epsilon-Team2,Org-Epsilon,2026-01-28,7,32,2025-10-19
USR0279,Org-Epsilon-Team2,Org-Epsilon,2026-01-29,5,12,2025-10-19
USR0279,Org-Epsilon-Team2,Org-Epsilon,2026-01-30,4,21,2025-10-19
USR0279,Org-Epsilon-Team2,Org-Epsilon,2026-02-01,4,30,2025-10-19
USR0279,Org-Epsilon-Team2,Org-Epsilon,2026-02-02,3,29,2025-10-19
USR0279,Org-Epsilon-Team2,Org-Epsilon,2026-02-03,4,39,2025-10-19
USR0279,Org-Epsilon-Team2,Org-Epsilon,2026-02-04,3,6,2025-10-19
USR0279,Org-Epsilon-Team2,Org-Epsilon,2026-02-06,1,1,2025-10-19
USR0279,Org-Epsilon-Team2,Org-Epsilon,2026-02-07,1,32,2025-10-19
USR0279,Org-Epsilon-Team2,Org-Epsilon,2026-02-08,3,5,2025-10-19
USR0279,Org-Epsilon-Team2,Org-Epsilon,2026-02-09,5,34,2025-10-19
USR0279,Org-Epsilon-Team2,Org-Epsilon,2026-02-10,7,22,2025-10-19
USR0279,Org-Epsilon-Team2,Org-Epsilon,2026-02-11,8,5,2025-10-19
USR0279,Org-Epsilon-Team2,Org-Epsilon,2026-02-12,6,31,2025-10-19
USR0279,Org-Epsilon-Team2,Org-Epsilon,2026-02-13,1,23,2025-10-19
USR0279,Org-Epsilon-Team2,Org-Epsilon,2026-02-14,4,5,2025-10-19
USR0279,Org-Epsilon-Team2,Org-Epsilon,2026-02-15,4,2,2025-10-19
USR0279,Org-Epsilon-Team2,Org-Epsilon,2026-02-17,6,4,2025-10-19
USR0279,Org-Epsilon-Team2,Org-Epsilon,2026-02-18,4,15,2025-10-19
USR0279,Org-Epsilon-Team2,Org-Epsilon,2026-02-19,4,7,2025-10-19
USR0279,Org-Epsilon-Team2,Org-Epsilon,2026-02-24,2,20,2025-10-19
USR0279,Org-Epsilon-Team2,Org-Epsilon,2026-02-25,1,11,2025-10-19
USR0279,Org-Epsilon-Team2,Org-Epsilon,2026-02-27,6,39,2025-10-19
USR0279,Org-Epsilon-Team2,Org-Epsilon,2026-03-02,3,27,2025-10-19
USR0279,Org-Epsilon-Team2,Org-Epsilon,2026-03-03,1,1,2025-10-19
USR0279,Org-Epsilon-Team2,Org-Epsilon,2026-03-05,3,2,2025-10-19
USR0279,Org-Epsilon-Team2,Org-Epsilon,2026-03-06,8,6,2025-10-19
USR0279,Org-Epsilon-Team2,Org-Epsilon,2026-03-09,5,23,2025-10-19
USR0279,Org-Epsilon-Team2,Org-Epsilon,2026-03-10,6,37,2025-10-19
USR0279,Org-Epsilon-Team2,Org-Epsilon,2026-03-11,1,9,2025-10-19
USR0279,Org-Epsilon-Team2,Org-Epsilon,2026-03-12,2,21,2025-10-19
USR0279,Org-Epsilon-Team2,Org-Epsilon,2026-03-16,8,23,2025-10-19
USR0279,Org-Epsilon-Team2,Org-Epsilon,2026-03-17,6,29,2025-10-19
USR0279,Org-Epsilon-Team2,Org-Epsilon,2026-03-19,3,13,2025-10-19
USR0279,Org-Epsilon-Team2,Org-Epsilon,2026-03-20,1,28,2025-10-19
USR0279,Org-Epsilon-Team2,Org-Epsilon,2026-03-23,2,30,2025-10-19
USR0279,Org-Epsilon-Team2,Org-Epsilon,2026-03-24,3,18,2025-10-19
USR0279,Org-Epsilon-Team2,Org-Epsilon,2026-03-25,4,2,2025-10-19
USR0279,Org-Epsilon-Team2,Org-Epsilon,2026-03-26,7,32,2025-10-19
USR0279,Org-Epsilon-Team2,Org-Epsilon,2026-03-28,8,21,2025-10-19
USR0279,Org-Epsilon-Team2,Org-Epsilon,2026-03-29,6,1,2025-10-19
USR0279,Org-Epsilon-Team2,Org-Epsilon,2026-03-30,2,20,2025-10-19
USR0279,Org-Epsilon-Team2,Org-Epsilon,2026-03-31,5,40,2025-10-19
USR0280,Org-Beta-Team3,Org-Beta,2025-10-27,4,26,2025-10-27
USR0280,Org-Beta-Team3,Org-Beta,2025-10-28,5,26,2025-10-27
USR0280,Org-Beta-Team3,Org-Beta,2025-10-29,3,33,2025-10-27
USR0280,Org-Beta-Team3,Org-Beta,2025-10-30,6,7,2025-10-27
USR0280,Org-Beta-Team3,Org-Beta,2025-10-31,2,19,2025-10-27
USR0280,Org-Beta-Team3,Org-Beta,2025-11-02,5,15,2025-10-27
USR0280,Org-Beta-Team3,Org-Beta,2025-11-04,6,3,2025-10-27
USR0280,Org-Beta-Team3,Org-Beta,2025-11-08,8,25,2025-10-27
USR0280,Org-Beta-Team3,Org-Beta,2025-11-09,4,19,2025-10-27
USR0280,Org-Beta-Team3,Org-Beta,2025-11-11,5,7,2025-10-27
USR0280,Org-Beta-Team3,Org-Beta,2025-11-12,7,29,2025-10-27
USR0280,Org-Beta-Team3,Org-Beta,2025-11-13,1,29,2025-10-27
USR0280,Org-Beta-Team3,Org-Beta,2025-11-14,7,37,2025-10-27
USR0280,Org-Beta-Team3,Org-Beta,2025-11-15,6,35,2025-10-27
USR0280,Org-Beta-Team3,Org-Beta,2025-11-16,5,40,2025-10-27
USR0280,Org-Beta-Team3,Org-Beta,2025-11-17,2,4,2025-10-27
USR0280,Org-Beta-Team3,Org-Beta,2025-11-18,7,30,2025-10-27
USR0280,Org-Beta-Team3,Org-Beta,2025-11-21,2,33,2025-10-27
USR0280,Org-Beta-Team3,Org-Beta,2025-11-22,4,38,2025-10-27
USR0280,Org-Beta-Team3,Org-Beta,2025-11-23,6,14,2025-10-27
USR0280,Org-Beta-Team3,Org-Beta,2025-11-24,1,5,2025-10-27
USR0280,Org-Beta-Team3,Org-Beta,2025-11-26,4,8,2025-10-27
USR0280,Org-Beta-Team3,Org-Beta,2025-11-27,5,23,2025-10-27
USR0280,Org-Beta-Team3,Org-Beta,2025-11-29,3,17,2025-10-27
USR0280,Org-Beta-Team3,Org-Beta,2025-12-02,1,18,2025-10-27
USR0280,Org-Beta-Team3,Org-Beta,2025-12-03,5,3,2025-10-27
USR0280,Org-Beta-Team3,Org-Beta,2025-12-04,4,25,2025-10-27
USR0280,Org-Beta-Team3,Org-Beta,2025-12-05,8,24,2025-10-27
USR0280,Org-Beta-Team3,Org-Beta,2025-12-06,3,28,2025-10-27
USR0280,Org-Beta-Team3,Org-Beta,2025-12-09,1,15,2025-10-27
USR0280,Org-Beta-Team3,Org-Beta,2025-12-12,4,22,2025-10-27
USR0280,Org-Beta-Team3,Org-Beta,2025-12-14,6,25,2025-10-27
USR0280,Org-Beta-Team3,Org-Beta,2025-12-18,4,1,2025-10-27
USR0280,Org-Beta-Team3,Org-Beta,2025-12-19,6,30,2025-10-27
USR0280,Org-Beta-Team3,Org-Beta,2025-12-22,2,24,2025-10-27
USR0280,Org-Beta-Team3,Org-Beta,2025-12-23,5,12,2025-10-27
USR0280,Org-Beta-Team3,Org-Beta,2025-12-24,7,25,2025-10-27
USR0280,Org-Beta-Team3,Org-Beta,2025-12-25,1,22,2025-10-27
USR0280,Org-Beta-Team3,Org-Beta,2025-12-28,1,14,2025-10-27
USR0280,Org-Beta-Team3,Org-Beta,2025-12-29,5,5,2025-10-27
USR0280,Org-Beta-Team3,Org-Beta,2026-01-02,4,9,2025-10-27
USR0280,Org-Beta-Team3,Org-Beta,2026-01-03,6,28,2025-10-27
USR0280,Org-Beta-Team3,Org-Beta,2026-01-05,8,29,2025-10-27
USR0280,Org-Beta-Team3,Org-Beta,2026-01-07,8,3,2025-10-27
USR0280,Org-Beta-Team3,Org-Beta,2026-01-08,1,32,2025-10-27
USR0280,Org-Beta-Team3,Org-Beta,2026-01-09,7,7,2025-10-27
USR0280,Org-Beta-Team3,Org-Beta,2026-01-12,8,3,2025-10-27
USR0280,Org-Beta-Team3,Org-Beta,2026-01-16,8,20,2025-10-27
USR0280,Org-Beta-Team3,Org-Beta,2026-01-18,7,36,2025-10-27
USR0280,Org-Beta-Team3,Org-Beta,2026-01-19,7,16,2025-10-27
USR0280,Org-Beta-Team3,Org-Beta,2026-01-20,8,28,2025-10-27
USR0280,Org-Beta-Team3,Org-Beta,2026-01-21,2,23,2025-10-27
USR0280,Org-Beta-Team3,Org-Beta,2026-01-27,6,33,2025-10-27
USR0280,Org-Beta-Team3,Org-Beta,2026-01-28,2,34,2025-10-27
USR0280,Org-Beta-Team3,Org-Beta,2026-01-29,8,20,2025-10-27
USR0280,Org-Beta-Team3,Org-Beta,2026-01-30,3,32,2025-10-27
USR0280,Org-Beta-Team3,Org-Beta,2026-01-31,4,5,2025-10-27
USR0280,Org-Beta-Team3,Org-Beta,2026-02-01,8,12,2025-10-27
USR0280,Org-Beta-Team3,Org-Beta,2026-02-02,5,37,2025-10-27
USR0280,Org-Beta-Team3,Org-Beta,2026-02-03,3,9,2025-10-27
USR0280,Org-Beta-Team3,Org-Beta,2026-02-04,4,37,2025-10-27
USR0280,Org-Beta-Team3,Org-Beta,2026-02-07,3,8,2025-10-27
USR0280,Org-Beta-Team3,Org-Beta,2026-02-08,1,1,2025-10-27
USR0280,Org-Beta-Team3,Org-Beta,2026-02-09,2,14,2025-10-27
USR0280,Org-Beta-Team3,Org-Beta,2026-02-11,1,19,2025-10-27
USR0280,Org-Beta-Team3,Org-Beta,2026-02-14,6,27,2025-10-27
USR0280,Org-Beta-Team3,Org-Beta,2026-02-15,8,5,2025-10-27
USR0280,Org-Beta-Team3,Org-Beta,2026-02-16,5,8,2025-10-27
USR0280,Org-Beta-Team3,Org-Beta,2026-02-18,7,25,2025-10-27
USR0280,Org-Beta-Team3,Org-Beta,2026-02-19,6,27,2025-10-27
USR0280,Org-Beta-Team3,Org-Beta,2026-02-20,4,37,2025-10-27
USR0280,Org-Beta-Team3,Org-Beta,2026-02-21,2,26,2025-10-27
USR0280,Org-Beta-Team3,Org-Beta,2026-02-24,7,32,2025-10-27
USR0280,Org-Beta-Team3,Org-Beta,2026-03-01,6,31,2025-10-27
USR0280,Org-Beta-Team3,Org-Beta,2026-03-03,5,31,2025-10-27
USR0280,Org-Beta-Team3,Org-Beta,2026-03-05,6,9,2025-10-27
USR0280,Org-Beta-Team3,Org-Beta,2026-03-06,6,9,2025-10-27
USR0280,Org-Beta-Team3,Org-Beta,2026-03-07,5,22,2025-10-27
USR0280,Org-Beta-Team3,Org-Beta,2026-03-10,6,4,2025-10-27
USR0280,Org-Beta-Team3,Org-Beta,2026-03-11,8,34,2025-10-27
USR0280,Org-Beta-Team3,Org-Beta,2026-03-12,8,10,2025-10-27
USR0280,Org-Beta-Team3,Org-Beta,2026-03-13,5,18,2025-10-27
USR0280,Org-Beta-Team3,Org-Beta,2026-03-14,1,28,2025-10-27
USR0280,Org-Beta-Team3,Org-Beta,2026-03-15,6,3,2025-10-27
USR0280,Org-Beta-Team3,Org-Beta,2026-03-16,3,39,2025-10-27
USR0280,Org-Beta-Team3,Org-Beta,2026-03-18,4,34,2025-10-27
USR0280,Org-Beta-Team3,Org-Beta,2026-03-19,5,3,2025-10-27
USR0280,Org-Beta-Team3,Org-Beta,2026-03-20,8,9,2025-10-27
USR0280,Org-Beta-Team3,Org-Beta,2026-03-21,7,13,2025-10-27
USR0280,Org-Beta-Team3,Org-Beta,2026-03-22,4,11,2025-10-27
USR0280,Org-Beta-Team3,Org-Beta,2026-03-24,4,4,2025-10-27
USR0280,Org-Beta-Team3,Org-Beta,2026-03-25,4,37,2025-10-27
USR0280,Org-Beta-Team3,Org-Beta,2026-03-27,1,6,2025-10-27
USR0280,Org-Beta-Team3,Org-Beta,2026-03-28,2,33,2025-10-27
USR0280,Org-Beta-Team3,Org-Beta,2026-03-29,1,26,2025-10-27
USR0280,Org-Beta-Team3,Org-Beta,2026-03-30,6,22,2025-10-27
USR0280,Org-Beta-Team3,Org-Beta,2026-03-31,6,24,2025-10-27
USR0281,Org-Delta-Team3,Org-Delta,2025-10-05,7,7,2025-10-05
USR0281,Org-Delta-Team3,Org-Delta,2025-10-06,5,13,2025-10-05
USR0281,Org-Delta-Team3,Org-Delta,2025-10-07,8,17,2025-10-05
USR0281,Org-Delta-Team3,Org-Delta,2025-10-08,4,21,2025-10-05
USR0282,Org-Beta-Team4,Org-Beta,2025-10-05,8,6,2025-10-03
USR0282,Org-Beta-Team4,Org-Beta,2025-10-07,7,28,2025-10-03
USR0282,Org-Beta-Team4,Org-Beta,2025-10-09,4,14,2025-10-03
USR0282,Org-Beta-Team4,Org-Beta,2025-10-11,6,35,2025-10-03
USR0282,Org-Beta-Team4,Org-Beta,2025-10-12,5,5,2025-10-03
USR0282,Org-Beta-Team4,Org-Beta,2025-10-13,3,21,2025-10-03
USR0282,Org-Beta-Team4,Org-Beta,2025-10-15,1,8,2025-10-03
USR0282,Org-Beta-Team4,Org-Beta,2025-10-21,5,28,2025-10-03
USR0282,Org-Beta-Team4,Org-Beta,2025-10-23,8,27,2025-10-03
USR0282,Org-Beta-Team4,Org-Beta,2025-10-25,4,26,2025-10-03
USR0282,Org-Beta-Team4,Org-Beta,2025-10-28,3,28,2025-10-03
USR0282,Org-Beta-Team4,Org-Beta,2025-10-29,6,8,2025-10-03
USR0282,Org-Beta-Team4,Org-Beta,2025-10-30,8,13,2025-10-03
USR0282,Org-Beta-Team4,Org-Beta,2025-10-31,1,6,2025-10-03
USR0282,Org-Beta-Team4,Org-Beta,2025-11-02,8,5,2025-10-03
USR0282,Org-Beta-Team4,Org-Beta,2025-11-04,6,9,2025-10-03
USR0282,Org-Beta-Team4,Org-Beta,2025-11-06,8,11,2025-10-03
USR0282,Org-Beta-Team4,Org-Beta,2025-11-07,3,8,2025-10-03
USR0282,Org-Beta-Team4,Org-Beta,2025-11-11,5,23,2025-10-03
USR0282,Org-Beta-Team4,Org-Beta,2025-11-13,5,18,2025-10-03
USR0282,Org-Beta-Team4,Org-Beta,2025-11-14,3,10,2025-10-03
USR0282,Org-Beta-Team4,Org-Beta,2025-11-15,7,22,2025-10-03
USR0282,Org-Beta-Team4,Org-Beta,2025-11-16,4,16,2025-10-03
USR0282,Org-Beta-Team4,Org-Beta,2025-11-19,3,19,2025-10-03
USR0282,Org-Beta-Team4,Org-Beta,2025-11-20,3,25,2025-10-03
USR0282,Org-Beta-Team4,Org-Beta,2025-11-21,4,35,2025-10-03
USR0282,Org-Beta-Team4,Org-Beta,2025-11-22,5,1,2025-10-03
USR0282,Org-Beta-Team4,Org-Beta,2025-11-23,8,21,2025-10-03
USR0282,Org-Beta-Team4,Org-Beta,2025-11-24,5,5,2025-10-03
USR0282,Org-Beta-Team4,Org-Beta,2025-11-27,5,34,2025-10-03
USR0282,Org-Beta-Team4,Org-Beta,2025-11-28,6,4,2025-10-03
USR0282,Org-Beta-Team4,Org-Beta,2025-11-29,6,1,2025-10-03
USR0282,Org-Beta-Team4,Org-Beta,2025-12-02,4,12,2025-10-03
USR0282,Org-Beta-Team4,Org-Beta,2025-12-03,8,2,2025-10-03
USR0282,Org-Beta-Team4,Org-Beta,2025-12-04,5,1,2025-10-03
USR0282,Org-Beta-Team4,Org-Beta,2025-12-05,4,6,2025-10-03
USR0282,Org-Beta-Team4,Org-Beta,2025-12-06,1,30,2025-10-03
USR0282,Org-Beta-Team4,Org-Beta,2025-12-07,3,16,2025-10-03
USR0282,Org-Beta-Team4,Org-Beta,2025-12-10,3,32,2025-10-03
USR0282,Org-Beta-Team4,Org-Beta,2025-12-11,4,32,2025-10-03
USR0282,Org-Beta-Team4,Org-Beta,2025-12-12,6,17,2025-10-03
USR0282,Org-Beta-Team4,Org-Beta,2025-12-13,2,29,2025-10-03
USR0282,Org-Beta-Team4,Org-Beta,2025-12-14,6,31,2025-10-03
USR0282,Org-Beta-Team4,Org-Beta,2025-12-16,5,36,2025-10-03
USR0282,Org-Beta-Team4,Org-Beta,2025-12-18,2,12,2025-10-03
USR0282,Org-Beta-Team4,Org-Beta,2025-12-20,2,22,2025-10-03
USR0282,Org-Beta-Team4,Org-Beta,2025-12-22,4,37,2025-10-03
USR0282,Org-Beta-Team4,Org-Beta,2025-12-24,5,12,2025-10-03
USR0282,Org-Beta-Team4,Org-Beta,2025-12-25,1,9,2025-10-03
USR0282,Org-Beta-Team4,Org-Beta,2025-12-27,2,14,2025-10-03
USR0282,Org-Beta-Team4,Org-Beta,2025-12-30,4,37,2025-10-03
USR0282,Org-Beta-Team4,Org-Beta,2025-12-31,3,31,2025-10-03
USR0282,Org-Beta-Team4,Org-Beta,2026-01-05,3,19,2025-10-03
USR0282,Org-Beta-Team4,Org-Beta,2026-01-07,4,37,2025-10-03
USR0282,Org-Beta-Team4,Org-Beta,2026-01-08,3,39,2025-10-03
USR0282,Org-Beta-Team4,Org-Beta,2026-01-11,2,39,2025-10-03
USR0282,Org-Beta-Team4,Org-Beta,2026-01-12,8,23,2025-10-03
USR0282,Org-Beta-Team4,Org-Beta,2026-01-13,6,21,2025-10-03
USR0282,Org-Beta-Team4,Org-Beta,2026-01-14,2,19,2025-10-03
USR0282,Org-Beta-Team4,Org-Beta,2026-01-16,2,27,2025-10-03
USR0282,Org-Beta-Team4,Org-Beta,2026-01-18,3,3,2025-10-03
USR0282,Org-Beta-Team4,Org-Beta,2026-01-23,2,3,2025-10-03
USR0282,Org-Beta-Team4,Org-Beta,2026-01-24,5,17,2025-10-03
USR0282,Org-Beta-Team4,Org-Beta,2026-01-25,5,14,2025-10-03
USR0282,Org-Beta-Team4,Org-Beta,2026-01-26,5,17,2025-10-03
USR0282,Org-Beta-Team4,Org-Beta,2026-01-27,3,37,2025-10-03
USR0282,Org-Beta-Team4,Org-Beta,2026-01-29,2,17,2025-10-03
USR0282,Org-Beta-Team4,Org-Beta,2026-01-30,1,4,2025-10-03
USR0282,Org-Beta-Team4,Org-Beta,2026-01-31,3,11,2025-10-03
USR0282,Org-Beta-Team4,Org-Beta,2026-02-03,4,21,2025-10-03
USR0282,Org-Beta-Team4,Org-Beta,2026-02-04,1,33,2025-10-03
USR0282,Org-Beta-Team4,Org-Beta,2026-02-08,8,7,2025-10-03
USR0282,Org-Beta-Team4,Org-Beta,2026-02-09,4,13,2025-10-03
USR0282,Org-Beta-Team4,Org-Beta,2026-02-10,6,14,2025-10-03
USR0282,Org-Beta-Team4,Org-Beta,2026-02-11,1,38,2025-10-03
USR0282,Org-Beta-Team4,Org-Beta,2026-02-12,1,28,2025-10-03
USR0282,Org-Beta-Team4,Org-Beta,2026-02-13,3,22,2025-10-03
USR0282,Org-Beta-Team4,Org-Beta,2026-02-14,7,31,2025-10-03
USR0282,Org-Beta-Team4,Org-Beta,2026-02-17,6,36,2025-10-03
USR0282,Org-Beta-Team4,Org-Beta,2026-02-18,8,11,2025-10-03
USR0282,Org-Beta-Team4,Org-Beta,2026-02-19,5,30,2025-10-03
USR0282,Org-Beta-Team4,Org-Beta,2026-02-21,5,27,2025-10-03
USR0282,Org-Beta-Team4,Org-Beta,2026-02-23,5,25,2025-10-03
USR0282,Org-Beta-Team4,Org-Beta,2026-02-24,7,34,2025-10-03
USR0282,Org-Beta-Team4,Org-Beta,2026-02-25,2,22,2025-10-03
USR0282,Org-Beta-Team4,Org-Beta,2026-02-26,7,13,2025-10-03
USR0282,Org-Beta-Team4,Org-Beta,2026-02-27,8,21,2025-10-03
USR0282,Org-Beta-Team4,Org-Beta,2026-02-28,6,5,2025-10-03
USR0282,Org-Beta-Team4,Org-Beta,2026-03-02,2,32,2025-10-03
USR0282,Org-Beta-Team4,Org-Beta,2026-03-03,7,23,2025-10-03
USR0282,Org-Beta-Team4,Org-Beta,2026-03-05,7,21,2025-10-03
USR0282,Org-Beta-Team4,Org-Beta,2026-03-07,4,15,2025-10-03
USR0282,Org-Beta-Team4,Org-Beta,2026-03-08,6,10,2025-10-03
USR0282,Org-Beta-Team4,Org-Beta,2026-03-09,7,18,2025-10-03
USR0282,Org-Beta-Team4,Org-Beta,2026-03-10,3,6,2025-10-03
USR0282,Org-Beta-Team4,Org-Beta,2026-03-11,3,12,2025-10-03
USR0282,Org-Beta-Team4,Org-Beta,2026-03-13,2,17,2025-10-03
USR0282,Org-Beta-Team4,Org-Beta,2026-03-14,8,38,2025-10-03
USR0282,Org-Beta-Team4,Org-Beta,2026-03-17,3,15,2025-10-03
USR0282,Org-Beta-Team4,Org-Beta,2026-03-18,7,3,2025-10-03
USR0282,Org-Beta-Team4,Org-Beta,2026-03-19,5,10,2025-10-03
USR0282,Org-Beta-Team4,Org-Beta,2026-03-21,1,12,2025-10-03
USR0282,Org-Beta-Team4,Org-Beta,2026-03-23,2,15,2025-10-03
USR0282,Org-Beta-Team4,Org-Beta,2026-03-25,3,8,2025-10-03
USR0282,Org-Beta-Team4,Org-Beta,2026-03-26,4,24,2025-10-03
USR0282,Org-Beta-Team4,Org-Beta,2026-03-28,4,39,2025-10-03
USR0282,Org-Beta-Team4,Org-Beta,2026-03-29,6,3,2025-10-03
USR0282,Org-Beta-Team4,Org-Beta,2026-03-30,5,37,2025-10-03
USR0282,Org-Beta-Team4,Org-Beta,2026-03-31,3,36,2025-10-03
USR0283,Org-Gamma-Team3,Org-Gamma,2025-10-09,6,13,2025-10-09
USR0283,Org-Gamma-Team3,Org-Gamma,2025-10-12,4,19,2025-10-09
USR0283,Org-Gamma-Team3,Org-Gamma,2025-10-14,1,4,2025-10-09
USR0283,Org-Gamma-Team3,Org-Gamma,2025-10-16,3,20,2025-10-09
USR0284,Org-Gamma-Team1,Org-Gamma,2025-10-10,5,36,2025-10-10
USR0284,Org-Gamma-Team1,Org-Gamma,2025-10-11,1,37,2025-10-10
USR0284,Org-Gamma-Team1,Org-Gamma,2025-10-13,7,33,2025-10-10
USR0284,Org-Gamma-Team1,Org-Gamma,2025-10-14,6,2,2025-10-10
USR0285,Org-Beta-Team3,Org-Beta,2025-10-17,7,11,2025-10-17
USR0285,Org-Beta-Team3,Org-Beta,2025-10-18,3,25,2025-10-17
USR0285,Org-Beta-Team3,Org-Beta,2025-10-19,3,14,2025-10-17
USR0285,Org-Beta-Team3,Org-Beta,2025-10-22,3,32,2025-10-17
USR0287,Org-Delta-Team1,Org-Delta,2025-10-22,3,13,2025-10-20
USR0288,Org-Beta-Team1,Org-Beta,2025-10-09,2,3,2025-10-09
USR0288,Org-Beta-Team1,Org-Beta,2025-10-10,5,39,2025-10-09
USR0288,Org-Beta-Team1,Org-Beta,2025-10-12,1,25,2025-10-09
USR0289,Org-Delta-Team3,Org-Delta,2025-10-13,8,40,2025-10-13
USR0289,Org-Delta-Team3,Org-Delta,2025-10-15,5,39,2025-10-13
USR0289,Org-Delta-Team3,Org-Delta,2025-10-17,1,16,2025-10-13
USR0290,Org-Beta-Team4,Org-Beta,2025-10-30,7,40,2025-10-30
USR0291,Org-Delta-Team2,Org-Delta,2025-10-14,5,18,2025-10-14
USR0291,Org-Delta-Team2,Org-Delta,2025-10-15,4,16,2025-10-14
USR0291,Org-Delta-Team2,Org-Delta,2025-10-17,1,8,2025-10-14
USR0291,Org-Delta-Team2,Org-Delta,2025-10-18,4,18,2025-10-14
USR0291,Org-Delta-Team2,Org-Delta,2025-10-19,2,9,2025-10-14
USR0291,Org-Delta-Team2,Org-Delta,2025-10-22,8,39,2025-10-14
USR0291,Org-Delta-Team2,Org-Delta,2025-10-24,1,6,2025-10-14
USR0291,Org-Delta-Team2,Org-Delta,2025-10-27,1,5,2025-10-14
USR0291,Org-Delta-Team2,Org-Delta,2025-10-28,2,33,2025-10-14
USR0291,Org-Delta-Team2,Org-Delta,2025-10-30,1,10,2025-10-14
USR0291,Org-Delta-Team2,Org-Delta,2025-10-31,2,24,2025-10-14
USR0291,Org-Delta-Team2,Org-Delta,2025-11-01,2,13,2025-10-14
USR0291,Org-Delta-Team2,Org-Delta,2025-11-02,7,14,2025-10-14
USR0291,Org-Delta-Team2,Org-Delta,2025-11-04,1,38,2025-10-14
USR0291,Org-Delta-Team2,Org-Delta,2025-11-05,2,11,2025-10-14
USR0291,Org-Delta-Team2,Org-Delta,2025-11-06,3,16,2025-10-14
USR0291,Org-Delta-Team2,Org-Delta,2025-11-07,7,31,2025-10-14
USR0291,Org-Delta-Team2,Org-Delta,2025-11-08,2,12,2025-10-14
USR0291,Org-Delta-Team2,Org-Delta,2025-11-13,8,32,2025-10-14
USR0291,Org-Delta-Team2,Org-Delta,2025-11-15,1,1,2025-10-14
USR0291,Org-Delta-Team2,Org-Delta,2025-11-21,8,25,2025-10-14
USR0291,Org-Delta-Team2,Org-Delta,2025-11-26,5,20,2025-10-14
USR0291,Org-Delta-Team2,Org-Delta,2025-11-27,5,14,2025-10-14
USR0291,Org-Delta-Team2,Org-Delta,2025-11-29,8,8,2025-10-14
USR0291,Org-Delta-Team2,Org-Delta,2025-11-30,2,21,2025-10-14
USR0291,Org-Delta-Team2,Org-Delta,2025-12-01,8,20,2025-10-14
USR0291,Org-Delta-Team2,Org-Delta,2025-12-02,2,8,2025-10-14
USR0291,Org-Delta-Team2,Org-Delta,2025-12-03,1,36,2025-10-14
USR0291,Org-Delta-Team2,Org-Delta,2025-12-04,3,31,2025-10-14
USR0291,Org-Delta-Team2,Org-Delta,2025-12-05,3,3,2025-10-14
USR0291,Org-Delta-Team2,Org-Delta,2025-12-07,4,34,2025-10-14
USR0291,Org-Delta-Team2,Org-Delta,2025-12-08,4,19,2025-10-14
USR0291,Org-Delta-Team2,Org-Delta,2025-12-10,2,12,2025-10-14
USR0291,Org-Delta-Team2,Org-Delta,2025-12-12,7,1,2025-10-14
USR0291,Org-Delta-Team2,Org-Delta,2025-12-13,4,12,2025-10-14
USR0291,Org-Delta-Team2,Org-Delta,2025-12-14,2,35,2025-10-14
USR0291,Org-Delta-Team2,Org-Delta,2025-12-15,6,12,2025-10-14
USR0291,Org-Delta-Team2,Org-Delta,2025-12-17,6,10,2025-10-14
USR0291,Org-Delta-Team2,Org-Delta,2025-12-19,3,6,2025-10-14
USR0291,Org-Delta-Team2,Org-Delta,2025-12-20,2,28,2025-10-14
USR0291,Org-Delta-Team2,Org-Delta,2025-12-21,6,19,2025-10-14
USR0291,Org-Delta-Team2,Org-Delta,2025-12-22,4,11,2025-10-14
USR0291,Org-Delta-Team2,Org-Delta,2025-12-24,1,7,2025-10-14
USR0291,Org-Delta-Team2,Org-Delta,2025-12-26,8,33,2025-10-14
USR0291,Org-Delta-Team2,Org-Delta,2025-12-27,7,30,2025-10-14
USR0291,Org-Delta-Team2,Org-Delta,2025-12-30,3,39,2025-10-14
USR0291,Org-Delta-Team2,Org-Delta,2025-12-31,6,7,2025-10-14
USR0291,Org-Delta-Team2,Org-Delta,2026-01-01,7,17,2025-10-14
USR0291,Org-Delta-Team2,Org-Delta,2026-01-03,4,2,2025-10-14
USR0291,Org-Delta-Team2,Org-Delta,2026-01-04,1,40,2025-10-14
USR0291,Org-Delta-Team2,Org-Delta,2026-01-05,2,31,2025-10-14
USR0291,Org-Delta-Team2,Org-Delta,2026-01-08,1,19,2025-10-14
USR0291,Org-Delta-Team2,Org-Delta,2026-01-10,4,5,2025-10-14
USR0291,Org-Delta-Team2,Org-Delta,2026-01-12,2,4,2025-10-14
USR0291,Org-Delta-Team2,Org-Delta,2026-01-14,6,21,2025-10-14
USR0291,Org-Delta-Team2,Org-Delta,2026-01-15,5,33,2025-10-14
USR0291,Org-Delta-Team2,Org-Delta,2026-01-16,5,27,2025-10-14
USR0291,Org-Delta-Team2,Org-Delta,2026-01-18,4,32,2025-10-14
USR0291,Org-Delta-Team2,Org-Delta,2026-01-19,7,29,2025-10-14
USR0291,Org-Delta-Team2,Org-Delta,2026-01-21,1,36,2025-10-14
USR0291,Org-Delta-Team2,Org-Delta,2026-01-23,1,29,2025-10-14
USR0291,Org-Delta-Team2,Org-Delta,2026-01-24,5,3,2025-10-14
USR0291,Org-Delta-Team2,Org-Delta,2026-01-25,4,21,2025-10-14
USR0291,Org-Delta-Team2,Org-Delta,2026-01-26,1,6,2025-10-14
USR0291,Org-Delta-Team2,Org-Delta,2026-01-27,3,29,2025-10-14
USR0291,Org-Delta-Team2,Org-Delta,2026-01-28,8,16,2025-10-14
USR0291,Org-Delta-Team2,Org-Delta,2026-01-30,3,37,2025-10-14
USR0291,Org-Delta-Team2,Org-Delta,2026-01-31,4,9,2025-10-14
USR0291,Org-Delta-Team2,Org-Delta,2026-02-01,2,6,2025-10-14
USR0291,Org-Delta-Team2,Org-Delta,2026-02-03,4,17,2025-10-14
USR0291,Org-Delta-Team2,Org-Delta,2026-02-04,4,25,2025-10-14
USR0291,Org-Delta-Team2,Org-Delta,2026-02-05,2,40,2025-10-14
USR0291,Org-Delta-Team2,Org-Delta,2026-02-06,6,2,2025-10-14
USR0291,Org-Delta-Team2,Org-Delta,2026-02-07,1,26,2025-10-14
USR0291,Org-Delta-Team2,Org-Delta,2026-02-08,2,31,2025-10-14
USR0291,Org-Delta-Team2,Org-Delta,2026-02-12,2,6,2025-10-14
USR0291,Org-Delta-Team2,Org-Delta,2026-02-13,7,18,2025-10-14
USR0291,Org-Delta-Team2,Org-Delta,2026-02-14,8,37,2025-10-14
USR0291,Org-Delta-Team2,Org-Delta,2026-02-15,7,13,2025-10-14
USR0291,Org-Delta-Team2,Org-Delta,2026-02-17,5,4,2025-10-14
USR0291,Org-Delta-Team2,Org-Delta,2026-02-18,1,20,2025-10-14
USR0291,Org-Delta-Team2,Org-Delta,2026-02-20,2,16,2025-10-14
USR0291,Org-Delta-Team2,Org-Delta,2026-02-21,2,37,2025-10-14
USR0291,Org-Delta-Team2,Org-Delta,2026-02-22,2,7,2025-10-14
USR0291,Org-Delta-Team2,Org-Delta,2026-02-25,6,27,2025-10-14
USR0291,Org-Delta-Team2,Org-Delta,2026-02-26,7,30,2025-10-14
USR0291,Org-Delta-Team2,Org-Delta,2026-02-27,2,38,2025-10-14
USR0291,Org-Delta-Team2,Org-Delta,2026-03-01,7,2,2025-10-14
USR0291,Org-Delta-Team2,Org-Delta,2026-03-02,1,37,2025-10-14
USR0291,Org-Delta-Team2,Org-Delta,2026-03-03,2,29,2025-10-14
USR0291,Org-Delta-Team2,Org-Delta,2026-03-04,6,5,2025-10-14
USR0291,Org-Delta-Team2,Org-Delta,2026-03-06,8,3,2025-10-14
USR0291,Org-Delta-Team2,Org-Delta,2026-03-07,3,14,2025-10-14
USR0291,Org-Delta-Team2,Org-Delta,2026-03-08,5,23,2025-10-14
USR0291,Org-Delta-Team2,Org-Delta,2026-03-10,3,29,2025-10-14
USR0291,Org-Delta-Team2,Org-Delta,2026-03-11,3,21,2025-10-14
USR0291,Org-Delta-Team2,Org-Delta,2026-03-14,6,38,2025-10-14
USR0291,Org-Delta-Team2,Org-Delta,2026-03-16,5,34,2025-10-14
USR0291,Org-Delta-Team2,Org-Delta,2026-03-17,8,16,2025-10-14
USR0291,Org-Delta-Team2,Org-Delta,2026-03-18,8,12,2025-10-14
USR0291,Org-Delta-Team2,Org-Delta,2026-03-23,6,31,2025-10-14
USR0291,Org-Delta-Team2,Org-Delta,2026-03-26,5,2,2025-10-14
USR0291,Org-Delta-Team2,Org-Delta,2026-03-29,7,28,2025-10-14
USR0291,Org-Delta-Team2,Org-Delta,2026-03-30,5,25,2025-10-14
USR0291,Org-Delta-Team2,Org-Delta,2026-03-31,5,18,2025-10-14
USR0292,Org-Gamma-Team4,Org-Gamma,2025-10-05,4,21,2025-10-05
USR0292,Org-Gamma-Team4,Org-Gamma,2025-10-07,6,9,2025-10-05
USR0293,Org-Beta-Team1,Org-Beta,2025-10-23,7,30,2025-10-23
USR0293,Org-Beta-Team1,Org-Beta,2025-10-24,3,31,2025-10-23
USR0294,Org-Delta-Team4,Org-Delta,2025-10-08,4,20,2025-10-08
USR0294,Org-Delta-Team4,Org-Delta,2025-10-12,2,27,2025-10-08
USR0294,Org-Delta-Team4,Org-Delta,2025-10-13,4,18,2025-10-08
USR0294,Org-Delta-Team4,Org-Delta,2025-10-15,3,6,2025-10-08
USR0295,Org-Alpha-Team3,Org-Alpha,2025-10-12,6,12,2025-10-12
USR0295,Org-Alpha-Team3,Org-Alpha,2025-10-14,7,11,2025-10-12
USR0296,Org-Delta-Team4,Org-Delta,2025-10-26,3,14,2025-10-26
USR0296,Org-Delta-Team4,Org-Delta,2025-10-27,8,3,2025-10-26
USR0296,Org-Delta-Team4,Org-Delta,2025-10-28,5,24,2025-10-26
USR0296,Org-Delta-Team4,Org-Delta,2025-10-29,2,20,2025-10-26
USR0296,Org-Delta-Team4,Org-Delta,2025-10-30,5,10,2025-10-26
USR0296,Org-Delta-Team4,Org-Delta,2025-10-31,2,30,2025-10-26
USR0296,Org-Delta-Team4,Org-Delta,2025-11-01,5,19,2025-10-26
USR0296,Org-Delta-Team4,Org-Delta,2025-11-03,5,11,2025-10-26
USR0296,Org-Delta-Team4,Org-Delta,2025-11-05,5,12,2025-10-26
USR0296,Org-Delta-Team4,Org-Delta,2025-11-08,2,24,2025-10-26
USR0296,Org-Delta-Team4,Org-Delta,2025-11-09,2,8,2025-10-26
USR0296,Org-Delta-Team4,Org-Delta,2025-11-11,8,40,2025-10-26
USR0296,Org-Delta-Team4,Org-Delta,2025-11-12,5,25,2025-10-26
USR0296,Org-Delta-Team4,Org-Delta,2025-11-13,8,12,2025-10-26
USR0296,Org-Delta-Team4,Org-Delta,2025-11-14,4,21,2025-10-26
USR0296,Org-Delta-Team4,Org-Delta,2025-11-15,8,24,2025-10-26
USR0296,Org-Delta-Team4,Org-Delta,2025-11-17,2,24,2025-10-26
USR0296,Org-Delta-Team4,Org-Delta,2025-11-18,1,4,2025-10-26
USR0296,Org-Delta-Team4,Org-Delta,2025-11-19,2,17,2025-10-26
USR0296,Org-Delta-Team4,Org-Delta,2025-11-20,2,34,2025-10-26
USR0296,Org-Delta-Team4,Org-Delta,2025-11-21,5,31,2025-10-26
USR0296,Org-Delta-Team4,Org-Delta,2025-11-23,4,4,2025-10-26
USR0296,Org-Delta-Team4,Org-Delta,2025-11-24,8,36,2025-10-26
USR0296,Org-Delta-Team4,Org-Delta,2025-11-25,6,13,2025-10-26
USR0296,Org-Delta-Team4,Org-Delta,2025-11-27,2,9,2025-10-26
USR0296,Org-Delta-Team4,Org-Delta,2025-11-28,5,16,2025-10-26
USR0296,Org-Delta-Team4,Org-Delta,2025-11-30,7,11,2025-10-26
USR0296,Org-Delta-Team4,Org-Delta,2025-12-01,1,5,2025-10-26
USR0296,Org-Delta-Team4,Org-Delta,2025-12-04,7,38,2025-10-26
USR0296,Org-Delta-Team4,Org-Delta,2025-12-05,1,25,2025-10-26
USR0296,Org-Delta-Team4,Org-Delta,2025-12-07,7,16,2025-10-26
USR0296,Org-Delta-Team4,Org-Delta,2025-12-12,2,34,2025-10-26
USR0296,Org-Delta-Team4,Org-Delta,2025-12-14,1,25,2025-10-26
USR0296,Org-Delta-Team4,Org-Delta,2025-12-15,7,5,2025-10-26
USR0296,Org-Delta-Team4,Org-Delta,2025-12-17,2,23,2025-10-26
USR0296,Org-Delta-Team4,Org-Delta,2025-12-18,2,7,2025-10-26
USR0296,Org-Delta-Team4,Org-Delta,2025-12-20,3,13,2025-10-26
USR0296,Org-Delta-Team4,Org-Delta,2025-12-21,1,1,2025-10-26
USR0296,Org-Delta-Team4,Org-Delta,2025-12-24,8,11,2025-10-26
USR0296,Org-Delta-Team4,Org-Delta,2025-12-25,7,33,2025-10-26
USR0296,Org-Delta-Team4,Org-Delta,2025-12-28,3,4,2025-10-26
USR0296,Org-Delta-Team4,Org-Delta,2025-12-29,2,17,2025-10-26
USR0296,Org-Delta-Team4,Org-Delta,2026-01-01,6,3,2025-10-26
USR0296,Org-Delta-Team4,Org-Delta,2026-01-08,5,11,2025-10-26
USR0296,Org-Delta-Team4,Org-Delta,2026-01-09,1,5,2025-10-26
USR0296,Org-Delta-Team4,Org-Delta,2026-01-10,5,18,2025-10-26
USR0296,Org-Delta-Team4,Org-Delta,2026-01-11,7,1,2025-10-26
USR0296,Org-Delta-Team4,Org-Delta,2026-01-13,8,11,2025-10-26
USR0296,Org-Delta-Team4,Org-Delta,2026-01-14,7,5,2025-10-26
USR0296,Org-Delta-Team4,Org-Delta,2026-01-16,6,11,2025-10-26
USR0296,Org-Delta-Team4,Org-Delta,2026-01-17,6,39,2025-10-26
USR0296,Org-Delta-Team4,Org-Delta,2026-01-19,8,21,2025-10-26
USR0296,Org-Delta-Team4,Org-Delta,2026-01-22,8,39,2025-10-26
USR0296,Org-Delta-Team4,Org-Delta,2026-01-23,4,2,2025-10-26
USR0296,Org-Delta-Team4,Org-Delta,2026-01-24,8,31,2025-10-26
USR0296,Org-Delta-Team4,Org-Delta,2026-01-25,4,25,2025-10-26
USR0296,Org-Delta-Team4,Org-Delta,2026-01-26,1,31,2025-10-26
USR0296,Org-Delta-Team4,Org-Delta,2026-01-27,2,3,2025-10-26
USR0296,Org-Delta-Team4,Org-Delta,2026-01-28,4,39,2025-10-26
USR0296,Org-Delta-Team4,Org-Delta,2026-01-29,2,21,2025-10-26
USR0296,Org-Delta-Team4,Org-Delta,2026-01-30,5,15,2025-10-26
USR0296,Org-Delta-Team4,Org-Delta,2026-01-31,4,22,2025-10-26
USR0296,Org-Delta-Team4,Org-Delta,2026-02-02,1,9,2025-10-26
USR0296,Org-Delta-Team4,Org-Delta,2026-02-03,7,40,2025-10-26
USR0296,Org-Delta-Team4,Org-Delta,2026-02-05,1,40,2025-10-26
USR0296,Org-Delta-Team4,Org-Delta,2026-02-06,6,20,2025-10-26
USR0296,Org-Delta-Team4,Org-Delta,2026-02-09,8,21,2025-10-26
USR0296,Org-Delta-Team4,Org-Delta,2026-02-12,2,33,2025-10-26
USR0296,Org-Delta-Team4,Org-Delta,2026-02-13,7,11,2025-10-26
USR0296,Org-Delta-Team4,Org-Delta,2026-02-15,5,7,2025-10-26
USR0296,Org-Delta-Team4,Org-Delta,2026-02-16,3,18,2025-10-26
USR0296,Org-Delta-Team4,Org-Delta,2026-02-17,5,4,2025-10-26
USR0296,Org-Delta-Team4,Org-Delta,2026-02-18,4,21,2025-10-26
USR0296,Org-Delta-Team4,Org-Delta,2026-02-19,4,22,2025-10-26
USR0296,Org-Delta-Team4,Org-Delta,2026-02-20,5,16,2025-10-26
USR0296,Org-Delta-Team4,Org-Delta,2026-02-21,8,38,2025-10-26
USR0296,Org-Delta-Team4,Org-Delta,2026-02-22,8,27,2025-10-26
USR0296,Org-Delta-Team4,Org-Delta,2026-02-26,4,32,2025-10-26
USR0296,Org-Delta-Team4,Org-Delta,2026-02-28,6,10,2025-10-26
USR0296,Org-Delta-Team4,Org-Delta,2026-03-01,3,11,2025-10-26
USR0296,Org-Delta-Team4,Org-Delta,2026-03-06,1,6,2025-10-26
USR0296,Org-Delta-Team4,Org-Delta,2026-03-12,3,40,2025-10-26
USR0296,Org-Delta-Team4,Org-Delta,2026-03-13,7,21,2025-10-26
USR0296,Org-Delta-Team4,Org-Delta,2026-03-15,7,32,2025-10-26
USR0296,Org-Delta-Team4,Org-Delta,2026-03-16,1,10,2025-10-26
USR0296,Org-Delta-Team4,Org-Delta,2026-03-17,4,34,2025-10-26
USR0296,Org-Delta-Team4,Org-Delta,2026-03-18,1,29,2025-10-26
USR0296,Org-Delta-Team4,Org-Delta,2026-03-19,5,6,2025-10-26
USR0296,Org-Delta-Team4,Org-Delta,2026-03-20,2,9,2025-10-26
USR0296,Org-Delta-Team4,Org-Delta,2026-03-21,7,37,2025-10-26
USR0296,Org-Delta-Team4,Org-Delta,2026-03-23,6,15,2025-10-26
USR0296,Org-Delta-Team4,Org-Delta,2026-03-25,2,13,2025-10-26
USR0296,Org-Delta-Team4,Org-Delta,2026-03-28,4,22,2025-10-26
USR0296,Org-Delta-Team4,Org-Delta,2026-03-29,5,27,2025-10-26
USR0296,Org-Delta-Team4,Org-Delta,2026-03-30,3,28,2025-10-26
USR0297,Org-Beta-Team2,Org-Beta,2025-10-01,1,26,2025-10-01
USR0297,Org-Beta-Team2,Org-Beta,2025-10-03,7,5,2025-10-01
USR0297,Org-Beta-Team2,Org-Beta,2025-10-04,8,34,2025-10-01
USR0297,Org-Beta-Team2,Org-Beta,2025-10-05,8,10,2025-10-01
USR0297,Org-Beta-Team2,Org-Beta,2025-10-06,7,23,2025-10-01
USR0298,Org-Delta-Team3,Org-Delta,2025-10-20,4,33,2025-10-20
USR0298,Org-Delta-Team3,Org-Delta,2025-10-21,2,40,2025-10-20
USR0298,Org-Delta-Team3,Org-Delta,2025-10-22,2,25,2025-10-20
USR0298,Org-Delta-Team3,Org-Delta,2025-10-23,4,13,2025-10-20
USR0298,Org-Delta-Team3,Org-Delta,2025-10-27,6,19,2025-10-20
USR0298,Org-Delta-Team3,Org-Delta,2025-10-28,5,16,2025-10-20
USR0298,Org-Delta-Team3,Org-Delta,2025-10-29,7,4,2025-10-20
USR0298,Org-Delta-Team3,Org-Delta,2025-11-03,8,36,2025-10-20
USR0298,Org-Delta-Team3,Org-Delta,2025-11-04,3,5,2025-10-20
USR0298,Org-Delta-Team3,Org-Delta,2025-11-05,4,27,2025-10-20
USR0298,Org-Delta-Team3,Org-Delta,2025-11-06,7,32,2025-10-20
USR0298,Org-Delta-Team3,Org-Delta,2025-11-09,7,22,2025-10-20
USR0298,Org-Delta-Team3,Org-Delta,2025-11-11,5,23,2025-10-20
USR0298,Org-Delta-Team3,Org-Delta,2025-11-12,6,40,2025-10-20
USR0298,Org-Delta-Team3,Org-Delta,2025-11-14,2,40,2025-10-20
USR0298,Org-Delta-Team3,Org-Delta,2025-11-15,5,13,2025-10-20
USR0298,Org-Delta-Team3,Org-Delta,2025-11-16,2,7,2025-10-20
USR0298,Org-Delta-Team3,Org-Delta,2025-11-18,4,37,2025-10-20
USR0298,Org-Delta-Team3,Org-Delta,2025-11-19,4,16,2025-10-20
USR0298,Org-Delta-Team3,Org-Delta,2025-11-21,3,13,2025-10-20
USR0298,Org-Delta-Team3,Org-Delta,2025-11-23,2,14,2025-10-20
USR0298,Org-Delta-Team3,Org-Delta,2025-11-24,2,20,2025-10-20
USR0298,Org-Delta-Team3,Org-Delta,2025-11-26,6,2,2025-10-20
USR0298,Org-Delta-Team3,Org-Delta,2025-11-27,3,25,2025-10-20
USR0298,Org-Delta-Team3,Org-Delta,2025-11-28,7,9,2025-10-20
USR0298,Org-Delta-Team3,Org-Delta,2025-11-30,7,29,2025-10-20
USR0298,Org-Delta-Team3,Org-Delta,2025-12-01,2,21,2025-10-20
USR0298,Org-Delta-Team3,Org-Delta,2025-12-03,5,20,2025-10-20
USR0298,Org-Delta-Team3,Org-Delta,2025-12-05,3,7,2025-10-20
USR0298,Org-Delta-Team3,Org-Delta,2025-12-08,5,36,2025-10-20
USR0298,Org-Delta-Team3,Org-Delta,2025-12-11,3,30,2025-10-20
USR0298,Org-Delta-Team3,Org-Delta,2025-12-14,4,4,2025-10-20
USR0298,Org-Delta-Team3,Org-Delta,2025-12-15,5,4,2025-10-20
USR0298,Org-Delta-Team3,Org-Delta,2025-12-16,6,31,2025-10-20
USR0298,Org-Delta-Team3,Org-Delta,2025-12-18,1,11,2025-10-20
USR0298,Org-Delta-Team3,Org-Delta,2025-12-19,6,33,2025-10-20
USR0298,Org-Delta-Team3,Org-Delta,2025-12-21,2,11,2025-10-20
USR0298,Org-Delta-Team3,Org-Delta,2025-12-22,3,35,2025-10-20
USR0298,Org-Delta-Team3,Org-Delta,2025-12-23,2,38,2025-10-20
USR0298,Org-Delta-Team3,Org-Delta,2025-12-26,5,39,2025-10-20
USR0298,Org-Delta-Team3,Org-Delta,2025-12-27,2,25,2025-10-20
USR0298,Org-Delta-Team3,Org-Delta,2025-12-29,2,38,2025-10-20
USR0298,Org-Delta-Team3,Org-Delta,2025-12-30,7,19,2025-10-20
USR0298,Org-Delta-Team3,Org-Delta,2026-01-01,6,10,2025-10-20
USR0298,Org-Delta-Team3,Org-Delta,2026-01-02,1,2,2025-10-20
USR0298,Org-Delta-Team3,Org-Delta,2026-01-03,6,11,2025-10-20
USR0298,Org-Delta-Team3,Org-Delta,2026-01-04,3,34,2025-10-20
USR0298,Org-Delta-Team3,Org-Delta,2026-01-05,6,22,2025-10-20
USR0298,Org-Delta-Team3,Org-Delta,2026-01-06,1,5,2025-10-20
USR0298,Org-Delta-Team3,Org-Delta,2026-01-07,8,32,2025-10-20
USR0298,Org-Delta-Team3,Org-Delta,2026-01-08,6,3,2025-10-20
USR0298,Org-Delta-Team3,Org-Delta,2026-01-09,5,25,2025-10-20
USR0298,Org-Delta-Team3,Org-Delta,2026-01-10,1,40,2025-10-20
USR0298,Org-Delta-Team3,Org-Delta,2026-01-12,8,10,2025-10-20
USR0298,Org-Delta-Team3,Org-Delta,2026-01-19,5,5,2025-10-20
USR0298,Org-Delta-Team3,Org-Delta,2026-01-20,1,32,2025-10-20
USR0298,Org-Delta-Team3,Org-Delta,2026-01-21,7,3,2025-10-20
USR0298,Org-Delta-Team3,Org-Delta,2026-01-23,2,15,2025-10-20
USR0298,Org-Delta-Team3,Org-Delta,2026-01-25,8,38,2025-10-20
USR0298,Org-Delta-Team3,Org-Delta,2026-01-29,5,23,2025-10-20
USR0298,Org-Delta-Team3,Org-Delta,2026-01-30,3,32,2025-10-20
USR0298,Org-Delta-Team3,Org-Delta,2026-01-31,3,33,2025-10-20
USR0298,Org-Delta-Team3,Org-Delta,2026-02-03,3,36,2025-10-20
USR0298,Org-Delta-Team3,Org-Delta,2026-02-05,6,6,2025-10-20
USR0298,Org-Delta-Team3,Org-Delta,2026-02-08,7,34,2025-10-20
USR0298,Org-Delta-Team3,Org-Delta,2026-02-10,6,30,2025-10-20
USR0298,Org-Delta-Team3,Org-Delta,2026-02-11,6,24,2025-10-20
USR0298,Org-Delta-Team3,Org-Delta,2026-02-14,7,27,2025-10-20
USR0298,Org-Delta-Team3,Org-Delta,2026-02-15,5,3,2025-10-20
USR0298,Org-Delta-Team3,Org-Delta,2026-02-16,7,16,2025-10-20
USR0298,Org-Delta-Team3,Org-Delta,2026-02-17,7,1,2025-10-20
USR0298,Org-Delta-Team3,Org-Delta,2026-02-18,6,21,2025-10-20
USR0298,Org-Delta-Team3,Org-Delta,2026-02-19,7,8,2025-10-20
USR0298,Org-Delta-Team3,Org-Delta,2026-02-21,4,38,2025-10-20
USR0298,Org-Delta-Team3,Org-Delta,2026-02-22,4,12,2025-10-20
USR0298,Org-Delta-Team3,Org-Delta,2026-02-23,6,5,2025-10-20
USR0298,Org-Delta-Team3,Org-Delta,2026-02-24,6,26,2025-10-20
USR0298,Org-Delta-Team3,Org-Delta,2026-02-26,3,6,2025-10-20
USR0298,Org-Delta-Team3,Org-Delta,2026-03-01,8,20,2025-10-20
USR0298,Org-Delta-Team3,Org-Delta,2026-03-02,7,38,2025-10-20
USR0298,Org-Delta-Team3,Org-Delta,2026-03-03,5,34,2025-10-20
USR0298,Org-Delta-Team3,Org-Delta,2026-03-04,7,13,2025-10-20
USR0298,Org-Delta-Team3,Org-Delta,2026-03-05,7,15,2025-10-20
USR0298,Org-Delta-Team3,Org-Delta,2026-03-06,3,32,2025-10-20
USR0298,Org-Delta-Team3,Org-Delta,2026-03-08,4,25,2025-10-20
USR0298,Org-Delta-Team3,Org-Delta,2026-03-09,3,12,2025-10-20
USR0298,Org-Delta-Team3,Org-Delta,2026-03-13,3,16,2025-10-20
USR0298,Org-Delta-Team3,Org-Delta,2026-03-14,2,9,2025-10-20
USR0298,Org-Delta-Team3,Org-Delta,2026-03-15,7,38,2025-10-20
USR0298,Org-Delta-Team3,Org-Delta,2026-03-18,7,14,2025-10-20
USR0298,Org-Delta-Team3,Org-Delta,2026-03-21,7,16,2025-10-20
USR0298,Org-Delta-Team3,Org-Delta,2026-03-22,1,34,2025-10-20
USR0298,Org-Delta-Team3,Org-Delta,2026-03-23,6,15,2025-10-20
USR0298,Org-Delta-Team3,Org-Delta,2026-03-25,3,12,2025-10-20
USR0298,Org-Delta-Team3,Org-Delta,2026-03-26,7,13,2025-10-20
USR0298,Org-Delta-Team3,Org-Delta,2026-03-27,8,14,2025-10-20
USR0298,Org-Delta-Team3,Org-Delta,2026-03-29,8,24,2025-10-20
USR0298,Org-Delta-Team3,Org-Delta,2026-03-30,5,11,2025-10-20
USR0299,Org-Beta-Team2,Org-Beta,2025-10-17,5,1,2025-10-17
USR0300,Org-Beta-Team2,Org-Beta,2025-10-24,1,14,2025-10-23
USR0300,Org-Beta-Team2,Org-Beta,2025-10-26,3,29,2025-10-23
USR0300,Org-Beta-Team2,Org-Beta,2025-10-27,7,14,2025-10-23
USR0300,Org-Beta-Team2,Org-Beta,2025-10-29,4,22,2025-10-23
USR0301,Org-Beta-Team3,Org-Beta,2025-10-04,4,35,2025-10-03
USR0301,Org-Beta-Team3,Org-Beta,2025-10-05,7,38,2025-10-03
USR0301,Org-Beta-Team3,Org-Beta,2025-10-06,7,9,2025-10-03
USR0301,Org-Beta-Team3,Org-Beta,2025-10-08,4,5,2025-10-03
USR0302,Org-Epsilon-Team3,Org-Epsilon,2025-10-24,2,30,2025-10-23
USR0302,Org-Epsilon-Team3,Org-Epsilon,2025-10-25,1,14,2025-10-23
USR0302,Org-Epsilon-Team3,Org-Epsilon,2025-10-27,7,15,2025-10-23
USR0302,Org-Epsilon-Team3,Org-Epsilon,2025-10-28,5,31,2025-10-23
USR0302,Org-Epsilon-Team3,Org-Epsilon,2025-10-29,2,16,2025-10-23
USR0303,Org-Delta-Team4,Org-Delta,2025-10-06,5,22,2025-10-06
USR0303,Org-Delta-Team4,Org-Delta,2025-10-07,4,32,2025-10-06
USR0303,Org-Delta-Team4,Org-Delta,2025-10-13,4,32,2025-10-06
USR0304,Org-Beta-Team2,Org-Beta,2025-10-14,4,10,2025-10-12
USR0304,Org-Beta-Team2,Org-Beta,2025-10-17,8,22,2025-10-12
USR0304,Org-Beta-Team2,Org-Beta,2025-10-18,2,38,2025-10-12
USR0305,Org-Gamma-Team2,Org-Gamma,2025-10-23,6,26,2025-10-21
USR0305,Org-Gamma-Team2,Org-Gamma,2025-10-24,1,30,2025-10-21
USR0305,Org-Gamma-Team2,Org-Gamma,2025-10-26,7,22,2025-10-21
USR0305,Org-Gamma-Team2,Org-Gamma,2025-10-27,5,35,2025-10-21
USR0306,Org-Alpha-Team1,Org-Alpha,2025-10-19,3,1,2025-10-17
USR0306,Org-Alpha-Team1,Org-Alpha,2025-10-21,2,18,2025-10-17
USR0306,Org-Alpha-Team1,Org-Alpha,2025-10-22,8,32,2025-10-17
USR0306,Org-Alpha-Team1,Org-Alpha,2025-10-23,2,16,2025-10-17
USR0306,Org-Alpha-Team1,Org-Alpha,2025-10-24,2,27,2025-10-17
USR0307,Org-Gamma-Team2,Org-Gamma,2025-10-29,3,9,2025-10-28
USR0307,Org-Gamma-Team2,Org-Gamma,2025-11-01,6,18,2025-10-28
USR0308,Org-Beta-Team2,Org-Beta,2025-10-24,3,37,2025-10-23
USR0308,Org-Beta-Team2,Org-Beta,2025-10-25,5,38,2025-10-23
USR0308,Org-Beta-Team2,Org-Beta,2025-10-27,5,21,2025-10-23
USR0308,Org-Beta-Team2,Org-Beta,2025-10-28,7,26,2025-10-23
USR0308,Org-Beta-Team2,Org-Beta,2025-10-29,4,35,2025-10-23
USR0308,Org-Beta-Team2,Org-Beta,2025-10-30,7,22,2025-10-23
USR0308,Org-Beta-Team2,Org-Beta,2025-11-01,1,38,2025-10-23
USR0308,Org-Beta-Team2,Org-Beta,2025-11-04,7,29,2025-10-23
USR0308,Org-Beta-Team2,Org-Beta,2025-11-05,3,14,2025-10-23
USR0308,Org-Beta-Team2,Org-Beta,2025-11-06,6,38,2025-10-23
USR0308,Org-Beta-Team2,Org-Beta,2025-11-08,1,8,2025-10-23
USR0308,Org-Beta-Team2,Org-Beta,2025-11-09,5,6,2025-10-23
USR0308,Org-Beta-Team2,Org-Beta,2025-11-10,8,2,2025-10-23
USR0308,Org-Beta-Team2,Org-Beta,2025-11-11,2,36,2025-10-23
USR0308,Org-Beta-Team2,Org-Beta,2025-11-14,8,35,2025-10-23
USR0308,Org-Beta-Team2,Org-Beta,2025-11-15,8,9,2025-10-23
USR0308,Org-Beta-Team2,Org-Beta,2025-11-16,3,2,2025-10-23
USR0308,Org-Beta-Team2,Org-Beta,2025-11-21,2,5,2025-10-23
USR0308,Org-Beta-Team2,Org-Beta,2025-11-22,7,26,2025-10-23
USR0308,Org-Beta-Team2,Org-Beta,2025-11-24,4,29,2025-10-23
USR0308,Org-Beta-Team2,Org-Beta,2025-11-25,1,13,2025-10-23
USR0308,Org-Beta-Team2,Org-Beta,2025-11-27,5,33,2025-10-23
USR0308,Org-Beta-Team2,Org-Beta,2025-11-28,7,24,2025-10-23
USR0308,Org-Beta-Team2,Org-Beta,2025-11-29,1,30,2025-10-23
USR0308,Org-Beta-Team2,Org-Beta,2025-12-01,1,23,2025-10-23
USR0308,Org-Beta-Team2,Org-Beta,2025-12-02,6,32,2025-10-23
USR0308,Org-Beta-Team2,Org-Beta,2025-12-06,8,31,2025-10-23
USR0308,Org-Beta-Team2,Org-Beta,2025-12-07,5,26,2025-10-23
USR0308,Org-Beta-Team2,Org-Beta,2025-12-09,4,5,2025-10-23
USR0308,Org-Beta-Team2,Org-Beta,2025-12-10,1,38,2025-10-23
USR0308,Org-Beta-Team2,Org-Beta,2025-12-13,7,36,2025-10-23
USR0308,Org-Beta-Team2,Org-Beta,2025-12-15,4,4,2025-10-23
USR0308,Org-Beta-Team2,Org-Beta,2025-12-17,7,35,2025-10-23
USR0308,Org-Beta-Team2,Org-Beta,2025-12-18,3,22,2025-10-23
USR0308,Org-Beta-Team2,Org-Beta,2025-12-19,2,9,2025-10-23
USR0308,Org-Beta-Team2,Org-Beta,2025-12-22,7,9,2025-10-23
USR0308,Org-Beta-Team2,Org-Beta,2025-12-23,8,33,2025-10-23
USR0308,Org-Beta-Team2,Org-Beta,2025-12-26,1,20,2025-10-23
USR0308,Org-Beta-Team2,Org-Beta,2025-12-27,2,19,2025-10-23
USR0308,Org-Beta-Team2,Org-Beta,2025-12-28,6,39,2025-10-23
USR0308,Org-Beta-Team2,Org-Beta,2025-12-31,1,5,2025-10-23
USR0308,Org-Beta-Team2,Org-Beta,2026-01-05,6,17,2025-10-23
USR0308,Org-Beta-Team2,Org-Beta,2026-01-06,4,20,2025-10-23
USR0308,Org-Beta-Team2,Org-Beta,2026-01-08,7,37,2025-10-23
USR0308,Org-Beta-Team2,Org-Beta,2026-01-09,1,36,2025-10-23
USR0308,Org-Beta-Team2,Org-Beta,2026-01-11,2,37,2025-10-23
USR0308,Org-Beta-Team2,Org-Beta,2026-01-12,7,32,2025-10-23
USR0308,Org-Beta-Team2,Org-Beta,2026-01-13,4,10,2025-10-23
USR0308,Org-Beta-Team2,Org-Beta,2026-01-14,1,23,2025-10-23
USR0308,Org-Beta-Team2,Org-Beta,2026-01-15,5,12,2025-10-23
USR0308,Org-Beta-Team2,Org-Beta,2026-01-16,2,7,2025-10-23
USR0308,Org-Beta-Team2,Org-Beta,2026-01-17,1,13,2025-10-23
USR0308,Org-Beta-Team2,Org-Beta,2026-01-21,5,11,2025-10-23
USR0308,Org-Beta-Team2,Org-Beta,2026-01-23,3,21,2025-10-23
USR0308,Org-Beta-Team2,Org-Beta,2026-01-24,1,15,2025-10-23
USR0308,Org-Beta-Team2,Org-Beta,2026-01-26,8,27,2025-10-23
USR0308,Org-Beta-Team2,Org-Beta,2026-01-28,7,3,2025-10-23
USR0308,Org-Beta-Team2,Org-Beta,2026-01-30,3,34,2025-10-23
USR0308,Org-Beta-Team2,Org-Beta,2026-01-31,6,5,2025-10-23
USR0308,Org-Beta-Team2,Org-Beta,2026-02-04,4,37,2025-10-23
USR0308,Org-Beta-Team2,Org-Beta,2026-02-07,8,19,2025-10-23
USR0308,Org-Beta-Team2,Org-Beta,2026-02-08,4,2,2025-10-23
USR0308,Org-Beta-Team2,Org-Beta,2026-02-09,4,27,2025-10-23
USR0308,Org-Beta-Team2,Org-Beta,2026-02-10,4,40,2025-10-23
USR0308,Org-Beta-Team2,Org-Beta,2026-02-14,7,16,2025-10-23
USR0308,Org-Beta-Team2,Org-Beta,2026-02-15,1,31,2025-10-23
USR0308,Org-Beta-Team2,Org-Beta,2026-02-16,5,36,2025-10-23
USR0308,Org-Beta-Team2,Org-Beta,2026-02-17,6,8,2025-10-23
USR0308,Org-Beta-Team2,Org-Beta,2026-02-18,2,5,2025-10-23
USR0308,Org-Beta-Team2,Org-Beta,2026-02-20,1,22,2025-10-23
USR0308,Org-Beta-Team2,Org-Beta,2026-02-21,8,26,2025-10-23
USR0308,Org-Beta-Team2,Org-Beta,2026-02-23,3,36,2025-10-23
USR0308,Org-Beta-Team2,Org-Beta,2026-02-24,3,3,2025-10-23
USR0308,Org-Beta-Team2,Org-Beta,2026-02-26,3,34,2025-10-23
USR0308,Org-Beta-Team2,Org-Beta,2026-03-01,8,18,2025-10-23
USR0308,Org-Beta-Team2,Org-Beta,2026-03-02,3,16,2025-10-23
USR0308,Org-Beta-Team2,Org-Beta,2026-03-04,7,1,2025-10-23
USR0308,Org-Beta-Team2,Org-Beta,2026-03-05,8,34,2025-10-23
USR0308,Org-Beta-Team2,Org-Beta,2026-03-06,3,18,2025-10-23
USR0308,Org-Beta-Team2,Org-Beta,2026-03-08,3,25,2025-10-23
USR0308,Org-Beta-Team2,Org-Beta,2026-03-09,8,5,2025-10-23
USR0308,Org-Beta-Team2,Org-Beta,2026-03-10,7,19,2025-10-23
USR0308,Org-Beta-Team2,Org-Beta,2026-03-11,7,31,2025-10-23
USR0308,Org-Beta-Team2,Org-Beta,2026-03-14,5,21,2025-10-23
USR0308,Org-Beta-Team2,Org-Beta,2026-03-15,6,12,2025-10-23
USR0308,Org-Beta-Team2,Org-Beta,2026-03-16,5,20,2025-10-23
USR0308,Org-Beta-Team2,Org-Beta,2026-03-19,3,21,2025-10-23
USR0308,Org-Beta-Team2,Org-Beta,2026-03-20,7,39,2025-10-23
USR0308,Org-Beta-Team2,Org-Beta,2026-03-21,1,8,2025-10-23
USR0308,Org-Beta-Team2,Org-Beta,2026-03-23,2,7,2025-10-23
USR0308,Org-Beta-Team2,Org-Beta,2026-03-25,7,31,2025-10-23
USR0308,Org-Beta-Team2,Org-Beta,2026-03-28,6,5,2025-10-23
USR0308,Org-Beta-Team2,Org-Beta,2026-03-29,7,19,2025-10-23
USR0308,Org-Beta-Team2,Org-Beta,2026-03-31,1,24,2025-10-23
USR0309,Org-Beta-Team2,Org-Beta,2025-10-04,4,33,2025-10-02
USR0309,Org-Beta-Team2,Org-Beta,2025-10-08,7,21,2025-10-02
USR0310,Org-Delta-Team1,Org-Delta,2025-10-06,7,4,2025-10-06
USR0310,Org-Delta-Team1,Org-Delta,2025-10-07,5,23,2025-10-06
USR0310,Org-Delta-Team1,Org-Delta,2025-10-08,4,14,2025-10-06
USR0311,Org-Epsilon-Team4,Org-Epsilon,2025-10-21,6,29,2025-10-19
USR0311,Org-Epsilon-Team4,Org-Epsilon,2025-10-22,2,21,2025-10-19
USR0312,Org-Beta-Team3,Org-Beta,2025-10-28,8,34,2025-10-28
USR0312,Org-Beta-Team3,Org-Beta,2025-10-31,1,13,2025-10-28
USR0312,Org-Beta-Team3,Org-Beta,2025-11-06,7,8,2025-10-28
USR0312,Org-Beta-Team3,Org-Beta,2025-11-09,3,33,2025-10-28
USR0312,Org-Beta-Team3,Org-Beta,2025-11-11,8,17,2025-10-28
USR0312,Org-Beta-Team3,Org-Beta,2025-11-12,3,14,2025-10-28
USR0312,Org-Beta-Team3,Org-Beta,2025-11-14,6,18,2025-10-28
USR0312,Org-Beta-Team3,Org-Beta,2025-11-15,8,12,2025-10-28
USR0312,Org-Beta-Team3,Org-Beta,2025-11-16,2,37,2025-10-28
USR0312,Org-Beta-Team3,Org-Beta,2025-11-18,2,40,2025-10-28
USR0312,Org-Beta-Team3,Org-Beta,2025-11-19,5,6,2025-10-28
USR0312,Org-Beta-Team3,Org-Beta,2025-11-22,4,9,2025-10-28
USR0312,Org-Beta-Team3,Org-Beta,2025-11-23,1,26,2025-10-28
USR0312,Org-Beta-Team3,Org-Beta,2025-11-24,4,38,2025-10-28
USR0312,Org-Beta-Team3,Org-Beta,2025-11-25,2,33,2025-10-28
USR0312,Org-Beta-Team3,Org-Beta,2025-11-26,6,24,2025-10-28
USR0312,Org-Beta-Team3,Org-Beta,2025-11-27,3,21,2025-10-28
USR0312,Org-Beta-Team3,Org-Beta,2025-11-28,4,6,2025-10-28
USR0312,Org-Beta-Team3,Org-Beta,2025-11-29,1,4,2025-10-28
USR0312,Org-Beta-Team3,Org-Beta,2025-12-01,4,2,2025-10-28
USR0312,Org-Beta-Team3,Org-Beta,2025-12-02,3,33,2025-10-28
USR0312,Org-Beta-Team3,Org-Beta,2025-12-03,8,13,2025-10-28
USR0312,Org-Beta-Team3,Org-Beta,2025-12-04,5,40,2025-10-28
USR0312,Org-Beta-Team3,Org-Beta,2025-12-05,8,38,2025-10-28
USR0312,Org-Beta-Team3,Org-Beta,2025-12-07,7,24,2025-10-28
USR0312,Org-Beta-Team3,Org-Beta,2025-12-08,7,33,2025-10-28
USR0312,Org-Beta-Team3,Org-Beta,2025-12-09,7,9,2025-10-28
USR0312,Org-Beta-Team3,Org-Beta,2025-12-10,3,24,2025-10-28
USR0312,Org-Beta-Team3,Org-Beta,2025-12-11,7,12,2025-10-28
USR0312,Org-Beta-Team3,Org-Beta,2025-12-13,6,25,2025-10-28
USR0312,Org-Beta-Team3,Org-Beta,2025-12-14,4,20,2025-10-28
USR0312,Org-Beta-Team3,Org-Beta,2025-12-15,1,34,2025-10-28
USR0312,Org-Beta-Team3,Org-Beta,2025-12-18,1,37,2025-10-28
USR0312,Org-Beta-Team3,Org-Beta,2025-12-19,6,35,2025-10-28
USR0312,Org-Beta-Team3,Org-Beta,2025-12-20,5,26,2025-10-28
USR0312,Org-Beta-Team3,Org-Beta,2025-12-21,4,26,2025-10-28
USR0312,Org-Beta-Team3,Org-Beta,2025-12-22,7,13,2025-10-28
USR0312,Org-Beta-Team3,Org-Beta,2025-12-23,5,25,2025-10-28
USR0312,Org-Beta-Team3,Org-Beta,2025-12-24,8,11,2025-10-28
USR0312,Org-Beta-Team3,Org-Beta,2025-12-27,1,16,2025-10-28
USR0312,Org-Beta-Team3,Org-Beta,2025-12-30,1,33,2025-10-28
USR0312,Org-Beta-Team3,Org-Beta,2026-01-01,8,19,2025-10-28
USR0312,Org-Beta-Team3,Org-Beta,2026-01-02,2,28,2025-10-28
USR0312,Org-Beta-Team3,Org-Beta,2026-01-04,4,3,2025-10-28
USR0312,Org-Beta-Team3,Org-Beta,2026-01-05,2,4,2025-10-28
USR0312,Org-Beta-Team3,Org-Beta,2026-01-08,4,25,2025-10-28
USR0312,Org-Beta-Team3,Org-Beta,2026-01-09,3,34,2025-10-28
USR0312,Org-Beta-Team3,Org-Beta,2026-01-10,6,20,2025-10-28
USR0312,Org-Beta-Team3,Org-Beta,2026-01-11,1,35,2025-10-28
USR0312,Org-Beta-Team3,Org-Beta,2026-01-13,7,10,2025-10-28
USR0312,Org-Beta-Team3,Org-Beta,2026-01-14,6,5,2025-10-28
USR0312,Org-Beta-Team3,Org-Beta,2026-01-16,1,33,2025-10-28
USR0312,Org-Beta-Team3,Org-Beta,2026-01-17,7,6,2025-10-28
USR0312,Org-Beta-Team3,Org-Beta,2026-01-18,7,3,2025-10-28
USR0312,Org-Beta-Team3,Org-Beta,2026-01-21,7,1,2025-10-28
USR0312,Org-Beta-Team3,Org-Beta,2026-01-22,1,7,2025-10-28
USR0312,Org-Beta-Team3,Org-Beta,2026-01-23,6,13,2025-10-28
USR0312,Org-Beta-Team3,Org-Beta,2026-01-24,2,25,2025-10-28
USR0312,Org-Beta-Team3,Org-Beta,2026-01-26,5,18,2025-10-28
USR0312,Org-Beta-Team3,Org-Beta,2026-01-27,1,27,2025-10-28
USR0312,Org-Beta-Team3,Org-Beta,2026-01-28,8,35,2025-10-28
USR0312,Org-Beta-Team3,Org-Beta,2026-01-29,6,31,2025-10-28
USR0312,Org-Beta-Team3,Org-Beta,2026-01-31,3,5,2025-10-28
USR0312,Org-Beta-Team3,Org-Beta,2026-02-01,1,12,2025-10-28
USR0312,Org-Beta-Team3,Org-Beta,2026-02-03,4,34,2025-10-28
USR0312,Org-Beta-Team3,Org-Beta,2026-02-04,6,18,2025-10-28
USR0312,Org-Beta-Team3,Org-Beta,2026-02-07,2,5,2025-10-28
USR0312,Org-Beta-Team3,Org-Beta,2026-02-09,8,11,2025-10-28
USR0312,Org-Beta-Team3,Org-Beta,2026-02-11,3,16,2025-10-28
USR0312,Org-Beta-Team3,Org-Beta,2026-02-13,6,2,2025-10-28
USR0312,Org-Beta-Team3,Org-Beta,2026-02-15,2,17,2025-10-28
USR0312,Org-Beta-Team3,Org-Beta,2026-02-16,4,15,2025-10-28
USR0312,Org-Beta-Team3,Org-Beta,2026-02-19,2,17,2025-10-28
USR0312,Org-Beta-Team3,Org-Beta,2026-02-20,6,23,2025-10-28
USR0312,Org-Beta-Team3,Org-Beta,2026-02-21,2,11,2025-10-28
USR0312,Org-Beta-Team3,Org-Beta,2026-02-22,3,19,2025-10-28
USR0312,Org-Beta-Team3,Org-Beta,2026-02-24,3,1,2025-10-28
USR0312,Org-Beta-Team3,Org-Beta,2026-02-26,2,23,2025-10-28
USR0312,Org-Beta-Team3,Org-Beta,2026-02-28,6,9,2025-10-28
USR0312,Org-Beta-Team3,Org-Beta,2026-03-01,8,26,2025-10-28
USR0312,Org-Beta-Team3,Org-Beta,2026-03-02,2,11,2025-10-28
USR0312,Org-Beta-Team3,Org-Beta,2026-03-03,7,11,2025-10-28
USR0312,Org-Beta-Team3,Org-Beta,2026-03-04,1,21,2025-10-28
USR0312,Org-Beta-Team3,Org-Beta,2026-03-06,4,9,2025-10-28
USR0312,Org-Beta-Team3,Org-Beta,2026-03-07,2,15,2025-10-28
USR0312,Org-Beta-Team3,Org-Beta,2026-03-09,1,16,2025-10-28
USR0312,Org-Beta-Team3,Org-Beta,2026-03-12,1,11,2025-10-28
USR0312,Org-Beta-Team3,Org-Beta,2026-03-13,7,10,2025-10-28
USR0312,Org-Beta-Team3,Org-Beta,2026-03-15,4,33,2025-10-28
USR0312,Org-Beta-Team3,Org-Beta,2026-03-17,4,31,2025-10-28
USR0312,Org-Beta-Team3,Org-Beta,2026-03-19,4,39,2025-10-28
USR0312,Org-Beta-Team3,Org-Beta,2026-03-20,5,10,2025-10-28
USR0312,Org-Beta-Team3,Org-Beta,2026-03-22,6,34,2025-10-28
USR0312,Org-Beta-Team3,Org-Beta,2026-03-23,4,2,2025-10-28
USR0312,Org-Beta-Team3,Org-Beta,2026-03-24,5,7,2025-10-28
USR0312,Org-Beta-Team3,Org-Beta,2026-03-25,7,16,2025-10-28
USR0312,Org-Beta-Team3,Org-Beta,2026-03-27,1,33,2025-10-28
USR0312,Org-Beta-Team3,Org-Beta,2026-03-28,1,22,2025-10-28
USR0312,Org-Beta-Team3,Org-Beta,2026-03-31,8,7,2025-10-28
USR0313,Org-Alpha-Team3,Org-Alpha,2025-10-11,3,14,2025-10-11
USR0313,Org-Alpha-Team3,Org-Alpha,2025-10-12,3,7,2025-10-11
USR0313,Org-Alpha-Team3,Org-Alpha,2025-10-13,1,31,2025-10-11
USR0313,Org-Alpha-Team3,Org-Alpha,2025-10-14,5,31,2025-10-11
USR0313,Org-Alpha-Team3,Org-Alpha,2025-10-15,4,37,2025-10-11
USR0313,Org-Alpha-Team3,Org-Alpha,2025-10-16,2,31,2025-10-11
USR0313,Org-Alpha-Team3,Org-Alpha,2025-10-17,5,1,2025-10-11
USR0313,Org-Alpha-Team3,Org-Alpha,2025-10-18,5,23,2025-10-11
USR0314,Org-Beta-Team1,Org-Beta,2025-10-15,6,32,2025-10-13
USR0314,Org-Beta-Team1,Org-Beta,2025-10-17,5,39,2025-10-13
USR0314,Org-Beta-Team1,Org-Beta,2025-10-18,7,1,2025-10-13
USR0315,Org-Alpha-Team3,Org-Alpha,2025-10-15,1,19,2025-10-15
USR0315,Org-Alpha-Team3,Org-Alpha,2025-10-18,3,1,2025-10-15
USR0315,Org-Alpha-Team3,Org-Alpha,2025-10-19,1,13,2025-10-15
USR0316,Org-Delta-Team2,Org-Delta,2025-10-14,3,23,2025-10-14
USR0316,Org-Delta-Team2,Org-Delta,2025-10-16,5,1,2025-10-14
USR0317,Org-Beta-Team4,Org-Beta,2025-10-11,1,9,2025-10-10
USR0317,Org-Beta-Team4,Org-Beta,2025-10-12,6,31,2025-10-10
USR0318,Org-Delta-Team3,Org-Delta,2025-10-16,5,36,2025-10-15
USR0318,Org-Delta-Team3,Org-Delta,2025-10-18,2,28,2025-10-15
USR0318,Org-Delta-Team3,Org-Delta,2025-10-19,8,34,2025-10-15
USR0318,Org-Delta-Team3,Org-Delta,2025-10-20,6,10,2025-10-15
USR0318,Org-Delta-Team3,Org-Delta,2025-10-21,2,16,2025-10-15
USR0319,Org-Delta-Team1,Org-Delta,2025-10-12,4,40,2025-10-11
USR0319,Org-Delta-Team1,Org-Delta,2025-10-13,4,40,2025-10-11
USR0319,Org-Delta-Team1,Org-Delta,2025-10-15,6,9,2025-10-11
USR0320,Org-Alpha-Team4,Org-Alpha,2025-10-24,6,13,2025-10-24
USR0320,Org-Alpha-Team4,Org-Alpha,2025-10-25,8,16,2025-10-24
USR0320,Org-Alpha-Team4,Org-Alpha,2025-10-26,1,6,2025-10-24
USR0320,Org-Alpha-Team4,Org-Alpha,2025-10-27,8,20,2025-10-24
USR0320,Org-Alpha-Team4,Org-Alpha,2025-10-28,6,18,2025-10-24
USR0320,Org-Alpha-Team4,Org-Alpha,2025-10-30,8,30,2025-10-24
USR0320,Org-Alpha-Team4,Org-Alpha,2025-10-31,1,37,2025-10-24
USR0321,Org-Epsilon-Team1,Org-Epsilon,2025-10-15,7,22,2025-10-14
USR0322,Org-Beta-Team1,Org-Beta,2025-10-19,7,7,2025-10-19
USR0322,Org-Beta-Team1,Org-Beta,2025-10-21,4,17,2025-10-19
USR0322,Org-Beta-Team1,Org-Beta,2025-10-22,8,14,2025-10-19
USR0323,Org-Alpha-Team1,Org-Alpha,2025-10-14,1,34,2025-10-13
USR0323,Org-Alpha-Team1,Org-Alpha,2025-10-16,2,32,2025-10-13
USR0323,Org-Alpha-Team1,Org-Alpha,2025-10-18,5,14,2025-10-13
USR0323,Org-Alpha-Team1,Org-Alpha,2025-10-19,3,7,2025-10-13
USR0324,Org-Epsilon-Team4,Org-Epsilon,2025-10-17,8,5,2025-10-17
USR0324,Org-Epsilon-Team4,Org-Epsilon,2025-10-19,2,25,2025-10-17
USR0324,Org-Epsilon-Team4,Org-Epsilon,2025-10-20,8,12,2025-10-17
USR0324,Org-Epsilon-Team4,Org-Epsilon,2025-10-21,4,20,2025-10-17
USR0325,Org-Alpha-Team4,Org-Alpha,2025-10-05,7,29,2025-10-04
USR0325,Org-Alpha-Team4,Org-Alpha,2025-10-07,3,25,2025-10-04
USR0325,Org-Alpha-Team4,Org-Alpha,2025-10-08,8,11,2025-10-04
USR0325,Org-Alpha-Team4,Org-Alpha,2025-10-09,2,36,2025-10-04
USR0326,Org-Delta-Team1,Org-Delta,2025-10-05,2,11,2025-10-05
USR0326,Org-Delta-Team1,Org-Delta,2025-10-10,3,17,2025-10-05
USR0326,Org-Delta-Team1,Org-Delta,2025-10-11,2,40,2025-10-05
USR0326,Org-Delta-Team1,Org-Delta,2025-10-13,5,7,2025-10-05
USR0326,Org-Delta-Team1,Org-Delta,2025-10-15,6,24,2025-10-05
USR0326,Org-Delta-Team1,Org-Delta,2025-10-16,4,4,2025-10-05
USR0326,Org-Delta-Team1,Org-Delta,2025-10-18,8,27,2025-10-05
USR0326,Org-Delta-Team1,Org-Delta,2025-10-19,6,24,2025-10-05
USR0326,Org-Delta-Team1,Org-Delta,2025-10-20,8,2,2025-10-05
USR0326,Org-Delta-Team1,Org-Delta,2025-10-21,2,28,2025-10-05
USR0326,Org-Delta-Team1,Org-Delta,2025-10-24,2,18,2025-10-05
USR0326,Org-Delta-Team1,Org-Delta,2025-10-26,1,18,2025-10-05
USR0326,Org-Delta-Team1,Org-Delta,2025-10-27,8,24,2025-10-05
USR0326,Org-Delta-Team1,Org-Delta,2025-10-28,3,16,2025-10-05
USR0326,Org-Delta-Team1,Org-Delta,2025-10-31,7,20,2025-10-05
USR0326,Org-Delta-Team1,Org-Delta,2025-11-02,8,11,2025-10-05
USR0326,Org-Delta-Team1,Org-Delta,2025-11-03,3,12,2025-10-05
USR0326,Org-Delta-Team1,Org-Delta,2025-11-05,6,20,2025-10-05
USR0326,Org-Delta-Team1,Org-Delta,2025-11-06,4,18,2025-10-05
USR0326,Org-Delta-Team1,Org-Delta,2025-11-07,8,37,2025-10-05
USR0326,Org-Delta-Team1,Org-Delta,2025-11-09,6,8,2025-10-05
USR0326,Org-Delta-Team1,Org-Delta,2025-11-12,4,27,2025-10-05
USR0326,Org-Delta-Team1,Org-Delta,2025-11-13,6,18,2025-10-05
USR0326,Org-Delta-Team1,Org-Delta,2025-11-14,6,33,2025-10-05
USR0326,Org-Delta-Team1,Org-Delta,2025-11-16,4,31,2025-10-05
USR0326,Org-Delta-Team1,Org-Delta,2025-11-20,3,23,2025-10-05
USR0326,Org-Delta-Team1,Org-Delta,2025-11-22,7,32,2025-10-05
USR0326,Org-Delta-Team1,Org-Delta,2025-11-23,6,13,2025-10-05
USR0326,Org-Delta-Team1,Org-Delta,2025-11-25,2,31,2025-10-05
USR0326,Org-Delta-Team1,Org-Delta,2025-11-26,4,2,2025-10-05
USR0326,Org-Delta-Team1,Org-Delta,2025-11-27,3,23,2025-10-05
USR0326,Org-Delta-Team1,Org-Delta,2025-11-28,1,3,2025-10-05
USR0326,Org-Delta-Team1,Org-Delta,2025-11-29,4,7,2025-10-05
USR0326,Org-Delta-Team1,Org-Delta,2025-11-30,7,32,2025-10-05
USR0326,Org-Delta-Team1,Org-Delta,2025-12-01,3,31,2025-10-05
USR0326,Org-Delta-Team1,Org-Delta,2025-12-03,2,10,2025-10-05
USR0326,Org-Delta-Team1,Org-Delta,2025-12-05,8,7,2025-10-05
USR0326,Org-Delta-Team1,Org-Delta,2025-12-06,4,21,2025-10-05
USR0326,Org-Delta-Team1,Org-Delta,2025-12-07,5,12,2025-10-05
USR0326,Org-Delta-Team1,Org-Delta,2025-12-09,1,19,2025-10-05
USR0326,Org-Delta-Team1,Org-Delta,2025-12-10,2,32,2025-10-05
USR0326,Org-Delta-Team1,Org-Delta,2025-12-12,7,9,2025-10-05
USR0326,Org-Delta-Team1,Org-Delta,2025-12-14,8,3,2025-10-05
USR0326,Org-Delta-Team1,Org-Delta,2025-12-15,6,20,2025-10-05
USR0326,Org-Delta-Team1,Org-Delta,2025-12-16,2,26,2025-10-05
USR0326,Org-Delta-Team1,Org-Delta,2025-12-19,6,33,2025-10-05
USR0326,Org-Delta-Team1,Org-Delta,2025-12-20,7,18,2025-10-05
USR0326,Org-Delta-Team1,Org-Delta,2025-12-22,7,4,2025-10-05
USR0326,Org-Delta-Team1,Org-Delta,2025-12-24,8,33,2025-10-05
USR0326,Org-Delta-Team1,Org-Delta,2025-12-25,1,14,2025-10-05
USR0326,Org-Delta-Team1,Org-Delta,2025-12-26,1,26,2025-10-05
USR0326,Org-Delta-Team1,Org-Delta,2025-12-28,6,3,2025-10-05
USR0326,Org-Delta-Team1,Org-Delta,2025-12-30,2,16,2025-10-05
USR0326,Org-Delta-Team1,Org-Delta,2025-12-31,8,15,2025-10-05
USR0326,Org-Delta-Team1,Org-Delta,2026-01-01,3,10,2025-10-05
USR0326,Org-Delta-Team1,Org-Delta,2026-01-06,7,26,2025-10-05
USR0326,Org-Delta-Team1,Org-Delta,2026-01-08,1,21,2025-10-05
USR0326,Org-Delta-Team1,Org-Delta,2026-01-09,3,18,2025-10-05
USR0326,Org-Delta-Team1,Org-Delta,2026-01-10,2,27,2025-10-05
USR0326,Org-Delta-Team1,Org-Delta,2026-01-12,6,15,2025-10-05
USR0326,Org-Delta-Team1,Org-Delta,2026-01-15,7,5,2025-10-05
USR0326,Org-Delta-Team1,Org-Delta,2026-01-16,1,24,2025-10-05
USR0326,Org-Delta-Team1,Org-Delta,2026-01-17,2,16,2025-10-05
USR0326,Org-Delta-Team1,Org-Delta,2026-01-19,6,29,2025-10-05
USR0326,Org-Delta-Team1,Org-Delta,2026-01-20,2,15,2025-10-05
USR0326,Org-Delta-Team1,Org-Delta,2026-01-21,8,36,2025-10-05
USR0326,Org-Delta-Team1,Org-Delta,2026-01-24,5,23,2025-10-05
USR0326,Org-Delta-Team1,Org-Delta,2026-01-25,6,9,2025-10-05
USR0326,Org-Delta-Team1,Org-Delta,2026-01-26,6,8,2025-10-05
USR0326,Org-Delta-Team1,Org-Delta,2026-01-27,1,23,2025-10-05
USR0326,Org-Delta-Team1,Org-Delta,2026-01-30,3,40,2025-10-05
USR0326,Org-Delta-Team1,Org-Delta,2026-02-01,7,35,2025-10-05
USR0326,Org-Delta-Team1,Org-Delta,2026-02-02,5,19,2025-10-05
USR0326,Org-Delta-Team1,Org-Delta,2026-02-03,4,22,2025-10-05
USR0326,Org-Delta-Team1,Org-Delta,2026-02-05,7,12,2025-10-05
USR0326,Org-Delta-Team1,Org-Delta,2026-02-07,7,39,2025-10-05
USR0326,Org-Delta-Team1,Org-Delta,2026-02-08,7,16,2025-10-05
USR0326,Org-Delta-Team1,Org-Delta,2026-02-09,1,3,2025-10-05
USR0326,Org-Delta-Team1,Org-Delta,2026-02-10,3,22,2025-10-05
USR0326,Org-Delta-Team1,Org-Delta,2026-02-12,2,31,2025-10-05
USR0326,Org-Delta-Team1,Org-Delta,2026-02-16,6,5,2025-10-05
USR0326,Org-Delta-Team1,Org-Delta,2026-02-18,5,38,2025-10-05
USR0326,Org-Delta-Team1,Org-Delta,2026-02-19,2,12,2025-10-05
USR0326,Org-Delta-Team1,Org-Delta,2026-02-20,4,18,2025-10-05
USR0326,Org-Delta-Team1,Org-Delta,2026-02-22,6,34,2025-10-05
USR0326,Org-Delta-Team1,Org-Delta,2026-02-26,3,8,2025-10-05
USR0326,Org-Delta-Team1,Org-Delta,2026-02-27,5,27,2025-10-05
USR0326,Org-Delta-Team1,Org-Delta,2026-03-01,7,5,2025-10-05
USR0326,Org-Delta-Team1,Org-Delta,2026-03-02,7,22,2025-10-05
USR0326,Org-Delta-Team1,Org-Delta,2026-03-03,3,9,2025-10-05
USR0326,Org-Delta-Team1,Org-Delta,2026-03-08,2,1,2025-10-05
USR0326,Org-Delta-Team1,Org-Delta,2026-03-09,2,11,2025-10-05
USR0326,Org-Delta-Team1,Org-Delta,2026-03-10,8,5,2025-10-05
USR0326,Org-Delta-Team1,Org-Delta,2026-03-12,1,36,2025-10-05
USR0326,Org-Delta-Team1,Org-Delta,2026-03-15,8,20,2025-10-05
USR0326,Org-Delta-Team1,Org-Delta,2026-03-16,2,9,2025-10-05
USR0326,Org-Delta-Team1,Org-Delta,2026-03-18,8,39,2025-10-05
USR0326,Org-Delta-Team1,Org-Delta,2026-03-19,1,34,2025-10-05
USR0326,Org-Delta-Team1,Org-Delta,2026-03-21,1,22,2025-10-05
USR0326,Org-Delta-Team1,Org-Delta,2026-03-24,2,18,2025-10-05
USR0326,Org-Delta-Team1,Org-Delta,2026-03-25,4,19,2025-10-05
USR0326,Org-Delta-Team1,Org-Delta,2026-03-27,1,36,2025-10-05
USR0326,Org-Delta-Team1,Org-Delta,2026-03-29,1,22,2025-10-05
USR0326,Org-Delta-Team1,Org-Delta,2026-03-30,4,22,2025-10-05
USR0327,Org-Delta-Team1,Org-Delta,2025-10-17,1,12,2025-10-17
USR0327,Org-Delta-Team1,Org-Delta,2025-10-21,7,37,2025-10-17
USR0327,Org-Delta-Team1,Org-Delta,2025-10-22,1,9,2025-10-17
USR0329,Org-Alpha-Team4,Org-Alpha,2025-10-07,4,26,2025-10-05
USR0330,Org-Alpha-Team1,Org-Alpha,2025-10-26,5,38,2025-10-25
USR0330,Org-Alpha-Team1,Org-Alpha,2025-10-29,3,25,2025-10-25
USR0331,Org-Alpha-Team2,Org-Alpha,2025-10-01,4,15,2025-10-01
USR0331,Org-Alpha-Team2,Org-Alpha,2025-10-02,5,28,2025-10-01
USR0331,Org-Alpha-Team2,Org-Alpha,2025-10-03,6,32,2025-10-01
USR0331,Org-Alpha-Team2,Org-Alpha,2025-10-07,8,33,2025-10-01
USR0331,Org-Alpha-Team2,Org-Alpha,2025-10-09,5,37,2025-10-01
USR0331,Org-Alpha-Team2,Org-Alpha,2025-10-12,7,19,2025-10-01
USR0331,Org-Alpha-Team2,Org-Alpha,2025-10-14,6,3,2025-10-01
USR0331,Org-Alpha-Team2,Org-Alpha,2025-10-15,3,37,2025-10-01
USR0331,Org-Alpha-Team2,Org-Alpha,2025-10-17,3,9,2025-10-01
USR0331,Org-Alpha-Team2,Org-Alpha,2025-10-19,3,18,2025-10-01
USR0331,Org-Alpha-Team2,Org-Alpha,2025-10-22,8,25,2025-10-01
USR0331,Org-Alpha-Team2,Org-Alpha,2025-10-23,3,27,2025-10-01
USR0331,Org-Alpha-Team2,Org-Alpha,2025-10-24,4,37,2025-10-01
USR0331,Org-Alpha-Team2,Org-Alpha,2025-10-25,6,32,2025-10-01
USR0331,Org-Alpha-Team2,Org-Alpha,2025-10-26,7,8,2025-10-01
USR0331,Org-Alpha-Team2,Org-Alpha,2025-10-27,1,21,2025-10-01
USR0331,Org-Alpha-Team2,Org-Alpha,2025-10-29,4,20,2025-10-01
USR0331,Org-Alpha-Team2,Org-Alpha,2025-10-31,4,24,2025-10-01
USR0331,Org-Alpha-Team2,Org-Alpha,2025-11-01,5,10,2025-10-01
USR0331,Org-Alpha-Team2,Org-Alpha,2025-11-03,6,37,2025-10-01
USR0331,Org-Alpha-Team2,Org-Alpha,2025-11-04,2,38,2025-10-01
USR0331,Org-Alpha-Team2,Org-Alpha,2025-11-05,7,40,2025-10-01
USR0331,Org-Alpha-Team2,Org-Alpha,2025-11-06,7,40,2025-10-01
USR0331,Org-Alpha-Team2,Org-Alpha,2025-11-07,6,39,2025-10-01
USR0331,Org-Alpha-Team2,Org-Alpha,2025-11-08,3,30,2025-10-01
USR0331,Org-Alpha-Team2,Org-Alpha,2025-11-09,3,9,2025-10-01
USR0331,Org-Alpha-Team2,Org-Alpha,2025-11-10,4,6,2025-10-01
USR0331,Org-Alpha-Team2,Org-Alpha,2025-11-12,4,17,2025-10-01
USR0331,Org-Alpha-Team2,Org-Alpha,2025-11-13,4,40,2025-10-01
USR0331,Org-Alpha-Team2,Org-Alpha,2025-11-19,1,11,2025-10-01
USR0331,Org-Alpha-Team2,Org-Alpha,2025-11-25,8,32,2025-10-01
USR0331,Org-Alpha-Team2,Org-Alpha,2025-11-26,1,27,2025-10-01
USR0331,Org-Alpha-Team2,Org-Alpha,2025-11-27,5,24,2025-10-01
USR0331,Org-Alpha-Team2,Org-Alpha,2025-11-29,7,37,2025-10-01
USR0331,Org-Alpha-Team2,Org-Alpha,2025-11-30,8,15,2025-10-01
USR0331,Org-Alpha-Team2,Org-Alpha,2025-12-03,5,16,2025-10-01
USR0331,Org-Alpha-Team2,Org-Alpha,2025-12-05,4,12,2025-10-01
USR0331,Org-Alpha-Team2,Org-Alpha,2025-12-08,7,28,2025-10-01
USR0331,Org-Alpha-Team2,Org-Alpha,2025-12-13,8,17,2025-10-01
USR0331,Org-Alpha-Team2,Org-Alpha,2025-12-14,3,4,2025-10-01
USR0331,Org-Alpha-Team2,Org-Alpha,2025-12-16,1,19,2025-10-01
USR0331,Org-Alpha-Team2,Org-Alpha,2025-12-17,4,33,2025-10-01
USR0331,Org-Alpha-Team2,Org-Alpha,2025-12-18,8,36,2025-10-01
USR0331,Org-Alpha-Team2,Org-Alpha,2025-12-19,1,6,2025-10-01
USR0331,Org-Alpha-Team2,Org-Alpha,2025-12-21,8,40,2025-10-01
USR0331,Org-Alpha-Team2,Org-Alpha,2025-12-24,5,10,2025-10-01
USR0331,Org-Alpha-Team2,Org-Alpha,2025-12-25,4,38,2025-10-01
USR0331,Org-Alpha-Team2,Org-Alpha,2025-12-26,3,9,2025-10-01
USR0331,Org-Alpha-Team2,Org-Alpha,2025-12-27,6,32,2025-10-01
USR0331,Org-Alpha-Team2,Org-Alpha,2025-12-28,3,30,2025-10-01
USR0331,Org-Alpha-Team2,Org-Alpha,2025-12-29,6,29,2025-10-01
USR0331,Org-Alpha-Team2,Org-Alpha,2025-12-31,2,34,2025-10-01
USR0331,Org-Alpha-Team2,Org-Alpha,2026-01-01,6,12,2025-10-01
USR0331,Org-Alpha-Team2,Org-Alpha,2026-01-02,5,34,2025-10-01
USR0331,Org-Alpha-Team2,Org-Alpha,2026-01-03,1,15,2025-10-01
USR0331,Org-Alpha-Team2,Org-Alpha,2026-01-05,4,38,2025-10-01
USR0331,Org-Alpha-Team2,Org-Alpha,2026-01-08,5,12,2025-10-01
USR0331,Org-Alpha-Team2,Org-Alpha,2026-01-10,5,30,2025-10-01
USR0331,Org-Alpha-Team2,Org-Alpha,2026-01-11,4,24,2025-10-01
USR0331,Org-Alpha-Team2,Org-Alpha,2026-01-14,8,4,2025-10-01
USR0331,Org-Alpha-Team2,Org-Alpha,2026-01-16,4,38,2025-10-01
USR0331,Org-Alpha-Team2,Org-Alpha,2026-01-17,6,16,2025-10-01
USR0331,Org-Alpha-Team2,Org-Alpha,2026-01-18,1,10,2025-10-01
USR0331,Org-Alpha-Team2,Org-Alpha,2026-01-21,2,27,2025-10-01
USR0331,Org-Alpha-Team2,Org-Alpha,2026-01-24,5,27,2025-10-01
USR0331,Org-Alpha-Team2,Org-Alpha,2026-01-26,8,34,2025-10-01
USR0331,Org-Alpha-Team2,Org-Alpha,2026-01-28,7,14,2025-10-01
USR0331,Org-Alpha-Team2,Org-Alpha,2026-01-31,4,37,2025-10-01
USR0331,Org-Alpha-Team2,Org-Alpha,2026-02-01,5,21,2025-10-01
USR0331,Org-Alpha-Team2,Org-Alpha,2026-02-03,2,8,2025-10-01
USR0331,Org-Alpha-Team2,Org-Alpha,2026-02-05,8,12,2025-10-01
USR0331,Org-Alpha-Team2,Org-Alpha,2026-02-06,6,4,2025-10-01
USR0331,Org-Alpha-Team2,Org-Alpha,2026-02-07,5,30,2025-10-01
USR0331,Org-Alpha-Team2,Org-Alpha,2026-02-08,8,37,2025-10-01
USR0331,Org-Alpha-Team2,Org-Alpha,2026-02-09,7,13,2025-10-01
USR0331,Org-Alpha-Team2,Org-Alpha,2026-02-10,7,23,2025-10-01
USR0331,Org-Alpha-Team2,Org-Alpha,2026-02-11,8,30,2025-10-01
USR0331,Org-Alpha-Team2,Org-Alpha,2026-02-12,8,36,2025-10-01
USR0331,Org-Alpha-Team2,Org-Alpha,2026-02-14,3,2,2025-10-01
USR0331,Org-Alpha-Team2,Org-Alpha,2026-02-15,2,2,2025-10-01
USR0331,Org-Alpha-Team2,Org-Alpha,2026-02-17,5,12,2025-10-01
USR0331,Org-Alpha-Team2,Org-Alpha,2026-02-18,7,27,2025-10-01
USR0331,Org-Alpha-Team2,Org-Alpha,2026-02-19,7,12,2025-10-01
USR0331,Org-Alpha-Team2,Org-Alpha,2026-02-20,6,32,2025-10-01
USR0331,Org-Alpha-Team2,Org-Alpha,2026-02-21,6,7,2025-10-01
USR0331,Org-Alpha-Team2,Org-Alpha,2026-02-22,1,37,2025-10-01
USR0331,Org-Alpha-Team2,Org-Alpha,2026-02-24,1,33,2025-10-01
USR0331,Org-Alpha-Team2,Org-Alpha,2026-02-25,5,23,2025-10-01
USR0331,Org-Alpha-Team2,Org-Alpha,2026-02-26,8,12,2025-10-01
USR0331,Org-Alpha-Team2,Org-Alpha,2026-02-27,3,31,2025-10-01
USR0331,Org-Alpha-Team2,Org-Alpha,2026-03-02,7,28,2025-10-01
USR0331,Org-Alpha-Team2,Org-Alpha,2026-03-03,3,40,2025-10-01
USR0331,Org-Alpha-Team2,Org-Alpha,2026-03-04,4,3,2025-10-01
USR0331,Org-Alpha-Team2,Org-Alpha,2026-03-06,8,8,2025-10-01
USR0331,Org-Alpha-Team2,Org-Alpha,2026-03-07,3,22,2025-10-01
USR0331,Org-Alpha-Team2,Org-Alpha,2026-03-08,4,17,2025-10-01
USR0331,Org-Alpha-Team2,Org-Alpha,2026-03-09,4,21,2025-10-01
USR0331,Org-Alpha-Team2,Org-Alpha,2026-03-10,7,30,2025-10-01
USR0331,Org-Alpha-Team2,Org-Alpha,2026-03-11,8,31,2025-10-01
USR0331,Org-Alpha-Team2,Org-Alpha,2026-03-12,4,17,2025-10-01
USR0331,Org-Alpha-Team2,Org-Alpha,2026-03-15,6,35,2025-10-01
USR0331,Org-Alpha-Team2,Org-Alpha,2026-03-17,4,5,2025-10-01
USR0331,Org-Alpha-Team2,Org-Alpha,2026-03-18,8,39,2025-10-01
USR0331,Org-Alpha-Team2,Org-Alpha,2026-03-19,1,31,2025-10-01
USR0331,Org-Alpha-Team2,Org-Alpha,2026-03-21,3,33,2025-10-01
USR0331,Org-Alpha-Team2,Org-Alpha,2026-03-22,7,6,2025-10-01
USR0331,Org-Alpha-Team2,Org-Alpha,2026-03-25,8,17,2025-10-01
USR0331,Org-Alpha-Team2,Org-Alpha,2026-03-27,7,39,2025-10-01
USR0331,Org-Alpha-Team2,Org-Alpha,2026-03-30,3,6,2025-10-01
USR0331,Org-Alpha-Team2,Org-Alpha,2026-03-31,3,19,2025-10-01
USR0332,Org-Beta-Team1,Org-Beta,2025-10-25,4,4,2025-10-25
USR0332,Org-Beta-Team1,Org-Beta,2025-10-26,6,13,2025-10-25
USR0332,Org-Beta-Team1,Org-Beta,2025-10-27,6,10,2025-10-25
USR0332,Org-Beta-Team1,Org-Beta,2025-10-29,8,25,2025-10-25
USR0333,Org-Beta-Team4,Org-Beta,2025-10-16,2,4,2025-10-16
USR0333,Org-Beta-Team4,Org-Beta,2025-10-18,4,39,2025-10-16
USR0333,Org-Beta-Team4,Org-Beta,2025-10-19,8,25,2025-10-16
USR0333,Org-Beta-Team4,Org-Beta,2025-10-20,7,5,2025-10-16
USR0333,Org-Beta-Team4,Org-Beta,2025-10-21,7,6,2025-10-16
USR0333,Org-Beta-Team4,Org-Beta,2025-10-22,4,26,2025-10-16
USR0334,Org-Alpha-Team3,Org-Alpha,2025-10-22,7,12,2025-10-22
USR0334,Org-Alpha-Team3,Org-Alpha,2025-10-25,5,17,2025-10-22
USR0334,Org-Alpha-Team3,Org-Alpha,2025-10-26,1,38,2025-10-22
USR0334,Org-Alpha-Team3,Org-Alpha,2025-10-27,6,26,2025-10-22
USR0334,Org-Alpha-Team3,Org-Alpha,2025-10-29,1,4,2025-10-22
USR0334,Org-Alpha-Team3,Org-Alpha,2025-10-31,3,8,2025-10-22
USR0334,Org-Alpha-Team3,Org-Alpha,2025-11-02,2,25,2025-10-22
USR0334,Org-Alpha-Team3,Org-Alpha,2025-11-03,8,33,2025-10-22
USR0334,Org-Alpha-Team3,Org-Alpha,2025-11-04,1,20,2025-10-22
USR0334,Org-Alpha-Team3,Org-Alpha,2025-11-06,2,14,2025-10-22
USR0334,Org-Alpha-Team3,Org-Alpha,2025-11-08,4,31,2025-10-22
USR0334,Org-Alpha-Team3,Org-Alpha,2025-11-13,3,31,2025-10-22
USR0334,Org-Alpha-Team3,Org-Alpha,2025-11-17,7,29,2025-10-22
USR0334,Org-Alpha-Team3,Org-Alpha,2025-11-18,1,22,2025-10-22
USR0334,Org-Alpha-Team3,Org-Alpha,2025-11-19,1,31,2025-10-22
USR0334,Org-Alpha-Team3,Org-Alpha,2025-11-20,3,38,2025-10-22
USR0334,Org-Alpha-Team3,Org-Alpha,2025-11-22,2,21,2025-10-22
USR0334,Org-Alpha-Team3,Org-Alpha,2025-11-23,3,31,2025-10-22
USR0334,Org-Alpha-Team3,Org-Alpha,2025-11-24,3,37,2025-10-22
USR0334,Org-Alpha-Team3,Org-Alpha,2025-11-25,2,14,2025-10-22
USR0334,Org-Alpha-Team3,Org-Alpha,2025-11-27,4,31,2025-10-22
USR0334,Org-Alpha-Team3,Org-Alpha,2025-11-29,3,5,2025-10-22
USR0334,Org-Alpha-Team3,Org-Alpha,2025-11-30,5,5,2025-10-22
USR0334,Org-Alpha-Team3,Org-Alpha,2025-12-01,8,6,2025-10-22
USR0334,Org-Alpha-Team3,Org-Alpha,2025-12-05,3,24,2025-10-22
USR0334,Org-Alpha-Team3,Org-Alpha,2025-12-06,6,27,2025-10-22
USR0334,Org-Alpha-Team3,Org-Alpha,2025-12-08,6,22,2025-10-22
USR0334,Org-Alpha-Team3,Org-Alpha,2025-12-09,3,10,2025-10-22
USR0334,Org-Alpha-Team3,Org-Alpha,2025-12-10,6,24,2025-10-22
USR0334,Org-Alpha-Team3,Org-Alpha,2025-12-13,8,2,2025-10-22
USR0334,Org-Alpha-Team3,Org-Alpha,2025-12-16,3,10,2025-10-22
USR0334,Org-Alpha-Team3,Org-Alpha,2025-12-17,3,39,2025-10-22
USR0334,Org-Alpha-Team3,Org-Alpha,2025-12-20,3,35,2025-10-22
USR0334,Org-Alpha-Team3,Org-Alpha,2025-12-22,8,7,2025-10-22
USR0334,Org-Alpha-Team3,Org-Alpha,2025-12-23,4,23,2025-10-22
USR0334,Org-Alpha-Team3,Org-Alpha,2025-12-25,7,20,2025-10-22
USR0334,Org-Alpha-Team3,Org-Alpha,2025-12-26,3,27,2025-10-22
USR0334,Org-Alpha-Team3,Org-Alpha,2025-12-27,5,32,2025-10-22
USR0334,Org-Alpha-Team3,Org-Alpha,2025-12-28,5,24,2025-10-22
USR0334,Org-Alpha-Team3,Org-Alpha,2025-12-29,8,10,2025-10-22
USR0334,Org-Alpha-Team3,Org-Alpha,2025-12-31,1,8,2025-10-22
USR0334,Org-Alpha-Team3,Org-Alpha,2026-01-04,1,35,2025-10-22
USR0334,Org-Alpha-Team3,Org-Alpha,2026-01-05,7,20,2025-10-22
USR0334,Org-Alpha-Team3,Org-Alpha,2026-01-10,2,1,2025-10-22
USR0334,Org-Alpha-Team3,Org-Alpha,2026-01-11,1,7,2025-10-22
USR0334,Org-Alpha-Team3,Org-Alpha,2026-01-12,7,32,2025-10-22
USR0334,Org-Alpha-Team3,Org-Alpha,2026-01-13,5,17,2025-10-22
USR0334,Org-Alpha-Team3,Org-Alpha,2026-01-14,2,38,2025-10-22
USR0334,Org-Alpha-Team3,Org-Alpha,2026-01-15,7,25,2025-10-22
USR0334,Org-Alpha-Team3,Org-Alpha,2026-01-16,7,19,2025-10-22
USR0334,Org-Alpha-Team3,Org-Alpha,2026-01-17,6,16,2025-10-22
USR0334,Org-Alpha-Team3,Org-Alpha,2026-01-19,8,29,2025-10-22
USR0334,Org-Alpha-Team3,Org-Alpha,2026-01-20,7,15,2025-10-22
USR0334,Org-Alpha-Team3,Org-Alpha,2026-01-21,8,37,2025-10-22
USR0334,Org-Alpha-Team3,Org-Alpha,2026-01-23,7,11,2025-10-22
USR0334,Org-Alpha-Team3,Org-Alpha,2026-01-24,2,23,2025-10-22
USR0334,Org-Alpha-Team3,Org-Alpha,2026-01-25,4,32,2025-10-22
USR0334,Org-Alpha-Team3,Org-Alpha,2026-01-26,8,16,2025-10-22
USR0334,Org-Alpha-Team3,Org-Alpha,2026-01-27,6,4,2025-10-22
USR0334,Org-Alpha-Team3,Org-Alpha,2026-01-28,3,8,2025-10-22
USR0334,Org-Alpha-Team3,Org-Alpha,2026-01-30,1,17,2025-10-22
USR0334,Org-Alpha-Team3,Org-Alpha,2026-01-31,7,2,2025-10-22
USR0334,Org-Alpha-Team3,Org-Alpha,2026-02-04,2,18,2025-10-22
USR0334,Org-Alpha-Team3,Org-Alpha,2026-02-05,8,29,2025-10-22
USR0334,Org-Alpha-Team3,Org-Alpha,2026-02-06,7,25,2025-10-22
USR0334,Org-Alpha-Team3,Org-Alpha,2026-02-07,6,38,2025-10-22
USR0334,Org-Alpha-Team3,Org-Alpha,2026-02-08,2,29,2025-10-22
USR0334,Org-Alpha-Team3,Org-Alpha,2026-02-10,4,25,2025-10-22
USR0334,Org-Alpha-Team3,Org-Alpha,2026-02-11,4,40,2025-10-22
USR0334,Org-Alpha-Team3,Org-Alpha,2026-02-12,6,34,2025-10-22
USR0334,Org-Alpha-Team3,Org-Alpha,2026-02-13,5,33,2025-10-22
USR0334,Org-Alpha-Team3,Org-Alpha,2026-02-16,6,29,2025-10-22
USR0334,Org-Alpha-Team3,Org-Alpha,2026-02-17,2,40,2025-10-22
USR0334,Org-Alpha-Team3,Org-Alpha,2026-02-18,5,17,2025-10-22
USR0334,Org-Alpha-Team3,Org-Alpha,2026-02-22,7,16,2025-10-22
USR0334,Org-Alpha-Team3,Org-Alpha,2026-02-24,6,31,2025-10-22
USR0334,Org-Alpha-Team3,Org-Alpha,2026-02-25,8,31,2025-10-22
USR0334,Org-Alpha-Team3,Org-Alpha,2026-02-26,8,11,2025-10-22
USR0334,Org-Alpha-Team3,Org-Alpha,2026-02-27,4,33,2025-10-22
USR0334,Org-Alpha-Team3,Org-Alpha,2026-02-28,8,29,2025-10-22
USR0334,Org-Alpha-Team3,Org-Alpha,2026-03-01,2,40,2025-10-22
USR0334,Org-Alpha-Team3,Org-Alpha,2026-03-02,8,22,2025-10-22
USR0334,Org-Alpha-Team3,Org-Alpha,2026-03-03,4,9,2025-10-22
USR0334,Org-Alpha-Team3,Org-Alpha,2026-03-06,1,4,2025-10-22
USR0334,Org-Alpha-Team3,Org-Alpha,2026-03-07,1,21,2025-10-22
USR0334,Org-Alpha-Team3,Org-Alpha,2026-03-08,2,29,2025-10-22
USR0334,Org-Alpha-Team3,Org-Alpha,2026-03-09,6,36,2025-10-22
USR0334,Org-Alpha-Team3,Org-Alpha,2026-03-10,1,21,2025-10-22
USR0334,Org-Alpha-Team3,Org-Alpha,2026-03-12,4,18,2025-10-22
USR0334,Org-Alpha-Team3,Org-Alpha,2026-03-13,3,19,2025-10-22
USR0334,Org-Alpha-Team3,Org-Alpha,2026-03-14,8,7,2025-10-22
USR0334,Org-Alpha-Team3,Org-Alpha,2026-03-16,4,16,2025-10-22
USR0334,Org-Alpha-Team3,Org-Alpha,2026-03-21,4,24,2025-10-22
USR0334,Org-Alpha-Team3,Org-Alpha,2026-03-23,6,40,2025-10-22
USR0334,Org-Alpha-Team3,Org-Alpha,2026-03-25,1,37,2025-10-22
USR0334,Org-Alpha-Team3,Org-Alpha,2026-03-26,3,33,2025-10-22
USR0334,Org-Alpha-Team3,Org-Alpha,2026-03-27,2,39,2025-10-22
USR0334,Org-Alpha-Team3,Org-Alpha,2026-03-28,1,34,2025-10-22
USR0334,Org-Alpha-Team3,Org-Alpha,2026-03-29,8,21,2025-10-22
USR0334,Org-Alpha-Team3,Org-Alpha,2026-03-31,3,31,2025-10-22
USR0335,Org-Gamma-Team1,Org-Gamma,2025-10-07,8,30,2025-10-07
USR0335,Org-Gamma-Team1,Org-Gamma,2025-10-08,4,28,2025-10-07
USR0335,Org-Gamma-Team1,Org-Gamma,2025-10-10,8,37,2025-10-07
USR0336,Org-Beta-Team1,Org-Beta,2025-10-22,6,3,2025-10-17
USR0336,Org-Beta-Team1,Org-Beta,2025-10-23,3,39,2025-10-17
USR0336,Org-Beta-Team1,Org-Beta,2025-10-24,1,6,2025-10-17
USR0336,Org-Beta-Team1,Org-Beta,2025-10-25,8,40,2025-10-17
USR0336,Org-Beta-Team1,Org-Beta,2025-10-26,3,10,2025-10-17
USR0336,Org-Beta-Team1,Org-Beta,2025-10-27,3,29,2025-10-17
USR0336,Org-Beta-Team1,Org-Beta,2025-10-28,6,19,2025-10-17
USR0336,Org-Beta-Team1,Org-Beta,2025-10-29,1,22,2025-10-17
USR0336,Org-Beta-Team1,Org-Beta,2025-11-02,2,5,2025-10-17
USR0336,Org-Beta-Team1,Org-Beta,2025-11-03,6,14,2025-10-17
USR0336,Org-Beta-Team1,Org-Beta,2025-11-04,8,11,2025-10-17
USR0336,Org-Beta-Team1,Org-Beta,2025-11-05,6,36,2025-10-17
USR0336,Org-Beta-Team1,Org-Beta,2025-11-06,8,3,2025-10-17
USR0336,Org-Beta-Team1,Org-Beta,2025-11-09,8,22,2025-10-17
USR0336,Org-Beta-Team1,Org-Beta,2025-11-14,7,22,2025-10-17
USR0336,Org-Beta-Team1,Org-Beta,2025-11-16,7,34,2025-10-17
USR0336,Org-Beta-Team1,Org-Beta,2025-11-17,6,3,2025-10-17
USR0336,Org-Beta-Team1,Org-Beta,2025-11-21,4,3,2025-10-17
USR0336,Org-Beta-Team1,Org-Beta,2025-11-22,7,29,2025-10-17
USR0336,Org-Beta-Team1,Org-Beta,2025-11-23,3,35,2025-10-17
USR0336,Org-Beta-Team1,Org-Beta,2025-11-24,7,36,2025-10-17
USR0336,Org-Beta-Team1,Org-Beta,2025-11-25,8,2,2025-10-17
USR0336,Org-Beta-Team1,Org-Beta,2025-11-27,6,15,2025-10-17
USR0336,Org-Beta-Team1,Org-Beta,2025-11-28,3,8,2025-10-17
USR0336,Org-Beta-Team1,Org-Beta,2025-11-29,3,20,2025-10-17
USR0336,Org-Beta-Team1,Org-Beta,2025-11-30,8,7,2025-10-17
USR0336,Org-Beta-Team1,Org-Beta,2025-12-01,1,28,2025-10-17
USR0336,Org-Beta-Team1,Org-Beta,2025-12-03,6,34,2025-10-17
USR0336,Org-Beta-Team1,Org-Beta,2025-12-04,7,36,2025-10-17
USR0336,Org-Beta-Team1,Org-Beta,2025-12-05,4,28,2025-10-17
USR0336,Org-Beta-Team1,Org-Beta,2025-12-09,3,13,2025-10-17
USR0336,Org-Beta-Team1,Org-Beta,2025-12-10,7,22,2025-10-17
USR0336,Org-Beta-Team1,Org-Beta,2025-12-12,7,31,2025-10-17
USR0336,Org-Beta-Team1,Org-Beta,2025-12-13,6,37,2025-10-17
USR0336,Org-Beta-Team1,Org-Beta,2025-12-14,4,21,2025-10-17
USR0336,Org-Beta-Team1,Org-Beta,2025-12-15,1,21,2025-10-17
USR0336,Org-Beta-Team1,Org-Beta,2025-12-19,3,23,2025-10-17
USR0336,Org-Beta-Team1,Org-Beta,2025-12-21,3,22,2025-10-17
USR0336,Org-Beta-Team1,Org-Beta,2025-12-24,2,2,2025-10-17
USR0336,Org-Beta-Team1,Org-Beta,2025-12-28,3,14,2025-10-17
USR0336,Org-Beta-Team1,Org-Beta,2025-12-29,5,24,2025-10-17
USR0336,Org-Beta-Team1,Org-Beta,2026-01-01,1,10,2025-10-17
USR0336,Org-Beta-Team1,Org-Beta,2026-01-02,2,2,2025-10-17
USR0336,Org-Beta-Team1,Org-Beta,2026-01-04,1,30,2025-10-17
USR0336,Org-Beta-Team1,Org-Beta,2026-01-07,4,8,2025-10-17
USR0336,Org-Beta-Team1,Org-Beta,2026-01-08,1,34,2025-10-17
USR0336,Org-Beta-Team1,Org-Beta,2026-01-10,2,6,2025-10-17
USR0336,Org-Beta-Team1,Org-Beta,2026-01-11,6,25,2025-10-17
USR0336,Org-Beta-Team1,Org-Beta,2026-01-13,5,2,2025-10-17
USR0336,Org-Beta-Team1,Org-Beta,2026-01-15,6,3,2025-10-17
USR0336,Org-Beta-Team1,Org-Beta,2026-01-16,5,22,2025-10-17
USR0336,Org-Beta-Team1,Org-Beta,2026-01-17,1,36,2025-10-17
USR0336,Org-Beta-Team1,Org-Beta,2026-01-18,3,31,2025-10-17
USR0336,Org-Beta-Team1,Org-Beta,2026-01-19,1,25,2025-10-17
USR0336,Org-Beta-Team1,Org-Beta,2026-01-20,5,40,2025-10-17
USR0336,Org-Beta-Team1,Org-Beta,2026-01-21,7,23,2025-10-17
USR0336,Org-Beta-Team1,Org-Beta,2026-01-25,1,15,2025-10-17
USR0336,Org-Beta-Team1,Org-Beta,2026-01-27,4,26,2025-10-17
USR0336,Org-Beta-Team1,Org-Beta,2026-01-28,3,11,2025-10-17
USR0336,Org-Beta-Team1,Org-Beta,2026-01-29,6,33,2025-10-17
USR0336,Org-Beta-Team1,Org-Beta,2026-01-31,1,34,2025-10-17
USR0336,Org-Beta-Team1,Org-Beta,2026-02-02,2,19,2025-10-17
USR0336,Org-Beta-Team1,Org-Beta,2026-02-05,7,26,2025-10-17
USR0336,Org-Beta-Team1,Org-Beta,2026-02-08,1,3,2025-10-17
USR0336,Org-Beta-Team1,Org-Beta,2026-02-09,4,38,2025-10-17
USR0336,Org-Beta-Team1,Org-Beta,2026-02-12,7,32,2025-10-17
USR0336,Org-Beta-Team1,Org-Beta,2026-02-15,1,37,2025-10-17
USR0336,Org-Beta-Team1,Org-Beta,2026-02-16,8,4,2025-10-17
USR0336,Org-Beta-Team1,Org-Beta,2026-02-17,8,14,2025-10-17
USR0336,Org-Beta-Team1,Org-Beta,2026-02-18,1,38,2025-10-17
USR0336,Org-Beta-Team1,Org-Beta,2026-02-19,2,26,2025-10-17
USR0336,Org-Beta-Team1,Org-Beta,2026-02-23,1,15,2025-10-17
USR0336,Org-Beta-Team1,Org-Beta,2026-02-25,7,39,2025-10-17
USR0336,Org-Beta-Team1,Org-Beta,2026-02-26,3,36,2025-10-17
USR0336,Org-Beta-Team1,Org-Beta,2026-02-27,1,7,2025-10-17
USR0336,Org-Beta-Team1,Org-Beta,2026-02-28,6,17,2025-10-17
USR0336,Org-Beta-Team1,Org-Beta,2026-03-02,3,24,2025-10-17
USR0336,Org-Beta-Team1,Org-Beta,2026-03-03,2,10,2025-10-17
USR0336,Org-Beta-Team1,Org-Beta,2026-03-05,2,9,2025-10-17
USR0336,Org-Beta-Team1,Org-Beta,2026-03-06,8,26,2025-10-17
USR0336,Org-Beta-Team1,Org-Beta,2026-03-07,3,38,2025-10-17
USR0336,Org-Beta-Team1,Org-Beta,2026-03-08,8,38,2025-10-17
USR0336,Org-Beta-Team1,Org-Beta,2026-03-10,6,3,2025-10-17
USR0336,Org-Beta-Team1,Org-Beta,2026-03-11,8,8,2025-10-17
USR0336,Org-Beta-Team1,Org-Beta,2026-03-12,4,15,2025-10-17
USR0336,Org-Beta-Team1,Org-Beta,2026-03-13,6,32,2025-10-17
USR0336,Org-Beta-Team1,Org-Beta,2026-03-14,7,3,2025-10-17
USR0336,Org-Beta-Team1,Org-Beta,2026-03-16,2,17,2025-10-17
USR0336,Org-Beta-Team1,Org-Beta,2026-03-19,7,22,2025-10-17
USR0336,Org-Beta-Team1,Org-Beta,2026-03-20,5,17,2025-10-17
USR0336,Org-Beta-Team1,Org-Beta,2026-03-22,7,17,2025-10-17
USR0336,Org-Beta-Team1,Org-Beta,2026-03-23,6,33,2025-10-17
USR0336,Org-Beta-Team1,Org-Beta,2026-03-25,7,39,2025-10-17
USR0336,Org-Beta-Team1,Org-Beta,2026-03-26,6,17,2025-10-17
USR0336,Org-Beta-Team1,Org-Beta,2026-03-27,2,15,2025-10-17
USR0336,Org-Beta-Team1,Org-Beta,2026-03-30,5,39,2025-10-17
USR0336,Org-Beta-Team1,Org-Beta,2026-03-31,7,9,2025-10-17
USR0337,Org-Epsilon-Team4,Org-Epsilon,2025-10-01,4,29,2025-10-01
USR0337,Org-Epsilon-Team4,Org-Epsilon,2025-10-02,7,21,2025-10-01
USR0337,Org-Epsilon-Team4,Org-Epsilon,2025-10-04,3,31,2025-10-01
USR0337,Org-Epsilon-Team4,Org-Epsilon,2025-10-06,8,19,2025-10-01
USR0337,Org-Epsilon-Team4,Org-Epsilon,2025-10-08,7,17,2025-10-01
USR0338,Org-Alpha-Team1,Org-Alpha,2025-10-28,3,28,2025-10-28
USR0338,Org-Alpha-Team1,Org-Alpha,2025-10-30,4,19,2025-10-28
USR0338,Org-Alpha-Team1,Org-Alpha,2025-10-31,6,22,2025-10-28
USR0339,Org-Alpha-Team1,Org-Alpha,2025-10-13,7,10,2025-10-13
USR0339,Org-Alpha-Team1,Org-Alpha,2025-10-15,5,8,2025-10-13
USR0340,Org-Alpha-Team4,Org-Alpha,2025-10-28,1,37,2025-10-28
USR0340,Org-Alpha-Team4,Org-Alpha,2025-10-30,3,24,2025-10-28
USR0341,Org-Epsilon-Team2,Org-Epsilon,2025-10-28,1,33,2025-10-28
USR0342,Org-Gamma-Team3,Org-Gamma,2025-10-23,8,5,2025-10-21
USR0342,Org-Gamma-Team3,Org-Gamma,2025-10-24,4,14,2025-10-21
USR0342,Org-Gamma-Team3,Org-Gamma,2025-10-25,3,40,2025-10-21
USR0342,Org-Gamma-Team3,Org-Gamma,2025-10-26,2,16,2025-10-21
USR0342,Org-Gamma-Team3,Org-Gamma,2025-10-27,8,11,2025-10-21
USR0342,Org-Gamma-Team3,Org-Gamma,2025-10-28,4,10,2025-10-21
USR0342,Org-Gamma-Team3,Org-Gamma,2025-10-30,8,28,2025-10-21
USR0342,Org-Gamma-Team3,Org-Gamma,2025-10-31,7,40,2025-10-21
USR0342,Org-Gamma-Team3,Org-Gamma,2025-11-01,2,38,2025-10-21
USR0342,Org-Gamma-Team3,Org-Gamma,2025-11-03,7,35,2025-10-21
USR0342,Org-Gamma-Team3,Org-Gamma,2025-11-06,5,38,2025-10-21
USR0342,Org-Gamma-Team3,Org-Gamma,2025-11-09,4,5,2025-10-21
USR0342,Org-Gamma-Team3,Org-Gamma,2025-11-10,8,23,2025-10-21
USR0342,Org-Gamma-Team3,Org-Gamma,2025-11-12,7,27,2025-10-21
USR0342,Org-Gamma-Team3,Org-Gamma,2025-11-13,1,22,2025-10-21
USR0342,Org-Gamma-Team3,Org-Gamma,2025-11-14,7,29,2025-10-21
USR0342,Org-Gamma-Team3,Org-Gamma,2025-11-16,3,3,2025-10-21
USR0342,Org-Gamma-Team3,Org-Gamma,2025-11-17,7,8,2025-10-21
USR0342,Org-Gamma-Team3,Org-Gamma,2025-11-20,2,31,2025-10-21
USR0342,Org-Gamma-Team3,Org-Gamma,2025-11-21,1,22,2025-10-21
USR0342,Org-Gamma-Team3,Org-Gamma,2025-11-22,1,14,2025-10-21
USR0342,Org-Gamma-Team3,Org-Gamma,2025-11-23,4,13,2025-10-21
USR0342,Org-Gamma-Team3,Org-Gamma,2025-11-24,6,7,2025-10-21
USR0342,Org-Gamma-Team3,Org-Gamma,2025-11-25,2,26,2025-10-21
USR0342,Org-Gamma-Team3,Org-Gamma,2025-11-26,1,11,2025-10-21
USR0342,Org-Gamma-Team3,Org-Gamma,2025-11-27,3,35,2025-10-21
USR0342,Org-Gamma-Team3,Org-Gamma,2025-11-28,2,39,2025-10-21
USR0342,Org-Gamma-Team3,Org-Gamma,2025-11-29,6,13,2025-10-21
USR0342,Org-Gamma-Team3,Org-Gamma,2025-11-30,6,18,2025-10-21
USR0342,Org-Gamma-Team3,Org-Gamma,2025-12-03,8,35,2025-10-21
USR0342,Org-Gamma-Team3,Org-Gamma,2025-12-05,4,17,2025-10-21
USR0342,Org-Gamma-Team3,Org-Gamma,2025-12-08,2,2,2025-10-21
USR0342,Org-Gamma-Team3,Org-Gamma,2025-12-11,7,12,2025-10-21
USR0342,Org-Gamma-Team3,Org-Gamma,2025-12-12,7,23,2025-10-21
USR0342,Org-Gamma-Team3,Org-Gamma,2025-12-13,7,3,2025-10-21
USR0342,Org-Gamma-Team3,Org-Gamma,2025-12-15,3,10,2025-10-21
USR0342,Org-Gamma-Team3,Org-Gamma,2025-12-16,8,36,2025-10-21
USR0342,Org-Gamma-Team3,Org-Gamma,2025-12-18,6,7,2025-10-21
USR0342,Org-Gamma-Team3,Org-Gamma,2025-12-20,3,28,2025-10-21
USR0342,Org-Gamma-Team3,Org-Gamma,2025-12-22,4,22,2025-10-21
USR0342,Org-Gamma-Team3,Org-Gamma,2025-12-23,7,9,2025-10-21
USR0342,Org-Gamma-Team3,Org-Gamma,2025-12-24,5,3,2025-10-21
USR0342,Org-Gamma-Team3,Org-Gamma,2025-12-25,8,40,2025-10-21
USR0342,Org-Gamma-Team3,Org-Gamma,2025-12-27,1,26,2025-10-21
USR0342,Org-Gamma-Team3,Org-Gamma,2025-12-28,2,3,2025-10-21
USR0342,Org-Gamma-Team3,Org-Gamma,2025-12-29,8,23,2025-10-21
USR0342,Org-Gamma-Team3,Org-Gamma,2025-12-30,7,34,2025-10-21
USR0342,Org-Gamma-Team3,Org-Gamma,2025-12-31,6,4,2025-10-21
USR0342,Org-Gamma-Team3,Org-Gamma,2026-01-02,2,26,2025-10-21
USR0342,Org-Gamma-Team3,Org-Gamma,2026-01-03,3,8,2025-10-21
USR0342,Org-Gamma-Team3,Org-Gamma,2026-01-04,8,15,2025-10-21
USR0342,Org-Gamma-Team3,Org-Gamma,2026-01-05,4,4,2025-10-21
USR0342,Org-Gamma-Team3,Org-Gamma,2026-01-06,8,6,2025-10-21
USR0342,Org-Gamma-Team3,Org-Gamma,2026-01-09,4,40,2025-10-21
USR0342,Org-Gamma-Team3,Org-Gamma,2026-01-10,3,2,2025-10-21
USR0342,Org-Gamma-Team3,Org-Gamma,2026-01-12,7,12,2025-10-21
USR0342,Org-Gamma-Team3,Org-Gamma,2026-01-13,1,31,2025-10-21
USR0342,Org-Gamma-Team3,Org-Gamma,2026-01-14,3,19,2025-10-21
USR0342,Org-Gamma-Team3,Org-Gamma,2026-01-15,6,29,2025-10-21
USR0342,Org-Gamma-Team3,Org-Gamma,2026-01-20,3,30,2025-10-21
USR0342,Org-Gamma-Team3,Org-Gamma,2026-01-21,2,22,2025-10-21
USR0342,Org-Gamma-Team3,Org-Gamma,2026-01-23,4,12,2025-10-21
USR0342,Org-Gamma-Team3,Org-Gamma,2026-01-24,8,12,2025-10-21
USR0342,Org-Gamma-Team3,Org-Gamma,2026-01-26,1,8,2025-10-21
USR0342,Org-Gamma-Team3,Org-Gamma,2026-01-27,4,36,2025-10-21
USR0342,Org-Gamma-Team3,Org-Gamma,2026-01-30,6,19,2025-10-21
USR0342,Org-Gamma-Team3,Org-Gamma,2026-01-31,2,33,2025-10-21
USR0342,Org-Gamma-Team3,Org-Gamma,2026-02-01,5,24,2025-10-21
USR0342,Org-Gamma-Team3,Org-Gamma,2026-02-03,1,4,2025-10-21
USR0342,Org-Gamma-Team3,Org-Gamma,2026-02-04,3,18,2025-10-21
USR0342,Org-Gamma-Team3,Org-Gamma,2026-02-06,7,39,2025-10-21
USR0342,Org-Gamma-Team3,Org-Gamma,2026-02-08,6,24,2025-10-21
USR0342,Org-Gamma-Team3,Org-Gamma,2026-02-12,6,35,2025-10-21
USR0342,Org-Gamma-Team3,Org-Gamma,2026-02-13,8,24,2025-10-21
USR0342,Org-Gamma-Team3,Org-Gamma,2026-02-14,8,30,2025-10-21
USR0342,Org-Gamma-Team3,Org-Gamma,2026-02-17,4,8,2025-10-21
USR0342,Org-Gamma-Team3,Org-Gamma,2026-02-18,3,7,2025-10-21
USR0342,Org-Gamma-Team3,Org-Gamma,2026-02-20,4,24,2025-10-21
USR0342,Org-Gamma-Team3,Org-Gamma,2026-02-23,4,14,2025-10-21
USR0342,Org-Gamma-Team3,Org-Gamma,2026-02-24,6,27,2025-10-21
USR0342,Org-Gamma-Team3,Org-Gamma,2026-02-25,5,2,2025-10-21
USR0342,Org-Gamma-Team3,Org-Gamma,2026-02-26,2,20,2025-10-21
USR0342,Org-Gamma-Team3,Org-Gamma,2026-02-27,2,40,2025-10-21
USR0342,Org-Gamma-Team3,Org-Gamma,2026-03-03,1,28,2025-10-21
USR0342,Org-Gamma-Team3,Org-Gamma,2026-03-04,3,25,2025-10-21
USR0342,Org-Gamma-Team3,Org-Gamma,2026-03-05,4,5,2025-10-21
USR0342,Org-Gamma-Team3,Org-Gamma,2026-03-08,7,26,2025-10-21
USR0342,Org-Gamma-Team3,Org-Gamma,2026-03-10,2,25,2025-10-21
USR0342,Org-Gamma-Team3,Org-Gamma,2026-03-11,1,36,2025-10-21
USR0342,Org-Gamma-Team3,Org-Gamma,2026-03-13,1,5,2025-10-21
USR0342,Org-Gamma-Team3,Org-Gamma,2026-03-14,8,8,2025-10-21
USR0342,Org-Gamma-Team3,Org-Gamma,2026-03-16,6,30,2025-10-21
USR0342,Org-Gamma-Team3,Org-Gamma,2026-03-18,6,8,2025-10-21
USR0342,Org-Gamma-Team3,Org-Gamma,2026-03-21,2,39,2025-10-21
USR0342,Org-Gamma-Team3,Org-Gamma,2026-03-23,6,27,2025-10-21
USR0342,Org-Gamma-Team3,Org-Gamma,2026-03-26,6,11,2025-10-21
USR0342,Org-Gamma-Team3,Org-Gamma,2026-03-29,6,6,2025-10-21
USR0342,Org-Gamma-Team3,Org-Gamma,2026-03-30,7,16,2025-10-21
USR0342,Org-Gamma-Team3,Org-Gamma,2026-03-31,5,8,2025-10-21
USR0343,Org-Alpha-Team3,Org-Alpha,2025-10-08,3,34,2025-10-08
USR0344,Org-Beta-Team3,Org-Beta,2025-10-13,7,21,2025-10-13
USR0345,Org-Beta-Team1,Org-Beta,2025-10-01,4,24,2025-10-01
USR0345,Org-Beta-Team1,Org-Beta,2025-10-03,5,6,2025-10-01
USR0345,Org-Beta-Team1,Org-Beta,2025-10-05,6,31,2025-10-01
USR0345,Org-Beta-Team1,Org-Beta,2025-10-06,6,13,2025-10-01
USR0347,Org-Epsilon-Team3,Org-Epsilon,2025-10-22,2,21,2025-10-22
USR0347,Org-Epsilon-Team3,Org-Epsilon,2025-10-23,2,26,2025-10-22
USR0348,Org-Delta-Team3,Org-Delta,2025-10-18,2,21,2025-10-18
USR0348,Org-Delta-Team3,Org-Delta,2025-10-20,2,17,2025-10-18
USR0348,Org-Delta-Team3,Org-Delta,2025-10-21,5,8,2025-10-18
USR0348,Org-Delta-Team3,Org-Delta,2025-10-22,5,24,2025-10-18
USR0348,Org-Delta-Team3,Org-Delta,2025-10-25,2,14,2025-10-18
USR0348,Org-Delta-Team3,Org-Delta,2025-10-26,8,17,2025-10-18
USR0348,Org-Delta-Team3,Org-Delta,2025-10-27,1,27,2025-10-18
USR0348,Org-Delta-Team3,Org-Delta,2025-10-28,6,20,2025-10-18
USR0348,Org-Delta-Team3,Org-Delta,2025-10-30,1,35,2025-10-18
USR0348,Org-Delta-Team3,Org-Delta,2025-10-31,1,13,2025-10-18
USR0348,Org-Delta-Team3,Org-Delta,2025-11-01,2,6,2025-10-18
USR0348,Org-Delta-Team3,Org-Delta,2025-11-03,2,30,2025-10-18
USR0348,Org-Delta-Team3,Org-Delta,2025-11-04,2,14,2025-10-18
USR0348,Org-Delta-Team3,Org-Delta,2025-11-06,2,9,2025-10-18
USR0348,Org-Delta-Team3,Org-Delta,2025-11-07,4,6,2025-10-18
USR0348,Org-Delta-Team3,Org-Delta,2025-11-09,2,30,2025-10-18
USR0348,Org-Delta-Team3,Org-Delta,2025-11-10,4,21,2025-10-18
USR0348,Org-Delta-Team3,Org-Delta,2025-11-11,7,23,2025-10-18
USR0348,Org-Delta-Team3,Org-Delta,2025-11-13,1,2,2025-10-18
USR0348,Org-Delta-Team3,Org-Delta,2025-11-14,2,21,2025-10-18
USR0348,Org-Delta-Team3,Org-Delta,2025-11-15,3,26,2025-10-18
USR0348,Org-Delta-Team3,Org-Delta,2025-11-19,3,19,2025-10-18
USR0348,Org-Delta-Team3,Org-Delta,2025-11-20,7,18,2025-10-18
USR0348,Org-Delta-Team3,Org-Delta,2025-11-21,3,20,2025-10-18
USR0348,Org-Delta-Team3,Org-Delta,2025-11-26,8,21,2025-10-18
USR0348,Org-Delta-Team3,Org-Delta,2025-11-30,3,9,2025-10-18
USR0348,Org-Delta-Team3,Org-Delta,2025-12-01,1,28,2025-10-18
USR0348,Org-Delta-Team3,Org-Delta,2025-12-04,2,6,2025-10-18
USR0348,Org-Delta-Team3,Org-Delta,2025-12-05,5,26,2025-10-18
USR0348,Org-Delta-Team3,Org-Delta,2025-12-06,6,7,2025-10-18
USR0348,Org-Delta-Team3,Org-Delta,2025-12-08,3,16,2025-10-18
USR0348,Org-Delta-Team3,Org-Delta,2025-12-09,7,26,2025-10-18
USR0348,Org-Delta-Team3,Org-Delta,2025-12-10,2,32,2025-10-18
USR0348,Org-Delta-Team3,Org-Delta,2025-12-11,5,21,2025-10-18
USR0348,Org-Delta-Team3,Org-Delta,2025-12-12,4,7,2025-10-18
USR0348,Org-Delta-Team3,Org-Delta,2025-12-15,6,1,2025-10-18
USR0348,Org-Delta-Team3,Org-Delta,2025-12-16,6,19,2025-10-18
USR0348,Org-Delta-Team3,Org-Delta,2025-12-17,4,31,2025-10-18
USR0348,Org-Delta-Team3,Org-Delta,2025-12-20,4,19,2025-10-18
USR0348,Org-Delta-Team3,Org-Delta,2025-12-26,8,35,2025-10-18
USR0348,Org-Delta-Team3,Org-Delta,2025-12-27,1,31,2025-10-18
USR0348,Org-Delta-Team3,Org-Delta,2025-12-28,6,29,2025-10-18
USR0348,Org-Delta-Team3,Org-Delta,2025-12-30,4,1,2025-10-18
USR0348,Org-Delta-Team3,Org-Delta,2025-12-31,6,18,2025-10-18
USR0348,Org-Delta-Team3,Org-Delta,2026-01-02,8,16,2025-10-18
USR0348,Org-Delta-Team3,Org-Delta,2026-01-03,4,24,2025-10-18
USR0348,Org-Delta-Team3,Org-Delta,2026-01-07,7,39,2025-10-18
USR0348,Org-Delta-Team3,Org-Delta,2026-01-08,2,28,2025-10-18
USR0348,Org-Delta-Team3,Org-Delta,2026-01-09,6,10,2025-10-18
USR0348,Org-Delta-Team3,Org-Delta,2026-01-11,4,5,2025-10-18
USR0348,Org-Delta-Team3,Org-Delta,2026-01-14,6,4,2025-10-18
USR0348,Org-Delta-Team3,Org-Delta,2026-01-15,1,37,2025-10-18
USR0348,Org-Delta-Team3,Org-Delta,2026-01-16,1,6,2025-10-18
USR0348,Org-Delta-Team3,Org-Delta,2026-01-18,6,40,2025-10-18
USR0348,Org-Delta-Team3,Org-Delta,2026-01-19,8,18,2025-10-18
USR0348,Org-Delta-Team3,Org-Delta,2026-01-22,1,21,2025-10-18
USR0348,Org-Delta-Team3,Org-Delta,2026-01-25,6,31,2025-10-18
USR0348,Org-Delta-Team3,Org-Delta,2026-01-27,2,34,2025-10-18
USR0348,Org-Delta-Team3,Org-Delta,2026-01-28,3,25,2025-10-18
USR0348,Org-Delta-Team3,Org-Delta,2026-01-29,1,26,2025-10-18
USR0348,Org-Delta-Team3,Org-Delta,2026-02-03,2,28,2025-10-18
USR0348,Org-Delta-Team3,Org-Delta,2026-02-05,6,18,2025-10-18
USR0348,Org-Delta-Team3,Org-Delta,2026-02-06,7,12,2025-10-18
USR0348,Org-Delta-Team3,Org-Delta,2026-02-08,1,33,2025-10-18
USR0348,Org-Delta-Team3,Org-Delta,2026-02-12,4,6,2025-10-18
USR0348,Org-Delta-Team3,Org-Delta,2026-02-14,2,30,2025-10-18
USR0348,Org-Delta-Team3,Org-Delta,2026-02-16,3,36,2025-10-18
USR0348,Org-Delta-Team3,Org-Delta,2026-02-17,3,14,2025-10-18
USR0348,Org-Delta-Team3,Org-Delta,2026-02-18,2,12,2025-10-18
USR0348,Org-Delta-Team3,Org-Delta,2026-02-19,8,32,2025-10-18
USR0348,Org-Delta-Team3,Org-Delta,2026-02-20,1,14,2025-10-18
USR0348,Org-Delta-Team3,Org-Delta,2026-02-21,6,28,2025-10-18
USR0348,Org-Delta-Team3,Org-Delta,2026-02-22,3,30,2025-10-18
USR0348,Org-Delta-Team3,Org-Delta,2026-02-25,4,18,2025-10-18
USR0348,Org-Delta-Team3,Org-Delta,2026-02-27,8,13,2025-10-18
USR0348,Org-Delta-Team3,Org-Delta,2026-02-28,6,32,2025-10-18
USR0348,Org-Delta-Team3,Org-Delta,2026-03-01,8,17,2025-10-18
USR0348,Org-Delta-Team3,Org-Delta,2026-03-02,2,20,2025-10-18
USR0348,Org-Delta-Team3,Org-Delta,2026-03-04,5,12,2025-10-18
USR0348,Org-Delta-Team3,Org-Delta,2026-03-05,4,31,2025-10-18
USR0348,Org-Delta-Team3,Org-Delta,2026-03-06,6,33,2025-10-18
USR0348,Org-Delta-Team3,Org-Delta,2026-03-07,5,10,2025-10-18
USR0348,Org-Delta-Team3,Org-Delta,2026-03-08,6,37,2025-10-18
USR0348,Org-Delta-Team3,Org-Delta,2026-03-09,6,15,2025-10-18
USR0348,Org-Delta-Team3,Org-Delta,2026-03-13,6,23,2025-10-18
USR0348,Org-Delta-Team3,Org-Delta,2026-03-16,8,39,2025-10-18
USR0348,Org-Delta-Team3,Org-Delta,2026-03-19,5,12,2025-10-18
USR0348,Org-Delta-Team3,Org-Delta,2026-03-20,8,38,2025-10-18
USR0348,Org-Delta-Team3,Org-Delta,2026-03-21,3,15,2025-10-18
USR0348,Org-Delta-Team3,Org-Delta,2026-03-22,2,28,2025-10-18
USR0348,Org-Delta-Team3,Org-Delta,2026-03-25,3,6,2025-10-18
USR0348,Org-Delta-Team3,Org-Delta,2026-03-26,2,7,2025-10-18
USR0348,Org-Delta-Team3,Org-Delta,2026-03-29,4,4,2025-10-18
USR0348,Org-Delta-Team3,Org-Delta,2026-03-30,8,22,2025-10-18
USR0348,Org-Delta-Team3,Org-Delta,2026-03-31,1,12,2025-10-18
USR0349,Org-Beta-Team2,Org-Beta,2025-10-28,5,7,2025-10-28
USR0349,Org-Beta-Team2,Org-Beta,2025-10-29,3,9,2025-10-28
USR0349,Org-Beta-Team2,Org-Beta,2025-10-30,3,3,2025-10-28
USR0349,Org-Beta-Team2,Org-Beta,2025-10-31,4,34,2025-10-28
USR0350,Org-Gamma-Team2,Org-Gamma,2025-10-28,5,14,2025-10-28
USR0350,Org-Gamma-Team2,Org-Gamma,2025-10-29,2,16,2025-10-28
USR0350,Org-Gamma-Team2,Org-Gamma,2025-10-30,6,36,2025-10-28
USR0350,Org-Gamma-Team2,Org-Gamma,2025-11-02,3,8,2025-10-28
USR0350,Org-Gamma-Team2,Org-Gamma,2025-11-03,2,28,2025-10-28
USR0350,Org-Gamma-Team2,Org-Gamma,2025-11-06,7,4,2025-10-28
USR0350,Org-Gamma-Team2,Org-Gamma,2025-11-07,4,29,2025-10-28
USR0350,Org-Gamma-Team2,Org-Gamma,2025-11-08,2,40,2025-10-28
USR0350,Org-Gamma-Team2,Org-Gamma,2025-11-09,8,35,2025-10-28
USR0350,Org-Gamma-Team2,Org-Gamma,2025-11-10,4,35,2025-10-28
USR0350,Org-Gamma-Team2,Org-Gamma,2025-11-11,8,18,2025-10-28
USR0350,Org-Gamma-Team2,Org-Gamma,2025-11-13,4,35,2025-10-28
USR0350,Org-Gamma-Team2,Org-Gamma,2025-11-14,4,14,2025-10-28
USR0350,Org-Gamma-Team2,Org-Gamma,2025-11-15,5,37,2025-10-28
USR0350,Org-Gamma-Team2,Org-Gamma,2025-11-16,3,20,2025-10-28
USR0350,Org-Gamma-Team2,Org-Gamma,2025-11-18,1,29,2025-10-28
USR0350,Org-Gamma-Team2,Org-Gamma,2025-11-21,6,15,2025-10-28
USR0350,Org-Gamma-Team2,Org-Gamma,2025-11-23,3,14,2025-10-28
USR0350,Org-Gamma-Team2,Org-Gamma,2025-11-25,2,8,2025-10-28
USR0350,Org-Gamma-Team2,Org-Gamma,2025-11-27,3,37,2025-10-28
USR0350,Org-Gamma-Team2,Org-Gamma,2025-11-29,6,4,2025-10-28
USR0350,Org-Gamma-Team2,Org-Gamma,2025-12-01,5,32,2025-10-28
USR0350,Org-Gamma-Team2,Org-Gamma,2025-12-02,3,22,2025-10-28
USR0350,Org-Gamma-Team2,Org-Gamma,2025-12-03,6,15,2025-10-28
USR0350,Org-Gamma-Team2,Org-Gamma,2025-12-04,6,28,2025-10-28
USR0350,Org-Gamma-Team2,Org-Gamma,2025-12-06,4,14,2025-10-28
USR0350,Org-Gamma-Team2,Org-Gamma,2025-12-08,1,25,2025-10-28
USR0350,Org-Gamma-Team2,Org-Gamma,2025-12-09,8,4,2025-10-28
USR0350,Org-Gamma-Team2,Org-Gamma,2025-12-12,4,6,2025-10-28
USR0350,Org-Gamma-Team2,Org-Gamma,2025-12-13,2,28,2025-10-28
USR0350,Org-Gamma-Team2,Org-Gamma,2025-12-17,6,15,2025-10-28
USR0350,Org-Gamma-Team2,Org-Gamma,2025-12-18,4,32,2025-10-28
USR0350,Org-Gamma-Team2,Org-Gamma,2025-12-19,2,13,2025-10-28
USR0350,Org-Gamma-Team2,Org-Gamma,2025-12-20,1,15,2025-10-28
USR0350,Org-Gamma-Team2,Org-Gamma,2025-12-21,2,30,2025-10-28
USR0350,Org-Gamma-Team2,Org-Gamma,2025-12-22,4,32,2025-10-28
USR0350,Org-Gamma-Team2,Org-Gamma,2025-12-23,4,2,2025-10-28
USR0350,Org-Gamma-Team2,Org-Gamma,2025-12-24,3,4,2025-10-28
USR0350,Org-Gamma-Team2,Org-Gamma,2025-12-26,6,34,2025-10-28
USR0350,Org-Gamma-Team2,Org-Gamma,2025-12-27,8,10,2025-10-28
USR0350,Org-Gamma-Team2,Org-Gamma,2025-12-29,5,29,2025-10-28
USR0350,Org-Gamma-Team2,Org-Gamma,2025-12-31,5,28,2025-10-28
USR0350,Org-Gamma-Team2,Org-Gamma,2026-01-01,8,16,2025-10-28
USR0350,Org-Gamma-Team2,Org-Gamma,2026-01-02,6,4,2025-10-28
USR0350,Org-Gamma-Team2,Org-Gamma,2026-01-06,1,22,2025-10-28
USR0350,Org-Gamma-Team2,Org-Gamma,2026-01-08,8,40,2025-10-28
USR0350,Org-Gamma-Team2,Org-Gamma,2026-01-10,8,11,2025-10-28
USR0350,Org-Gamma-Team2,Org-Gamma,2026-01-13,6,31,2025-10-28
USR0350,Org-Gamma-Team2,Org-Gamma,2026-01-14,1,15,2025-10-28
USR0350,Org-Gamma-Team2,Org-Gamma,2026-01-15,6,1,2025-10-28
USR0350,Org-Gamma-Team2,Org-Gamma,2026-01-17,7,35,2025-10-28
USR0350,Org-Gamma-Team2,Org-Gamma,2026-01-21,7,21,2025-10-28
USR0350,Org-Gamma-Team2,Org-Gamma,2026-01-23,2,29,2025-10-28
USR0350,Org-Gamma-Team2,Org-Gamma,2026-01-24,3,3,2025-10-28
USR0350,Org-Gamma-Team2,Org-Gamma,2026-01-26,6,6,2025-10-28
USR0350,Org-Gamma-Team2,Org-Gamma,2026-01-31,5,1,2025-10-28
USR0350,Org-Gamma-Team2,Org-Gamma,2026-02-01,3,4,2025-10-28
USR0350,Org-Gamma-Team2,Org-Gamma,2026-02-02,7,32,2025-10-28
USR0350,Org-Gamma-Team2,Org-Gamma,2026-02-05,4,3,2025-10-28
USR0350,Org-Gamma-Team2,Org-Gamma,2026-02-07,4,17,2025-10-28
USR0350,Org-Gamma-Team2,Org-Gamma,2026-02-09,1,23,2025-10-28
USR0350,Org-Gamma-Team2,Org-Gamma,2026-02-11,7,31,2025-10-28
USR0350,Org-Gamma-Team2,Org-Gamma,2026-02-12,2,17,2025-10-28
USR0350,Org-Gamma-Team2,Org-Gamma,2026-02-14,7,23,2025-10-28
USR0350,Org-Gamma-Team2,Org-Gamma,2026-02-15,5,1,2025-10-28
USR0350,Org-Gamma-Team2,Org-Gamma,2026-02-17,5,3,2025-10-28
USR0350,Org-Gamma-Team2,Org-Gamma,2026-02-18,7,17,2025-10-28
USR0350,Org-Gamma-Team2,Org-Gamma,2026-02-20,8,25,2025-10-28
USR0350,Org-Gamma-Team2,Org-Gamma,2026-02-21,4,19,2025-10-28
USR0350,Org-Gamma-Team2,Org-Gamma,2026-02-23,8,23,2025-10-28
USR0350,Org-Gamma-Team2,Org-Gamma,2026-02-24,7,2,2025-10-28
USR0350,Org-Gamma-Team2,Org-Gamma,2026-02-25,3,19,2025-10-28
USR0350,Org-Gamma-Team2,Org-Gamma,2026-02-26,3,21,2025-10-28
USR0350,Org-Gamma-Team2,Org-Gamma,2026-02-27,1,6,2025-10-28
USR0350,Org-Gamma-Team2,Org-Gamma,2026-03-01,8,39,2025-10-28
USR0350,Org-Gamma-Team2,Org-Gamma,2026-03-02,2,6,2025-10-28
USR0350,Org-Gamma-Team2,Org-Gamma,2026-03-04,2,25,2025-10-28
USR0350,Org-Gamma-Team2,Org-Gamma,2026-03-05,6,4,2025-10-28
USR0350,Org-Gamma-Team2,Org-Gamma,2026-03-06,2,24,2025-10-28
USR0350,Org-Gamma-Team2,Org-Gamma,2026-03-07,1,20,2025-10-28
USR0350,Org-Gamma-Team2,Org-Gamma,2026-03-08,6,2,2025-10-28
USR0350,Org-Gamma-Team2,Org-Gamma,2026-03-09,2,32,2025-10-28
USR0350,Org-Gamma-Team2,Org-Gamma,2026-03-10,7,18,2025-10-28
USR0350,Org-Gamma-Team2,Org-Gamma,2026-03-11,8,25,2025-10-28
USR0350,Org-Gamma-Team2,Org-Gamma,2026-03-15,1,15,2025-10-28
USR0350,Org-Gamma-Team2,Org-Gamma,2026-03-17,4,8,2025-10-28
USR0350,Org-Gamma-Team2,Org-Gamma,2026-03-18,7,31,2025-10-28
USR0350,Org-Gamma-Team2,Org-Gamma,2026-03-19,6,20,2025-10-28
USR0350,Org-Gamma-Team2,Org-Gamma,2026-03-21,5,19,2025-10-28
USR0350,Org-Gamma-Team2,Org-Gamma,2026-03-22,7,19,2025-10-28
USR0350,Org-Gamma-Team2,Org-Gamma,2026-03-23,3,17,2025-10-28
USR0350,Org-Gamma-Team2,Org-Gamma,2026-03-25,4,12,2025-10-28
USR0350,Org-Gamma-Team2,Org-Gamma,2026-03-26,2,6,2025-10-28
USR0350,Org-Gamma-Team2,Org-Gamma,2026-03-31,5,32,2025-10-28
USR0351,Org-Gamma-Team3,Org-Gamma,2025-11-01,6,37,2025-10-30
USR0351,Org-Gamma-Team3,Org-Gamma,2025-11-02,5,20,2025-10-30
USR0351,Org-Gamma-Team3,Org-Gamma,2025-11-05,5,2,2025-10-30
USR0352,Org-Delta-Team4,Org-Delta,2025-10-19,5,26,2025-10-19
USR0352,Org-Delta-Team4,Org-Delta,2025-10-20,3,19,2025-10-19
USR0352,Org-Delta-Team4,Org-Delta,2025-10-21,8,36,2025-10-19
USR0352,Org-Delta-Team4,Org-Delta,2025-10-22,8,16,2025-10-19
USR0352,Org-Delta-Team4,Org-Delta,2025-10-23,8,27,2025-10-19
USR0353,Org-Beta-Team1,Org-Beta,2025-10-26,4,29,2025-10-26
USR0353,Org-Beta-Team1,Org-Beta,2025-10-27,6,16,2025-10-26
USR0353,Org-Beta-Team1,Org-Beta,2025-10-28,3,23,2025-10-26
USR0353,Org-Beta-Team1,Org-Beta,2025-10-29,2,35,2025-10-26
USR0353,Org-Beta-Team1,Org-Beta,2025-10-30,7,9,2025-10-26
USR0354,Org-Beta-Team4,Org-Beta,2025-10-19,8,28,2025-10-19
USR0354,Org-Beta-Team4,Org-Beta,2025-10-20,7,4,2025-10-19
USR0354,Org-Beta-Team4,Org-Beta,2025-10-22,2,39,2025-10-19
USR0354,Org-Beta-Team4,Org-Beta,2025-10-23,6,11,2025-10-19
USR0355,Org-Alpha-Team2,Org-Alpha,2025-10-13,4,8,2025-10-13
USR0355,Org-Alpha-Team2,Org-Alpha,2025-10-14,8,1,2025-10-13
USR0355,Org-Alpha-Team2,Org-Alpha,2025-10-15,6,27,2025-10-13
USR0355,Org-Alpha-Team2,Org-Alpha,2025-10-17,2,2,2025-10-13
USR0355,Org-Alpha-Team2,Org-Alpha,2025-10-20,4,38,2025-10-13
USR0355,Org-Alpha-Team2,Org-Alpha,2025-10-23,1,20,2025-10-13
USR0355,Org-Alpha-Team2,Org-Alpha,2025-10-26,8,8,2025-10-13
USR0355,Org-Alpha-Team2,Org-Alpha,2025-10-27,6,29,2025-10-13
USR0355,Org-Alpha-Team2,Org-Alpha,2025-10-29,1,9,2025-10-13
USR0355,Org-Alpha-Team2,Org-Alpha,2025-11-03,5,17,2025-10-13
USR0355,Org-Alpha-Team2,Org-Alpha,2025-11-05,6,30,2025-10-13
USR0355,Org-Alpha-Team2,Org-Alpha,2025-11-07,7,14,2025-10-13
USR0355,Org-Alpha-Team2,Org-Alpha,2025-11-08,5,36,2025-10-13
USR0355,Org-Alpha-Team2,Org-Alpha,2025-11-09,6,22,2025-10-13
USR0355,Org-Alpha-Team2,Org-Alpha,2025-11-12,7,14,2025-10-13
USR0355,Org-Alpha-Team2,Org-Alpha,2025-11-13,6,18,2025-10-13
USR0355,Org-Alpha-Team2,Org-Alpha,2025-11-15,6,2,2025-10-13
USR0355,Org-Alpha-Team2,Org-Alpha,2025-11-21,8,9,2025-10-13
USR0355,Org-Alpha-Team2,Org-Alpha,2025-11-22,3,31,2025-10-13
USR0355,Org-Alpha-Team2,Org-Alpha,2025-11-23,6,33,2025-10-13
USR0355,Org-Alpha-Team2,Org-Alpha,2025-11-25,5,11,2025-10-13
USR0355,Org-Alpha-Team2,Org-Alpha,2025-11-28,7,2,2025-10-13
USR0355,Org-Alpha-Team2,Org-Alpha,2025-11-29,7,40,2025-10-13
USR0355,Org-Alpha-Team2,Org-Alpha,2025-11-30,3,30,2025-10-13
USR0355,Org-Alpha-Team2,Org-Alpha,2025-12-01,5,17,2025-10-13
USR0355,Org-Alpha-Team2,Org-Alpha,2025-12-02,5,13,2025-10-13
USR0355,Org-Alpha-Team2,Org-Alpha,2025-12-04,8,39,2025-10-13
USR0355,Org-Alpha-Team2,Org-Alpha,2025-12-07,4,31,2025-10-13
USR0355,Org-Alpha-Team2,Org-Alpha,2025-12-08,8,34,2025-10-13
USR0355,Org-Alpha-Team2,Org-Alpha,2025-12-09,5,32,2025-10-13
USR0355,Org-Alpha-Team2,Org-Alpha,2025-12-10,5,37,2025-10-13
USR0355,Org-Alpha-Team2,Org-Alpha,2025-12-12,7,13,2025-10-13
USR0355,Org-Alpha-Team2,Org-Alpha,2025-12-14,6,2,2025-10-13
USR0355,Org-Alpha-Team2,Org-Alpha,2025-12-18,3,23,2025-10-13
USR0355,Org-Alpha-Team2,Org-Alpha,2025-12-19,7,39,2025-10-13
USR0355,Org-Alpha-Team2,Org-Alpha,2025-12-20,7,40,2025-10-13
USR0355,Org-Alpha-Team2,Org-Alpha,2025-12-21,1,31,2025-10-13
USR0355,Org-Alpha-Team2,Org-Alpha,2025-12-23,1,31,2025-10-13
USR0355,Org-Alpha-Team2,Org-Alpha,2025-12-25,2,13,2025-10-13
USR0355,Org-Alpha-Team2,Org-Alpha,2025-12-26,5,38,2025-10-13
USR0355,Org-Alpha-Team2,Org-Alpha,2025-12-27,4,31,2025-10-13
USR0355,Org-Alpha-Team2,Org-Alpha,2025-12-28,3,28,2025-10-13
USR0355,Org-Alpha-Team2,Org-Alpha,2025-12-29,3,18,2025-10-13
USR0355,Org-Alpha-Team2,Org-Alpha,2025-12-31,1,6,2025-10-13
USR0355,Org-Alpha-Team2,Org-Alpha,2026-01-06,3,37,2025-10-13
USR0355,Org-Alpha-Team2,Org-Alpha,2026-01-08,5,3,2025-10-13
USR0355,Org-Alpha-Team2,Org-Alpha,2026-01-09,2,35,2025-10-13
USR0355,Org-Alpha-Team2,Org-Alpha,2026-01-10,8,39,2025-10-13
USR0355,Org-Alpha-Team2,Org-Alpha,2026-01-12,6,38,2025-10-13
USR0355,Org-Alpha-Team2,Org-Alpha,2026-01-13,2,10,2025-10-13
USR0355,Org-Alpha-Team2,Org-Alpha,2026-01-14,4,15,2025-10-13
USR0355,Org-Alpha-Team2,Org-Alpha,2026-01-15,1,24,2025-10-13
USR0355,Org-Alpha-Team2,Org-Alpha,2026-01-17,7,28,2025-10-13
USR0355,Org-Alpha-Team2,Org-Alpha,2026-01-19,4,37,2025-10-13
USR0355,Org-Alpha-Team2,Org-Alpha,2026-01-21,4,36,2025-10-13
USR0355,Org-Alpha-Team2,Org-Alpha,2026-01-24,5,11,2025-10-13
USR0355,Org-Alpha-Team2,Org-Alpha,2026-01-25,5,25,2025-10-13
USR0355,Org-Alpha-Team2,Org-Alpha,2026-01-26,8,16,2025-10-13
USR0355,Org-Alpha-Team2,Org-Alpha,2026-01-27,6,4,2025-10-13
USR0355,Org-Alpha-Team2,Org-Alpha,2026-01-29,3,29,2025-10-13
USR0355,Org-Alpha-Team2,Org-Alpha,2026-01-30,3,6,2025-10-13
USR0355,Org-Alpha-Team2,Org-Alpha,2026-02-01,2,26,2025-10-13
USR0355,Org-Alpha-Team2,Org-Alpha,2026-02-02,1,22,2025-10-13
USR0355,Org-Alpha-Team2,Org-Alpha,2026-02-03,3,28,2025-10-13
USR0355,Org-Alpha-Team2,Org-Alpha,2026-02-04,3,18,2025-10-13
USR0355,Org-Alpha-Team2,Org-Alpha,2026-02-07,4,30,2025-10-13
USR0355,Org-Alpha-Team2,Org-Alpha,2026-02-08,8,32,2025-10-13
USR0355,Org-Alpha-Team2,Org-Alpha,2026-02-09,4,33,2025-10-13
USR0355,Org-Alpha-Team2,Org-Alpha,2026-02-11,5,39,2025-10-13
USR0355,Org-Alpha-Team2,Org-Alpha,2026-02-12,3,34,2025-10-13
USR0355,Org-Alpha-Team2,Org-Alpha,2026-02-14,8,31,2025-10-13
USR0355,Org-Alpha-Team2,Org-Alpha,2026-02-15,7,40,2025-10-13
USR0355,Org-Alpha-Team2,Org-Alpha,2026-02-16,5,2,2025-10-13
USR0355,Org-Alpha-Team2,Org-Alpha,2026-02-17,3,39,2025-10-13
USR0355,Org-Alpha-Team2,Org-Alpha,2026-02-18,7,21,2025-10-13
USR0355,Org-Alpha-Team2,Org-Alpha,2026-02-19,5,7,2025-10-13
USR0355,Org-Alpha-Team2,Org-Alpha,2026-02-21,2,33,2025-10-13
USR0355,Org-Alpha-Team2,Org-Alpha,2026-02-22,1,19,2025-10-13
USR0355,Org-Alpha-Team2,Org-Alpha,2026-02-23,2,1,2025-10-13
USR0355,Org-Alpha-Team2,Org-Alpha,2026-02-24,2,37,2025-10-13
USR0355,Org-Alpha-Team2,Org-Alpha,2026-02-25,5,16,2025-10-13
USR0355,Org-Alpha-Team2,Org-Alpha,2026-02-27,1,12,2025-10-13
USR0355,Org-Alpha-Team2,Org-Alpha,2026-02-28,8,34,2025-10-13
USR0355,Org-Alpha-Team2,Org-Alpha,2026-03-02,7,15,2025-10-13
USR0355,Org-Alpha-Team2,Org-Alpha,2026-03-04,2,38,2025-10-13
USR0355,Org-Alpha-Team2,Org-Alpha,2026-03-05,4,5,2025-10-13
USR0355,Org-Alpha-Team2,Org-Alpha,2026-03-07,2,21,2025-10-13
USR0355,Org-Alpha-Team2,Org-Alpha,2026-03-08,6,26,2025-10-13
USR0355,Org-Alpha-Team2,Org-Alpha,2026-03-09,4,6,2025-10-13
USR0355,Org-Alpha-Team2,Org-Alpha,2026-03-11,1,5,2025-10-13
USR0355,Org-Alpha-Team2,Org-Alpha,2026-03-14,4,6,2025-10-13
USR0355,Org-Alpha-Team2,Org-Alpha,2026-03-16,7,2,2025-10-13
USR0355,Org-Alpha-Team2,Org-Alpha,2026-03-19,2,29,2025-10-13
USR0355,Org-Alpha-Team2,Org-Alpha,2026-03-20,4,16,2025-10-13
USR0355,Org-Alpha-Team2,Org-Alpha,2026-03-22,1,6,2025-10-13
USR0355,Org-Alpha-Team2,Org-Alpha,2026-03-25,5,37,2025-10-13
USR0355,Org-Alpha-Team2,Org-Alpha,2026-03-26,3,5,2025-10-13
USR0355,Org-Alpha-Team2,Org-Alpha,2026-03-30,3,17,2025-10-13
USR0355,Org-Alpha-Team2,Org-Alpha,2026-03-31,1,27,2025-10-13
USR0356,Org-Epsilon-Team2,Org-Epsilon,2025-10-03,7,26,2025-10-03
USR0356,Org-Epsilon-Team2,Org-Epsilon,2025-10-04,6,6,2025-10-03
USR0356,Org-Epsilon-Team2,Org-Epsilon,2025-10-06,6,35,2025-10-03
USR0357,Org-Gamma-Team1,Org-Gamma,2025-10-27,1,3,2025-10-27
USR0357,Org-Gamma-Team1,Org-Gamma,2025-10-29,2,21,2025-10-27
USR0359,Org-Alpha-Team4,Org-Alpha,2025-10-14,4,18,2025-10-14
USR0360,Org-Alpha-Team1,Org-Alpha,2025-10-17,6,17,2025-10-16
USR0360,Org-Alpha-Team1,Org-Alpha,2025-10-20,3,21,2025-10-16
USR0360,Org-Alpha-Team1,Org-Alpha,2025-10-21,1,18,2025-10-16
USR0360,Org-Alpha-Team1,Org-Alpha,2025-10-22,5,26,2025-10-16
USR0360,Org-Alpha-Team1,Org-Alpha,2025-10-25,5,33,2025-10-16
USR0360,Org-Alpha-Team1,Org-Alpha,2025-10-26,2,32,2025-10-16
USR0360,Org-Alpha-Team1,Org-Alpha,2025-10-27,5,7,2025-10-16
USR0360,Org-Alpha-Team1,Org-Alpha,2025-10-29,8,7,2025-10-16
USR0360,Org-Alpha-Team1,Org-Alpha,2025-10-31,2,25,2025-10-16
USR0360,Org-Alpha-Team1,Org-Alpha,2025-11-01,1,5,2025-10-16
USR0360,Org-Alpha-Team1,Org-Alpha,2025-11-02,6,23,2025-10-16
USR0360,Org-Alpha-Team1,Org-Alpha,2025-11-04,3,26,2025-10-16
USR0360,Org-Alpha-Team1,Org-Alpha,2025-11-05,7,21,2025-10-16
USR0360,Org-Alpha-Team1,Org-Alpha,2025-11-07,5,6,2025-10-16
USR0360,Org-Alpha-Team1,Org-Alpha,2025-11-10,3,40,2025-10-16
USR0360,Org-Alpha-Team1,Org-Alpha,2025-11-12,3,26,2025-10-16
USR0360,Org-Alpha-Team1,Org-Alpha,2025-11-13,1,34,2025-10-16
USR0360,Org-Alpha-Team1,Org-Alpha,2025-11-14,6,3,2025-10-16
USR0360,Org-Alpha-Team1,Org-Alpha,2025-11-15,2,15,2025-10-16
USR0360,Org-Alpha-Team1,Org-Alpha,2025-11-16,7,12,2025-10-16
USR0360,Org-Alpha-Team1,Org-Alpha,2025-11-17,5,40,2025-10-16
USR0360,Org-Alpha-Team1,Org-Alpha,2025-11-19,5,10,2025-10-16
USR0360,Org-Alpha-Team1,Org-Alpha,2025-11-20,7,37,2025-10-16
USR0360,Org-Alpha-Team1,Org-Alpha,2025-11-22,3,1,2025-10-16
USR0360,Org-Alpha-Team1,Org-Alpha,2025-11-23,7,35,2025-10-16
USR0360,Org-Alpha-Team1,Org-Alpha,2025-11-24,1,3,2025-10-16
USR0360,Org-Alpha-Team1,Org-Alpha,2025-11-25,2,17,2025-10-16
USR0360,Org-Alpha-Team1,Org-Alpha,2025-11-26,6,37,2025-10-16
USR0360,Org-Alpha-Team1,Org-Alpha,2025-11-27,4,39,2025-10-16
USR0360,Org-Alpha-Team1,Org-Alpha,2025-11-30,2,4,2025-10-16
USR0360,Org-Alpha-Team1,Org-Alpha,2025-12-01,2,30,2025-10-16
USR0360,Org-Alpha-Team1,Org-Alpha,2025-12-03,1,32,2025-10-16
USR0360,Org-Alpha-Team1,Org-Alpha,2025-12-04,2,30,2025-10-16
USR0360,Org-Alpha-Team1,Org-Alpha,2025-12-05,2,35,2025-10-16
USR0360,Org-Alpha-Team1,Org-Alpha,2025-12-07,8,31,2025-10-16
USR0360,Org-Alpha-Team1,Org-Alpha,2025-12-08,3,33,2025-10-16
USR0360,Org-Alpha-Team1,Org-Alpha,2025-12-09,6,24,2025-10-16
USR0360,Org-Alpha-Team1,Org-Alpha,2025-12-10,2,34,2025-10-16
USR0360,Org-Alpha-Team1,Org-Alpha,2025-12-13,1,28,2025-10-16
USR0360,Org-Alpha-Team1,Org-Alpha,2025-12-14,3,6,2025-10-16
USR0360,Org-Alpha-Team1,Org-Alpha,2025-12-16,3,36,2025-10-16
USR0360,Org-Alpha-Team1,Org-Alpha,2025-12-18,2,17,2025-10-16
USR0360,Org-Alpha-Team1,Org-Alpha,2025-12-19,3,8,2025-10-16
USR0360,Org-Alpha-Team1,Org-Alpha,2025-12-20,8,12,2025-10-16
USR0360,Org-Alpha-Team1,Org-Alpha,2025-12-23,4,28,2025-10-16
USR0360,Org-Alpha-Team1,Org-Alpha,2025-12-25,5,4,2025-10-16
USR0360,Org-Alpha-Team1,Org-Alpha,2025-12-28,1,23,2025-10-16
USR0360,Org-Alpha-Team1,Org-Alpha,2025-12-29,5,19,2025-10-16
USR0360,Org-Alpha-Team1,Org-Alpha,2026-01-02,1,6,2025-10-16
USR0360,Org-Alpha-Team1,Org-Alpha,2026-01-03,3,22,2025-10-16
USR0360,Org-Alpha-Team1,Org-Alpha,2026-01-06,4,27,2025-10-16
USR0360,Org-Alpha-Team1,Org-Alpha,2026-01-07,1,36,2025-10-16
USR0360,Org-Alpha-Team1,Org-Alpha,2026-01-08,3,23,2025-10-16
USR0360,Org-Alpha-Team1,Org-Alpha,2026-01-09,1,5,2025-10-16
USR0360,Org-Alpha-Team1,Org-Alpha,2026-01-12,1,26,2025-10-16
USR0360,Org-Alpha-Team1,Org-Alpha,2026-01-14,4,24,2025-10-16
USR0360,Org-Alpha-Team1,Org-Alpha,2026-01-19,7,29,2025-10-16
USR0360,Org-Alpha-Team1,Org-Alpha,2026-01-22,7,10,2025-10-16
USR0360,Org-Alpha-Team1,Org-Alpha,2026-01-24,6,35,2025-10-16
USR0360,Org-Alpha-Team1,Org-Alpha,2026-01-28,1,9,2025-10-16
USR0360,Org-Alpha-Team1,Org-Alpha,2026-01-30,7,33,2025-10-16
USR0360,Org-Alpha-Team1,Org-Alpha,2026-01-31,3,4,2025-10-16
USR0360,Org-Alpha-Team1,Org-Alpha,2026-02-02,5,24,2025-10-16
USR0360,Org-Alpha-Team1,Org-Alpha,2026-02-03,1,25,2025-10-16
USR0360,Org-Alpha-Team1,Org-Alpha,2026-02-05,8,36,2025-10-16
USR0360,Org-Alpha-Team1,Org-Alpha,2026-02-07,4,36,2025-10-16
USR0360,Org-Alpha-Team1,Org-Alpha,2026-02-08,2,35,2025-10-16
USR0360,Org-Alpha-Team1,Org-Alpha,2026-02-11,2,4,2025-10-16
USR0360,Org-Alpha-Team1,Org-Alpha,2026-02-14,6,35,2025-10-16
USR0360,Org-Alpha-Team1,Org-Alpha,2026-02-15,5,16,2025-10-16
USR0360,Org-Alpha-Team1,Org-Alpha,2026-02-19,1,1,2025-10-16
USR0360,Org-Alpha-Team1,Org-Alpha,2026-02-20,1,15,2025-10-16
USR0360,Org-Alpha-Team1,Org-Alpha,2026-02-22,7,1,2025-10-16
USR0360,Org-Alpha-Team1,Org-Alpha,2026-02-28,4,31,2025-10-16
USR0360,Org-Alpha-Team1,Org-Alpha,2026-03-01,1,19,2025-10-16
USR0360,Org-Alpha-Team1,Org-Alpha,2026-03-02,1,21,2025-10-16
USR0360,Org-Alpha-Team1,Org-Alpha,2026-03-05,8,1,2025-10-16
USR0360,Org-Alpha-Team1,Org-Alpha,2026-03-06,1,11,2025-10-16
USR0360,Org-Alpha-Team1,Org-Alpha,2026-03-08,6,8,2025-10-16
USR0360,Org-Alpha-Team1,Org-Alpha,2026-03-10,1,21,2025-10-16
USR0360,Org-Alpha-Team1,Org-Alpha,2026-03-14,6,32,2025-10-16
USR0360,Org-Alpha-Team1,Org-Alpha,2026-03-15,8,14,2025-10-16
USR0360,Org-Alpha-Team1,Org-Alpha,2026-03-17,1,35,2025-10-16
USR0360,Org-Alpha-Team1,Org-Alpha,2026-03-18,8,20,2025-10-16
USR0360,Org-Alpha-Team1,Org-Alpha,2026-03-19,3,33,2025-10-16
USR0360,Org-Alpha-Team1,Org-Alpha,2026-03-20,6,1,2025-10-16
USR0360,Org-Alpha-Team1,Org-Alpha,2026-03-21,6,21,2025-10-16
USR0360,Org-Alpha-Team1,Org-Alpha,2026-03-22,1,24,2025-10-16
USR0360,Org-Alpha-Team1,Org-Alpha,2026-03-25,6,24,2025-10-16
USR0360,Org-Alpha-Team1,Org-Alpha,2026-03-27,6,11,2025-10-16
USR0360,Org-Alpha-Team1,Org-Alpha,2026-03-28,2,6,2025-10-16
USR0360,Org-Alpha-Team1,Org-Alpha,2026-03-30,8,23,2025-10-16
USR0360,Org-Alpha-Team1,Org-Alpha,2026-03-31,6,8,2025-10-16
USR0361,Org-Alpha-Team2,Org-Alpha,2025-10-11,1,23,2025-10-07
USR0361,Org-Alpha-Team2,Org-Alpha,2025-10-14,1,1,2025-10-07
USR0361,Org-Alpha-Team2,Org-Alpha,2025-10-15,1,18,2025-10-07
USR0361,Org-Alpha-Team2,Org-Alpha,2025-10-17,6,28,2025-10-07
USR0361,Org-Alpha-Team2,Org-Alpha,2025-10-18,4,14,2025-10-07
USR0361,Org-Alpha-Team2,Org-Alpha,2025-10-20,7,40,2025-10-07
USR0361,Org-Alpha-Team2,Org-Alpha,2025-10-21,7,36,2025-10-07
USR0361,Org-Alpha-Team2,Org-Alpha,2025-10-22,5,29,2025-10-07
USR0361,Org-Alpha-Team2,Org-Alpha,2025-10-23,8,40,2025-10-07
USR0361,Org-Alpha-Team2,Org-Alpha,2025-10-24,3,24,2025-10-07
USR0361,Org-Alpha-Team2,Org-Alpha,2025-10-25,4,39,2025-10-07
USR0361,Org-Alpha-Team2,Org-Alpha,2025-10-26,1,24,2025-10-07
USR0361,Org-Alpha-Team2,Org-Alpha,2025-10-27,7,3,2025-10-07
USR0361,Org-Alpha-Team2,Org-Alpha,2025-10-28,3,20,2025-10-07
USR0361,Org-Alpha-Team2,Org-Alpha,2025-10-31,4,40,2025-10-07
USR0361,Org-Alpha-Team2,Org-Alpha,2025-11-03,6,35,2025-10-07
USR0361,Org-Alpha-Team2,Org-Alpha,2025-11-05,4,28,2025-10-07
USR0361,Org-Alpha-Team2,Org-Alpha,2025-11-06,5,13,2025-10-07
USR0361,Org-Alpha-Team2,Org-Alpha,2025-11-07,4,28,2025-10-07
USR0361,Org-Alpha-Team2,Org-Alpha,2025-11-08,4,6,2025-10-07
USR0361,Org-Alpha-Team2,Org-Alpha,2025-11-13,5,24,2025-10-07
USR0361,Org-Alpha-Team2,Org-Alpha,2025-11-15,2,24,2025-10-07
USR0361,Org-Alpha-Team2,Org-Alpha,2025-11-16,6,7,2025-10-07
USR0361,Org-Alpha-Team2,Org-Alpha,2025-11-18,4,7,2025-10-07
USR0361,Org-Alpha-Team2,Org-Alpha,2025-11-19,8,27,2025-10-07
USR0361,Org-Alpha-Team2,Org-Alpha,2025-11-21,1,9,2025-10-07
USR0361,Org-Alpha-Team2,Org-Alpha,2025-11-22,5,10,2025-10-07
USR0361,Org-Alpha-Team2,Org-Alpha,2025-11-24,4,34,2025-10-07
USR0361,Org-Alpha-Team2,Org-Alpha,2025-11-25,4,7,2025-10-07
USR0361,Org-Alpha-Team2,Org-Alpha,2025-11-27,3,21,2025-10-07
USR0361,Org-Alpha-Team2,Org-Alpha,2025-11-28,3,32,2025-10-07
USR0361,Org-Alpha-Team2,Org-Alpha,2025-11-29,1,2,2025-10-07
USR0361,Org-Alpha-Team2,Org-Alpha,2025-12-01,7,25,2025-10-07
USR0361,Org-Alpha-Team2,Org-Alpha,2025-12-02,5,30,2025-10-07
USR0361,Org-Alpha-Team2,Org-Alpha,2025-12-03,8,10,2025-10-07
USR0361,Org-Alpha-Team2,Org-Alpha,2025-12-04,3,30,2025-10-07
USR0361,Org-Alpha-Team2,Org-Alpha,2025-12-05,7,28,2025-10-07
USR0361,Org-Alpha-Team2,Org-Alpha,2025-12-06,1,23,2025-10-07
USR0361,Org-Alpha-Team2,Org-Alpha,2025-12-07,8,13,2025-10-07
USR0361,Org-Alpha-Team2,Org-Alpha,2025-12-08,3,13,2025-10-07
USR0361,Org-Alpha-Team2,Org-Alpha,2025-12-09,1,37,2025-10-07
USR0361,Org-Alpha-Team2,Org-Alpha,2025-12-10,2,39,2025-10-07
USR0361,Org-Alpha-Team2,Org-Alpha,2025-12-12,3,19,2025-10-07
USR0361,Org-Alpha-Team2,Org-Alpha,2025-12-13,1,30,2025-10-07
USR0361,Org-Alpha-Team2,Org-Alpha,2025-12-14,7,9,2025-10-07
USR0361,Org-Alpha-Team2,Org-Alpha,2025-12-15,7,13,2025-10-07
USR0361,Org-Alpha-Team2,Org-Alpha,2025-12-16,3,33,2025-10-07
USR0361,Org-Alpha-Team2,Org-Alpha,2025-12-18,7,35,2025-10-07
USR0361,Org-Alpha-Team2,Org-Alpha,2025-12-20,1,25,2025-10-07
USR0361,Org-Alpha-Team2,Org-Alpha,2025-12-24,2,11,2025-10-07
USR0361,Org-Alpha-Team2,Org-Alpha,2025-12-25,1,20,2025-10-07
USR0361,Org-Alpha-Team2,Org-Alpha,2025-12-27,3,35,2025-10-07
USR0361,Org-Alpha-Team2,Org-Alpha,2025-12-29,1,28,2025-10-07
USR0361,Org-Alpha-Team2,Org-Alpha,2025-12-30,2,29,2025-10-07
USR0361,Org-Alpha-Team2,Org-Alpha,2025-12-31,3,19,2025-10-07
USR0361,Org-Alpha-Team2,Org-Alpha,2026-01-01,8,39,2025-10-07
USR0361,Org-Alpha-Team2,Org-Alpha,2026-01-02,4,8,2025-10-07
USR0361,Org-Alpha-Team2,Org-Alpha,2026-01-03,1,34,2025-10-07
USR0361,Org-Alpha-Team2,Org-Alpha,2026-01-04,1,40,2025-10-07
USR0361,Org-Alpha-Team2,Org-Alpha,2026-01-05,6,17,2025-10-07
USR0361,Org-Alpha-Team2,Org-Alpha,2026-01-06,8,36,2025-10-07
USR0361,Org-Alpha-Team2,Org-Alpha,2026-01-07,5,35,2025-10-07
USR0361,Org-Alpha-Team2,Org-Alpha,2026-01-08,5,27,2025-10-07
USR0361,Org-Alpha-Team2,Org-Alpha,2026-01-10,7,30,2025-10-07
USR0361,Org-Alpha-Team2,Org-Alpha,2026-01-13,3,7,2025-10-07
USR0361,Org-Alpha-Team2,Org-Alpha,2026-01-14,1,28,2025-10-07
USR0361,Org-Alpha-Team2,Org-Alpha,2026-01-17,1,21,2025-10-07
USR0361,Org-Alpha-Team2,Org-Alpha,2026-01-20,5,15,2025-10-07
USR0361,Org-Alpha-Team2,Org-Alpha,2026-01-22,1,14,2025-10-07
USR0361,Org-Alpha-Team2,Org-Alpha,2026-01-23,3,22,2025-10-07
USR0361,Org-Alpha-Team2,Org-Alpha,2026-01-26,3,27,2025-10-07
USR0361,Org-Alpha-Team2,Org-Alpha,2026-01-29,1,19,2025-10-07
USR0361,Org-Alpha-Team2,Org-Alpha,2026-01-31,6,32,2025-10-07
USR0361,Org-Alpha-Team2,Org-Alpha,2026-02-01,2,16,2025-10-07
USR0361,Org-Alpha-Team2,Org-Alpha,2026-02-03,2,19,2025-10-07
USR0361,Org-Alpha-Team2,Org-Alpha,2026-02-06,8,22,2025-10-07
USR0361,Org-Alpha-Team2,Org-Alpha,2026-02-07,3,18,2025-10-07
USR0361,Org-Alpha-Team2,Org-Alpha,2026-02-08,5,17,2025-10-07
USR0361,Org-Alpha-Team2,Org-Alpha,2026-02-09,2,32,2025-10-07
USR0361,Org-Alpha-Team2,Org-Alpha,2026-02-11,4,3,2025-10-07
USR0361,Org-Alpha-Team2,Org-Alpha,2026-02-12,8,27,2025-10-07
USR0361,Org-Alpha-Team2,Org-Alpha,2026-02-13,1,34,2025-10-07
USR0361,Org-Alpha-Team2,Org-Alpha,2026-02-14,1,29,2025-10-07
USR0361,Org-Alpha-Team2,Org-Alpha,2026-02-15,7,17,2025-10-07
USR0361,Org-Alpha-Team2,Org-Alpha,2026-02-18,8,19,2025-10-07
USR0361,Org-Alpha-Team2,Org-Alpha,2026-02-19,7,9,2025-10-07
USR0361,Org-Alpha-Team2,Org-Alpha,2026-02-20,8,33,2025-10-07
USR0361,Org-Alpha-Team2,Org-Alpha,2026-02-23,3,21,2025-10-07
USR0361,Org-Alpha-Team2,Org-Alpha,2026-02-26,5,22,2025-10-07
USR0361,Org-Alpha-Team2,Org-Alpha,2026-02-27,7,26,2025-10-07
USR0361,Org-Alpha-Team2,Org-Alpha,2026-02-28,3,37,2025-10-07
USR0361,Org-Alpha-Team2,Org-Alpha,2026-03-03,7,31,2025-10-07
USR0361,Org-Alpha-Team2,Org-Alpha,2026-03-05,1,7,2025-10-07
USR0361,Org-Alpha-Team2,Org-Alpha,2026-03-06,5,7,2025-10-07
USR0361,Org-Alpha-Team2,Org-Alpha,2026-03-07,3,29,2025-10-07
USR0361,Org-Alpha-Team2,Org-Alpha,2026-03-10,4,16,2025-10-07
USR0361,Org-Alpha-Team2,Org-Alpha,2026-03-16,3,23,2025-10-07
USR0361,Org-Alpha-Team2,Org-Alpha,2026-03-18,7,12,2025-10-07
USR0361,Org-Alpha-Team2,Org-Alpha,2026-03-19,7,6,2025-10-07
USR0361,Org-Alpha-Team2,Org-Alpha,2026-03-20,6,26,2025-10-07
USR0361,Org-Alpha-Team2,Org-Alpha,2026-03-21,5,36,2025-10-07
USR0361,Org-Alpha-Team2,Org-Alpha,2026-03-22,5,13,2025-10-07
USR0361,Org-Alpha-Team2,Org-Alpha,2026-03-23,2,20,2025-10-07
USR0361,Org-Alpha-Team2,Org-Alpha,2026-03-25,7,10,2025-10-07
USR0361,Org-Alpha-Team2,Org-Alpha,2026-03-26,6,1,2025-10-07
USR0361,Org-Alpha-Team2,Org-Alpha,2026-03-28,2,10,2025-10-07
USR0361,Org-Alpha-Team2,Org-Alpha,2026-03-30,5,25,2025-10-07
USR0362,Org-Alpha-Team4,Org-Alpha,2025-10-02,1,37,2025-10-02
USR0362,Org-Alpha-Team4,Org-Alpha,2025-10-04,1,39,2025-10-02
USR0362,Org-Alpha-Team4,Org-Alpha,2025-10-05,7,23,2025-10-02
USR0363,Org-Epsilon-Team2,Org-Epsilon,2025-10-19,5,16,2025-10-19
USR0363,Org-Epsilon-Team2,Org-Epsilon,2025-10-20,2,31,2025-10-19
USR0363,Org-Epsilon-Team2,Org-Epsilon,2025-10-24,8,20,2025-10-19
USR0363,Org-Epsilon-Team2,Org-Epsilon,2025-10-27,1,21,2025-10-19
USR0363,Org-Epsilon-Team2,Org-Epsilon,2025-10-28,3,22,2025-10-19
USR0363,Org-Epsilon-Team2,Org-Epsilon,2025-10-30,8,13,2025-10-19
USR0363,Org-Epsilon-Team2,Org-Epsilon,2025-10-31,4,11,2025-10-19
USR0363,Org-Epsilon-Team2,Org-Epsilon,2025-11-01,7,24,2025-10-19
USR0363,Org-Epsilon-Team2,Org-Epsilon,2025-11-04,2,3,2025-10-19
USR0363,Org-Epsilon-Team2,Org-Epsilon,2025-11-06,7,5,2025-10-19
USR0363,Org-Epsilon-Team2,Org-Epsilon,2025-11-09,5,1,2025-10-19
USR0363,Org-Epsilon-Team2,Org-Epsilon,2025-11-11,1,27,2025-10-19
USR0363,Org-Epsilon-Team2,Org-Epsilon,2025-11-12,3,30,2025-10-19
USR0363,Org-Epsilon-Team2,Org-Epsilon,2025-11-15,5,37,2025-10-19
USR0363,Org-Epsilon-Team2,Org-Epsilon,2025-11-18,3,28,2025-10-19
USR0363,Org-Epsilon-Team2,Org-Epsilon,2025-11-21,6,13,2025-10-19
USR0363,Org-Epsilon-Team2,Org-Epsilon,2025-11-22,8,17,2025-10-19
USR0363,Org-Epsilon-Team2,Org-Epsilon,2025-11-23,7,1,2025-10-19
USR0363,Org-Epsilon-Team2,Org-Epsilon,2025-11-24,6,37,2025-10-19
USR0363,Org-Epsilon-Team2,Org-Epsilon,2025-11-26,8,22,2025-10-19
USR0363,Org-Epsilon-Team2,Org-Epsilon,2025-11-27,8,21,2025-10-19
USR0363,Org-Epsilon-Team2,Org-Epsilon,2025-11-28,3,4,2025-10-19
USR0363,Org-Epsilon-Team2,Org-Epsilon,2025-11-29,2,23,2025-10-19
USR0363,Org-Epsilon-Team2,Org-Epsilon,2025-12-01,3,15,2025-10-19
USR0363,Org-Epsilon-Team2,Org-Epsilon,2025-12-02,2,26,2025-10-19
USR0363,Org-Epsilon-Team2,Org-Epsilon,2025-12-04,4,2,2025-10-19
USR0363,Org-Epsilon-Team2,Org-Epsilon,2025-12-06,3,39,2025-10-19
USR0363,Org-Epsilon-Team2,Org-Epsilon,2025-12-08,5,19,2025-10-19
USR0363,Org-Epsilon-Team2,Org-Epsilon,2025-12-10,4,10,2025-10-19
USR0363,Org-Epsilon-Team2,Org-Epsilon,2025-12-11,5,23,2025-10-19
USR0363,Org-Epsilon-Team2,Org-Epsilon,2025-12-13,8,19,2025-10-19
USR0363,Org-Epsilon-Team2,Org-Epsilon,2025-12-15,8,30,2025-10-19
USR0363,Org-Epsilon-Team2,Org-Epsilon,2025-12-16,7,18,2025-10-19
USR0363,Org-Epsilon-Team2,Org-Epsilon,2025-12-18,4,19,2025-10-19
USR0363,Org-Epsilon-Team2,Org-Epsilon,2025-12-19,1,27,2025-10-19
USR0363,Org-Epsilon-Team2,Org-Epsilon,2025-12-20,2,2,2025-10-19
USR0363,Org-Epsilon-Team2,Org-Epsilon,2025-12-21,8,36,2025-10-19
USR0363,Org-Epsilon-Team2,Org-Epsilon,2025-12-22,3,40,2025-10-19
USR0363,Org-Epsilon-Team2,Org-Epsilon,2025-12-23,4,5,2025-10-19
USR0363,Org-Epsilon-Team2,Org-Epsilon,2025-12-24,5,9,2025-10-19
USR0363,Org-Epsilon-Team2,Org-Epsilon,2025-12-25,3,28,2025-10-19
USR0363,Org-Epsilon-Team2,Org-Epsilon,2025-12-26,6,39,2025-10-19
USR0363,Org-Epsilon-Team2,Org-Epsilon,2025-12-27,1,12,2025-10-19
USR0363,Org-Epsilon-Team2,Org-Epsilon,2025-12-28,2,1,2025-10-19
USR0363,Org-Epsilon-Team2,Org-Epsilon,2025-12-29,6,31,2025-10-19
USR0363,Org-Epsilon-Team2,Org-Epsilon,2025-12-30,2,24,2025-10-19
USR0363,Org-Epsilon-Team2,Org-Epsilon,2026-01-03,6,25,2025-10-19
USR0363,Org-Epsilon-Team2,Org-Epsilon,2026-01-04,2,10,2025-10-19
USR0363,Org-Epsilon-Team2,Org-Epsilon,2026-01-06,4,17,2025-10-19
USR0363,Org-Epsilon-Team2,Org-Epsilon,2026-01-07,8,2,2025-10-19
USR0363,Org-Epsilon-Team2,Org-Epsilon,2026-01-08,1,27,2025-10-19
USR0363,Org-Epsilon-Team2,Org-Epsilon,2026-01-10,4,38,2025-10-19
USR0363,Org-Epsilon-Team2,Org-Epsilon,2026-01-11,5,16,2025-10-19
USR0363,Org-Epsilon-Team2,Org-Epsilon,2026-01-12,8,35,2025-10-19
USR0363,Org-Epsilon-Team2,Org-Epsilon,2026-01-15,6,40,2025-10-19
USR0363,Org-Epsilon-Team2,Org-Epsilon,2026-01-16,8,14,2025-10-19
USR0363,Org-Epsilon-Team2,Org-Epsilon,2026-01-19,3,5,2025-10-19
USR0363,Org-Epsilon-Team2,Org-Epsilon,2026-01-22,5,10,2025-10-19
USR0363,Org-Epsilon-Team2,Org-Epsilon,2026-01-23,2,21,2025-10-19
USR0363,Org-Epsilon-Team2,Org-Epsilon,2026-01-24,8,36,2025-10-19
USR0363,Org-Epsilon-Team2,Org-Epsilon,2026-01-25,4,30,2025-10-19
USR0363,Org-Epsilon-Team2,Org-Epsilon,2026-01-27,8,4,2025-10-19
USR0363,Org-Epsilon-Team2,Org-Epsilon,2026-01-28,1,29,2025-10-19
USR0363,Org-Epsilon-Team2,Org-Epsilon,2026-01-29,6,2,2025-10-19
USR0363,Org-Epsilon-Team2,Org-Epsilon,2026-02-01,4,12,2025-10-19
USR0363,Org-Epsilon-Team2,Org-Epsilon,2026-02-02,3,17,2025-10-19
USR0363,Org-Epsilon-Team2,Org-Epsilon,2026-02-06,7,22,2025-10-19
USR0363,Org-Epsilon-Team2,Org-Epsilon,2026-02-07,1,32,2025-10-19
USR0363,Org-Epsilon-Team2,Org-Epsilon,2026-02-09,8,3,2025-10-19
USR0363,Org-Epsilon-Team2,Org-Epsilon,2026-02-10,4,29,2025-10-19
USR0363,Org-Epsilon-Team2,Org-Epsilon,2026-02-12,8,22,2025-10-19
USR0363,Org-Epsilon-Team2,Org-Epsilon,2026-02-13,4,40,2025-10-19
USR0363,Org-Epsilon-Team2,Org-Epsilon,2026-02-14,7,13,2025-10-19
USR0363,Org-Epsilon-Team2,Org-Epsilon,2026-02-15,2,34,2025-10-19
USR0363,Org-Epsilon-Team2,Org-Epsilon,2026-02-16,5,18,2025-10-19
USR0363,Org-Epsilon-Team2,Org-Epsilon,2026-02-17,4,33,2025-10-19
USR0363,Org-Epsilon-Team2,Org-Epsilon,2026-02-19,3,34,2025-10-19
USR0363,Org-Epsilon-Team2,Org-Epsilon,2026-02-20,3,39,2025-10-19
USR0363,Org-Epsilon-Team2,Org-Epsilon,2026-02-21,7,23,2025-10-19
USR0363,Org-Epsilon-Team2,Org-Epsilon,2026-02-22,6,11,2025-10-19
USR0363,Org-Epsilon-Team2,Org-Epsilon,2026-02-23,5,29,2025-10-19
USR0363,Org-Epsilon-Team2,Org-Epsilon,2026-02-25,8,7,2025-10-19
USR0363,Org-Epsilon-Team2,Org-Epsilon,2026-02-26,6,15,2025-10-19
USR0363,Org-Epsilon-Team2,Org-Epsilon,2026-02-27,4,5,2025-10-19
USR0363,Org-Epsilon-Team2,Org-Epsilon,2026-03-01,4,5,2025-10-19
USR0363,Org-Epsilon-Team2,Org-Epsilon,2026-03-03,5,32,2025-10-19
USR0363,Org-Epsilon-Team2,Org-Epsilon,2026-03-04,7,5,2025-10-19
USR0363,Org-Epsilon-Team2,Org-Epsilon,2026-03-06,2,30,2025-10-19
USR0363,Org-Epsilon-Team2,Org-Epsilon,2026-03-07,1,10,2025-10-19
USR0363,Org-Epsilon-Team2,Org-Epsilon,2026-03-08,1,2,2025-10-19
USR0363,Org-Epsilon-Team2,Org-Epsilon,2026-03-10,7,20,2025-10-19
USR0363,Org-Epsilon-Team2,Org-Epsilon,2026-03-13,8,4,2025-10-19
USR0363,Org-Epsilon-Team2,Org-Epsilon,2026-03-15,3,21,2025-10-19
USR0363,Org-Epsilon-Team2,Org-Epsilon,2026-03-16,1,27,2025-10-19
USR0363,Org-Epsilon-Team2,Org-Epsilon,2026-03-17,1,22,2025-10-19
USR0363,Org-Epsilon-Team2,Org-Epsilon,2026-03-21,4,11,2025-10-19
USR0363,Org-Epsilon-Team2,Org-Epsilon,2026-03-23,3,32,2025-10-19
USR0363,Org-Epsilon-Team2,Org-Epsilon,2026-03-24,7,12,2025-10-19
USR0363,Org-Epsilon-Team2,Org-Epsilon,2026-03-25,8,21,2025-10-19
USR0363,Org-Epsilon-Team2,Org-Epsilon,2026-03-26,2,23,2025-10-19
USR0363,Org-Epsilon-Team2,Org-Epsilon,2026-03-27,5,14,2025-10-19
USR0363,Org-Epsilon-Team2,Org-Epsilon,2026-03-28,3,2,2025-10-19
USR0363,Org-Epsilon-Team2,Org-Epsilon,2026-03-29,8,39,2025-10-19
USR0363,Org-Epsilon-Team2,Org-Epsilon,2026-03-30,2,20,2025-10-19
USR0364,Org-Gamma-Team2,Org-Gamma,2025-10-10,2,38,2025-10-10
USR0364,Org-Gamma-Team2,Org-Gamma,2025-10-12,5,21,2025-10-10
USR0364,Org-Gamma-Team2,Org-Gamma,2025-10-14,7,12,2025-10-10
USR0365,Org-Alpha-Team4,Org-Alpha,2025-10-22,3,32,2025-10-22
USR0365,Org-Alpha-Team4,Org-Alpha,2025-10-23,2,23,2025-10-22
USR0365,Org-Alpha-Team4,Org-Alpha,2025-10-24,4,27,2025-10-22
USR0365,Org-Alpha-Team4,Org-Alpha,2025-10-25,1,29,2025-10-22
USR0366,Org-Epsilon-Team1,Org-Epsilon,2025-10-03,2,8,2025-10-02
USR0367,Org-Delta-Team2,Org-Delta,2025-10-26,7,29,2025-10-26
USR0367,Org-Delta-Team2,Org-Delta,2025-10-27,1,31,2025-10-26
USR0367,Org-Delta-Team2,Org-Delta,2025-10-28,2,18,2025-10-26
USR0368,Org-Beta-Team1,Org-Beta,2025-10-09,7,5,2025-10-09
USR0368,Org-Beta-Team1,Org-Beta,2025-10-17,5,16,2025-10-09
USR0368,Org-Beta-Team1,Org-Beta,2025-10-18,1,6,2025-10-09
USR0368,Org-Beta-Team1,Org-Beta,2025-10-19,3,26,2025-10-09
USR0368,Org-Beta-Team1,Org-Beta,2025-10-21,7,20,2025-10-09
USR0368,Org-Beta-Team1,Org-Beta,2025-10-22,7,26,2025-10-09
USR0368,Org-Beta-Team1,Org-Beta,2025-10-23,8,13,2025-10-09
USR0368,Org-Beta-Team1,Org-Beta,2025-10-25,8,31,2025-10-09
USR0368,Org-Beta-Team1,Org-Beta,2025-10-27,1,22,2025-10-09
USR0368,Org-Beta-Team1,Org-Beta,2025-10-28,6,40,2025-10-09
USR0368,Org-Beta-Team1,Org-Beta,2025-10-29,3,16,2025-10-09
USR0368,Org-Beta-Team1,Org-Beta,2025-10-30,5,28,2025-10-09
USR0368,Org-Beta-Team1,Org-Beta,2025-11-01,5,32,2025-10-09
USR0368,Org-Beta-Team1,Org-Beta,2025-11-07,8,15,2025-10-09
USR0368,Org-Beta-Team1,Org-Beta,2025-11-10,5,11,2025-10-09
USR0368,Org-Beta-Team1,Org-Beta,2025-11-11,1,32,2025-10-09
USR0368,Org-Beta-Team1,Org-Beta,2025-11-13,7,10,2025-10-09
USR0368,Org-Beta-Team1,Org-Beta,2025-11-14,1,37,2025-10-09
USR0368,Org-Beta-Team1,Org-Beta,2025-11-16,6,4,2025-10-09
USR0368,Org-Beta-Team1,Org-Beta,2025-11-17,1,28,2025-10-09
USR0368,Org-Beta-Team1,Org-Beta,2025-11-18,7,39,2025-10-09
USR0368,Org-Beta-Team1,Org-Beta,2025-11-19,7,30,2025-10-09
USR0368,Org-Beta-Team1,Org-Beta,2025-11-20,1,18,2025-10-09
USR0368,Org-Beta-Team1,Org-Beta,2025-11-21,8,37,2025-10-09
USR0368,Org-Beta-Team1,Org-Beta,2025-11-24,7,13,2025-10-09
USR0368,Org-Beta-Team1,Org-Beta,2025-11-25,5,27,2025-10-09
USR0368,Org-Beta-Team1,Org-Beta,2025-11-26,7,4,2025-10-09
USR0368,Org-Beta-Team1,Org-Beta,2025-11-27,5,40,2025-10-09
USR0368,Org-Beta-Team1,Org-Beta,2025-11-28,2,10,2025-10-09
USR0368,Org-Beta-Team1,Org-Beta,2025-11-29,4,2,2025-10-09
USR0368,Org-Beta-Team1,Org-Beta,2025-11-30,8,35,2025-10-09
USR0368,Org-Beta-Team1,Org-Beta,2025-12-01,8,29,2025-10-09
USR0368,Org-Beta-Team1,Org-Beta,2025-12-03,3,17,2025-10-09
USR0368,Org-Beta-Team1,Org-Beta,2025-12-05,7,34,2025-10-09
USR0368,Org-Beta-Team1,Org-Beta,2025-12-07,7,12,2025-10-09
USR0368,Org-Beta-Team1,Org-Beta,2025-12-08,5,33,2025-10-09
USR0368,Org-Beta-Team1,Org-Beta,2025-12-09,4,1,2025-10-09
USR0368,Org-Beta-Team1,Org-Beta,2025-12-12,8,5,2025-10-09
USR0368,Org-Beta-Team1,Org-Beta,2025-12-14,6,38,2025-10-09
USR0368,Org-Beta-Team1,Org-Beta,2025-12-16,4,14,2025-10-09
USR0368,Org-Beta-Team1,Org-Beta,2025-12-17,3,6,2025-10-09
USR0368,Org-Beta-Team1,Org-Beta,2025-12-18,6,25,2025-10-09
USR0368,Org-Beta-Team1,Org-Beta,2025-12-19,2,18,2025-10-09
USR0368,Org-Beta-Team1,Org-Beta,2025-12-20,3,35,2025-10-09
USR0368,Org-Beta-Team1,Org-Beta,2025-12-21,5,26,2025-10-09
USR0368,Org-Beta-Team1,Org-Beta,2025-12-22,2,16,2025-10-09
USR0368,Org-Beta-Team1,Org-Beta,2025-12-23,7,21,2025-10-09
USR0368,Org-Beta-Team1,Org-Beta,2025-12-24,5,11,2025-10-09
USR0368,Org-Beta-Team1,Org-Beta,2025-12-28,7,16,2025-10-09
USR0368,Org-Beta-Team1,Org-Beta,2025-12-29,2,15,2025-10-09
USR0368,Org-Beta-Team1,Org-Beta,2025-12-30,2,24,2025-10-09
USR0368,Org-Beta-Team1,Org-Beta,2025-12-31,2,16,2025-10-09
USR0368,Org-Beta-Team1,Org-Beta,2026-01-01,1,2,2025-10-09
USR0368,Org-Beta-Team1,Org-Beta,2026-01-02,8,39,2025-10-09
USR0368,Org-Beta-Team1,Org-Beta,2026-01-03,7,20,2025-10-09
USR0368,Org-Beta-Team1,Org-Beta,2026-01-04,5,4,2025-10-09
USR0368,Org-Beta-Team1,Org-Beta,2026-01-07,6,7,2025-10-09
USR0368,Org-Beta-Team1,Org-Beta,2026-01-09,5,10,2025-10-09
USR0368,Org-Beta-Team1,Org-Beta,2026-01-10,2,5,2025-10-09
USR0368,Org-Beta-Team1,Org-Beta,2026-01-13,1,2,2025-10-09
USR0368,Org-Beta-Team1,Org-Beta,2026-01-16,1,28,2025-10-09
USR0368,Org-Beta-Team1,Org-Beta,2026-01-18,5,20,2025-10-09
USR0368,Org-Beta-Team1,Org-Beta,2026-01-20,7,25,2025-10-09
USR0368,Org-Beta-Team1,Org-Beta,2026-01-21,8,30,2025-10-09
USR0368,Org-Beta-Team1,Org-Beta,2026-01-24,1,27,2025-10-09
USR0368,Org-Beta-Team1,Org-Beta,2026-01-26,1,22,2025-10-09
USR0368,Org-Beta-Team1,Org-Beta,2026-01-29,3,18,2025-10-09
USR0368,Org-Beta-Team1,Org-Beta,2026-01-31,8,32,2025-10-09
USR0368,Org-Beta-Team1,Org-Beta,2026-02-02,6,31,2025-10-09
USR0368,Org-Beta-Team1,Org-Beta,2026-02-03,1,3,2025-10-09
USR0368,Org-Beta-Team1,Org-Beta,2026-02-04,4,6,2025-10-09
USR0368,Org-Beta-Team1,Org-Beta,2026-02-05,7,6,2025-10-09
USR0368,Org-Beta-Team1,Org-Beta,2026-02-06,7,12,2025-10-09
USR0368,Org-Beta-Team1,Org-Beta,2026-02-11,5,7,2025-10-09
USR0368,Org-Beta-Team1,Org-Beta,2026-02-13,6,33,2025-10-09
USR0368,Org-Beta-Team1,Org-Beta,2026-02-15,6,5,2025-10-09
USR0368,Org-Beta-Team1,Org-Beta,2026-02-16,1,6,2025-10-09
USR0368,Org-Beta-Team1,Org-Beta,2026-02-17,7,15,2025-10-09
USR0368,Org-Beta-Team1,Org-Beta,2026-02-18,3,10,2025-10-09
USR0368,Org-Beta-Team1,Org-Beta,2026-02-19,8,31,2025-10-09
USR0368,Org-Beta-Team1,Org-Beta,2026-02-20,6,37,2025-10-09
USR0368,Org-Beta-Team1,Org-Beta,2026-02-21,3,28,2025-10-09
USR0368,Org-Beta-Team1,Org-Beta,2026-02-22,4,40,2025-10-09
USR0368,Org-Beta-Team1,Org-Beta,2026-02-24,6,17,2025-10-09
USR0368,Org-Beta-Team1,Org-Beta,2026-02-25,5,17,2025-10-09
USR0368,Org-Beta-Team1,Org-Beta,2026-02-26,3,6,2025-10-09
USR0368,Org-Beta-Team1,Org-Beta,2026-02-27,1,8,2025-10-09
USR0368,Org-Beta-Team1,Org-Beta,2026-02-28,6,31,2025-10-09
USR0368,Org-Beta-Team1,Org-Beta,2026-03-01,5,7,2025-10-09
USR0368,Org-Beta-Team1,Org-Beta,2026-03-03,2,14,2025-10-09
USR0368,Org-Beta-Team1,Org-Beta,2026-03-06,6,16,2025-10-09
USR0368,Org-Beta-Team1,Org-Beta,2026-03-07,4,31,2025-10-09
USR0368,Org-Beta-Team1,Org-Beta,2026-03-08,4,40,2025-10-09
USR0368,Org-Beta-Team1,Org-Beta,2026-03-09,2,30,2025-10-09
USR0368,Org-Beta-Team1,Org-Beta,2026-03-10,3,21,2025-10-09
USR0368,Org-Beta-Team1,Org-Beta,2026-03-11,4,10,2025-10-09
USR0368,Org-Beta-Team1,Org-Beta,2026-03-12,5,10,2025-10-09
USR0368,Org-Beta-Team1,Org-Beta,2026-03-13,4,37,2025-10-09
USR0368,Org-Beta-Team1,Org-Beta,2026-03-14,8,37,2025-10-09
USR0368,Org-Beta-Team1,Org-Beta,2026-03-16,7,11,2025-10-09
USR0368,Org-Beta-Team1,Org-Beta,2026-03-17,8,13,2025-10-09
USR0368,Org-Beta-Team1,Org-Beta,2026-03-19,1,27,2025-10-09
USR0368,Org-Beta-Team1,Org-Beta,2026-03-22,6,34,2025-10-09
USR0368,Org-Beta-Team1,Org-Beta,2026-03-23,5,34,2025-10-09
USR0368,Org-Beta-Team1,Org-Beta,2026-03-24,5,3,2025-10-09
USR0368,Org-Beta-Team1,Org-Beta,2026-03-25,3,34,2025-10-09
USR0368,Org-Beta-Team1,Org-Beta,2026-03-26,6,23,2025-10-09
USR0368,Org-Beta-Team1,Org-Beta,2026-03-27,3,37,2025-10-09
USR0368,Org-Beta-Team1,Org-Beta,2026-03-28,8,2,2025-10-09
USR0368,Org-Beta-Team1,Org-Beta,2026-03-31,6,33,2025-10-09
USR0369,Org-Alpha-Team1,Org-Alpha,2025-10-31,1,24,2025-10-31
USR0369,Org-Alpha-Team1,Org-Alpha,2025-11-01,3,9,2025-10-31
USR0369,Org-Alpha-Team1,Org-Alpha,2025-11-02,4,6,2025-10-31
USR0370,Org-Beta-Team4,Org-Beta,2025-10-14,1,5,2025-10-14
USR0370,Org-Beta-Team4,Org-Beta,2025-10-15,4,9,2025-10-14
USR0370,Org-Beta-Team4,Org-Beta,2025-10-17,1,14,2025-10-14
USR0370,Org-Beta-Team4,Org-Beta,2025-10-23,6,25,2025-10-14
USR0370,Org-Beta-Team4,Org-Beta,2025-10-25,7,14,2025-10-14
USR0370,Org-Beta-Team4,Org-Beta,2025-10-27,8,38,2025-10-14
USR0370,Org-Beta-Team4,Org-Beta,2025-10-28,8,1,2025-10-14
USR0370,Org-Beta-Team4,Org-Beta,2025-10-29,6,16,2025-10-14
USR0370,Org-Beta-Team4,Org-Beta,2025-10-30,2,12,2025-10-14
USR0370,Org-Beta-Team4,Org-Beta,2025-11-05,6,29,2025-10-14
USR0370,Org-Beta-Team4,Org-Beta,2025-11-07,4,32,2025-10-14
USR0370,Org-Beta-Team4,Org-Beta,2025-11-09,5,22,2025-10-14
USR0370,Org-Beta-Team4,Org-Beta,2025-11-10,6,25,2025-10-14
USR0370,Org-Beta-Team4,Org-Beta,2025-11-11,3,10,2025-10-14
USR0370,Org-Beta-Team4,Org-Beta,2025-11-12,4,18,2025-10-14
USR0370,Org-Beta-Team4,Org-Beta,2025-11-17,7,8,2025-10-14
USR0370,Org-Beta-Team4,Org-Beta,2025-11-18,1,29,2025-10-14
USR0370,Org-Beta-Team4,Org-Beta,2025-11-19,7,3,2025-10-14
USR0370,Org-Beta-Team4,Org-Beta,2025-11-21,4,39,2025-10-14
USR0370,Org-Beta-Team4,Org-Beta,2025-11-22,6,5,2025-10-14
USR0370,Org-Beta-Team4,Org-Beta,2025-11-23,7,34,2025-10-14
USR0370,Org-Beta-Team4,Org-Beta,2025-11-24,3,40,2025-10-14
USR0370,Org-Beta-Team4,Org-Beta,2025-11-25,7,10,2025-10-14
USR0370,Org-Beta-Team4,Org-Beta,2025-11-27,7,1,2025-10-14
USR0370,Org-Beta-Team4,Org-Beta,2025-11-28,3,32,2025-10-14
USR0370,Org-Beta-Team4,Org-Beta,2025-11-29,8,7,2025-10-14
USR0370,Org-Beta-Team4,Org-Beta,2025-12-01,4,1,2025-10-14
USR0370,Org-Beta-Team4,Org-Beta,2025-12-02,6,27,2025-10-14
USR0370,Org-Beta-Team4,Org-Beta,2025-12-04,1,38,2025-10-14
USR0370,Org-Beta-Team4,Org-Beta,2025-12-05,5,5,2025-10-14
USR0370,Org-Beta-Team4,Org-Beta,2025-12-06,6,11,2025-10-14
USR0370,Org-Beta-Team4,Org-Beta,2025-12-07,1,36,2025-10-14
USR0370,Org-Beta-Team4,Org-Beta,2025-12-10,7,2,2025-10-14
USR0370,Org-Beta-Team4,Org-Beta,2025-12-11,2,1,2025-10-14
USR0370,Org-Beta-Team4,Org-Beta,2025-12-12,5,39,2025-10-14
USR0370,Org-Beta-Team4,Org-Beta,2025-12-15,7,2,2025-10-14
USR0370,Org-Beta-Team4,Org-Beta,2025-12-16,7,33,2025-10-14
USR0370,Org-Beta-Team4,Org-Beta,2025-12-17,6,36,2025-10-14
USR0370,Org-Beta-Team4,Org-Beta,2025-12-19,5,14,2025-10-14
USR0370,Org-Beta-Team4,Org-Beta,2025-12-21,2,13,2025-10-14
USR0370,Org-Beta-Team4,Org-Beta,2025-12-22,8,32,2025-10-14
USR0370,Org-Beta-Team4,Org-Beta,2025-12-24,4,5,2025-10-14
USR0370,Org-Beta-Team4,Org-Beta,2025-12-26,1,20,2025-10-14
USR0370,Org-Beta-Team4,Org-Beta,2025-12-27,5,16,2025-10-14
USR0370,Org-Beta-Team4,Org-Beta,2025-12-28,8,37,2025-10-14
USR0370,Org-Beta-Team4,Org-Beta,2025-12-30,7,33,2025-10-14
USR0370,Org-Beta-Team4,Org-Beta,2026-01-01,2,36,2025-10-14
USR0370,Org-Beta-Team4,Org-Beta,2026-01-02,1,5,2025-10-14
USR0370,Org-Beta-Team4,Org-Beta,2026-01-05,8,11,2025-10-14
USR0370,Org-Beta-Team4,Org-Beta,2026-01-06,4,7,2025-10-14
USR0370,Org-Beta-Team4,Org-Beta,2026-01-07,7,23,2025-10-14
USR0370,Org-Beta-Team4,Org-Beta,2026-01-09,7,1,2025-10-14
USR0370,Org-Beta-Team4,Org-Beta,2026-01-10,3,14,2025-10-14
USR0370,Org-Beta-Team4,Org-Beta,2026-01-11,2,32,2025-10-14
USR0370,Org-Beta-Team4,Org-Beta,2026-01-12,8,2,2025-10-14
USR0370,Org-Beta-Team4,Org-Beta,2026-01-13,4,9,2025-10-14
USR0370,Org-Beta-Team4,Org-Beta,2026-01-14,6,34,2025-10-14
USR0370,Org-Beta-Team4,Org-Beta,2026-01-15,2,6,2025-10-14
USR0370,Org-Beta-Team4,Org-Beta,2026-01-16,3,2,2025-10-14
USR0370,Org-Beta-Team4,Org-Beta,2026-01-17,1,17,2025-10-14
USR0370,Org-Beta-Team4,Org-Beta,2026-01-18,6,9,2025-10-14
USR0370,Org-Beta-Team4,Org-Beta,2026-01-20,7,6,2025-10-14
USR0370,Org-Beta-Team4,Org-Beta,2026-01-21,2,1,2025-10-14
USR0370,Org-Beta-Team4,Org-Beta,2026-01-22,4,7,2025-10-14
USR0370,Org-Beta-Team4,Org-Beta,2026-01-24,2,30,2025-10-14
USR0370,Org-Beta-Team4,Org-Beta,2026-01-28,7,11,2025-10-14
USR0370,Org-Beta-Team4,Org-Beta,2026-01-29,1,5,2025-10-14
USR0370,Org-Beta-Team4,Org-Beta,2026-01-30,8,3,2025-10-14
USR0370,Org-Beta-Team4,Org-Beta,2026-01-31,2,39,2025-10-14
USR0370,Org-Beta-Team4,Org-Beta,2026-02-01,2,18,2025-10-14
USR0370,Org-Beta-Team4,Org-Beta,2026-02-02,7,6,2025-10-14
USR0370,Org-Beta-Team4,Org-Beta,2026-02-04,7,3,2025-10-14
USR0370,Org-Beta-Team4,Org-Beta,2026-02-06,8,11,2025-10-14
USR0370,Org-Beta-Team4,Org-Beta,2026-02-07,5,24,2025-10-14
USR0370,Org-Beta-Team4,Org-Beta,2026-02-08,1,28,2025-10-14
USR0370,Org-Beta-Team4,Org-Beta,2026-02-13,4,14,2025-10-14
USR0370,Org-Beta-Team4,Org-Beta,2026-02-14,2,26,2025-10-14
USR0370,Org-Beta-Team4,Org-Beta,2026-02-16,6,5,2025-10-14
USR0370,Org-Beta-Team4,Org-Beta,2026-02-17,5,25,2025-10-14
USR0370,Org-Beta-Team4,Org-Beta,2026-02-19,1,24,2025-10-14
USR0370,Org-Beta-Team4,Org-Beta,2026-02-23,4,9,2025-10-14
USR0370,Org-Beta-Team4,Org-Beta,2026-02-24,7,29,2025-10-14
USR0370,Org-Beta-Team4,Org-Beta,2026-02-25,3,19,2025-10-14
USR0370,Org-Beta-Team4,Org-Beta,2026-02-27,2,13,2025-10-14
USR0370,Org-Beta-Team4,Org-Beta,2026-02-28,7,27,2025-10-14
USR0370,Org-Beta-Team4,Org-Beta,2026-03-01,4,37,2025-10-14
USR0370,Org-Beta-Team4,Org-Beta,2026-03-02,7,15,2025-10-14
USR0370,Org-Beta-Team4,Org-Beta,2026-03-04,6,31,2025-10-14
USR0370,Org-Beta-Team4,Org-Beta,2026-03-05,4,39,2025-10-14
USR0370,Org-Beta-Team4,Org-Beta,2026-03-06,6,33,2025-10-14
USR0370,Org-Beta-Team4,Org-Beta,2026-03-07,1,2,2025-10-14
USR0370,Org-Beta-Team4,Org-Beta,2026-03-09,7,10,2025-10-14
USR0370,Org-Beta-Team4,Org-Beta,2026-03-11,1,6,2025-10-14
USR0370,Org-Beta-Team4,Org-Beta,2026-03-13,4,8,2025-10-14
USR0370,Org-Beta-Team4,Org-Beta,2026-03-14,6,1,2025-10-14
USR0370,Org-Beta-Team4,Org-Beta,2026-03-17,5,24,2025-10-14
USR0370,Org-Beta-Team4,Org-Beta,2026-03-19,5,25,2025-10-14
USR0370,Org-Beta-Team4,Org-Beta,2026-03-21,3,4,2025-10-14
USR0370,Org-Beta-Team4,Org-Beta,2026-03-22,2,39,2025-10-14
USR0370,Org-Beta-Team4,Org-Beta,2026-03-23,4,11,2025-10-14
USR0370,Org-Beta-Team4,Org-Beta,2026-03-24,7,23,2025-10-14
USR0370,Org-Beta-Team4,Org-Beta,2026-03-25,1,26,2025-10-14
USR0370,Org-Beta-Team4,Org-Beta,2026-03-28,8,23,2025-10-14
USR0370,Org-Beta-Team4,Org-Beta,2026-03-29,6,8,2025-10-14
USR0371,Org-Alpha-Team1,Org-Alpha,2025-10-31,6,2,2025-10-30
USR0371,Org-Alpha-Team1,Org-Alpha,2025-11-01,2,26,2025-10-30
USR0372,Org-Beta-Team4,Org-Beta,2025-10-12,8,11,2025-10-10
USR0372,Org-Beta-Team4,Org-Beta,2025-10-13,1,17,2025-10-10
USR0372,Org-Beta-Team4,Org-Beta,2025-10-17,1,15,2025-10-10
USR0372,Org-Beta-Team4,Org-Beta,2025-10-18,6,15,2025-10-10
USR0372,Org-Beta-Team4,Org-Beta,2025-10-19,7,19,2025-10-10
USR0372,Org-Beta-Team4,Org-Beta,2025-10-20,5,10,2025-10-10
USR0372,Org-Beta-Team4,Org-Beta,2025-10-24,8,19,2025-10-10
USR0372,Org-Beta-Team4,Org-Beta,2025-10-25,2,19,2025-10-10
USR0372,Org-Beta-Team4,Org-Beta,2025-10-26,6,23,2025-10-10
USR0372,Org-Beta-Team4,Org-Beta,2025-10-27,1,4,2025-10-10
USR0372,Org-Beta-Team4,Org-Beta,2025-10-28,1,28,2025-10-10
USR0372,Org-Beta-Team4,Org-Beta,2025-10-30,8,13,2025-10-10
USR0372,Org-Beta-Team4,Org-Beta,2025-11-01,5,9,2025-10-10
USR0372,Org-Beta-Team4,Org-Beta,2025-11-04,4,27,2025-10-10
USR0372,Org-Beta-Team4,Org-Beta,2025-11-06,1,37,2025-10-10
USR0372,Org-Beta-Team4,Org-Beta,2025-11-07,3,17,2025-10-10
USR0372,Org-Beta-Team4,Org-Beta,2025-11-08,2,17,2025-10-10
USR0372,Org-Beta-Team4,Org-Beta,2025-11-11,3,13,2025-10-10
USR0372,Org-Beta-Team4,Org-Beta,2025-11-12,8,19,2025-10-10
USR0372,Org-Beta-Team4,Org-Beta,2025-11-13,1,28,2025-10-10
USR0372,Org-Beta-Team4,Org-Beta,2025-11-14,3,24,2025-10-10
USR0372,Org-Beta-Team4,Org-Beta,2025-11-15,6,13,2025-10-10
USR0372,Org-Beta-Team4,Org-Beta,2025-11-17,5,6,2025-10-10
USR0372,Org-Beta-Team4,Org-Beta,2025-11-18,3,12,2025-10-10
USR0372,Org-Beta-Team4,Org-Beta,2025-11-19,6,20,2025-10-10
USR0372,Org-Beta-Team4,Org-Beta,2025-11-21,5,3,2025-10-10
USR0372,Org-Beta-Team4,Org-Beta,2025-11-22,4,29,2025-10-10
USR0372,Org-Beta-Team4,Org-Beta,2025-11-24,5,36,2025-10-10
USR0372,Org-Beta-Team4,Org-Beta,2025-11-25,2,29,2025-10-10
USR0372,Org-Beta-Team4,Org-Beta,2025-11-26,4,14,2025-10-10
USR0372,Org-Beta-Team4,Org-Beta,2025-11-29,2,2,2025-10-10
USR0372,Org-Beta-Team4,Org-Beta,2025-12-03,7,23,2025-10-10
USR0372,Org-Beta-Team4,Org-Beta,2025-12-04,2,9,2025-10-10
USR0372,Org-Beta-Team4,Org-Beta,2025-12-08,5,27,2025-10-10
USR0372,Org-Beta-Team4,Org-Beta,2025-12-11,8,36,2025-10-10
USR0372,Org-Beta-Team4,Org-Beta,2025-12-13,6,4,2025-10-10
USR0372,Org-Beta-Team4,Org-Beta,2025-12-14,6,4,2025-10-10
USR0372,Org-Beta-Team4,Org-Beta,2025-12-16,5,16,2025-10-10
USR0372,Org-Beta-Team4,Org-Beta,2025-12-19,3,23,2025-10-10
USR0372,Org-Beta-Team4,Org-Beta,2025-12-20,1,38,2025-10-10
USR0372,Org-Beta-Team4,Org-Beta,2025-12-21,3,33,2025-10-10
USR0372,Org-Beta-Team4,Org-Beta,2025-12-22,1,10,2025-10-10
USR0372,Org-Beta-Team4,Org-Beta,2025-12-23,6,7,2025-10-10
USR0372,Org-Beta-Team4,Org-Beta,2025-12-24,3,21,2025-10-10
USR0372,Org-Beta-Team4,Org-Beta,2025-12-26,4,12,2025-10-10
USR0372,Org-Beta-Team4,Org-Beta,2025-12-31,2,35,2025-10-10
USR0372,Org-Beta-Team4,Org-Beta,2026-01-02,1,23,2025-10-10
USR0372,Org-Beta-Team4,Org-Beta,2026-01-03,4,39,2025-10-10
USR0372,Org-Beta-Team4,Org-Beta,2026-01-07,1,28,2025-10-10
USR0372,Org-Beta-Team4,Org-Beta,2026-01-08,1,35,2025-10-10
USR0372,Org-Beta-Team4,Org-Beta,2026-01-09,1,15,2025-10-10
USR0372,Org-Beta-Team4,Org-Beta,2026-01-10,5,2,2025-10-10
USR0372,Org-Beta-Team4,Org-Beta,2026-01-11,7,31,2025-10-10
USR0372,Org-Beta-Team4,Org-Beta,2026-01-12,7,38,2025-10-10
USR0372,Org-Beta-Team4,Org-Beta,2026-01-13,2,38,2025-10-10
USR0372,Org-Beta-Team4,Org-Beta,2026-01-15,1,22,2025-10-10
USR0372,Org-Beta-Team4,Org-Beta,2026-01-16,8,7,2025-10-10
USR0372,Org-Beta-Team4,Org-Beta,2026-01-17,1,39,2025-10-10
USR0372,Org-Beta-Team4,Org-Beta,2026-01-18,8,19,2025-10-10
USR0372,Org-Beta-Team4,Org-Beta,2026-01-21,5,2,2025-10-10
USR0372,Org-Beta-Team4,Org-Beta,2026-01-23,2,20,2025-10-10
USR0372,Org-Beta-Team4,Org-Beta,2026-01-24,8,28,2025-10-10
USR0372,Org-Beta-Team4,Org-Beta,2026-01-25,5,16,2025-10-10
USR0372,Org-Beta-Team4,Org-Beta,2026-01-26,6,24,2025-10-10
USR0372,Org-Beta-Team4,Org-Beta,2026-01-27,7,39,2025-10-10
USR0372,Org-Beta-Team4,Org-Beta,2026-01-28,8,40,2025-10-10
USR0372,Org-Beta-Team4,Org-Beta,2026-01-29,7,12,2025-10-10
USR0372,Org-Beta-Team4,Org-Beta,2026-01-31,8,14,2025-10-10
USR0372,Org-Beta-Team4,Org-Beta,2026-02-01,5,15,2025-10-10
USR0372,Org-Beta-Team4,Org-Beta,2026-02-02,1,13,2025-10-10
USR0372,Org-Beta-Team4,Org-Beta,2026-02-05,1,21,2025-10-10
USR0372,Org-Beta-Team4,Org-Beta,2026-02-06,6,7,2025-10-10
USR0372,Org-Beta-Team4,Org-Beta,2026-02-08,4,20,2025-10-10
USR0372,Org-Beta-Team4,Org-Beta,2026-02-09,8,26,2025-10-10
USR0372,Org-Beta-Team4,Org-Beta,2026-02-10,4,10,2025-10-10
USR0372,Org-Beta-Team4,Org-Beta,2026-02-13,2,28,2025-10-10
USR0372,Org-Beta-Team4,Org-Beta,2026-02-14,6,6,2025-10-10
USR0372,Org-Beta-Team4,Org-Beta,2026-02-15,8,1,2025-10-10
USR0372,Org-Beta-Team4,Org-Beta,2026-02-16,5,12,2025-10-10
USR0372,Org-Beta-Team4,Org-Beta,2026-02-18,4,29,2025-10-10
USR0372,Org-Beta-Team4,Org-Beta,2026-02-19,4,30,2025-10-10
USR0372,Org-Beta-Team4,Org-Beta,2026-02-20,1,5,2025-10-10
USR0372,Org-Beta-Team4,Org-Beta,2026-02-21,2,34,2025-10-10
USR0372,Org-Beta-Team4,Org-Beta,2026-02-23,2,13,2025-10-10
USR0372,Org-Beta-Team4,Org-Beta,2026-02-24,8,8,2025-10-10
USR0372,Org-Beta-Team4,Org-Beta,2026-02-27,2,5,2025-10-10
USR0372,Org-Beta-Team4,Org-Beta,2026-02-28,5,30,2025-10-10
USR0372,Org-Beta-Team4,Org-Beta,2026-03-01,3,2,2025-10-10
USR0372,Org-Beta-Team4,Org-Beta,2026-03-02,5,30,2025-10-10
USR0372,Org-Beta-Team4,Org-Beta,2026-03-03,4,23,2025-10-10
USR0372,Org-Beta-Team4,Org-Beta,2026-03-04,5,21,2025-10-10
USR0372,Org-Beta-Team4,Org-Beta,2026-03-07,5,29,2025-10-10
USR0372,Org-Beta-Team4,Org-Beta,2026-03-10,2,26,2025-10-10
USR0372,Org-Beta-Team4,Org-Beta,2026-03-11,6,38,2025-10-10
USR0372,Org-Beta-Team4,Org-Beta,2026-03-12,7,15,2025-10-10
USR0372,Org-Beta-Team4,Org-Beta,2026-03-13,1,1,2025-10-10
USR0372,Org-Beta-Team4,Org-Beta,2026-03-14,5,15,2025-10-10
USR0372,Org-Beta-Team4,Org-Beta,2026-03-15,1,8,2025-10-10
USR0372,Org-Beta-Team4,Org-Beta,2026-03-16,6,31,2025-10-10
USR0372,Org-Beta-Team4,Org-Beta,2026-03-17,2,26,2025-10-10
USR0372,Org-Beta-Team4,Org-Beta,2026-03-18,7,1,2025-10-10
USR0372,Org-Beta-Team4,Org-Beta,2026-03-19,1,17,2025-10-10
USR0372,Org-Beta-Team4,Org-Beta,2026-03-21,1,9,2025-10-10
USR0372,Org-Beta-Team4,Org-Beta,2026-03-22,7,12,2025-10-10
USR0372,Org-Beta-Team4,Org-Beta,2026-03-23,3,28,2025-10-10
USR0372,Org-Beta-Team4,Org-Beta,2026-03-24,4,17,2025-10-10
USR0372,Org-Beta-Team4,Org-Beta,2026-03-26,8,14,2025-10-10
USR0372,Org-Beta-Team4,Org-Beta,2026-03-28,4,6,2025-10-10
USR0372,Org-Beta-Team4,Org-Beta,2026-03-29,4,6,2025-10-10
USR0372,Org-Beta-Team4,Org-Beta,2026-03-30,4,29,2025-10-10
USR0373,Org-Delta-Team2,Org-Delta,2025-10-25,1,20,2025-10-25
USR0373,Org-Delta-Team2,Org-Delta,2025-10-26,4,1,2025-10-25
USR0373,Org-Delta-Team2,Org-Delta,2025-10-30,2,6,2025-10-25
USR0373,Org-Delta-Team2,Org-Delta,2025-10-31,8,27,2025-10-25
USR0374,Org-Delta-Team1,Org-Delta,2025-10-09,7,36,2025-10-09
USR0374,Org-Delta-Team1,Org-Delta,2025-10-11,4,31,2025-10-09
USR0374,Org-Delta-Team1,Org-Delta,2025-10-14,8,36,2025-10-09
USR0374,Org-Delta-Team1,Org-Delta,2025-10-15,2,24,2025-10-09
USR0375,Org-Beta-Team1,Org-Beta,2025-10-13,4,3,2025-10-12
USR0375,Org-Beta-Team1,Org-Beta,2025-10-15,7,32,2025-10-12
USR0375,Org-Beta-Team1,Org-Beta,2025-10-16,1,16,2025-10-12
USR0375,Org-Beta-Team1,Org-Beta,2025-10-17,5,5,2025-10-12
USR0375,Org-Beta-Team1,Org-Beta,2025-10-19,8,26,2025-10-12
USR0375,Org-Beta-Team1,Org-Beta,2025-10-20,8,20,2025-10-12
USR0375,Org-Beta-Team1,Org-Beta,2025-10-21,1,31,2025-10-12
USR0375,Org-Beta-Team1,Org-Beta,2025-10-22,5,34,2025-10-12
USR0375,Org-Beta-Team1,Org-Beta,2025-10-23,1,22,2025-10-12
USR0375,Org-Beta-Team1,Org-Beta,2025-10-25,2,27,2025-10-12
USR0375,Org-Beta-Team1,Org-Beta,2025-10-26,2,12,2025-10-12
USR0375,Org-Beta-Team1,Org-Beta,2025-10-27,4,29,2025-10-12
USR0375,Org-Beta-Team1,Org-Beta,2025-10-29,6,37,2025-10-12
USR0375,Org-Beta-Team1,Org-Beta,2025-10-30,1,36,2025-10-12
USR0375,Org-Beta-Team1,Org-Beta,2025-11-05,5,28,2025-10-12
USR0375,Org-Beta-Team1,Org-Beta,2025-11-06,4,38,2025-10-12
USR0375,Org-Beta-Team1,Org-Beta,2025-11-07,7,38,2025-10-12
USR0375,Org-Beta-Team1,Org-Beta,2025-11-08,3,16,2025-10-12
USR0375,Org-Beta-Team1,Org-Beta,2025-11-11,3,20,2025-10-12
USR0375,Org-Beta-Team1,Org-Beta,2025-11-13,2,22,2025-10-12
USR0375,Org-Beta-Team1,Org-Beta,2025-11-14,3,15,2025-10-12
USR0375,Org-Beta-Team1,Org-Beta,2025-11-17,1,5,2025-10-12
USR0375,Org-Beta-Team1,Org-Beta,2025-11-19,8,3,2025-10-12
USR0375,Org-Beta-Team1,Org-Beta,2025-11-21,2,10,2025-10-12
USR0375,Org-Beta-Team1,Org-Beta,2025-11-22,1,17,2025-10-12
USR0375,Org-Beta-Team1,Org-Beta,2025-11-23,2,11,2025-10-12
USR0375,Org-Beta-Team1,Org-Beta,2025-11-24,4,27,2025-10-12
USR0375,Org-Beta-Team1,Org-Beta,2025-11-25,8,20,2025-10-12
USR0375,Org-Beta-Team1,Org-Beta,2025-11-26,7,12,2025-10-12
USR0375,Org-Beta-Team1,Org-Beta,2025-11-27,8,35,2025-10-12
USR0375,Org-Beta-Team1,Org-Beta,2025-11-29,2,31,2025-10-12
USR0375,Org-Beta-Team1,Org-Beta,2025-12-02,8,30,2025-10-12
USR0375,Org-Beta-Team1,Org-Beta,2025-12-04,7,13,2025-10-12
USR0375,Org-Beta-Team1,Org-Beta,2025-12-07,2,16,2025-10-12
USR0375,Org-Beta-Team1,Org-Beta,2025-12-08,1,28,2025-10-12
USR0375,Org-Beta-Team1,Org-Beta,2025-12-09,8,19,2025-10-12
USR0375,Org-Beta-Team1,Org-Beta,2025-12-10,7,38,2025-10-12
USR0375,Org-Beta-Team1,Org-Beta,2025-12-11,4,27,2025-10-12
USR0375,Org-Beta-Team1,Org-Beta,2025-12-12,4,16,2025-10-12
USR0375,Org-Beta-Team1,Org-Beta,2025-12-13,6,27,2025-10-12
USR0375,Org-Beta-Team1,Org-Beta,2025-12-16,6,15,2025-10-12
USR0375,Org-Beta-Team1,Org-Beta,2025-12-17,8,31,2025-10-12
USR0375,Org-Beta-Team1,Org-Beta,2025-12-20,3,40,2025-10-12
USR0375,Org-Beta-Team1,Org-Beta,2025-12-21,6,33,2025-10-12
USR0375,Org-Beta-Team1,Org-Beta,2025-12-22,2,35,2025-10-12
USR0375,Org-Beta-Team1,Org-Beta,2025-12-25,4,29,2025-10-12
USR0375,Org-Beta-Team1,Org-Beta,2025-12-26,3,13,2025-10-12
USR0375,Org-Beta-Team1,Org-Beta,2025-12-29,5,9,2025-10-12
USR0375,Org-Beta-Team1,Org-Beta,2025-12-30,6,1,2025-10-12
USR0375,Org-Beta-Team1,Org-Beta,2025-12-31,7,32,2025-10-12
USR0375,Org-Beta-Team1,Org-Beta,2026-01-02,8,34,2025-10-12
USR0375,Org-Beta-Team1,Org-Beta,2026-01-03,6,38,2025-10-12
USR0375,Org-Beta-Team1,Org-Beta,2026-01-04,2,26,2025-10-12
USR0375,Org-Beta-Team1,Org-Beta,2026-01-08,7,14,2025-10-12
USR0375,Org-Beta-Team1,Org-Beta,2026-01-10,1,15,2025-10-12
USR0375,Org-Beta-Team1,Org-Beta,2026-01-12,1,20,2025-10-12
USR0375,Org-Beta-Team1,Org-Beta,2026-01-13,5,6,2025-10-12
USR0375,Org-Beta-Team1,Org-Beta,2026-01-15,1,33,2025-10-12
USR0375,Org-Beta-Team1,Org-Beta,2026-01-17,2,1,2025-10-12
USR0375,Org-Beta-Team1,Org-Beta,2026-01-18,2,40,2025-10-12
USR0375,Org-Beta-Team1,Org-Beta,2026-01-20,1,32,2025-10-12
USR0375,Org-Beta-Team1,Org-Beta,2026-01-23,4,6,2025-10-12
USR0375,Org-Beta-Team1,Org-Beta,2026-01-24,5,3,2025-10-12
USR0375,Org-Beta-Team1,Org-Beta,2026-01-25,8,24,2025-10-12
USR0375,Org-Beta-Team1,Org-Beta,2026-01-26,3,23,2025-10-12
USR0375,Org-Beta-Team1,Org-Beta,2026-01-28,7,24,2025-10-12
USR0375,Org-Beta-Team1,Org-Beta,2026-01-29,6,21,2025-10-12
USR0375,Org-Beta-Team1,Org-Beta,2026-01-30,7,14,2025-10-12
USR0375,Org-Beta-Team1,Org-Beta,2026-02-01,1,32,2025-10-12
USR0375,Org-Beta-Team1,Org-Beta,2026-02-05,6,21,2025-10-12
USR0375,Org-Beta-Team1,Org-Beta,2026-02-06,5,8,2025-10-12
USR0375,Org-Beta-Team1,Org-Beta,2026-02-07,7,1,2025-10-12
USR0375,Org-Beta-Team1,Org-Beta,2026-02-12,2,22,2025-10-12
USR0375,Org-Beta-Team1,Org-Beta,2026-02-13,2,29,2025-10-12
USR0375,Org-Beta-Team1,Org-Beta,2026-02-14,1,11,2025-10-12
USR0375,Org-Beta-Team1,Org-Beta,2026-02-15,6,25,2025-10-12
USR0375,Org-Beta-Team1,Org-Beta,2026-02-18,2,19,2025-10-12
USR0375,Org-Beta-Team1,Org-Beta,2026-02-19,7,40,2025-10-12
USR0375,Org-Beta-Team1,Org-Beta,2026-02-21,6,24,2025-10-12
USR0375,Org-Beta-Team1,Org-Beta,2026-02-22,1,25,2025-10-12
USR0375,Org-Beta-Team1,Org-Beta,2026-02-23,5,12,2025-10-12
USR0375,Org-Beta-Team1,Org-Beta,2026-02-24,6,13,2025-10-12
USR0375,Org-Beta-Team1,Org-Beta,2026-02-25,3,20,2025-10-12
USR0375,Org-Beta-Team1,Org-Beta,2026-02-27,7,38,2025-10-12
USR0375,Org-Beta-Team1,Org-Beta,2026-02-28,1,35,2025-10-12
USR0375,Org-Beta-Team1,Org-Beta,2026-03-05,6,34,2025-10-12
USR0375,Org-Beta-Team1,Org-Beta,2026-03-06,5,7,2025-10-12
USR0375,Org-Beta-Team1,Org-Beta,2026-03-07,1,13,2025-10-12
USR0375,Org-Beta-Team1,Org-Beta,2026-03-08,4,20,2025-10-12
USR0375,Org-Beta-Team1,Org-Beta,2026-03-09,5,22,2025-10-12
USR0375,Org-Beta-Team1,Org-Beta,2026-03-10,7,8,2025-10-12
USR0375,Org-Beta-Team1,Org-Beta,2026-03-16,4,2,2025-10-12
USR0375,Org-Beta-Team1,Org-Beta,2026-03-19,2,11,2025-10-12
USR0375,Org-Beta-Team1,Org-Beta,2026-03-20,4,18,2025-10-12
USR0375,Org-Beta-Team1,Org-Beta,2026-03-23,8,39,2025-10-12
USR0375,Org-Beta-Team1,Org-Beta,2026-03-25,1,31,2025-10-12
USR0375,Org-Beta-Team1,Org-Beta,2026-03-26,7,25,2025-10-12
USR0375,Org-Beta-Team1,Org-Beta,2026-03-29,3,16,2025-10-12
USR0375,Org-Beta-Team1,Org-Beta,2026-03-30,4,27,2025-10-12
USR0375,Org-Beta-Team1,Org-Beta,2026-03-31,4,29,2025-10-12
USR0376,Org-Gamma-Team4,Org-Gamma,2025-10-23,1,19,2025-10-23
USR0376,Org-Gamma-Team4,Org-Gamma,2025-10-24,7,32,2025-10-23
USR0376,Org-Gamma-Team4,Org-Gamma,2025-10-25,7,32,2025-10-23
USR0377,Org-Gamma-Team2,Org-Gamma,2025-10-24,7,31,2025-10-24
USR0377,Org-Gamma-Team2,Org-Gamma,2025-10-25,2,38,2025-10-24
USR0377,Org-Gamma-Team2,Org-Gamma,2025-10-26,6,22,2025-10-24
USR0378,Org-Beta-Team4,Org-Beta,2025-10-26,5,22,2025-10-25
USR0379,Org-Delta-Team1,Org-Delta,2025-10-09,5,20,2025-10-09
USR0379,Org-Delta-Team1,Org-Delta,2025-10-10,3,25,2025-10-09
USR0380,Org-Alpha-Team4,Org-Alpha,2025-10-16,7,25,2025-10-15
USR0380,Org-Alpha-Team4,Org-Alpha,2025-10-17,7,33,2025-10-15
USR0381,Org-Delta-Team4,Org-Delta,2025-10-19,8,34,2025-10-19
USR0381,Org-Delta-Team4,Org-Delta,2025-10-20,2,20,2025-10-19
USR0381,Org-Delta-Team4,Org-Delta,2025-10-21,4,21,2025-10-19
USR0381,Org-Delta-Team4,Org-Delta,2025-10-22,5,40,2025-10-19
USR0381,Org-Delta-Team4,Org-Delta,2025-10-23,5,19,2025-10-19
USR0381,Org-Delta-Team4,Org-Delta,2025-10-24,5,12,2025-10-19
USR0381,Org-Delta-Team4,Org-Delta,2025-10-25,8,9,2025-10-19
USR0381,Org-Delta-Team4,Org-Delta,2025-10-26,5,22,2025-10-19
USR0382,Org-Beta-Team2,Org-Beta,2025-10-24,1,39,2025-10-24
USR0382,Org-Beta-Team2,Org-Beta,2025-10-25,8,11,2025-10-24
USR0382,Org-Beta-Team2,Org-Beta,2025-10-26,5,4,2025-10-24
USR0382,Org-Beta-Team2,Org-Beta,2025-10-27,2,40,2025-10-24
USR0382,Org-Beta-Team2,Org-Beta,2025-10-28,2,17,2025-10-24
USR0382,Org-Beta-Team2,Org-Beta,2025-10-29,1,16,2025-10-24
USR0383,Org-Alpha-Team4,Org-Alpha,2025-10-16,6,27,2025-10-15
USR0383,Org-Alpha-Team4,Org-Alpha,2025-10-17,2,2,2025-10-15
USR0383,Org-Alpha-Team4,Org-Alpha,2025-10-18,6,35,2025-10-15
USR0383,Org-Alpha-Team4,Org-Alpha,2025-10-19,8,1,2025-10-15
USR0384,Org-Beta-Team4,Org-Beta,2025-10-16,4,39,2025-10-16
USR0385,Org-Alpha-Team4,Org-Alpha,2025-10-14,5,26,2025-10-11
USR0386,Org-Gamma-Team2,Org-Gamma,2025-10-04,7,12,2025-10-03
USR0386,Org-Gamma-Team2,Org-Gamma,2025-10-05,8,34,2025-10-03
USR0386,Org-Gamma-Team2,Org-Gamma,2025-10-06,7,15,2025-10-03
USR0387,Org-Gamma-Team4,Org-Gamma,2025-10-26,1,13,2025-10-25
USR0387,Org-Gamma-Team4,Org-Gamma,2025-10-27,7,9,2025-10-25
USR0388,Org-Alpha-Team3,Org-Alpha,2025-10-10,5,2,2025-10-10
USR0388,Org-Alpha-Team3,Org-Alpha,2025-10-12,6,18,2025-10-10
USR0388,Org-Alpha-Team3,Org-Alpha,2025-10-13,8,2,2025-10-10
USR0388,Org-Alpha-Team3,Org-Alpha,2025-10-15,5,18,2025-10-10
USR0389,Org-Epsilon-Team4,Org-Epsilon,2025-10-31,5,37,2025-10-31
USR0389,Org-Epsilon-Team4,Org-Epsilon,2025-11-02,3,7,2025-10-31
USR0389,Org-Epsilon-Team4,Org-Epsilon,2025-11-04,1,35,2025-10-31
USR0389,Org-Epsilon-Team4,Org-Epsilon,2025-11-12,1,2,2025-10-31
USR0389,Org-Epsilon-Team4,Org-Epsilon,2025-11-14,1,23,2025-10-31
USR0389,Org-Epsilon-Team4,Org-Epsilon,2025-11-15,7,21,2025-10-31
USR0389,Org-Epsilon-Team4,Org-Epsilon,2025-11-16,6,26,2025-10-31
USR0389,Org-Epsilon-Team4,Org-Epsilon,2025-11-17,7,39,2025-10-31
USR0389,Org-Epsilon-Team4,Org-Epsilon,2025-11-18,2,39,2025-10-31
USR0389,Org-Epsilon-Team4,Org-Epsilon,2025-11-19,4,13,2025-10-31
USR0389,Org-Epsilon-Team4,Org-Epsilon,2025-11-20,6,9,2025-10-31
USR0389,Org-Epsilon-Team4,Org-Epsilon,2025-11-22,5,8,2025-10-31
USR0389,Org-Epsilon-Team4,Org-Epsilon,2025-11-25,5,10,2025-10-31
USR0389,Org-Epsilon-Team4,Org-Epsilon,2025-11-26,7,6,2025-10-31
USR0389,Org-Epsilon-Team4,Org-Epsilon,2025-11-28,8,37,2025-10-31
USR0389,Org-Epsilon-Team4,Org-Epsilon,2025-11-30,4,15,2025-10-31
USR0389,Org-Epsilon-Team4,Org-Epsilon,2025-12-01,6,28,2025-10-31
USR0389,Org-Epsilon-Team4,Org-Epsilon,2025-12-05,5,17,2025-10-31
USR0389,Org-Epsilon-Team4,Org-Epsilon,2025-12-07,7,6,2025-10-31
USR0389,Org-Epsilon-Team4,Org-Epsilon,2025-12-08,3,37,2025-10-31
USR0389,Org-Epsilon-Team4,Org-Epsilon,2025-12-12,7,19,2025-10-31
USR0389,Org-Epsilon-Team4,Org-Epsilon,2025-12-13,4,5,2025-10-31
USR0389,Org-Epsilon-Team4,Org-Epsilon,2025-12-14,2,32,2025-10-31
USR0389,Org-Epsilon-Team4,Org-Epsilon,2025-12-18,3,14,2025-10-31
USR0389,Org-Epsilon-Team4,Org-Epsilon,2025-12-19,7,24,2025-10-31
USR0389,Org-Epsilon-Team4,Org-Epsilon,2025-12-22,2,9,2025-10-31
USR0389,Org-Epsilon-Team4,Org-Epsilon,2025-12-25,5,27,2025-10-31
USR0389,Org-Epsilon-Team4,Org-Epsilon,2025-12-26,3,28,2025-10-31
USR0389,Org-Epsilon-Team4,Org-Epsilon,2025-12-27,1,5,2025-10-31
USR0389,Org-Epsilon-Team4,Org-Epsilon,2026-01-02,2,20,2025-10-31
USR0389,Org-Epsilon-Team4,Org-Epsilon,2026-01-06,5,12,2025-10-31
USR0389,Org-Epsilon-Team4,Org-Epsilon,2026-01-07,7,9,2025-10-31
USR0389,Org-Epsilon-Team4,Org-Epsilon,2026-01-09,7,1,2025-10-31
USR0389,Org-Epsilon-Team4,Org-Epsilon,2026-01-10,2,16,2025-10-31
USR0389,Org-Epsilon-Team4,Org-Epsilon,2026-01-13,8,22,2025-10-31
USR0389,Org-Epsilon-Team4,Org-Epsilon,2026-01-15,5,3,2025-10-31
USR0389,Org-Epsilon-Team4,Org-Epsilon,2026-01-16,5,40,2025-10-31
USR0389,Org-Epsilon-Team4,Org-Epsilon,2026-01-17,6,2,2025-10-31
USR0389,Org-Epsilon-Team4,Org-Epsilon,2026-01-18,3,17,2025-10-31
USR0389,Org-Epsilon-Team4,Org-Epsilon,2026-01-19,6,21,2025-10-31
USR0389,Org-Epsilon-Team4,Org-Epsilon,2026-01-21,6,5,2025-10-31
USR0389,Org-Epsilon-Team4,Org-Epsilon,2026-01-22,7,40,2025-10-31
USR0389,Org-Epsilon-Team4,Org-Epsilon,2026-01-23,7,7,2025-10-31
USR0389,Org-Epsilon-Team4,Org-Epsilon,2026-01-24,6,38,2025-10-31
USR0389,Org-Epsilon-Team4,Org-Epsilon,2026-01-25,8,10,2025-10-31
USR0389,Org-Epsilon-Team4,Org-Epsilon,2026-01-26,1,15,2025-10-31
USR0389,Org-Epsilon-Team4,Org-Epsilon,2026-01-27,5,25,2025-10-31
USR0389,Org-Epsilon-Team4,Org-Epsilon,2026-01-28,5,18,2025-10-31
USR0389,Org-Epsilon-Team4,Org-Epsilon,2026-01-31,6,17,2025-10-31
USR0389,Org-Epsilon-Team4,Org-Epsilon,2026-02-02,3,14,2025-10-31
USR0389,Org-Epsilon-Team4,Org-Epsilon,2026-02-03,6,4,2025-10-31
USR0389,Org-Epsilon-Team4,Org-Epsilon,2026-02-05,4,1,2025-10-31
USR0389,Org-Epsilon-Team4,Org-Epsilon,2026-02-07,4,38,2025-10-31
USR0389,Org-Epsilon-Team4,Org-Epsilon,2026-02-08,1,16,2025-10-31
USR0389,Org-Epsilon-Team4,Org-Epsilon,2026-02-12,3,40,2025-10-31
USR0389,Org-Epsilon-Team4,Org-Epsilon,2026-02-13,7,10,2025-10-31
USR0389,Org-Epsilon-Team4,Org-Epsilon,2026-02-14,6,24,2025-10-31
USR0389,Org-Epsilon-Team4,Org-Epsilon,2026-02-16,6,25,2025-10-31
USR0389,Org-Epsilon-Team4,Org-Epsilon,2026-02-19,8,24,2025-10-31
USR0389,Org-Epsilon-Team4,Org-Epsilon,2026-02-20,6,29,2025-10-31
USR0389,Org-Epsilon-Team4,Org-Epsilon,2026-02-21,4,15,2025-10-31
USR0389,Org-Epsilon-Team4,Org-Epsilon,2026-02-22,5,14,2025-10-31
USR0389,Org-Epsilon-Team4,Org-Epsilon,2026-02-23,6,6,2025-10-31
USR0389,Org-Epsilon-Team4,Org-Epsilon,2026-02-25,6,29,2025-10-31
USR0389,Org-Epsilon-Team4,Org-Epsilon,2026-02-26,3,34,2025-10-31
USR0389,Org-Epsilon-Team4,Org-Epsilon,2026-02-28,6,31,2025-10-31
USR0389,Org-Epsilon-Team4,Org-Epsilon,2026-03-01,4,39,2025-10-31
USR0389,Org-Epsilon-Team4,Org-Epsilon,2026-03-02,4,1,2025-10-31
USR0389,Org-Epsilon-Team4,Org-Epsilon,2026-03-04,7,24,2025-10-31
USR0389,Org-Epsilon-Team4,Org-Epsilon,2026-03-06,5,26,2025-10-31
USR0389,Org-Epsilon-Team4,Org-Epsilon,2026-03-12,7,11,2025-10-31
USR0389,Org-Epsilon-Team4,Org-Epsilon,2026-03-15,8,1,2025-10-31
USR0389,Org-Epsilon-Team4,Org-Epsilon,2026-03-18,8,23,2025-10-31
USR0389,Org-Epsilon-Team4,Org-Epsilon,2026-03-19,6,4,2025-10-31
USR0389,Org-Epsilon-Team4,Org-Epsilon,2026-03-21,1,9,2025-10-31
USR0389,Org-Epsilon-Team4,Org-Epsilon,2026-03-22,6,9,2025-10-31
USR0389,Org-Epsilon-Team4,Org-Epsilon,2026-03-23,7,38,2025-10-31
USR0389,Org-Epsilon-Team4,Org-Epsilon,2026-03-27,1,26,2025-10-31
USR0389,Org-Epsilon-Team4,Org-Epsilon,2026-03-30,8,13,2025-10-31
USR0390,Org-Gamma-Team3,Org-Gamma,2025-10-05,8,16,2025-10-02
USR0390,Org-Gamma-Team3,Org-Gamma,2025-10-07,2,35,2025-10-02
USR0391,Org-Alpha-Team4,Org-Alpha,2025-10-24,1,13,2025-10-24
USR0392,Org-Gamma-Team4,Org-Gamma,2025-10-18,7,40,2025-10-16
USR0392,Org-Gamma-Team4,Org-Gamma,2025-10-20,3,28,2025-10-16
USR0392,Org-Gamma-Team4,Org-Gamma,2025-10-21,7,27,2025-10-16
USR0392,Org-Gamma-Team4,Org-Gamma,2025-10-23,2,2,2025-10-16
USR0392,Org-Gamma-Team4,Org-Gamma,2025-10-24,4,23,2025-10-16
USR0392,Org-Gamma-Team4,Org-Gamma,2025-10-25,6,27,2025-10-16
USR0392,Org-Gamma-Team4,Org-Gamma,2025-10-26,1,35,2025-10-16
USR0392,Org-Gamma-Team4,Org-Gamma,2025-10-27,4,1,2025-10-16
USR0392,Org-Gamma-Team4,Org-Gamma,2025-10-29,7,6,2025-10-16
USR0392,Org-Gamma-Team4,Org-Gamma,2025-10-31,3,6,2025-10-16
USR0392,Org-Gamma-Team4,Org-Gamma,2025-11-01,1,4,2025-10-16
USR0392,Org-Gamma-Team4,Org-Gamma,2025-11-03,2,25,2025-10-16
USR0392,Org-Gamma-Team4,Org-Gamma,2025-11-06,1,36,2025-10-16
USR0392,Org-Gamma-Team4,Org-Gamma,2025-11-07,5,10,2025-10-16
USR0392,Org-Gamma-Team4,Org-Gamma,2025-11-08,4,7,2025-10-16
USR0392,Org-Gamma-Team4,Org-Gamma,2025-11-09,3,14,2025-10-16
USR0392,Org-Gamma-Team4,Org-Gamma,2025-11-10,5,25,2025-10-16
USR0392,Org-Gamma-Team4,Org-Gamma,2025-11-12,5,31,2025-10-16
USR0392,Org-Gamma-Team4,Org-Gamma,2025-11-13,7,4,2025-10-16
USR0392,Org-Gamma-Team4,Org-Gamma,2025-11-15,8,16,2025-10-16
USR0392,Org-Gamma-Team4,Org-Gamma,2025-11-16,8,34,2025-10-16
USR0392,Org-Gamma-Team4,Org-Gamma,2025-11-17,3,5,2025-10-16
USR0392,Org-Gamma-Team4,Org-Gamma,2025-11-18,2,3,2025-10-16
USR0392,Org-Gamma-Team4,Org-Gamma,2025-11-19,3,39,2025-10-16
USR0392,Org-Gamma-Team4,Org-Gamma,2025-11-20,5,31,2025-10-16
USR0392,Org-Gamma-Team4,Org-Gamma,2025-11-23,1,7,2025-10-16
USR0392,Org-Gamma-Team4,Org-Gamma,2025-11-25,6,26,2025-10-16
USR0392,Org-Gamma-Team4,Org-Gamma,2025-11-26,7,22,2025-10-16
USR0392,Org-Gamma-Team4,Org-Gamma,2025-11-27,6,30,2025-10-16
USR0392,Org-Gamma-Team4,Org-Gamma,2025-11-29,1,15,2025-10-16
USR0392,Org-Gamma-Team4,Org-Gamma,2025-12-01,8,21,2025-10-16
USR0392,Org-Gamma-Team4,Org-Gamma,2025-12-09,4,31,2025-10-16
USR0392,Org-Gamma-Team4,Org-Gamma,2025-12-10,7,21,2025-10-16
USR0392,Org-Gamma-Team4,Org-Gamma,2025-12-11,1,35,2025-10-16
USR0392,Org-Gamma-Team4,Org-Gamma,2025-12-12,6,14,2025-10-16
USR0392,Org-Gamma-Team4,Org-Gamma,2025-12-13,4,2,2025-10-16
USR0392,Org-Gamma-Team4,Org-Gamma,2025-12-14,3,2,2025-10-16
USR0392,Org-Gamma-Team4,Org-Gamma,2025-12-17,3,26,2025-10-16
USR0392,Org-Gamma-Team4,Org-Gamma,2025-12-19,6,17,2025-10-16
USR0392,Org-Gamma-Team4,Org-Gamma,2025-12-20,4,40,2025-10-16
USR0392,Org-Gamma-Team4,Org-Gamma,2025-12-21,5,6,2025-10-16
USR0392,Org-Gamma-Team4,Org-Gamma,2025-12-23,3,22,2025-10-16
USR0392,Org-Gamma-Team4,Org-Gamma,2025-12-24,8,10,2025-10-16
USR0392,Org-Gamma-Team4,Org-Gamma,2025-12-27,6,33,2025-10-16
USR0392,Org-Gamma-Team4,Org-Gamma,2025-12-28,8,12,2025-10-16
USR0392,Org-Gamma-Team4,Org-Gamma,2026-01-02,1,17,2025-10-16
USR0392,Org-Gamma-Team4,Org-Gamma,2026-01-03,1,35,2025-10-16
USR0392,Org-Gamma-Team4,Org-Gamma,2026-01-05,7,6,2025-10-16
USR0392,Org-Gamma-Team4,Org-Gamma,2026-01-06,6,33,2025-10-16
USR0392,Org-Gamma-Team4,Org-Gamma,2026-01-07,5,15,2025-10-16
USR0392,Org-Gamma-Team4,Org-Gamma,2026-01-08,6,30,2025-10-16
USR0392,Org-Gamma-Team4,Org-Gamma,2026-01-10,2,9,2025-10-16
USR0392,Org-Gamma-Team4,Org-Gamma,2026-01-11,7,34,2025-10-16
USR0392,Org-Gamma-Team4,Org-Gamma,2026-01-12,2,30,2025-10-16
USR0392,Org-Gamma-Team4,Org-Gamma,2026-01-17,6,10,2025-10-16
USR0392,Org-Gamma-Team4,Org-Gamma,2026-01-19,8,8,2025-10-16
USR0392,Org-Gamma-Team4,Org-Gamma,2026-01-20,8,1,2025-10-16
USR0392,Org-Gamma-Team4,Org-Gamma,2026-01-22,7,18,2025-10-16
USR0392,Org-Gamma-Team4,Org-Gamma,2026-01-23,5,7,2025-10-16
USR0392,Org-Gamma-Team4,Org-Gamma,2026-01-24,4,23,2025-10-16
USR0392,Org-Gamma-Team4,Org-Gamma,2026-01-27,6,13,2025-10-16
USR0392,Org-Gamma-Team4,Org-Gamma,2026-01-29,3,22,2025-10-16
USR0392,Org-Gamma-Team4,Org-Gamma,2026-01-30,8,29,2025-10-16
USR0392,Org-Gamma-Team4,Org-Gamma,2026-02-01,8,31,2025-10-16
USR0392,Org-Gamma-Team4,Org-Gamma,2026-02-03,6,6,2025-10-16
USR0392,Org-Gamma-Team4,Org-Gamma,2026-02-04,7,3,2025-10-16
USR0392,Org-Gamma-Team4,Org-Gamma,2026-02-05,3,16,2025-10-16
USR0392,Org-Gamma-Team4,Org-Gamma,2026-02-08,5,2,2025-10-16
USR0392,Org-Gamma-Team4,Org-Gamma,2026-02-10,1,29,2025-10-16
USR0392,Org-Gamma-Team4,Org-Gamma,2026-02-13,2,40,2025-10-16
USR0392,Org-Gamma-Team4,Org-Gamma,2026-02-15,4,10,2025-10-16
USR0392,Org-Gamma-Team4,Org-Gamma,2026-02-16,5,32,2025-10-16
USR0392,Org-Gamma-Team4,Org-Gamma,2026-02-18,7,5,2025-10-16
USR0392,Org-Gamma-Team4,Org-Gamma,2026-02-20,6,15,2025-10-16
USR0392,Org-Gamma-Team4,Org-Gamma,2026-02-21,5,6,2025-10-16
USR0392,Org-Gamma-Team4,Org-Gamma,2026-02-22,1,28,2025-10-16
USR0392,Org-Gamma-Team4,Org-Gamma,2026-02-23,2,21,2025-10-16
USR0392,Org-Gamma-Team4,Org-Gamma,2026-02-26,4,2,2025-10-16
USR0392,Org-Gamma-Team4,Org-Gamma,2026-02-28,1,23,2025-10-16
USR0392,Org-Gamma-Team4,Org-Gamma,2026-03-03,4,18,2025-10-16
USR0392,Org-Gamma-Team4,Org-Gamma,2026-03-05,4,21,2025-10-16
USR0392,Org-Gamma-Team4,Org-Gamma,2026-03-06,1,34,2025-10-16
USR0392,Org-Gamma-Team4,Org-Gamma,2026-03-07,4,19,2025-10-16
USR0392,Org-Gamma-Team4,Org-Gamma,2026-03-08,5,17,2025-10-16
USR0392,Org-Gamma-Team4,Org-Gamma,2026-03-09,7,30,2025-10-16
USR0392,Org-Gamma-Team4,Org-Gamma,2026-03-10,2,35,2025-10-16
USR0392,Org-Gamma-Team4,Org-Gamma,2026-03-11,5,16,2025-10-16
USR0392,Org-Gamma-Team4,Org-Gamma,2026-03-12,7,19,2025-10-16
USR0392,Org-Gamma-Team4,Org-Gamma,2026-03-13,3,39,2025-10-16
USR0392,Org-Gamma-Team4,Org-Gamma,2026-03-15,4,20,2025-10-16
USR0392,Org-Gamma-Team4,Org-Gamma,2026-03-16,1,39,2025-10-16
USR0392,Org-Gamma-Team4,Org-Gamma,2026-03-19,6,7,2025-10-16
USR0392,Org-Gamma-Team4,Org-Gamma,2026-03-20,3,36,2025-10-16
USR0392,Org-Gamma-Team4,Org-Gamma,2026-03-22,5,23,2025-10-16
USR0392,Org-Gamma-Team4,Org-Gamma,2026-03-23,3,25,2025-10-16
USR0392,Org-Gamma-Team4,Org-Gamma,2026-03-24,8,14,2025-10-16
USR0392,Org-Gamma-Team4,Org-Gamma,2026-03-25,3,22,2025-10-16
USR0392,Org-Gamma-Team4,Org-Gamma,2026-03-26,3,36,2025-10-16
USR0392,Org-Gamma-Team4,Org-Gamma,2026-03-28,7,15,2025-10-16
USR0392,Org-Gamma-Team4,Org-Gamma,2026-03-29,5,7,2025-10-16
USR0393,Org-Alpha-Team3,Org-Alpha,2025-10-24,3,9,2025-10-24
USR0393,Org-Alpha-Team3,Org-Alpha,2025-10-25,7,34,2025-10-24
USR0393,Org-Alpha-Team3,Org-Alpha,2025-10-28,3,5,2025-10-24
USR0394,Org-Alpha-Team2,Org-Alpha,2025-10-16,6,10,2025-10-16
USR0394,Org-Alpha-Team2,Org-Alpha,2025-10-18,5,30,2025-10-16
USR0394,Org-Alpha-Team2,Org-Alpha,2025-10-19,6,1,2025-10-16
USR0395,Org-Epsilon-Team4,Org-Epsilon,2025-10-12,6,34,2025-10-12
USR0395,Org-Epsilon-Team4,Org-Epsilon,2025-10-14,7,20,2025-10-12
USR0395,Org-Epsilon-Team4,Org-Epsilon,2025-10-15,5,8,2025-10-12
USR0395,Org-Epsilon-Team4,Org-Epsilon,2025-10-16,4,8,2025-10-12
USR0395,Org-Epsilon-Team4,Org-Epsilon,2025-10-17,7,3,2025-10-12
USR0395,Org-Epsilon-Team4,Org-Epsilon,2025-10-18,4,13,2025-10-12
USR0395,Org-Epsilon-Team4,Org-Epsilon,2025-10-19,5,35,2025-10-12
USR0395,Org-Epsilon-Team4,Org-Epsilon,2025-10-20,3,17,2025-10-12
USR0395,Org-Epsilon-Team4,Org-Epsilon,2025-10-21,5,35,2025-10-12
USR0395,Org-Epsilon-Team4,Org-Epsilon,2025-10-22,7,1,2025-10-12
USR0395,Org-Epsilon-Team4,Org-Epsilon,2025-10-26,8,28,2025-10-12
USR0395,Org-Epsilon-Team4,Org-Epsilon,2025-10-28,7,7,2025-10-12
USR0395,Org-Epsilon-Team4,Org-Epsilon,2025-10-30,2,3,2025-10-12
USR0395,Org-Epsilon-Team4,Org-Epsilon,2025-11-01,8,15,2025-10-12
USR0395,Org-Epsilon-Team4,Org-Epsilon,2025-11-02,2,11,2025-10-12
USR0395,Org-Epsilon-Team4,Org-Epsilon,2025-11-04,4,21,2025-10-12
USR0395,Org-Epsilon-Team4,Org-Epsilon,2025-11-05,5,36,2025-10-12
USR0395,Org-Epsilon-Team4,Org-Epsilon,2025-11-09,8,5,2025-10-12
USR0395,Org-Epsilon-Team4,Org-Epsilon,2025-11-10,8,32,2025-10-12
USR0395,Org-Epsilon-Team4,Org-Epsilon,2025-11-13,6,13,2025-10-12
USR0395,Org-Epsilon-Team4,Org-Epsilon,2025-11-17,8,19,2025-10-12
USR0395,Org-Epsilon-Team4,Org-Epsilon,2025-11-18,5,1,2025-10-12
USR0395,Org-Epsilon-Team4,Org-Epsilon,2025-11-20,4,2,2025-10-12
USR0395,Org-Epsilon-Team4,Org-Epsilon,2025-11-24,3,11,2025-10-12
USR0395,Org-Epsilon-Team4,Org-Epsilon,2025-11-25,1,26,2025-10-12
USR0395,Org-Epsilon-Team4,Org-Epsilon,2025-11-26,2,39,2025-10-12
USR0395,Org-Epsilon-Team4,Org-Epsilon,2025-11-28,5,3,2025-10-12
USR0395,Org-Epsilon-Team4,Org-Epsilon,2025-11-29,4,30,2025-10-12
USR0395,Org-Epsilon-Team4,Org-Epsilon,2025-11-30,6,9,2025-10-12
USR0395,Org-Epsilon-Team4,Org-Epsilon,2025-12-03,3,34,2025-10-12
USR0395,Org-Epsilon-Team4,Org-Epsilon,2025-12-04,3,16,2025-10-12
USR0395,Org-Epsilon-Team4,Org-Epsilon,2025-12-05,7,21,2025-10-12
USR0395,Org-Epsilon-Team4,Org-Epsilon,2025-12-06,7,3,2025-10-12
USR0395,Org-Epsilon-Team4,Org-Epsilon,2025-12-08,6,38,2025-10-12
USR0395,Org-Epsilon-Team4,Org-Epsilon,2025-12-09,2,34,2025-10-12
USR0395,Org-Epsilon-Team4,Org-Epsilon,2025-12-11,1,16,2025-10-12
USR0395,Org-Epsilon-Team4,Org-Epsilon,2025-12-12,6,13,2025-10-12
USR0395,Org-Epsilon-Team4,Org-Epsilon,2025-12-13,3,35,2025-10-12
USR0395,Org-Epsilon-Team4,Org-Epsilon,2025-12-21,4,1,2025-10-12
USR0395,Org-Epsilon-Team4,Org-Epsilon,2025-12-22,1,35,2025-10-12
USR0395,Org-Epsilon-Team4,Org-Epsilon,2025-12-23,7,37,2025-10-12
USR0395,Org-Epsilon-Team4,Org-Epsilon,2025-12-26,8,25,2025-10-12
USR0395,Org-Epsilon-Team4,Org-Epsilon,2025-12-28,2,24,2025-10-12
USR0395,Org-Epsilon-Team4,Org-Epsilon,2025-12-29,6,5,2025-10-12
USR0395,Org-Epsilon-Team4,Org-Epsilon,2026-01-01,1,9,2025-10-12
USR0395,Org-Epsilon-Team4,Org-Epsilon,2026-01-02,3,40,2025-10-12
USR0395,Org-Epsilon-Team4,Org-Epsilon,2026-01-06,3,36,2025-10-12
USR0395,Org-Epsilon-Team4,Org-Epsilon,2026-01-07,6,35,2025-10-12
USR0395,Org-Epsilon-Team4,Org-Epsilon,2026-01-09,3,25,2025-10-12
USR0395,Org-Epsilon-Team4,Org-Epsilon,2026-01-10,8,18,2025-10-12
USR0395,Org-Epsilon-Team4,Org-Epsilon,2026-01-12,2,4,2025-10-12
USR0395,Org-Epsilon-Team4,Org-Epsilon,2026-01-17,6,30,2025-10-12
USR0395,Org-Epsilon-Team4,Org-Epsilon,2026-01-19,4,17,2025-10-12
USR0395,Org-Epsilon-Team4,Org-Epsilon,2026-01-20,4,34,2025-10-12
USR0395,Org-Epsilon-Team4,Org-Epsilon,2026-01-22,7,6,2025-10-12
USR0395,Org-Epsilon-Team4,Org-Epsilon,2026-01-24,6,36,2025-10-12
USR0395,Org-Epsilon-Team4,Org-Epsilon,2026-01-25,4,2,2025-10-12
USR0395,Org-Epsilon-Team4,Org-Epsilon,2026-01-27,7,6,2025-10-12
USR0395,Org-Epsilon-Team4,Org-Epsilon,2026-01-28,1,40,2025-10-12
USR0395,Org-Epsilon-Team4,Org-Epsilon,2026-01-29,7,30,2025-10-12
USR0395,Org-Epsilon-Team4,Org-Epsilon,2026-01-30,3,3,2025-10-12
USR0395,Org-Epsilon-Team4,Org-Epsilon,2026-01-31,2,18,2025-10-12
USR0395,Org-Epsilon-Team4,Org-Epsilon,2026-02-01,5,35,2025-10-12
USR0395,Org-Epsilon-Team4,Org-Epsilon,2026-02-02,2,36,2025-10-12
USR0395,Org-Epsilon-Team4,Org-Epsilon,2026-02-05,3,33,2025-10-12
USR0395,Org-Epsilon-Team4,Org-Epsilon,2026-02-06,5,35,2025-10-12
USR0395,Org-Epsilon-Team4,Org-Epsilon,2026-02-08,5,3,2025-10-12
USR0395,Org-Epsilon-Team4,Org-Epsilon,2026-02-10,3,27,2025-10-12
USR0395,Org-Epsilon-Team4,Org-Epsilon,2026-02-11,7,23,2025-10-12
USR0395,Org-Epsilon-Team4,Org-Epsilon,2026-02-15,3,2,2025-10-12
USR0395,Org-Epsilon-Team4,Org-Epsilon,2026-02-17,1,23,2025-10-12
USR0395,Org-Epsilon-Team4,Org-Epsilon,2026-02-18,1,6,2025-10-12
USR0395,Org-Epsilon-Team4,Org-Epsilon,2026-02-19,8,19,2025-10-12
USR0395,Org-Epsilon-Team4,Org-Epsilon,2026-02-24,3,40,2025-10-12
USR0395,Org-Epsilon-Team4,Org-Epsilon,2026-02-25,6,24,2025-10-12
USR0395,Org-Epsilon-Team4,Org-Epsilon,2026-02-27,1,36,2025-10-12
USR0395,Org-Epsilon-Team4,Org-Epsilon,2026-02-28,1,1,2025-10-12
USR0395,Org-Epsilon-Team4,Org-Epsilon,2026-03-01,2,9,2025-10-12
USR0395,Org-Epsilon-Team4,Org-Epsilon,2026-03-03,3,18,2025-10-12
USR0395,Org-Epsilon-Team4,Org-Epsilon,2026-03-05,5,31,2025-10-12
USR0395,Org-Epsilon-Team4,Org-Epsilon,2026-03-07,6,8,2025-10-12
USR0395,Org-Epsilon-Team4,Org-Epsilon,2026-03-08,1,26,2025-10-12
USR0395,Org-Epsilon-Team4,Org-Epsilon,2026-03-10,3,20,2025-10-12
USR0395,Org-Epsilon-Team4,Org-Epsilon,2026-03-13,6,31,2025-10-12
USR0395,Org-Epsilon-Team4,Org-Epsilon,2026-03-17,8,19,2025-10-12
USR0395,Org-Epsilon-Team4,Org-Epsilon,2026-03-18,4,4,2025-10-12
USR0395,Org-Epsilon-Team4,Org-Epsilon,2026-03-20,6,29,2025-10-12
USR0395,Org-Epsilon-Team4,Org-Epsilon,2026-03-21,1,40,2025-10-12
USR0395,Org-Epsilon-Team4,Org-Epsilon,2026-03-22,1,3,2025-10-12
USR0395,Org-Epsilon-Team4,Org-Epsilon,2026-03-25,8,20,2025-10-12
USR0395,Org-Epsilon-Team4,Org-Epsilon,2026-03-28,5,9,2025-10-12
USR0395,Org-Epsilon-Team4,Org-Epsilon,2026-03-29,3,11,2025-10-12
USR0395,Org-Epsilon-Team4,Org-Epsilon,2026-03-30,6,37,2025-10-12
USR0395,Org-Epsilon-Team4,Org-Epsilon,2026-03-31,6,30,2025-10-12
USR0396,Org-Beta-Team1,Org-Beta,2025-10-14,8,24,2025-10-08
USR0397,Org-Beta-Team2,Org-Beta,2025-10-12,6,25,2025-10-12
USR0397,Org-Beta-Team2,Org-Beta,2025-10-14,7,25,2025-10-12
USR0397,Org-Beta-Team2,Org-Beta,2025-10-15,8,34,2025-10-12
USR0397,Org-Beta-Team2,Org-Beta,2025-10-16,7,20,2025-10-12
USR0398,Org-Delta-Team2,Org-Delta,2025-10-17,1,12,2025-10-17
USR0398,Org-Delta-Team2,Org-Delta,2025-10-18,5,26,2025-10-17
USR0399,Org-Epsilon-Team1,Org-Epsilon,2025-10-11,8,40,2025-10-11
USR0399,Org-Epsilon-Team1,Org-Epsilon,2025-10-12,3,38,2025-10-11
USR0399,Org-Epsilon-Team1,Org-Epsilon,2025-10-13,5,19,2025-10-11
USR0399,Org-Epsilon-Team1,Org-Epsilon,2025-10-14,5,8,2025-10-11
USR0399,Org-Epsilon-Team1,Org-Epsilon,2025-10-16,1,22,2025-10-11
USR0399,Org-Epsilon-Team1,Org-Epsilon,2025-10-18,4,31,2025-10-11
USR0399,Org-Epsilon-Team1,Org-Epsilon,2025-10-19,6,7,2025-10-11
USR0399,Org-Epsilon-Team1,Org-Epsilon,2025-10-21,7,8,2025-10-11
USR0399,Org-Epsilon-Team1,Org-Epsilon,2025-10-22,8,24,2025-10-11
USR0399,Org-Epsilon-Team1,Org-Epsilon,2025-10-24,5,11,2025-10-11
USR0399,Org-Epsilon-Team1,Org-Epsilon,2025-10-25,2,13,2025-10-11
USR0399,Org-Epsilon-Team1,Org-Epsilon,2025-10-26,3,19,2025-10-11
USR0399,Org-Epsilon-Team1,Org-Epsilon,2025-10-27,8,30,2025-10-11
USR0399,Org-Epsilon-Team1,Org-Epsilon,2025-10-29,1,7,2025-10-11
USR0399,Org-Epsilon-Team1,Org-Epsilon,2025-10-31,8,19,2025-10-11
USR0399,Org-Epsilon-Team1,Org-Epsilon,2025-11-02,1,17,2025-10-11
USR0399,Org-Epsilon-Team1,Org-Epsilon,2025-11-03,1,38,2025-10-11
USR0399,Org-Epsilon-Team1,Org-Epsilon,2025-11-04,3,29,2025-10-11
USR0399,Org-Epsilon-Team1,Org-Epsilon,2025-11-05,5,15,2025-10-11
USR0399,Org-Epsilon-Team1,Org-Epsilon,2025-11-07,5,31,2025-10-11
USR0399,Org-Epsilon-Team1,Org-Epsilon,2025-11-08,4,20,2025-10-11
USR0399,Org-Epsilon-Team1,Org-Epsilon,2025-11-10,4,33,2025-10-11
USR0399,Org-Epsilon-Team1,Org-Epsilon,2025-11-11,7,6,2025-10-11
USR0399,Org-Epsilon-Team1,Org-Epsilon,2025-11-13,8,30,2025-10-11
USR0399,Org-Epsilon-Team1,Org-Epsilon,2025-11-14,6,34,2025-10-11
USR0399,Org-Epsilon-Team1,Org-Epsilon,2025-11-16,4,6,2025-10-11
USR0399,Org-Epsilon-Team1,Org-Epsilon,2025-11-18,6,11,2025-10-11
USR0399,Org-Epsilon-Team1,Org-Epsilon,2025-11-21,1,2,2025-10-11
USR0399,Org-Epsilon-Team1,Org-Epsilon,2025-11-23,2,9,2025-10-11
USR0399,Org-Epsilon-Team1,Org-Epsilon,2025-11-25,6,32,2025-10-11
USR0399,Org-Epsilon-Team1,Org-Epsilon,2025-11-26,3,35,2025-10-11
USR0399,Org-Epsilon-Team1,Org-Epsilon,2025-11-28,6,40,2025-10-11
USR0399,Org-Epsilon-Team1,Org-Epsilon,2025-11-29,8,28,2025-10-11
USR0399,Org-Epsilon-Team1,Org-Epsilon,2025-11-30,6,37,2025-10-11
USR0399,Org-Epsilon-Team1,Org-Epsilon,2025-12-02,3,27,2025-10-11
USR0399,Org-Epsilon-Team1,Org-Epsilon,2025-12-03,4,3,2025-10-11
USR0399,Org-Epsilon-Team1,Org-Epsilon,2025-12-04,4,29,2025-10-11
USR0399,Org-Epsilon-Team1,Org-Epsilon,2025-12-06,4,23,2025-10-11
USR0399,Org-Epsilon-Team1,Org-Epsilon,2025-12-07,5,7,2025-10-11
USR0399,Org-Epsilon-Team1,Org-Epsilon,2025-12-08,4,17,2025-10-11
USR0399,Org-Epsilon-Team1,Org-Epsilon,2025-12-09,3,13,2025-10-11
USR0399,Org-Epsilon-Team1,Org-Epsilon,2025-12-10,6,34,2025-10-11
USR0399,Org-Epsilon-Team1,Org-Epsilon,2025-12-11,3,19,2025-10-11
USR0399,Org-Epsilon-Team1,Org-Epsilon,2025-12-12,8,5,2025-10-11
USR0399,Org-Epsilon-Team1,Org-Epsilon,2025-12-17,4,22,2025-10-11
USR0399,Org-Epsilon-Team1,Org-Epsilon,2025-12-18,5,39,2025-10-11
USR0399,Org-Epsilon-Team1,Org-Epsilon,2025-12-19,7,13,2025-10-11
USR0399,Org-Epsilon-Team1,Org-Epsilon,2025-12-20,1,10,2025-10-11
USR0399,Org-Epsilon-Team1,Org-Epsilon,2025-12-21,8,17,2025-10-11
USR0399,Org-Epsilon-Team1,Org-Epsilon,2025-12-24,2,3,2025-10-11
USR0399,Org-Epsilon-Team1,Org-Epsilon,2025-12-26,8,25,2025-10-11
USR0399,Org-Epsilon-Team1,Org-Epsilon,2025-12-27,5,18,2025-10-11
USR0399,Org-Epsilon-Team1,Org-Epsilon,2025-12-28,5,27,2025-10-11
USR0399,Org-Epsilon-Team1,Org-Epsilon,2025-12-29,7,14,2025-10-11
USR0399,Org-Epsilon-Team1,Org-Epsilon,2025-12-30,6,26,2025-10-11
USR0399,Org-Epsilon-Team1,Org-Epsilon,2025-12-31,7,12,2025-10-11
USR0399,Org-Epsilon-Team1,Org-Epsilon,2026-01-01,8,3,2025-10-11
USR0399,Org-Epsilon-Team1,Org-Epsilon,2026-01-03,2,24,2025-10-11
USR0399,Org-Epsilon-Team1,Org-Epsilon,2026-01-06,4,23,2025-10-11
USR0399,Org-Epsilon-Team1,Org-Epsilon,2026-01-08,3,13,2025-10-11
USR0399,Org-Epsilon-Team1,Org-Epsilon,2026-01-11,5,20,2025-10-11
USR0399,Org-Epsilon-Team1,Org-Epsilon,2026-01-12,3,25,2025-10-11
USR0399,Org-Epsilon-Team1,Org-Epsilon,2026-01-13,3,16,2025-10-11
USR0399,Org-Epsilon-Team1,Org-Epsilon,2026-01-14,8,10,2025-10-11
USR0399,Org-Epsilon-Team1,Org-Epsilon,2026-01-16,6,24,2025-10-11
USR0399,Org-Epsilon-Team1,Org-Epsilon,2026-01-19,7,5,2025-10-11
USR0399,Org-Epsilon-Team1,Org-Epsilon,2026-01-23,6,34,2025-10-11
USR0399,Org-Epsilon-Team1,Org-Epsilon,2026-01-25,6,11,2025-10-11
USR0399,Org-Epsilon-Team1,Org-Epsilon,2026-01-26,1,33,2025-10-11
USR0399,Org-Epsilon-Team1,Org-Epsilon,2026-01-27,6,27,2025-10-11
USR0399,Org-Epsilon-Team1,Org-Epsilon,2026-01-28,4,15,2025-10-11
USR0399,Org-Epsilon-Team1,Org-Epsilon,2026-01-29,6,26,2025-10-11
USR0399,Org-Epsilon-Team1,Org-Epsilon,2026-01-30,6,38,2025-10-11
USR0399,Org-Epsilon-Team1,Org-Epsilon,2026-01-31,3,36,2025-10-11
USR0399,Org-Epsilon-Team1,Org-Epsilon,2026-02-01,4,40,2025-10-11
USR0399,Org-Epsilon-Team1,Org-Epsilon,2026-02-02,8,20,2025-10-11
USR0399,Org-Epsilon-Team1,Org-Epsilon,2026-02-03,7,38,2025-10-11
USR0399,Org-Epsilon-Team1,Org-Epsilon,2026-02-04,1,23,2025-10-11
USR0399,Org-Epsilon-Team1,Org-Epsilon,2026-02-06,4,13,2025-10-11
USR0399,Org-Epsilon-Team1,Org-Epsilon,2026-02-08,3,26,2025-10-11
USR0399,Org-Epsilon-Team1,Org-Epsilon,2026-02-10,5,1,2025-10-11
USR0399,Org-Epsilon-Team1,Org-Epsilon,2026-02-11,8,24,2025-10-11
USR0399,Org-Epsilon-Team1,Org-Epsilon,2026-02-12,8,21,2025-10-11
USR0399,Org-Epsilon-Team1,Org-Epsilon,2026-02-13,7,26,2025-10-11
USR0399,Org-Epsilon-Team1,Org-Epsilon,2026-02-14,6,34,2025-10-11
USR0399,Org-Epsilon-Team1,Org-Epsilon,2026-02-15,1,26,2025-10-11
USR0399,Org-Epsilon-Team1,Org-Epsilon,2026-02-16,7,38,2025-10-11
USR0399,Org-Epsilon-Team1,Org-Epsilon,2026-02-17,3,11,2025-10-11
USR0399,Org-Epsilon-Team1,Org-Epsilon,2026-02-18,5,12,2025-10-11
USR0399,Org-Epsilon-Team1,Org-Epsilon,2026-02-19,4,2,2025-10-11
USR0399,Org-Epsilon-Team1,Org-Epsilon,2026-02-20,4,5,2025-10-11
USR0399,Org-Epsilon-Team1,Org-Epsilon,2026-02-21,1,28,2025-10-11
USR0399,Org-Epsilon-Team1,Org-Epsilon,2026-02-23,2,16,2025-10-11
USR0399,Org-Epsilon-Team1,Org-Epsilon,2026-02-24,4,22,2025-10-11
USR0399,Org-Epsilon-Team1,Org-Epsilon,2026-02-25,2,20,2025-10-11
USR0399,Org-Epsilon-Team1,Org-Epsilon,2026-02-27,1,10,2025-10-11
USR0399,Org-Epsilon-Team1,Org-Epsilon,2026-02-28,2,9,2025-10-11
USR0399,Org-Epsilon-Team1,Org-Epsilon,2026-03-02,7,8,2025-10-11
USR0399,Org-Epsilon-Team1,Org-Epsilon,2026-03-03,3,19,2025-10-11
USR0399,Org-Epsilon-Team1,Org-Epsilon,2026-03-05,3,17,2025-10-11
USR0399,Org-Epsilon-Team1,Org-Epsilon,2026-03-07,5,16,2025-10-11
USR0399,Org-Epsilon-Team1,Org-Epsilon,2026-03-08,4,9,2025-10-11
USR0399,Org-Epsilon-Team1,Org-Epsilon,2026-03-10,1,7,2025-10-11
USR0399,Org-Epsilon-Team1,Org-Epsilon,2026-03-11,8,34,2025-10-11
USR0399,Org-Epsilon-Team1,Org-Epsilon,2026-03-13,3,17,2025-10-11
USR0399,Org-Epsilon-Team1,Org-Epsilon,2026-03-15,8,37,2025-10-11
USR0399,Org-Epsilon-Team1,Org-Epsilon,2026-03-16,4,22,2025-10-11
USR0399,Org-Epsilon-Team1,Org-Epsilon,2026-03-17,3,39,2025-10-11
USR0399,Org-Epsilon-Team1,Org-Epsilon,2026-03-18,7,8,2025-10-11
USR0399,Org-Epsilon-Team1,Org-Epsilon,2026-03-20,7,12,2025-10-11
USR0399,Org-Epsilon-Team1,Org-Epsilon,2026-03-21,5,27,2025-10-11
USR0399,Org-Epsilon-Team1,Org-Epsilon,2026-03-24,8,30,2025-10-11
USR0399,Org-Epsilon-Team1,Org-Epsilon,2026-03-25,6,14,2025-10-11
USR0399,Org-Epsilon-Team1,Org-Epsilon,2026-03-26,5,1,2025-10-11
USR0399,Org-Epsilon-Team1,Org-Epsilon,2026-03-27,1,30,2025-10-11
USR0399,Org-Epsilon-Team1,Org-Epsilon,2026-03-28,1,26,2025-10-11
USR0399,Org-Epsilon-Team1,Org-Epsilon,2026-03-29,4,25,2025-10-11
USR0399,Org-Epsilon-Team1,Org-Epsilon,2026-03-30,8,13,2025-10-11
USR0400,Org-Gamma-Team3,Org-Gamma,2025-10-24,3,27,2025-10-24
USR0400,Org-Gamma-Team3,Org-Gamma,2025-10-25,4,28,2025-10-24
USR0400,Org-Gamma-Team3,Org-Gamma,2025-10-26,3,19,2025-10-24
USR0400,Org-Gamma-Team3,Org-Gamma,2025-10-27,8,29,2025-10-24
USR0400,Org-Gamma-Team3,Org-Gamma,2025-10-29,3,20,2025-10-24
USR0400,Org-Gamma-Team3,Org-Gamma,2025-10-30,3,5,2025-10-24
USR0400,Org-Gamma-Team3,Org-Gamma,2025-10-31,3,39,2025-10-24
USR0400,Org-Gamma-Team3,Org-Gamma,2025-11-01,3,11,2025-10-24
USR0400,Org-Gamma-Team3,Org-Gamma,2025-11-04,2,13,2025-10-24
USR0400,Org-Gamma-Team3,Org-Gamma,2025-11-05,6,12,2025-10-24
USR0400,Org-Gamma-Team3,Org-Gamma,2025-11-07,1,25,2025-10-24
USR0400,Org-Gamma-Team3,Org-Gamma,2025-11-08,1,38,2025-10-24
USR0400,Org-Gamma-Team3,Org-Gamma,2025-11-10,1,7,2025-10-24
USR0400,Org-Gamma-Team3,Org-Gamma,2025-11-12,3,20,2025-10-24
USR0400,Org-Gamma-Team3,Org-Gamma,2025-11-13,3,12,2025-10-24
USR0400,Org-Gamma-Team3,Org-Gamma,2025-11-14,3,17,2025-10-24
USR0400,Org-Gamma-Team3,Org-Gamma,2025-11-16,1,34,2025-10-24
USR0400,Org-Gamma-Team3,Org-Gamma,2025-11-19,4,23,2025-10-24
USR0400,Org-Gamma-Team3,Org-Gamma,2025-11-20,7,11,2025-10-24
USR0400,Org-Gamma-Team3,Org-Gamma,2025-11-23,8,18,2025-10-24
USR0400,Org-Gamma-Team3,Org-Gamma,2025-11-24,4,22,2025-10-24
USR0400,Org-Gamma-Team3,Org-Gamma,2025-11-25,4,14,2025-10-24
USR0400,Org-Gamma-Team3,Org-Gamma,2025-11-27,6,40,2025-10-24
USR0400,Org-Gamma-Team3,Org-Gamma,2025-11-28,1,22,2025-10-24
USR0400,Org-Gamma-Team3,Org-Gamma,2025-11-29,1,38,2025-10-24
USR0400,Org-Gamma-Team3,Org-Gamma,2025-12-01,8,24,2025-10-24
USR0400,Org-Gamma-Team3,Org-Gamma,2025-12-02,1,33,2025-10-24
USR0400,Org-Gamma-Team3,Org-Gamma,2025-12-04,8,9,2025-10-24
USR0400,Org-Gamma-Team3,Org-Gamma,2025-12-05,4,1,2025-10-24
USR0400,Org-Gamma-Team3,Org-Gamma,2025-12-06,1,36,2025-10-24
USR0400,Org-Gamma-Team3,Org-Gamma,2025-12-07,2,36,2025-10-24
USR0400,Org-Gamma-Team3,Org-Gamma,2025-12-08,5,33,2025-10-24
USR0400,Org-Gamma-Team3,Org-Gamma,2025-12-10,8,19,2025-10-24
USR0400,Org-Gamma-Team3,Org-Gamma,2025-12-11,6,11,2025-10-24
USR0400,Org-Gamma-Team3,Org-Gamma,2025-12-13,4,24,2025-10-24
USR0400,Org-Gamma-Team3,Org-Gamma,2025-12-15,6,3,2025-10-24
USR0400,Org-Gamma-Team3,Org-Gamma,2025-12-16,7,37,2025-10-24
USR0400,Org-Gamma-Team3,Org-Gamma,2025-12-17,3,30,2025-10-24
USR0400,Org-Gamma-Team3,Org-Gamma,2025-12-22,3,24,2025-10-24
USR0400,Org-Gamma-Team3,Org-Gamma,2025-12-27,2,4,2025-10-24
USR0400,Org-Gamma-Team3,Org-Gamma,2025-12-30,7,12,2025-10-24
USR0400,Org-Gamma-Team3,Org-Gamma,2026-01-02,7,29,2025-10-24
USR0400,Org-Gamma-Team3,Org-Gamma,2026-01-03,1,37,2025-10-24
USR0400,Org-Gamma-Team3,Org-Gamma,2026-01-07,5,31,2025-10-24
USR0400,Org-Gamma-Team3,Org-Gamma,2026-01-08,4,28,2025-10-24
USR0400,Org-Gamma-Team3,Org-Gamma,2026-01-10,5,21,2025-10-24
USR0400,Org-Gamma-Team3,Org-Gamma,2026-01-13,7,21,2025-10-24
USR0400,Org-Gamma-Team3,Org-Gamma,2026-01-14,4,9,2025-10-24
USR0400,Org-Gamma-Team3,Org-Gamma,2026-01-17,4,20,2025-10-24
USR0400,Org-Gamma-Team3,Org-Gamma,2026-01-23,2,23,2025-10-24
USR0400,Org-Gamma-Team3,Org-Gamma,2026-01-24,5,13,2025-10-24
USR0400,Org-Gamma-Team3,Org-Gamma,2026-01-26,2,22,2025-10-24
USR0400,Org-Gamma-Team3,Org-Gamma,2026-01-29,1,40,2025-10-24
USR0400,Org-Gamma-Team3,Org-Gamma,2026-02-01,2,12,2025-10-24
USR0400,Org-Gamma-Team3,Org-Gamma,2026-02-02,6,11,2025-10-24
USR0400,Org-Gamma-Team3,Org-Gamma,2026-02-05,8,19,2025-10-24
USR0400,Org-Gamma-Team3,Org-Gamma,2026-02-06,8,4,2025-10-24
USR0400,Org-Gamma-Team3,Org-Gamma,2026-02-07,7,19,2025-10-24
USR0400,Org-Gamma-Team3,Org-Gamma,2026-02-08,7,15,2025-10-24
USR0400,Org-Gamma-Team3,Org-Gamma,2026-02-09,1,30,2025-10-24
USR0400,Org-Gamma-Team3,Org-Gamma,2026-02-10,1,5,2025-10-24
USR0400,Org-Gamma-Team3,Org-Gamma,2026-02-12,5,19,2025-10-24
USR0400,Org-Gamma-Team3,Org-Gamma,2026-02-13,1,24,2025-10-24
USR0400,Org-Gamma-Team3,Org-Gamma,2026-02-14,5,9,2025-10-24
USR0400,Org-Gamma-Team3,Org-Gamma,2026-02-15,8,20,2025-10-24
USR0400,Org-Gamma-Team3,Org-Gamma,2026-02-18,5,38,2025-10-24
USR0400,Org-Gamma-Team3,Org-Gamma,2026-02-19,1,4,2025-10-24
USR0400,Org-Gamma-Team3,Org-Gamma,2026-02-20,4,5,2025-10-24
USR0400,Org-Gamma-Team3,Org-Gamma,2026-02-24,1,19,2025-10-24
USR0400,Org-Gamma-Team3,Org-Gamma,2026-02-25,4,2,2025-10-24
USR0400,Org-Gamma-Team3,Org-Gamma,2026-02-27,1,17,2025-10-24
USR0400,Org-Gamma-Team3,Org-Gamma,2026-02-28,2,4,2025-10-24
USR0400,Org-Gamma-Team3,Org-Gamma,2026-03-01,5,14,2025-10-24
USR0400,Org-Gamma-Team3,Org-Gamma,2026-03-02,6,24,2025-10-24
USR0400,Org-Gamma-Team3,Org-Gamma,2026-03-04,6,34,2025-10-24
USR0400,Org-Gamma-Team3,Org-Gamma,2026-03-05,6,3,2025-10-24
USR0400,Org-Gamma-Team3,Org-Gamma,2026-03-06,1,28,2025-10-24
USR0400,Org-Gamma-Team3,Org-Gamma,2026-03-07,6,8,2025-10-24
USR0400,Org-Gamma-Team3,Org-Gamma,2026-03-08,5,34,2025-10-24
USR0400,Org-Gamma-Team3,Org-Gamma,2026-03-09,2,22,2025-10-24
USR0400,Org-Gamma-Team3,Org-Gamma,2026-03-10,6,8,2025-10-24
USR0400,Org-Gamma-Team3,Org-Gamma,2026-03-11,3,30,2025-10-24
USR0400,Org-Gamma-Team3,Org-Gamma,2026-03-12,3,5,2025-10-24
USR0400,Org-Gamma-Team3,Org-Gamma,2026-03-13,4,35,2025-10-24
USR0400,Org-Gamma-Team3,Org-Gamma,2026-03-14,2,22,2025-10-24
USR0400,Org-Gamma-Team3,Org-Gamma,2026-03-15,2,28,2025-10-24
USR0400,Org-Gamma-Team3,Org-Gamma,2026-03-16,8,7,2025-10-24
USR0400,Org-Gamma-Team3,Org-Gamma,2026-03-17,6,40,2025-10-24
USR0400,Org-Gamma-Team3,Org-Gamma,2026-03-18,2,3,2025-10-24
USR0400,Org-Gamma-Team3,Org-Gamma,2026-03-19,7,21,2025-10-24
USR0400,Org-Gamma-Team3,Org-Gamma,2026-03-20,5,32,2025-10-24
USR0400,Org-Gamma-Team3,Org-Gamma,2026-03-21,6,23,2025-10-24
USR0400,Org-Gamma-Team3,Org-Gamma,2026-03-22,1,32,2025-10-24
USR0400,Org-Gamma-Team3,Org-Gamma,2026-03-23,2,12,2025-10-24
USR0400,Org-Gamma-Team3,Org-Gamma,2026-03-24,8,10,2025-10-24
USR0400,Org-Gamma-Team3,Org-Gamma,2026-03-25,1,35,2025-10-24
USR0400,Org-Gamma-Team3,Org-Gamma,2026-03-27,3,20,2025-10-24
USR0400,Org-Gamma-Team3,Org-Gamma,2026-03-29,7,3,2025-10-24
USR0400,Org-Gamma-Team3,Org-Gamma,2026-03-31,3,21,2025-10-24
USR0401,Org-Epsilon-Team4,Org-Epsilon,2025-10-26,2,1,2025-10-25
USR0401,Org-Epsilon-Team4,Org-Epsilon,2025-10-28,4,5,2025-10-25
USR0401,Org-Epsilon-Team4,Org-Epsilon,2025-10-30,2,18,2025-10-25
USR0401,Org-Epsilon-Team4,Org-Epsilon,2025-11-01,2,11,2025-10-25
USR0401,Org-Epsilon-Team4,Org-Epsilon,2025-11-04,2,38,2025-10-25
USR0401,Org-Epsilon-Team4,Org-Epsilon,2025-11-05,3,34,2025-10-25
USR0401,Org-Epsilon-Team4,Org-Epsilon,2025-11-06,5,5,2025-10-25
USR0401,Org-Epsilon-Team4,Org-Epsilon,2025-11-07,5,40,2025-10-25
USR0401,Org-Epsilon-Team4,Org-Epsilon,2025-11-08,6,17,2025-10-25
USR0401,Org-Epsilon-Team4,Org-Epsilon,2025-11-10,6,3,2025-10-25
USR0401,Org-Epsilon-Team4,Org-Epsilon,2025-11-11,7,17,2025-10-25
USR0401,Org-Epsilon-Team4,Org-Epsilon,2025-11-13,7,39,2025-10-25
USR0401,Org-Epsilon-Team4,Org-Epsilon,2025-11-17,2,3,2025-10-25
USR0401,Org-Epsilon-Team4,Org-Epsilon,2025-11-18,3,37,2025-10-25
USR0401,Org-Epsilon-Team4,Org-Epsilon,2025-11-20,8,10,2025-10-25
USR0401,Org-Epsilon-Team4,Org-Epsilon,2025-11-22,7,32,2025-10-25
USR0401,Org-Epsilon-Team4,Org-Epsilon,2025-11-23,4,25,2025-10-25
USR0401,Org-Epsilon-Team4,Org-Epsilon,2025-11-24,2,1,2025-10-25
USR0401,Org-Epsilon-Team4,Org-Epsilon,2025-11-25,3,17,2025-10-25
USR0401,Org-Epsilon-Team4,Org-Epsilon,2025-11-27,4,23,2025-10-25
USR0401,Org-Epsilon-Team4,Org-Epsilon,2025-11-28,4,13,2025-10-25
USR0401,Org-Epsilon-Team4,Org-Epsilon,2025-11-30,6,30,2025-10-25
USR0401,Org-Epsilon-Team4,Org-Epsilon,2025-12-01,1,36,2025-10-25
USR0401,Org-Epsilon-Team4,Org-Epsilon,2025-12-02,4,28,2025-10-25
USR0401,Org-Epsilon-Team4,Org-Epsilon,2025-12-03,7,11,2025-10-25
USR0401,Org-Epsilon-Team4,Org-Epsilon,2025-12-04,8,10,2025-10-25
USR0401,Org-Epsilon-Team4,Org-Epsilon,2025-12-05,6,8,2025-10-25
USR0401,Org-Epsilon-Team4,Org-Epsilon,2025-12-07,7,4,2025-10-25
USR0401,Org-Epsilon-Team4,Org-Epsilon,2025-12-09,7,38,2025-10-25
USR0401,Org-Epsilon-Team4,Org-Epsilon,2025-12-10,2,6,2025-10-25
USR0401,Org-Epsilon-Team4,Org-Epsilon,2025-12-12,5,1,2025-10-25
USR0401,Org-Epsilon-Team4,Org-Epsilon,2025-12-16,8,26,2025-10-25
USR0401,Org-Epsilon-Team4,Org-Epsilon,2025-12-18,7,2,2025-10-25
USR0401,Org-Epsilon-Team4,Org-Epsilon,2025-12-20,4,14,2025-10-25
USR0401,Org-Epsilon-Team4,Org-Epsilon,2025-12-22,6,3,2025-10-25
USR0401,Org-Epsilon-Team4,Org-Epsilon,2025-12-23,7,32,2025-10-25
USR0401,Org-Epsilon-Team4,Org-Epsilon,2025-12-24,6,23,2025-10-25
USR0401,Org-Epsilon-Team4,Org-Epsilon,2025-12-25,1,3,2025-10-25
USR0401,Org-Epsilon-Team4,Org-Epsilon,2025-12-26,1,39,2025-10-25
USR0401,Org-Epsilon-Team4,Org-Epsilon,2025-12-27,4,3,2025-10-25
USR0401,Org-Epsilon-Team4,Org-Epsilon,2025-12-28,3,24,2025-10-25
USR0401,Org-Epsilon-Team4,Org-Epsilon,2025-12-29,1,23,2025-10-25
USR0401,Org-Epsilon-Team4,Org-Epsilon,2026-01-03,2,38,2025-10-25
USR0401,Org-Epsilon-Team4,Org-Epsilon,2026-01-04,5,5,2025-10-25
USR0401,Org-Epsilon-Team4,Org-Epsilon,2026-01-06,7,5,2025-10-25
USR0401,Org-Epsilon-Team4,Org-Epsilon,2026-01-07,6,1,2025-10-25
USR0401,Org-Epsilon-Team4,Org-Epsilon,2026-01-09,1,29,2025-10-25
USR0401,Org-Epsilon-Team4,Org-Epsilon,2026-01-10,2,33,2025-10-25
USR0401,Org-Epsilon-Team4,Org-Epsilon,2026-01-11,5,40,2025-10-25
USR0401,Org-Epsilon-Team4,Org-Epsilon,2026-01-13,8,34,2025-10-25
USR0401,Org-Epsilon-Team4,Org-Epsilon,2026-01-14,1,16,2025-10-25
USR0401,Org-Epsilon-Team4,Org-Epsilon,2026-01-15,2,29,2025-10-25
USR0401,Org-Epsilon-Team4,Org-Epsilon,2026-01-16,2,8,2025-10-25
USR0401,Org-Epsilon-Team4,Org-Epsilon,2026-01-18,6,24,2025-10-25
USR0401,Org-Epsilon-Team4,Org-Epsilon,2026-01-19,1,18,2025-10-25
USR0401,Org-Epsilon-Team4,Org-Epsilon,2026-01-20,8,22,2025-10-25
USR0401,Org-Epsilon-Team4,Org-Epsilon,2026-01-22,2,22,2025-10-25
USR0401,Org-Epsilon-Team4,Org-Epsilon,2026-01-24,3,12,2025-10-25
USR0401,Org-Epsilon-Team4,Org-Epsilon,2026-01-26,4,36,2025-10-25
USR0401,Org-Epsilon-Team4,Org-Epsilon,2026-01-27,4,38,2025-10-25
USR0401,Org-Epsilon-Team4,Org-Epsilon,2026-01-28,7,32,2025-10-25
USR0401,Org-Epsilon-Team4,Org-Epsilon,2026-01-29,7,29,2025-10-25
USR0401,Org-Epsilon-Team4,Org-Epsilon,2026-02-01,6,14,2025-10-25
USR0401,Org-Epsilon-Team4,Org-Epsilon,2026-02-03,2,21,2025-10-25
USR0401,Org-Epsilon-Team4,Org-Epsilon,2026-02-04,8,19,2025-10-25
USR0401,Org-Epsilon-Team4,Org-Epsilon,2026-02-05,3,32,2025-10-25
USR0401,Org-Epsilon-Team4,Org-Epsilon,2026-02-06,2,11,2025-10-25
USR0401,Org-Epsilon-Team4,Org-Epsilon,2026-02-07,1,2,2025-10-25
USR0401,Org-Epsilon-Team4,Org-Epsilon,2026-02-08,2,1,2025-10-25
USR0401,Org-Epsilon-Team4,Org-Epsilon,2026-02-09,4,10,2025-10-25
USR0401,Org-Epsilon-Team4,Org-Epsilon,2026-02-11,3,16,2025-10-25
USR0401,Org-Epsilon-Team4,Org-Epsilon,2026-02-12,2,26,2025-10-25
USR0401,Org-Epsilon-Team4,Org-Epsilon,2026-02-13,1,37,2025-10-25
USR0401,Org-Epsilon-Team4,Org-Epsilon,2026-02-14,8,34,2025-10-25
USR0401,Org-Epsilon-Team4,Org-Epsilon,2026-02-15,6,8,2025-10-25
USR0401,Org-Epsilon-Team4,Org-Epsilon,2026-02-17,1,32,2025-10-25
USR0401,Org-Epsilon-Team4,Org-Epsilon,2026-02-19,5,39,2025-10-25
USR0401,Org-Epsilon-Team4,Org-Epsilon,2026-02-20,4,38,2025-10-25
USR0401,Org-Epsilon-Team4,Org-Epsilon,2026-02-21,7,5,2025-10-25
USR0401,Org-Epsilon-Team4,Org-Epsilon,2026-02-22,3,9,2025-10-25
USR0401,Org-Epsilon-Team4,Org-Epsilon,2026-02-27,2,2,2025-10-25
USR0401,Org-Epsilon-Team4,Org-Epsilon,2026-02-28,1,11,2025-10-25
USR0401,Org-Epsilon-Team4,Org-Epsilon,2026-03-02,3,34,2025-10-25
USR0401,Org-Epsilon-Team4,Org-Epsilon,2026-03-05,6,38,2025-10-25
USR0401,Org-Epsilon-Team4,Org-Epsilon,2026-03-06,2,34,2025-10-25
USR0401,Org-Epsilon-Team4,Org-Epsilon,2026-03-07,7,35,2025-10-25
USR0401,Org-Epsilon-Team4,Org-Epsilon,2026-03-08,7,17,2025-10-25
USR0401,Org-Epsilon-Team4,Org-Epsilon,2026-03-14,5,23,2025-10-25
USR0401,Org-Epsilon-Team4,Org-Epsilon,2026-03-15,2,35,2025-10-25
USR0401,Org-Epsilon-Team4,Org-Epsilon,2026-03-16,4,35,2025-10-25
USR0401,Org-Epsilon-Team4,Org-Epsilon,2026-03-17,8,27,2025-10-25
USR0401,Org-Epsilon-Team4,Org-Epsilon,2026-03-18,5,20,2025-10-25
USR0401,Org-Epsilon-Team4,Org-Epsilon,2026-03-19,4,29,2025-10-25
USR0401,Org-Epsilon-Team4,Org-Epsilon,2026-03-21,1,40,2025-10-25
USR0401,Org-Epsilon-Team4,Org-Epsilon,2026-03-23,6,29,2025-10-25
USR0401,Org-Epsilon-Team4,Org-Epsilon,2026-03-24,8,39,2025-10-25
USR0401,Org-Epsilon-Team4,Org-Epsilon,2026-03-25,7,14,2025-10-25
USR0401,Org-Epsilon-Team4,Org-Epsilon,2026-03-26,4,17,2025-10-25
USR0401,Org-Epsilon-Team4,Org-Epsilon,2026-03-27,1,1,2025-10-25
USR0401,Org-Epsilon-Team4,Org-Epsilon,2026-03-28,3,32,2025-10-25
USR0401,Org-Epsilon-Team4,Org-Epsilon,2026-03-29,6,11,2025-10-25
USR0401,Org-Epsilon-Team4,Org-Epsilon,2026-03-31,2,21,2025-10-25
USR0402,Org-Beta-Team2,Org-Beta,2025-10-03,7,32,2025-10-03
USR0402,Org-Beta-Team2,Org-Beta,2025-10-04,1,34,2025-10-03
USR0403,Org-Delta-Team2,Org-Delta,2025-10-14,7,21,2025-10-14
USR0403,Org-Delta-Team2,Org-Delta,2025-10-15,8,33,2025-10-14
USR0404,Org-Beta-Team1,Org-Beta,2025-10-22,6,27,2025-10-22
USR0404,Org-Beta-Team1,Org-Beta,2025-10-23,3,37,2025-10-22
USR0404,Org-Beta-Team1,Org-Beta,2025-10-24,6,17,2025-10-22
USR0405,Org-Gamma-Team2,Org-Gamma,2025-10-30,5,22,2025-10-30
USR0405,Org-Gamma-Team2,Org-Gamma,2025-10-31,4,37,2025-10-30
USR0405,Org-Gamma-Team2,Org-Gamma,2025-11-01,4,34,2025-10-30
USR0405,Org-Gamma-Team2,Org-Gamma,2025-11-03,5,25,2025-10-30
USR0406,Org-Epsilon-Team4,Org-Epsilon,2025-10-20,5,19,2025-10-20
USR0406,Org-Epsilon-Team4,Org-Epsilon,2025-10-22,1,9,2025-10-20
USR0406,Org-Epsilon-Team4,Org-Epsilon,2025-10-24,6,15,2025-10-20
USR0406,Org-Epsilon-Team4,Org-Epsilon,2025-10-25,4,5,2025-10-20
USR0407,Org-Gamma-Team2,Org-Gamma,2025-10-12,1,30,2025-10-12
USR0408,Org-Gamma-Team4,Org-Gamma,2025-10-04,8,34,2025-10-04
USR0408,Org-Gamma-Team4,Org-Gamma,2025-10-05,1,5,2025-10-04
USR0408,Org-Gamma-Team4,Org-Gamma,2025-10-06,4,16,2025-10-04
USR0408,Org-Gamma-Team4,Org-Gamma,2025-10-08,6,5,2025-10-04
USR0408,Org-Gamma-Team4,Org-Gamma,2025-10-09,3,39,2025-10-04
USR0409,Org-Alpha-Team4,Org-Alpha,2025-10-12,4,32,2025-10-12
USR0409,Org-Alpha-Team4,Org-Alpha,2025-10-13,2,20,2025-10-12
USR0410,Org-Gamma-Team1,Org-Gamma,2025-10-21,6,2,2025-10-21
USR0410,Org-Gamma-Team1,Org-Gamma,2025-10-22,5,15,2025-10-21
USR0410,Org-Gamma-Team1,Org-Gamma,2025-10-23,3,3,2025-10-21
USR0410,Org-Gamma-Team1,Org-Gamma,2025-10-25,1,4,2025-10-21
USR0410,Org-Gamma-Team1,Org-Gamma,2025-10-26,7,29,2025-10-21
USR0410,Org-Gamma-Team1,Org-Gamma,2025-10-27,6,22,2025-10-21
USR0411,Org-Delta-Team4,Org-Delta,2025-10-01,6,31,2025-10-01
USR0412,Org-Gamma-Team4,Org-Gamma,2025-10-28,8,14,2025-10-27
USR0413,Org-Gamma-Team1,Org-Gamma,2025-10-07,3,17,2025-10-07
USR0413,Org-Gamma-Team1,Org-Gamma,2025-10-08,2,23,2025-10-07
USR0413,Org-Gamma-Team1,Org-Gamma,2025-10-10,7,15,2025-10-07
USR0413,Org-Gamma-Team1,Org-Gamma,2025-10-11,6,28,2025-10-07
USR0413,Org-Gamma-Team1,Org-Gamma,2025-10-12,2,18,2025-10-07
USR0413,Org-Gamma-Team1,Org-Gamma,2025-10-13,3,17,2025-10-07
USR0413,Org-Gamma-Team1,Org-Gamma,2025-10-15,6,5,2025-10-07
USR0413,Org-Gamma-Team1,Org-Gamma,2025-10-16,3,29,2025-10-07
USR0413,Org-Gamma-Team1,Org-Gamma,2025-10-19,1,25,2025-10-07
USR0413,Org-Gamma-Team1,Org-Gamma,2025-10-20,7,2,2025-10-07
USR0413,Org-Gamma-Team1,Org-Gamma,2025-10-21,5,6,2025-10-07
USR0413,Org-Gamma-Team1,Org-Gamma,2025-10-22,5,2,2025-10-07
USR0413,Org-Gamma-Team1,Org-Gamma,2025-10-24,3,21,2025-10-07
USR0413,Org-Gamma-Team1,Org-Gamma,2025-10-25,4,22,2025-10-07
USR0413,Org-Gamma-Team1,Org-Gamma,2025-10-28,3,29,2025-10-07
USR0413,Org-Gamma-Team1,Org-Gamma,2025-10-29,8,31,2025-10-07
USR0413,Org-Gamma-Team1,Org-Gamma,2025-10-30,6,17,2025-10-07
USR0413,Org-Gamma-Team1,Org-Gamma,2025-10-31,4,20,2025-10-07
USR0413,Org-Gamma-Team1,Org-Gamma,2025-11-02,2,19,2025-10-07
USR0413,Org-Gamma-Team1,Org-Gamma,2025-11-03,4,29,2025-10-07
USR0413,Org-Gamma-Team1,Org-Gamma,2025-11-04,1,9,2025-10-07
USR0413,Org-Gamma-Team1,Org-Gamma,2025-11-05,3,27,2025-10-07
USR0413,Org-Gamma-Team1,Org-Gamma,2025-11-09,6,12,2025-10-07
USR0413,Org-Gamma-Team1,Org-Gamma,2025-11-10,7,31,2025-10-07
USR0413,Org-Gamma-Team1,Org-Gamma,2025-11-11,3,30,2025-10-07
USR0413,Org-Gamma-Team1,Org-Gamma,2025-11-12,5,22,2025-10-07
USR0413,Org-Gamma-Team1,Org-Gamma,2025-11-14,4,20,2025-10-07
USR0413,Org-Gamma-Team1,Org-Gamma,2025-11-15,4,39,2025-10-07
USR0413,Org-Gamma-Team1,Org-Gamma,2025-11-16,6,22,2025-10-07
USR0413,Org-Gamma-Team1,Org-Gamma,2025-11-17,5,11,2025-10-07
USR0413,Org-Gamma-Team1,Org-Gamma,2025-11-18,1,38,2025-10-07
USR0413,Org-Gamma-Team1,Org-Gamma,2025-11-19,1,22,2025-10-07
USR0413,Org-Gamma-Team1,Org-Gamma,2025-11-20,5,32,2025-10-07
USR0413,Org-Gamma-Team1,Org-Gamma,2025-11-22,4,40,2025-10-07
USR0413,Org-Gamma-Team1,Org-Gamma,2025-11-26,8,25,2025-10-07
USR0413,Org-Gamma-Team1,Org-Gamma,2025-11-29,8,4,2025-10-07
USR0413,Org-Gamma-Team1,Org-Gamma,2025-11-30,4,33,2025-10-07
USR0413,Org-Gamma-Team1,Org-Gamma,2025-12-01,3,34,2025-10-07
USR0413,Org-Gamma-Team1,Org-Gamma,2025-12-02,6,34,2025-10-07
USR0413,Org-Gamma-Team1,Org-Gamma,2025-12-03,5,15,2025-10-07
USR0413,Org-Gamma-Team1,Org-Gamma,2025-12-04,8,16,2025-10-07
USR0413,Org-Gamma-Team1,Org-Gamma,2025-12-05,5,18,2025-10-07
USR0413,Org-Gamma-Team1,Org-Gamma,2025-12-07,5,4,2025-10-07
USR0413,Org-Gamma-Team1,Org-Gamma,2025-12-08,5,35,2025-10-07
USR0413,Org-Gamma-Team1,Org-Gamma,2025-12-10,7,33,2025-10-07
USR0413,Org-Gamma-Team1,Org-Gamma,2025-12-11,1,35,2025-10-07
USR0413,Org-Gamma-Team1,Org-Gamma,2025-12-13,5,12,2025-10-07
USR0413,Org-Gamma-Team1,Org-Gamma,2025-12-14,5,29,2025-10-07
USR0413,Org-Gamma-Team1,Org-Gamma,2025-12-16,6,29,2025-10-07
USR0413,Org-Gamma-Team1,Org-Gamma,2025-12-17,4,31,2025-10-07
USR0413,Org-Gamma-Team1,Org-Gamma,2025-12-19,6,27,2025-10-07
USR0413,Org-Gamma-Team1,Org-Gamma,2025-12-20,7,11,2025-10-07
USR0413,Org-Gamma-Team1,Org-Gamma,2025-12-21,8,14,2025-10-07
USR0413,Org-Gamma-Team1,Org-Gamma,2025-12-22,8,6,2025-10-07
USR0413,Org-Gamma-Team1,Org-Gamma,2025-12-23,8,13,2025-10-07
USR0413,Org-Gamma-Team1,Org-Gamma,2025-12-24,1,14,2025-10-07
USR0413,Org-Gamma-Team1,Org-Gamma,2025-12-26,2,26,2025-10-07
USR0413,Org-Gamma-Team1,Org-Gamma,2025-12-27,2,28,2025-10-07
USR0413,Org-Gamma-Team1,Org-Gamma,2025-12-28,7,40,2025-10-07
USR0413,Org-Gamma-Team1,Org-Gamma,2025-12-30,7,31,2025-10-07
USR0413,Org-Gamma-Team1,Org-Gamma,2026-01-01,2,33,2025-10-07
USR0413,Org-Gamma-Team1,Org-Gamma,2026-01-02,5,30,2025-10-07
USR0413,Org-Gamma-Team1,Org-Gamma,2026-01-03,3,9,2025-10-07
USR0413,Org-Gamma-Team1,Org-Gamma,2026-01-04,7,36,2025-10-07
USR0413,Org-Gamma-Team1,Org-Gamma,2026-01-05,1,30,2025-10-07
USR0413,Org-Gamma-Team1,Org-Gamma,2026-01-06,8,6,2025-10-07
USR0413,Org-Gamma-Team1,Org-Gamma,2026-01-08,6,30,2025-10-07
USR0413,Org-Gamma-Team1,Org-Gamma,2026-01-10,6,12,2025-10-07
USR0413,Org-Gamma-Team1,Org-Gamma,2026-01-11,6,10,2025-10-07
USR0413,Org-Gamma-Team1,Org-Gamma,2026-01-12,1,2,2025-10-07
USR0413,Org-Gamma-Team1,Org-Gamma,2026-01-14,2,15,2025-10-07
USR0413,Org-Gamma-Team1,Org-Gamma,2026-01-16,6,18,2025-10-07
USR0413,Org-Gamma-Team1,Org-Gamma,2026-01-17,5,31,2025-10-07
USR0413,Org-Gamma-Team1,Org-Gamma,2026-01-20,2,23,2025-10-07
USR0413,Org-Gamma-Team1,Org-Gamma,2026-01-22,3,12,2025-10-07
USR0413,Org-Gamma-Team1,Org-Gamma,2026-01-24,6,6,2025-10-07
USR0413,Org-Gamma-Team1,Org-Gamma,2026-01-25,1,29,2025-10-07
USR0413,Org-Gamma-Team1,Org-Gamma,2026-01-27,8,28,2025-10-07
USR0413,Org-Gamma-Team1,Org-Gamma,2026-01-31,2,26,2025-10-07
USR0413,Org-Gamma-Team1,Org-Gamma,2026-02-02,4,36,2025-10-07
USR0413,Org-Gamma-Team1,Org-Gamma,2026-02-03,7,19,2025-10-07
USR0413,Org-Gamma-Team1,Org-Gamma,2026-02-04,6,1,2025-10-07
USR0413,Org-Gamma-Team1,Org-Gamma,2026-02-07,3,6,2025-10-07
USR0413,Org-Gamma-Team1,Org-Gamma,2026-02-08,3,22,2025-10-07
USR0413,Org-Gamma-Team1,Org-Gamma,2026-02-11,2,19,2025-10-07
USR0413,Org-Gamma-Team1,Org-Gamma,2026-02-12,6,37,2025-10-07
USR0413,Org-Gamma-Team1,Org-Gamma,2026-02-15,4,7,2025-10-07
USR0413,Org-Gamma-Team1,Org-Gamma,2026-02-17,6,28,2025-10-07
USR0413,Org-Gamma-Team1,Org-Gamma,2026-02-18,3,24,2025-10-07
USR0413,Org-Gamma-Team1,Org-Gamma,2026-02-19,3,3,2025-10-07
USR0413,Org-Gamma-Team1,Org-Gamma,2026-02-20,5,14,2025-10-07
USR0413,Org-Gamma-Team1,Org-Gamma,2026-02-21,6,25,2025-10-07
USR0413,Org-Gamma-Team1,Org-Gamma,2026-02-27,4,28,2025-10-07
USR0413,Org-Gamma-Team1,Org-Gamma,2026-02-28,4,27,2025-10-07
USR0413,Org-Gamma-Team1,Org-Gamma,2026-03-04,5,38,2025-10-07
USR0413,Org-Gamma-Team1,Org-Gamma,2026-03-05,2,2,2025-10-07
USR0413,Org-Gamma-Team1,Org-Gamma,2026-03-08,3,27,2025-10-07
USR0413,Org-Gamma-Team1,Org-Gamma,2026-03-11,1,25,2025-10-07
USR0413,Org-Gamma-Team1,Org-Gamma,2026-03-14,5,10,2025-10-07
USR0413,Org-Gamma-Team1,Org-Gamma,2026-03-18,3,18,2025-10-07
USR0413,Org-Gamma-Team1,Org-Gamma,2026-03-19,4,22,2025-10-07
USR0413,Org-Gamma-Team1,Org-Gamma,2026-03-20,8,35,2025-10-07
USR0413,Org-Gamma-Team1,Org-Gamma,2026-03-22,4,33,2025-10-07
USR0413,Org-Gamma-Team1,Org-Gamma,2026-03-23,2,7,2025-10-07
USR0413,Org-Gamma-Team1,Org-Gamma,2026-03-24,1,14,2025-10-07
USR0413,Org-Gamma-Team1,Org-Gamma,2026-03-25,4,38,2025-10-07
USR0413,Org-Gamma-Team1,Org-Gamma,2026-03-30,1,24,2025-10-07
USR0414,Org-Alpha-Team3,Org-Alpha,2025-10-31,1,25,2025-10-31
USR0414,Org-Alpha-Team3,Org-Alpha,2025-11-01,4,3,2025-10-31
USR0414,Org-Alpha-Team3,Org-Alpha,2025-11-02,1,1,2025-10-31
USR0414,Org-Alpha-Team3,Org-Alpha,2025-11-04,5,27,2025-10-31
USR0415,Org-Alpha-Team1,Org-Alpha,2025-10-18,5,14,2025-10-17
USR0415,Org-Alpha-Team1,Org-Alpha,2025-10-20,6,32,2025-10-17
USR0415,Org-Alpha-Team1,Org-Alpha,2025-10-21,3,7,2025-10-17
USR0415,Org-Alpha-Team1,Org-Alpha,2025-10-23,6,18,2025-10-17
USR0415,Org-Alpha-Team1,Org-Alpha,2025-10-24,3,37,2025-10-17
USR0416,Org-Beta-Team1,Org-Beta,2025-10-03,2,39,2025-10-03
USR0416,Org-Beta-Team1,Org-Beta,2025-10-04,1,39,2025-10-03
USR0416,Org-Beta-Team1,Org-Beta,2025-10-06,5,5,2025-10-03
USR0416,Org-Beta-Team1,Org-Beta,2025-10-07,7,21,2025-10-03
USR0417,Org-Beta-Team1,Org-Beta,2025-10-31,6,37,2025-10-31
USR0417,Org-Beta-Team1,Org-Beta,2025-11-01,4,26,2025-10-31
USR0417,Org-Beta-Team1,Org-Beta,2025-11-02,1,5,2025-10-31
USR0418,Org-Gamma-Team3,Org-Gamma,2025-10-14,2,22,2025-10-14
USR0418,Org-Gamma-Team3,Org-Gamma,2025-10-17,7,2,2025-10-14
USR0418,Org-Gamma-Team3,Org-Gamma,2025-10-19,5,24,2025-10-14
USR0418,Org-Gamma-Team3,Org-Gamma,2025-10-24,3,4,2025-10-14
USR0418,Org-Gamma-Team3,Org-Gamma,2025-10-25,7,3,2025-10-14
USR0418,Org-Gamma-Team3,Org-Gamma,2025-10-27,6,13,2025-10-14
USR0418,Org-Gamma-Team3,Org-Gamma,2025-10-31,3,23,2025-10-14
USR0418,Org-Gamma-Team3,Org-Gamma,2025-11-06,1,20,2025-10-14
USR0418,Org-Gamma-Team3,Org-Gamma,2025-11-08,5,27,2025-10-14
USR0418,Org-Gamma-Team3,Org-Gamma,2025-11-09,6,21,2025-10-14
USR0418,Org-Gamma-Team3,Org-Gamma,2025-11-10,2,26,2025-10-14
USR0418,Org-Gamma-Team3,Org-Gamma,2025-11-11,4,11,2025-10-14
USR0418,Org-Gamma-Team3,Org-Gamma,2025-11-13,6,29,2025-10-14
USR0418,Org-Gamma-Team3,Org-Gamma,2025-11-17,4,24,2025-10-14
USR0418,Org-Gamma-Team3,Org-Gamma,2025-11-18,2,1,2025-10-14
USR0418,Org-Gamma-Team3,Org-Gamma,2025-11-19,2,26,2025-10-14
USR0418,Org-Gamma-Team3,Org-Gamma,2025-11-21,8,2,2025-10-14
USR0418,Org-Gamma-Team3,Org-Gamma,2025-11-24,2,33,2025-10-14
USR0418,Org-Gamma-Team3,Org-Gamma,2025-11-26,7,34,2025-10-14
USR0418,Org-Gamma-Team3,Org-Gamma,2025-11-28,4,39,2025-10-14
USR0418,Org-Gamma-Team3,Org-Gamma,2025-11-29,1,3,2025-10-14
USR0418,Org-Gamma-Team3,Org-Gamma,2025-12-01,3,21,2025-10-14
USR0418,Org-Gamma-Team3,Org-Gamma,2025-12-05,4,39,2025-10-14
USR0418,Org-Gamma-Team3,Org-Gamma,2025-12-08,8,2,2025-10-14
USR0418,Org-Gamma-Team3,Org-Gamma,2025-12-09,8,14,2025-10-14
USR0418,Org-Gamma-Team3,Org-Gamma,2025-12-11,6,36,2025-10-14
USR0418,Org-Gamma-Team3,Org-Gamma,2025-12-13,5,34,2025-10-14
USR0418,Org-Gamma-Team3,Org-Gamma,2025-12-14,1,30,2025-10-14
USR0418,Org-Gamma-Team3,Org-Gamma,2025-12-15,8,36,2025-10-14
USR0418,Org-Gamma-Team3,Org-Gamma,2025-12-16,4,17,2025-10-14
USR0418,Org-Gamma-Team3,Org-Gamma,2025-12-19,2,18,2025-10-14
USR0418,Org-Gamma-Team3,Org-Gamma,2025-12-20,1,5,2025-10-14
USR0418,Org-Gamma-Team3,Org-Gamma,2025-12-21,4,25,2025-10-14
USR0418,Org-Gamma-Team3,Org-Gamma,2025-12-22,1,1,2025-10-14
USR0418,Org-Gamma-Team3,Org-Gamma,2025-12-23,5,33,2025-10-14
USR0418,Org-Gamma-Team3,Org-Gamma,2025-12-25,2,9,2025-10-14
USR0418,Org-Gamma-Team3,Org-Gamma,2025-12-28,2,1,2025-10-14
USR0418,Org-Gamma-Team3,Org-Gamma,2025-12-30,6,11,2025-10-14
USR0418,Org-Gamma-Team3,Org-Gamma,2025-12-31,4,37,2025-10-14
USR0418,Org-Gamma-Team3,Org-Gamma,2026-01-01,6,24,2025-10-14
USR0418,Org-Gamma-Team3,Org-Gamma,2026-01-02,5,18,2025-10-14
USR0418,Org-Gamma-Team3,Org-Gamma,2026-01-03,3,37,2025-10-14
USR0418,Org-Gamma-Team3,Org-Gamma,2026-01-04,1,5,2025-10-14
USR0418,Org-Gamma-Team3,Org-Gamma,2026-01-06,4,9,2025-10-14
USR0418,Org-Gamma-Team3,Org-Gamma,2026-01-07,3,38,2025-10-14
USR0418,Org-Gamma-Team3,Org-Gamma,2026-01-08,8,28,2025-10-14
USR0418,Org-Gamma-Team3,Org-Gamma,2026-01-09,2,20,2025-10-14
USR0418,Org-Gamma-Team3,Org-Gamma,2026-01-10,4,11,2025-10-14
USR0418,Org-Gamma-Team3,Org-Gamma,2026-01-11,1,39,2025-10-14
USR0418,Org-Gamma-Team3,Org-Gamma,2026-01-12,6,9,2025-10-14
USR0418,Org-Gamma-Team3,Org-Gamma,2026-01-14,2,9,2025-10-14
USR0418,Org-Gamma-Team3,Org-Gamma,2026-01-15,7,37,2025-10-14
USR0418,Org-Gamma-Team3,Org-Gamma,2026-01-16,2,4,2025-10-14
USR0418,Org-Gamma-Team3,Org-Gamma,2026-01-17,2,11,2025-10-14
USR0418,Org-Gamma-Team3,Org-Gamma,2026-01-19,1,8,2025-10-14
USR0418,Org-Gamma-Team3,Org-Gamma,2026-01-20,7,22,2025-10-14
USR0418,Org-Gamma-Team3,Org-Gamma,2026-01-23,8,16,2025-10-14
USR0418,Org-Gamma-Team3,Org-Gamma,2026-01-24,4,25,2025-10-14
USR0418,Org-Gamma-Team3,Org-Gamma,2026-01-25,2,19,2025-10-14
USR0418,Org-Gamma-Team3,Org-Gamma,2026-01-26,5,26,2025-10-14
USR0418,Org-Gamma-Team3,Org-Gamma,2026-01-28,1,32,2025-10-14
USR0418,Org-Gamma-Team3,Org-Gamma,2026-01-29,1,21,2025-10-14
USR0418,Org-Gamma-Team3,Org-Gamma,2026-01-31,1,22,2025-10-14
USR0418,Org-Gamma-Team3,Org-Gamma,2026-02-02,5,11,2025-10-14
USR0418,Org-Gamma-Team3,Org-Gamma,2026-02-03,2,28,2025-10-14
USR0418,Org-Gamma-Team3,Org-Gamma,2026-02-04,7,10,2025-10-14
USR0418,Org-Gamma-Team3,Org-Gamma,2026-02-05,8,32,2025-10-14
USR0418,Org-Gamma-Team3,Org-Gamma,2026-02-06,1,33,2025-10-14
USR0418,Org-Gamma-Team3,Org-Gamma,2026-02-07,8,19,2025-10-14
USR0418,Org-Gamma-Team3,Org-Gamma,2026-02-09,1,24,2025-10-14
USR0418,Org-Gamma-Team3,Org-Gamma,2026-02-10,6,30,2025-10-14
USR0418,Org-Gamma-Team3,Org-Gamma,2026-02-12,2,24,2025-10-14
USR0418,Org-Gamma-Team3,Org-Gamma,2026-02-13,2,36,2025-10-14
USR0418,Org-Gamma-Team3,Org-Gamma,2026-02-14,6,24,2025-10-14
USR0418,Org-Gamma-Team3,Org-Gamma,2026-02-15,7,17,2025-10-14
USR0418,Org-Gamma-Team3,Org-Gamma,2026-02-16,6,9,2025-10-14
USR0418,Org-Gamma-Team3,Org-Gamma,2026-02-17,8,13,2025-10-14
USR0418,Org-Gamma-Team3,Org-Gamma,2026-02-18,5,10,2025-10-14
USR0418,Org-Gamma-Team3,Org-Gamma,2026-02-19,8,11,2025-10-14
USR0418,Org-Gamma-Team3,Org-Gamma,2026-02-20,1,11,2025-10-14
USR0418,Org-Gamma-Team3,Org-Gamma,2026-02-21,3,40,2025-10-14
USR0418,Org-Gamma-Team3,Org-Gamma,2026-02-22,8,12,2025-10-14
USR0418,Org-Gamma-Team3,Org-Gamma,2026-02-23,2,16,2025-10-14
USR0418,Org-Gamma-Team3,Org-Gamma,2026-02-25,5,22,2025-10-14
USR0418,Org-Gamma-Team3,Org-Gamma,2026-02-27,2,16,2025-10-14
USR0418,Org-Gamma-Team3,Org-Gamma,2026-02-28,6,25,2025-10-14
USR0418,Org-Gamma-Team3,Org-Gamma,2026-03-01,6,15,2025-10-14
USR0418,Org-Gamma-Team3,Org-Gamma,2026-03-02,1,9,2025-10-14
USR0418,Org-Gamma-Team3,Org-Gamma,2026-03-03,2,15,2025-10-14
USR0418,Org-Gamma-Team3,Org-Gamma,2026-03-04,2,8,2025-10-14
USR0418,Org-Gamma-Team3,Org-Gamma,2026-03-05,5,28,2025-10-14
USR0418,Org-Gamma-Team3,Org-Gamma,2026-03-06,5,12,2025-10-14
USR0418,Org-Gamma-Team3,Org-Gamma,2026-03-07,4,30,2025-10-14
USR0418,Org-Gamma-Team3,Org-Gamma,2026-03-09,1,24,2025-10-14
USR0418,Org-Gamma-Team3,Org-Gamma,2026-03-10,3,9,2025-10-14
USR0418,Org-Gamma-Team3,Org-Gamma,2026-03-13,3,28,2025-10-14
USR0418,Org-Gamma-Team3,Org-Gamma,2026-03-14,5,37,2025-10-14
USR0418,Org-Gamma-Team3,Org-Gamma,2026-03-15,8,40,2025-10-14
USR0418,Org-Gamma-Team3,Org-Gamma,2026-03-16,8,12,2025-10-14
USR0418,Org-Gamma-Team3,Org-Gamma,2026-03-17,7,20,2025-10-14
USR0418,Org-Gamma-Team3,Org-Gamma,2026-03-18,4,23,2025-10-14
USR0418,Org-Gamma-Team3,Org-Gamma,2026-03-19,8,28,2025-10-14
USR0418,Org-Gamma-Team3,Org-Gamma,2026-03-22,3,29,2025-10-14
USR0418,Org-Gamma-Team3,Org-Gamma,2026-03-24,7,33,2025-10-14
USR0418,Org-Gamma-Team3,Org-Gamma,2026-03-25,1,29,2025-10-14
USR0418,Org-Gamma-Team3,Org-Gamma,2026-03-26,2,40,2025-10-14
USR0418,Org-Gamma-Team3,Org-Gamma,2026-03-28,1,23,2025-10-14
USR0418,Org-Gamma-Team3,Org-Gamma,2026-03-30,2,5,2025-10-14
USR0418,Org-Gamma-Team3,Org-Gamma,2026-03-31,8,1,2025-10-14
USR0419,Org-Beta-Team1,Org-Beta,2025-10-25,4,16,2025-10-24
USR0420,Org-Delta-Team1,Org-Delta,2025-10-30,5,15,2025-10-30
USR0420,Org-Delta-Team1,Org-Delta,2025-10-31,7,5,2025-10-30
USR0420,Org-Delta-Team1,Org-Delta,2025-11-01,7,40,2025-10-30
USR0420,Org-Delta-Team1,Org-Delta,2025-11-03,5,27,2025-10-30
USR0420,Org-Delta-Team1,Org-Delta,2025-11-04,1,32,2025-10-30
USR0420,Org-Delta-Team1,Org-Delta,2025-11-05,6,5,2025-10-30
USR0421,Org-Delta-Team3,Org-Delta,2025-10-05,1,13,2025-10-04
USR0421,Org-Delta-Team3,Org-Delta,2025-10-06,6,24,2025-10-04
USR0421,Org-Delta-Team3,Org-Delta,2025-10-08,1,12,2025-10-04
USR0421,Org-Delta-Team3,Org-Delta,2025-10-09,3,14,2025-10-04
USR0422,Org-Delta-Team4,Org-Delta,2025-10-14,5,25,2025-10-13
USR0422,Org-Delta-Team4,Org-Delta,2025-10-17,5,30,2025-10-13
USR0422,Org-Delta-Team4,Org-Delta,2025-10-19,1,34,2025-10-13
USR0422,Org-Delta-Team4,Org-Delta,2025-10-21,8,5,2025-10-13
USR0422,Org-Delta-Team4,Org-Delta,2025-10-22,8,34,2025-10-13
USR0422,Org-Delta-Team4,Org-Delta,2025-10-23,5,18,2025-10-13
USR0422,Org-Delta-Team4,Org-Delta,2025-10-24,3,32,2025-10-13
USR0422,Org-Delta-Team4,Org-Delta,2025-10-28,5,15,2025-10-13
USR0422,Org-Delta-Team4,Org-Delta,2025-10-29,4,26,2025-10-13
USR0422,Org-Delta-Team4,Org-Delta,2025-10-30,1,19,2025-10-13
USR0422,Org-Delta-Team4,Org-Delta,2025-10-31,7,30,2025-10-13
USR0422,Org-Delta-Team4,Org-Delta,2025-11-01,2,27,2025-10-13
USR0422,Org-Delta-Team4,Org-Delta,2025-11-02,3,32,2025-10-13
USR0422,Org-Delta-Team4,Org-Delta,2025-11-05,8,30,2025-10-13
USR0422,Org-Delta-Team4,Org-Delta,2025-11-06,7,29,2025-10-13
USR0422,Org-Delta-Team4,Org-Delta,2025-11-09,3,30,2025-10-13
USR0422,Org-Delta-Team4,Org-Delta,2025-11-12,2,34,2025-10-13
USR0422,Org-Delta-Team4,Org-Delta,2025-11-15,7,32,2025-10-13
USR0422,Org-Delta-Team4,Org-Delta,2025-11-16,5,8,2025-10-13
USR0422,Org-Delta-Team4,Org-Delta,2025-11-19,6,22,2025-10-13
USR0422,Org-Delta-Team4,Org-Delta,2025-11-21,1,30,2025-10-13
USR0422,Org-Delta-Team4,Org-Delta,2025-11-24,8,4,2025-10-13
USR0422,Org-Delta-Team4,Org-Delta,2025-11-27,4,2,2025-10-13
USR0422,Org-Delta-Team4,Org-Delta,2025-11-29,4,7,2025-10-13
USR0422,Org-Delta-Team4,Org-Delta,2025-12-01,3,31,2025-10-13
USR0422,Org-Delta-Team4,Org-Delta,2025-12-02,6,38,2025-10-13
USR0422,Org-Delta-Team4,Org-Delta,2025-12-03,3,37,2025-10-13
USR0422,Org-Delta-Team4,Org-Delta,2025-12-05,8,9,2025-10-13
USR0422,Org-Delta-Team4,Org-Delta,2025-12-06,6,24,2025-10-13
USR0422,Org-Delta-Team4,Org-Delta,2025-12-07,3,21,2025-10-13
USR0422,Org-Delta-Team4,Org-Delta,2025-12-09,8,19,2025-10-13
USR0422,Org-Delta-Team4,Org-Delta,2025-12-11,6,10,2025-10-13
USR0422,Org-Delta-Team4,Org-Delta,2025-12-13,3,18,2025-10-13
USR0422,Org-Delta-Team4,Org-Delta,2025-12-14,5,10,2025-10-13
USR0422,Org-Delta-Team4,Org-Delta,2025-12-15,3,10,2025-10-13
USR0422,Org-Delta-Team4,Org-Delta,2025-12-16,3,4,2025-10-13
USR0422,Org-Delta-Team4,Org-Delta,2025-12-17,1,27,2025-10-13
USR0422,Org-Delta-Team4,Org-Delta,2025-12-18,7,3,2025-10-13
USR0422,Org-Delta-Team4,Org-Delta,2025-12-19,7,22,2025-10-13
USR0422,Org-Delta-Team4,Org-Delta,2025-12-20,1,7,2025-10-13
USR0422,Org-Delta-Team4,Org-Delta,2025-12-22,7,4,2025-10-13
USR0422,Org-Delta-Team4,Org-Delta,2025-12-24,4,29,2025-10-13
USR0422,Org-Delta-Team4,Org-Delta,2025-12-25,1,4,2025-10-13
USR0422,Org-Delta-Team4,Org-Delta,2025-12-26,3,8,2025-10-13
USR0422,Org-Delta-Team4,Org-Delta,2025-12-28,4,12,2025-10-13
USR0422,Org-Delta-Team4,Org-Delta,2025-12-29,1,28,2025-10-13
USR0422,Org-Delta-Team4,Org-Delta,2025-12-31,7,8,2025-10-13
USR0422,Org-Delta-Team4,Org-Delta,2026-01-03,5,18,2025-10-13
USR0422,Org-Delta-Team4,Org-Delta,2026-01-05,7,17,2025-10-13
USR0422,Org-Delta-Team4,Org-Delta,2026-01-06,5,5,2025-10-13
USR0422,Org-Delta-Team4,Org-Delta,2026-01-07,1,3,2025-10-13
USR0422,Org-Delta-Team4,Org-Delta,2026-01-10,7,32,2025-10-13
USR0422,Org-Delta-Team4,Org-Delta,2026-01-11,1,20,2025-10-13
USR0422,Org-Delta-Team4,Org-Delta,2026-01-12,7,10,2025-10-13
USR0422,Org-Delta-Team4,Org-Delta,2026-01-13,3,7,2025-10-13
USR0422,Org-Delta-Team4,Org-Delta,2026-01-15,8,21,2025-10-13
USR0422,Org-Delta-Team4,Org-Delta,2026-01-16,7,31,2025-10-13
USR0422,Org-Delta-Team4,Org-Delta,2026-01-17,3,37,2025-10-13
USR0422,Org-Delta-Team4,Org-Delta,2026-01-18,6,34,2025-10-13
USR0422,Org-Delta-Team4,Org-Delta,2026-01-19,4,6,2025-10-13
USR0422,Org-Delta-Team4,Org-Delta,2026-01-22,3,12,2025-10-13
USR0422,Org-Delta-Team4,Org-Delta,2026-01-23,1,19,2025-10-13
USR0422,Org-Delta-Team4,Org-Delta,2026-01-24,1,30,2025-10-13
USR0422,Org-Delta-Team4,Org-Delta,2026-01-25,3,10,2025-10-13
USR0422,Org-Delta-Team4,Org-Delta,2026-01-26,5,40,2025-10-13
USR0422,Org-Delta-Team4,Org-Delta,2026-01-28,6,33,2025-10-13
USR0422,Org-Delta-Team4,Org-Delta,2026-01-29,7,32,2025-10-13
USR0422,Org-Delta-Team4,Org-Delta,2026-01-31,7,3,2025-10-13
USR0422,Org-Delta-Team4,Org-Delta,2026-02-01,7,31,2025-10-13
USR0422,Org-Delta-Team4,Org-Delta,2026-02-03,4,33,2025-10-13
USR0422,Org-Delta-Team4,Org-Delta,2026-02-05,2,7,2025-10-13
USR0422,Org-Delta-Team4,Org-Delta,2026-02-06,4,3,2025-10-13
USR0422,Org-Delta-Team4,Org-Delta,2026-02-08,3,14,2025-10-13
USR0422,Org-Delta-Team4,Org-Delta,2026-02-09,6,11,2025-10-13
USR0422,Org-Delta-Team4,Org-Delta,2026-02-10,8,32,2025-10-13
USR0422,Org-Delta-Team4,Org-Delta,2026-02-11,5,19,2025-10-13
USR0422,Org-Delta-Team4,Org-Delta,2026-02-14,4,12,2025-10-13
USR0422,Org-Delta-Team4,Org-Delta,2026-02-15,7,36,2025-10-13
USR0422,Org-Delta-Team4,Org-Delta,2026-02-16,1,18,2025-10-13
USR0422,Org-Delta-Team4,Org-Delta,2026-02-20,7,24,2025-10-13
USR0422,Org-Delta-Team4,Org-Delta,2026-02-21,5,9,2025-10-13
USR0422,Org-Delta-Team4,Org-Delta,2026-02-22,4,13,2025-10-13
USR0422,Org-Delta-Team4,Org-Delta,2026-02-24,1,9,2025-10-13
USR0422,Org-Delta-Team4,Org-Delta,2026-02-25,5,25,2025-10-13
USR0422,Org-Delta-Team4,Org-Delta,2026-02-26,7,40,2025-10-13
USR0422,Org-Delta-Team4,Org-Delta,2026-03-01,7,5,2025-10-13
USR0422,Org-Delta-Team4,Org-Delta,2026-03-02,7,24,2025-10-13
USR0422,Org-Delta-Team4,Org-Delta,2026-03-03,2,38,2025-10-13
USR0422,Org-Delta-Team4,Org-Delta,2026-03-06,8,30,2025-10-13
USR0422,Org-Delta-Team4,Org-Delta,2026-03-08,7,30,2025-10-13
USR0422,Org-Delta-Team4,Org-Delta,2026-03-10,1,14,2025-10-13
USR0422,Org-Delta-Team4,Org-Delta,2026-03-11,3,16,2025-10-13
USR0422,Org-Delta-Team4,Org-Delta,2026-03-15,5,21,2025-10-13
USR0422,Org-Delta-Team4,Org-Delta,2026-03-18,6,6,2025-10-13
USR0422,Org-Delta-Team4,Org-Delta,2026-03-19,1,26,2025-10-13
USR0422,Org-Delta-Team4,Org-Delta,2026-03-20,7,16,2025-10-13
USR0422,Org-Delta-Team4,Org-Delta,2026-03-21,3,26,2025-10-13
USR0422,Org-Delta-Team4,Org-Delta,2026-03-22,2,8,2025-10-13
USR0422,Org-Delta-Team4,Org-Delta,2026-03-23,8,33,2025-10-13
USR0422,Org-Delta-Team4,Org-Delta,2026-03-24,3,23,2025-10-13
USR0422,Org-Delta-Team4,Org-Delta,2026-03-26,8,12,2025-10-13
USR0422,Org-Delta-Team4,Org-Delta,2026-03-28,7,39,2025-10-13
USR0422,Org-Delta-Team4,Org-Delta,2026-03-29,3,10,2025-10-13
USR0422,Org-Delta-Team4,Org-Delta,2026-03-30,3,23,2025-10-13
USR0422,Org-Delta-Team4,Org-Delta,2026-03-31,5,5,2025-10-13
USR0423,Org-Alpha-Team3,Org-Alpha,2025-10-20,8,26,2025-10-18
USR0423,Org-Alpha-Team3,Org-Alpha,2025-10-21,8,11,2025-10-18
USR0423,Org-Alpha-Team3,Org-Alpha,2025-10-22,5,24,2025-10-18
USR0423,Org-Alpha-Team3,Org-Alpha,2025-10-25,4,28,2025-10-18
USR0424,Org-Alpha-Team4,Org-Alpha,2025-10-14,4,19,2025-10-14
USR0424,Org-Alpha-Team4,Org-Alpha,2025-10-15,4,13,2025-10-14
USR0424,Org-Alpha-Team4,Org-Alpha,2025-10-16,4,26,2025-10-14
USR0424,Org-Alpha-Team4,Org-Alpha,2025-10-18,3,25,2025-10-14
USR0424,Org-Alpha-Team4,Org-Alpha,2025-10-19,7,25,2025-10-14
USR0425,Org-Epsilon-Team3,Org-Epsilon,2025-10-22,6,27,2025-10-21
USR0425,Org-Epsilon-Team3,Org-Epsilon,2025-10-23,1,2,2025-10-21
USR0425,Org-Epsilon-Team3,Org-Epsilon,2025-10-24,3,32,2025-10-21
USR0425,Org-Epsilon-Team3,Org-Epsilon,2025-10-26,4,27,2025-10-21
USR0426,Org-Delta-Team2,Org-Delta,2025-10-22,1,40,2025-10-22
USR0426,Org-Delta-Team2,Org-Delta,2025-10-23,1,16,2025-10-22
USR0426,Org-Delta-Team2,Org-Delta,2025-10-25,2,17,2025-10-22
USR0426,Org-Delta-Team2,Org-Delta,2025-10-26,2,14,2025-10-22
USR0426,Org-Delta-Team2,Org-Delta,2025-10-28,3,32,2025-10-22
USR0426,Org-Delta-Team2,Org-Delta,2025-10-30,3,10,2025-10-22
USR0426,Org-Delta-Team2,Org-Delta,2025-11-05,3,32,2025-10-22
USR0426,Org-Delta-Team2,Org-Delta,2025-11-08,4,16,2025-10-22
USR0426,Org-Delta-Team2,Org-Delta,2025-11-12,3,20,2025-10-22
USR0426,Org-Delta-Team2,Org-Delta,2025-11-13,8,12,2025-10-22
USR0426,Org-Delta-Team2,Org-Delta,2025-11-15,6,40,2025-10-22
USR0426,Org-Delta-Team2,Org-Delta,2025-11-16,7,5,2025-10-22
USR0426,Org-Delta-Team2,Org-Delta,2025-11-18,1,39,2025-10-22
USR0426,Org-Delta-Team2,Org-Delta,2025-11-19,1,17,2025-10-22
USR0426,Org-Delta-Team2,Org-Delta,2025-11-20,4,15,2025-10-22
USR0426,Org-Delta-Team2,Org-Delta,2025-11-21,3,29,2025-10-22
USR0426,Org-Delta-Team2,Org-Delta,2025-11-22,5,20,2025-10-22
USR0426,Org-Delta-Team2,Org-Delta,2025-11-23,3,12,2025-10-22
USR0426,Org-Delta-Team2,Org-Delta,2025-11-24,5,9,2025-10-22
USR0426,Org-Delta-Team2,Org-Delta,2025-11-25,4,9,2025-10-22
USR0426,Org-Delta-Team2,Org-Delta,2025-11-28,3,10,2025-10-22
USR0426,Org-Delta-Team2,Org-Delta,2025-11-29,6,23,2025-10-22
USR0426,Org-Delta-Team2,Org-Delta,2025-11-30,6,4,2025-10-22
USR0426,Org-Delta-Team2,Org-Delta,2025-12-02,4,12,2025-10-22
USR0426,Org-Delta-Team2,Org-Delta,2025-12-03,8,17,2025-10-22
USR0426,Org-Delta-Team2,Org-Delta,2025-12-04,2,26,2025-10-22
USR0426,Org-Delta-Team2,Org-Delta,2025-12-05,2,28,2025-10-22
USR0426,Org-Delta-Team2,Org-Delta,2025-12-06,7,12,2025-10-22
USR0426,Org-Delta-Team2,Org-Delta,2025-12-08,6,7,2025-10-22
USR0426,Org-Delta-Team2,Org-Delta,2025-12-09,7,28,2025-10-22
USR0426,Org-Delta-Team2,Org-Delta,2025-12-11,6,30,2025-10-22
USR0426,Org-Delta-Team2,Org-Delta,2025-12-12,3,37,2025-10-22
USR0426,Org-Delta-Team2,Org-Delta,2025-12-13,5,31,2025-10-22
USR0426,Org-Delta-Team2,Org-Delta,2025-12-14,2,33,2025-10-22
USR0426,Org-Delta-Team2,Org-Delta,2025-12-15,3,1,2025-10-22
USR0426,Org-Delta-Team2,Org-Delta,2025-12-16,4,37,2025-10-22
USR0426,Org-Delta-Team2,Org-Delta,2025-12-17,2,35,2025-10-22
USR0426,Org-Delta-Team2,Org-Delta,2025-12-18,7,22,2025-10-22
USR0426,Org-Delta-Team2,Org-Delta,2025-12-23,6,5,2025-10-22
USR0426,Org-Delta-Team2,Org-Delta,2025-12-25,7,24,2025-10-22
USR0426,Org-Delta-Team2,Org-Delta,2025-12-26,2,39,2025-10-22
USR0426,Org-Delta-Team2,Org-Delta,2025-12-27,7,38,2025-10-22
USR0426,Org-Delta-Team2,Org-Delta,2025-12-28,1,12,2025-10-22
USR0426,Org-Delta-Team2,Org-Delta,2025-12-29,7,18,2025-10-22
USR0426,Org-Delta-Team2,Org-Delta,2025-12-31,6,7,2025-10-22
USR0426,Org-Delta-Team2,Org-Delta,2026-01-02,1,18,2025-10-22
USR0426,Org-Delta-Team2,Org-Delta,2026-01-03,5,10,2025-10-22
USR0426,Org-Delta-Team2,Org-Delta,2026-01-04,2,27,2025-10-22
USR0426,Org-Delta-Team2,Org-Delta,2026-01-05,4,8,2025-10-22
USR0426,Org-Delta-Team2,Org-Delta,2026-01-06,8,18,2025-10-22
USR0426,Org-Delta-Team2,Org-Delta,2026-01-08,3,10,2025-10-22
USR0426,Org-Delta-Team2,Org-Delta,2026-01-09,3,20,2025-10-22
USR0426,Org-Delta-Team2,Org-Delta,2026-01-10,2,38,2025-10-22
USR0426,Org-Delta-Team2,Org-Delta,2026-01-12,2,37,2025-10-22
USR0426,Org-Delta-Team2,Org-Delta,2026-01-13,4,17,2025-10-22
USR0426,Org-Delta-Team2,Org-Delta,2026-01-14,2,30,2025-10-22
USR0426,Org-Delta-Team2,Org-Delta,2026-01-15,1,12,2025-10-22
USR0426,Org-Delta-Team2,Org-Delta,2026-01-16,6,35,2025-10-22
USR0426,Org-Delta-Team2,Org-Delta,2026-01-17,6,1,2025-10-22
USR0426,Org-Delta-Team2,Org-Delta,2026-01-18,4,16,2025-10-22
USR0426,Org-Delta-Team2,Org-Delta,2026-01-19,2,2,2025-10-22
USR0426,Org-Delta-Team2,Org-Delta,2026-01-20,4,21,2025-10-22
USR0426,Org-Delta-Team2,Org-Delta,2026-01-21,4,21,2025-10-22
USR0426,Org-Delta-Team2,Org-Delta,2026-01-27,8,5,2025-10-22
USR0426,Org-Delta-Team2,Org-Delta,2026-02-01,4,23,2025-10-22
USR0426,Org-Delta-Team2,Org-Delta,2026-02-02,2,23,2025-10-22
USR0426,Org-Delta-Team2,Org-Delta,2026-02-05,3,21,2025-10-22
USR0426,Org-Delta-Team2,Org-Delta,2026-02-06,8,27,2025-10-22
USR0426,Org-Delta-Team2,Org-Delta,2026-02-07,3,10,2025-10-22
USR0426,Org-Delta-Team2,Org-Delta,2026-02-08,3,37,2025-10-22
USR0426,Org-Delta-Team2,Org-Delta,2026-02-10,5,22,2025-10-22
USR0426,Org-Delta-Team2,Org-Delta,2026-02-13,5,23,2025-10-22
USR0426,Org-Delta-Team2,Org-Delta,2026-02-14,7,37,2025-10-22
USR0426,Org-Delta-Team2,Org-Delta,2026-02-19,2,28,2025-10-22
USR0426,Org-Delta-Team2,Org-Delta,2026-02-21,5,39,2025-10-22
USR0426,Org-Delta-Team2,Org-Delta,2026-02-23,5,21,2025-10-22
USR0426,Org-Delta-Team2,Org-Delta,2026-02-24,7,22,2025-10-22
USR0426,Org-Delta-Team2,Org-Delta,2026-02-25,4,34,2025-10-22
USR0426,Org-Delta-Team2,Org-Delta,2026-02-27,4,27,2025-10-22
USR0426,Org-Delta-Team2,Org-Delta,2026-02-28,5,25,2025-10-22
USR0426,Org-Delta-Team2,Org-Delta,2026-03-01,2,28,2025-10-22
USR0426,Org-Delta-Team2,Org-Delta,2026-03-03,4,15,2025-10-22
USR0426,Org-Delta-Team2,Org-Delta,2026-03-04,1,31,2025-10-22
USR0426,Org-Delta-Team2,Org-Delta,2026-03-08,2,9,2025-10-22
USR0426,Org-Delta-Team2,Org-Delta,2026-03-09,5,31,2025-10-22
USR0426,Org-Delta-Team2,Org-Delta,2026-03-10,6,16,2025-10-22
USR0426,Org-Delta-Team2,Org-Delta,2026-03-12,8,34,2025-10-22
USR0426,Org-Delta-Team2,Org-Delta,2026-03-14,1,25,2025-10-22
USR0426,Org-Delta-Team2,Org-Delta,2026-03-16,7,29,2025-10-22
USR0426,Org-Delta-Team2,Org-Delta,2026-03-19,7,11,2025-10-22
USR0426,Org-Delta-Team2,Org-Delta,2026-03-21,2,25,2025-10-22
USR0426,Org-Delta-Team2,Org-Delta,2026-03-23,8,21,2025-10-22
USR0426,Org-Delta-Team2,Org-Delta,2026-03-26,5,32,2025-10-22
USR0426,Org-Delta-Team2,Org-Delta,2026-03-28,2,39,2025-10-22
USR0426,Org-Delta-Team2,Org-Delta,2026-03-31,2,29,2025-10-22
USR0427,Org-Gamma-Team1,Org-Gamma,2025-10-11,2,28,2025-10-11
USR0427,Org-Gamma-Team1,Org-Gamma,2025-10-12,4,35,2025-10-11
USR0428,Org-Beta-Team1,Org-Beta,2025-10-28,8,9,2025-10-28
USR0428,Org-Beta-Team1,Org-Beta,2025-10-30,5,23,2025-10-28
USR0428,Org-Beta-Team1,Org-Beta,2025-10-31,1,38,2025-10-28
USR0429,Org-Alpha-Team3,Org-Alpha,2025-10-10,1,40,2025-10-10
USR0429,Org-Alpha-Team3,Org-Alpha,2025-10-11,4,27,2025-10-10
USR0430,Org-Gamma-Team3,Org-Gamma,2025-10-03,3,13,2025-10-02
USR0430,Org-Gamma-Team3,Org-Gamma,2025-10-04,4,10,2025-10-02
USR0431,Org-Beta-Team1,Org-Beta,2025-10-16,6,35,2025-10-14
USR0432,Org-Beta-Team2,Org-Beta,2025-10-24,8,30,2025-10-23
USR0432,Org-Beta-Team2,Org-Beta,2025-10-25,6,33,2025-10-23
USR0433,Org-Delta-Team1,Org-Delta,2025-10-23,3,22,2025-10-23
USR0433,Org-Delta-Team1,Org-Delta,2025-10-26,8,27,2025-10-23
USR0433,Org-Delta-Team1,Org-Delta,2025-10-27,7,12,2025-10-23
USR0433,Org-Delta-Team1,Org-Delta,2025-10-28,2,5,2025-10-23
USR0433,Org-Delta-Team1,Org-Delta,2025-10-29,2,28,2025-10-23
USR0433,Org-Delta-Team1,Org-Delta,2025-10-30,4,22,2025-10-23
USR0433,Org-Delta-Team1,Org-Delta,2025-10-31,6,23,2025-10-23
USR0433,Org-Delta-Team1,Org-Delta,2025-11-05,6,33,2025-10-23
USR0433,Org-Delta-Team1,Org-Delta,2025-11-07,5,35,2025-10-23
USR0433,Org-Delta-Team1,Org-Delta,2025-11-08,1,39,2025-10-23
USR0433,Org-Delta-Team1,Org-Delta,2025-11-09,8,10,2025-10-23
USR0433,Org-Delta-Team1,Org-Delta,2025-11-10,6,18,2025-10-23
USR0433,Org-Delta-Team1,Org-Delta,2025-11-11,4,40,2025-10-23
USR0433,Org-Delta-Team1,Org-Delta,2025-11-12,4,6,2025-10-23
USR0433,Org-Delta-Team1,Org-Delta,2025-11-13,2,17,2025-10-23
USR0433,Org-Delta-Team1,Org-Delta,2025-11-14,2,23,2025-10-23
USR0433,Org-Delta-Team1,Org-Delta,2025-11-15,1,38,2025-10-23
USR0433,Org-Delta-Team1,Org-Delta,2025-11-16,7,10,2025-10-23
USR0433,Org-Delta-Team1,Org-Delta,2025-11-17,3,36,2025-10-23
USR0433,Org-Delta-Team1,Org-Delta,2025-11-19,5,3,2025-10-23
USR0433,Org-Delta-Team1,Org-Delta,2025-11-20,6,11,2025-10-23
USR0433,Org-Delta-Team1,Org-Delta,2025-11-24,1,13,2025-10-23
USR0433,Org-Delta-Team1,Org-Delta,2025-11-25,8,28,2025-10-23
USR0433,Org-Delta-Team1,Org-Delta,2025-11-26,4,4,2025-10-23
USR0433,Org-Delta-Team1,Org-Delta,2025-11-30,8,21,2025-10-23
USR0433,Org-Delta-Team1,Org-Delta,2025-12-01,1,38,2025-10-23
USR0433,Org-Delta-Team1,Org-Delta,2025-12-02,6,7,2025-10-23
USR0433,Org-Delta-Team1,Org-Delta,2025-12-04,8,11,2025-10-23
USR0433,Org-Delta-Team1,Org-Delta,2025-12-07,7,7,2025-10-23
USR0433,Org-Delta-Team1,Org-Delta,2025-12-08,1,18,2025-10-23
USR0433,Org-Delta-Team1,Org-Delta,2025-12-09,2,32,2025-10-23
USR0433,Org-Delta-Team1,Org-Delta,2025-12-10,3,37,2025-10-23
USR0433,Org-Delta-Team1,Org-Delta,2025-12-11,1,38,2025-10-23
USR0433,Org-Delta-Team1,Org-Delta,2025-12-12,6,6,2025-10-23
USR0433,Org-Delta-Team1,Org-Delta,2025-12-14,1,1,2025-10-23
USR0433,Org-Delta-Team1,Org-Delta,2025-12-15,6,3,2025-10-23
USR0433,Org-Delta-Team1,Org-Delta,2025-12-16,2,20,2025-10-23
USR0433,Org-Delta-Team1,Org-Delta,2025-12-17,8,12,2025-10-23
USR0433,Org-Delta-Team1,Org-Delta,2025-12-19,6,24,2025-10-23
USR0433,Org-Delta-Team1,Org-Delta,2025-12-20,4,31,2025-10-23
USR0433,Org-Delta-Team1,Org-Delta,2025-12-21,1,17,2025-10-23
USR0433,Org-Delta-Team1,Org-Delta,2025-12-24,5,21,2025-10-23
USR0433,Org-Delta-Team1,Org-Delta,2025-12-25,5,19,2025-10-23
USR0433,Org-Delta-Team1,Org-Delta,2025-12-26,7,15,2025-10-23
USR0433,Org-Delta-Team1,Org-Delta,2025-12-27,4,36,2025-10-23
USR0433,Org-Delta-Team1,Org-Delta,2025-12-28,5,27,2025-10-23
USR0433,Org-Delta-Team1,Org-Delta,2025-12-29,1,14,2025-10-23
USR0433,Org-Delta-Team1,Org-Delta,2025-12-31,1,36,2025-10-23
USR0433,Org-Delta-Team1,Org-Delta,2026-01-01,2,14,2025-10-23
USR0433,Org-Delta-Team1,Org-Delta,2026-01-02,7,4,2025-10-23
USR0433,Org-Delta-Team1,Org-Delta,2026-01-03,5,17,2025-10-23
USR0433,Org-Delta-Team1,Org-Delta,2026-01-05,6,37,2025-10-23
USR0433,Org-Delta-Team1,Org-Delta,2026-01-06,5,8,2025-10-23
USR0433,Org-Delta-Team1,Org-Delta,2026-01-11,5,15,2025-10-23
USR0433,Org-Delta-Team1,Org-Delta,2026-01-14,8,8,2025-10-23
USR0433,Org-Delta-Team1,Org-Delta,2026-01-15,3,7,2025-10-23
USR0433,Org-Delta-Team1,Org-Delta,2026-01-17,2,25,2025-10-23
USR0433,Org-Delta-Team1,Org-Delta,2026-01-21,4,5,2025-10-23
USR0433,Org-Delta-Team1,Org-Delta,2026-01-22,7,30,2025-10-23
USR0433,Org-Delta-Team1,Org-Delta,2026-01-25,2,2,2025-10-23
USR0433,Org-Delta-Team1,Org-Delta,2026-01-26,1,10,2025-10-23
USR0433,Org-Delta-Team1,Org-Delta,2026-01-28,4,26,2025-10-23
USR0433,Org-Delta-Team1,Org-Delta,2026-02-02,6,29,2025-10-23
USR0433,Org-Delta-Team1,Org-Delta,2026-02-04,6,28,2025-10-23
USR0433,Org-Delta-Team1,Org-Delta,2026-02-05,2,5,2025-10-23
USR0433,Org-Delta-Team1,Org-Delta,2026-02-08,8,12,2025-10-23
USR0433,Org-Delta-Team1,Org-Delta,2026-02-09,4,38,2025-10-23
USR0433,Org-Delta-Team1,Org-Delta,2026-02-12,1,11,2025-10-23
USR0433,Org-Delta-Team1,Org-Delta,2026-02-13,5,40,2025-10-23
USR0433,Org-Delta-Team1,Org-Delta,2026-02-14,4,5,2025-10-23
USR0433,Org-Delta-Team1,Org-Delta,2026-02-15,6,40,2025-10-23
USR0433,Org-Delta-Team1,Org-Delta,2026-02-16,6,1,2025-10-23
USR0433,Org-Delta-Team1,Org-Delta,2026-02-19,4,40,2025-10-23
USR0433,Org-Delta-Team1,Org-Delta,2026-02-22,7,40,2025-10-23
USR0433,Org-Delta-Team1,Org-Delta,2026-02-23,6,16,2025-10-23
USR0433,Org-Delta-Team1,Org-Delta,2026-02-24,2,2,2025-10-23
USR0433,Org-Delta-Team1,Org-Delta,2026-02-25,8,15,2025-10-23
USR0433,Org-Delta-Team1,Org-Delta,2026-02-26,3,29,2025-10-23
USR0433,Org-Delta-Team1,Org-Delta,2026-02-27,6,14,2025-10-23
USR0433,Org-Delta-Team1,Org-Delta,2026-03-01,1,12,2025-10-23
USR0433,Org-Delta-Team1,Org-Delta,2026-03-03,7,34,2025-10-23
USR0433,Org-Delta-Team1,Org-Delta,2026-03-06,6,36,2025-10-23
USR0433,Org-Delta-Team1,Org-Delta,2026-03-07,6,12,2025-10-23
USR0433,Org-Delta-Team1,Org-Delta,2026-03-08,1,8,2025-10-23
USR0433,Org-Delta-Team1,Org-Delta,2026-03-15,5,36,2025-10-23
USR0433,Org-Delta-Team1,Org-Delta,2026-03-17,3,1,2025-10-23
USR0433,Org-Delta-Team1,Org-Delta,2026-03-18,1,24,2025-10-23
USR0433,Org-Delta-Team1,Org-Delta,2026-03-19,8,1,2025-10-23
USR0433,Org-Delta-Team1,Org-Delta,2026-03-22,8,30,2025-10-23
USR0433,Org-Delta-Team1,Org-Delta,2026-03-23,1,9,2025-10-23
USR0433,Org-Delta-Team1,Org-Delta,2026-03-24,5,39,2025-10-23
USR0433,Org-Delta-Team1,Org-Delta,2026-03-26,2,2,2025-10-23
USR0433,Org-Delta-Team1,Org-Delta,2026-03-28,1,18,2025-10-23
USR0433,Org-Delta-Team1,Org-Delta,2026-03-29,1,15,2025-10-23
USR0433,Org-Delta-Team1,Org-Delta,2026-03-31,2,4,2025-10-23
USR0434,Org-Gamma-Team4,Org-Gamma,2025-10-06,6,29,2025-10-05
USR0434,Org-Gamma-Team4,Org-Gamma,2025-10-07,6,8,2025-10-05
USR0434,Org-Gamma-Team4,Org-Gamma,2025-10-08,4,30,2025-10-05
USR0434,Org-Gamma-Team4,Org-Gamma,2025-10-09,1,32,2025-10-05
USR0434,Org-Gamma-Team4,Org-Gamma,2025-10-11,4,14,2025-10-05
USR0434,Org-Gamma-Team4,Org-Gamma,2025-10-14,2,30,2025-10-05
USR0434,Org-Gamma-Team4,Org-Gamma,2025-10-15,7,35,2025-10-05
USR0434,Org-Gamma-Team4,Org-Gamma,2025-10-17,3,32,2025-10-05
USR0434,Org-Gamma-Team4,Org-Gamma,2025-10-18,3,7,2025-10-05
USR0434,Org-Gamma-Team4,Org-Gamma,2025-10-20,6,37,2025-10-05
USR0434,Org-Gamma-Team4,Org-Gamma,2025-10-22,3,40,2025-10-05
USR0434,Org-Gamma-Team4,Org-Gamma,2025-10-26,2,38,2025-10-05
USR0434,Org-Gamma-Team4,Org-Gamma,2025-10-28,6,39,2025-10-05
USR0434,Org-Gamma-Team4,Org-Gamma,2025-10-29,5,20,2025-10-05
USR0434,Org-Gamma-Team4,Org-Gamma,2025-10-30,5,32,2025-10-05
USR0434,Org-Gamma-Team4,Org-Gamma,2025-10-31,4,29,2025-10-05
USR0434,Org-Gamma-Team4,Org-Gamma,2025-11-01,4,29,2025-10-05
USR0434,Org-Gamma-Team4,Org-Gamma,2025-11-05,7,19,2025-10-05
USR0434,Org-Gamma-Team4,Org-Gamma,2025-11-07,7,20,2025-10-05
USR0434,Org-Gamma-Team4,Org-Gamma,2025-11-09,6,21,2025-10-05
USR0434,Org-Gamma-Team4,Org-Gamma,2025-11-11,1,21,2025-10-05
USR0434,Org-Gamma-Team4,Org-Gamma,2025-11-12,7,24,2025-10-05
USR0434,Org-Gamma-Team4,Org-Gamma,2025-11-14,8,39,2025-10-05
USR0434,Org-Gamma-Team4,Org-Gamma,2025-11-16,5,22,2025-10-05
USR0434,Org-Gamma-Team4,Org-Gamma,2025-11-17,6,38,2025-10-05
USR0434,Org-Gamma-Team4,Org-Gamma,2025-11-19,3,22,2025-10-05
USR0434,Org-Gamma-Team4,Org-Gamma,2025-11-20,8,1,2025-10-05
USR0434,Org-Gamma-Team4,Org-Gamma,2025-11-21,3,28,2025-10-05
USR0434,Org-Gamma-Team4,Org-Gamma,2025-11-22,8,40,2025-10-05
USR0434,Org-Gamma-Team4,Org-Gamma,2025-11-23,1,20,2025-10-05
USR0434,Org-Gamma-Team4,Org-Gamma,2025-11-25,1,25,2025-10-05
USR0434,Org-Gamma-Team4,Org-Gamma,2025-11-26,3,33,2025-10-05
USR0434,Org-Gamma-Team4,Org-Gamma,2025-11-27,5,7,2025-10-05
USR0434,Org-Gamma-Team4,Org-Gamma,2025-11-28,8,22,2025-10-05
USR0434,Org-Gamma-Team4,Org-Gamma,2025-11-29,3,2,2025-10-05
USR0434,Org-Gamma-Team4,Org-Gamma,2025-12-01,6,12,2025-10-05
USR0434,Org-Gamma-Team4,Org-Gamma,2025-12-02,4,36,2025-10-05
USR0434,Org-Gamma-Team4,Org-Gamma,2025-12-03,5,17,2025-10-05
USR0434,Org-Gamma-Team4,Org-Gamma,2025-12-05,3,32,2025-10-05
USR0434,Org-Gamma-Team4,Org-Gamma,2025-12-06,6,7,2025-10-05
USR0434,Org-Gamma-Team4,Org-Gamma,2025-12-08,8,17,2025-10-05
USR0434,Org-Gamma-Team4,Org-Gamma,2025-12-09,8,6,2025-10-05
USR0434,Org-Gamma-Team4,Org-Gamma,2025-12-10,2,9,2025-10-05
USR0434,Org-Gamma-Team4,Org-Gamma,2025-12-13,4,35,2025-10-05
USR0434,Org-Gamma-Team4,Org-Gamma,2025-12-14,4,22,2025-10-05
USR0434,Org-Gamma-Team4,Org-Gamma,2025-12-15,5,37,2025-10-05
USR0434,Org-Gamma-Team4,Org-Gamma,2025-12-20,6,15,2025-10-05
USR0434,Org-Gamma-Team4,Org-Gamma,2025-12-25,3,36,2025-10-05
USR0434,Org-Gamma-Team4,Org-Gamma,2025-12-28,3,1,2025-10-05
USR0434,Org-Gamma-Team4,Org-Gamma,2025-12-29,1,5,2025-10-05
USR0434,Org-Gamma-Team4,Org-Gamma,2025-12-30,8,20,2025-10-05
USR0434,Org-Gamma-Team4,Org-Gamma,2026-01-01,2,8,2025-10-05
USR0434,Org-Gamma-Team4,Org-Gamma,2026-01-02,7,16,2025-10-05
USR0434,Org-Gamma-Team4,Org-Gamma,2026-01-03,1,37,2025-10-05
USR0434,Org-Gamma-Team4,Org-Gamma,2026-01-04,2,4,2025-10-05
USR0434,Org-Gamma-Team4,Org-Gamma,2026-01-05,1,19,2025-10-05
USR0434,Org-Gamma-Team4,Org-Gamma,2026-01-09,2,40,2025-10-05
USR0434,Org-Gamma-Team4,Org-Gamma,2026-01-13,6,40,2025-10-05
USR0434,Org-Gamma-Team4,Org-Gamma,2026-01-14,4,17,2025-10-05
USR0434,Org-Gamma-Team4,Org-Gamma,2026-01-17,5,11,2025-10-05
USR0434,Org-Gamma-Team4,Org-Gamma,2026-01-18,5,11,2025-10-05
USR0434,Org-Gamma-Team4,Org-Gamma,2026-01-19,5,6,2025-10-05
USR0434,Org-Gamma-Team4,Org-Gamma,2026-01-21,7,21,2025-10-05
USR0434,Org-Gamma-Team4,Org-Gamma,2026-01-22,1,30,2025-10-05
USR0434,Org-Gamma-Team4,Org-Gamma,2026-01-23,3,21,2025-10-05
USR0434,Org-Gamma-Team4,Org-Gamma,2026-01-24,6,20,2025-10-05
USR0434,Org-Gamma-Team4,Org-Gamma,2026-01-25,2,39,2025-10-05
USR0434,Org-Gamma-Team4,Org-Gamma,2026-01-26,4,30,2025-10-05
USR0434,Org-Gamma-Team4,Org-Gamma,2026-01-27,8,30,2025-10-05
USR0434,Org-Gamma-Team4,Org-Gamma,2026-02-01,7,2,2025-10-05
USR0434,Org-Gamma-Team4,Org-Gamma,2026-02-04,7,38,2025-10-05
USR0434,Org-Gamma-Team4,Org-Gamma,2026-02-05,4,24,2025-10-05
USR0434,Org-Gamma-Team4,Org-Gamma,2026-02-07,5,36,2025-10-05
USR0434,Org-Gamma-Team4,Org-Gamma,2026-02-08,6,24,2025-10-05
USR0434,Org-Gamma-Team4,Org-Gamma,2026-02-09,6,35,2025-10-05
USR0434,Org-Gamma-Team4,Org-Gamma,2026-02-11,1,27,2025-10-05
USR0434,Org-Gamma-Team4,Org-Gamma,2026-02-12,3,9,2025-10-05
USR0434,Org-Gamma-Team4,Org-Gamma,2026-02-13,2,24,2025-10-05
USR0434,Org-Gamma-Team4,Org-Gamma,2026-02-14,5,39,2025-10-05
USR0434,Org-Gamma-Team4,Org-Gamma,2026-02-15,1,34,2025-10-05
USR0434,Org-Gamma-Team4,Org-Gamma,2026-02-17,2,2,2025-10-05
USR0434,Org-Gamma-Team4,Org-Gamma,2026-02-18,4,23,2025-10-05
USR0434,Org-Gamma-Team4,Org-Gamma,2026-02-21,5,24,2025-10-05
USR0434,Org-Gamma-Team4,Org-Gamma,2026-02-24,2,22,2025-10-05
USR0434,Org-Gamma-Team4,Org-Gamma,2026-02-26,5,39,2025-10-05
USR0434,Org-Gamma-Team4,Org-Gamma,2026-02-27,4,36,2025-10-05
USR0434,Org-Gamma-Team4,Org-Gamma,2026-02-28,7,13,2025-10-05
USR0434,Org-Gamma-Team4,Org-Gamma,2026-03-01,6,37,2025-10-05
USR0434,Org-Gamma-Team4,Org-Gamma,2026-03-04,2,16,2025-10-05
USR0434,Org-Gamma-Team4,Org-Gamma,2026-03-08,1,8,2025-10-05
USR0434,Org-Gamma-Team4,Org-Gamma,2026-03-09,2,6,2025-10-05
USR0434,Org-Gamma-Team4,Org-Gamma,2026-03-10,4,15,2025-10-05
USR0434,Org-Gamma-Team4,Org-Gamma,2026-03-15,2,18,2025-10-05
USR0434,Org-Gamma-Team4,Org-Gamma,2026-03-16,5,6,2025-10-05
USR0434,Org-Gamma-Team4,Org-Gamma,2026-03-18,8,7,2025-10-05
USR0434,Org-Gamma-Team4,Org-Gamma,2026-03-19,8,39,2025-10-05
USR0434,Org-Gamma-Team4,Org-Gamma,2026-03-20,4,33,2025-10-05
USR0434,Org-Gamma-Team4,Org-Gamma,2026-03-21,1,33,2025-10-05
USR0434,Org-Gamma-Team4,Org-Gamma,2026-03-23,3,12,2025-10-05
USR0434,Org-Gamma-Team4,Org-Gamma,2026-03-27,1,20,2025-10-05
USR0434,Org-Gamma-Team4,Org-Gamma,2026-03-28,5,16,2025-10-05
USR0434,Org-Gamma-Team4,Org-Gamma,2026-03-30,8,33,2025-10-05
USR0435,Org-Gamma-Team3,Org-Gamma,2025-10-26,8,8,2025-10-25
USR0435,Org-Gamma-Team3,Org-Gamma,2025-10-28,5,10,2025-10-25
USR0436,Org-Delta-Team4,Org-Delta,2025-10-11,1,12,2025-10-11
USR0436,Org-Delta-Team4,Org-Delta,2025-10-12,3,9,2025-10-11
USR0436,Org-Delta-Team4,Org-Delta,2025-10-13,2,32,2025-10-11
USR0436,Org-Delta-Team4,Org-Delta,2025-10-14,2,35,2025-10-11
USR0436,Org-Delta-Team4,Org-Delta,2025-10-18,2,16,2025-10-11
USR0436,Org-Delta-Team4,Org-Delta,2025-10-19,5,14,2025-10-11
USR0436,Org-Delta-Team4,Org-Delta,2025-10-20,4,4,2025-10-11
USR0436,Org-Delta-Team4,Org-Delta,2025-10-23,3,22,2025-10-11
USR0436,Org-Delta-Team4,Org-Delta,2025-10-26,4,16,2025-10-11
USR0436,Org-Delta-Team4,Org-Delta,2025-10-28,4,27,2025-10-11
USR0436,Org-Delta-Team4,Org-Delta,2025-10-29,3,4,2025-10-11
USR0436,Org-Delta-Team4,Org-Delta,2025-10-30,6,10,2025-10-11
USR0436,Org-Delta-Team4,Org-Delta,2025-11-02,7,36,2025-10-11
USR0436,Org-Delta-Team4,Org-Delta,2025-11-03,5,26,2025-10-11
USR0436,Org-Delta-Team4,Org-Delta,2025-11-04,2,25,2025-10-11
USR0436,Org-Delta-Team4,Org-Delta,2025-11-06,1,27,2025-10-11
USR0436,Org-Delta-Team4,Org-Delta,2025-11-07,3,7,2025-10-11
USR0436,Org-Delta-Team4,Org-Delta,2025-11-09,8,25,2025-10-11
USR0436,Org-Delta-Team4,Org-Delta,2025-11-10,6,14,2025-10-11
USR0436,Org-Delta-Team4,Org-Delta,2025-11-11,3,8,2025-10-11
USR0436,Org-Delta-Team4,Org-Delta,2025-11-13,6,3,2025-10-11
USR0436,Org-Delta-Team4,Org-Delta,2025-11-15,4,18,2025-10-11
USR0436,Org-Delta-Team4,Org-Delta,2025-11-16,7,35,2025-10-11
USR0436,Org-Delta-Team4,Org-Delta,2025-11-20,1,38,2025-10-11
USR0436,Org-Delta-Team4,Org-Delta,2025-11-21,2,34,2025-10-11
USR0436,Org-Delta-Team4,Org-Delta,2025-11-22,5,23,2025-10-11
USR0436,Org-Delta-Team4,Org-Delta,2025-11-23,5,39,2025-10-11
USR0436,Org-Delta-Team4,Org-Delta,2025-11-24,6,19,2025-10-11
USR0436,Org-Delta-Team4,Org-Delta,2025-11-25,3,4,2025-10-11
USR0436,Org-Delta-Team4,Org-Delta,2025-11-26,5,20,2025-10-11
USR0436,Org-Delta-Team4,Org-Delta,2025-11-29,6,27,2025-10-11
USR0436,Org-Delta-Team4,Org-Delta,2025-11-30,5,38,2025-10-11
USR0436,Org-Delta-Team4,Org-Delta,2025-12-01,5,25,2025-10-11
USR0436,Org-Delta-Team4,Org-Delta,2025-12-02,5,20,2025-10-11
USR0436,Org-Delta-Team4,Org-Delta,2025-12-03,7,24,2025-10-11
USR0436,Org-Delta-Team4,Org-Delta,2025-12-04,2,19,2025-10-11
USR0436,Org-Delta-Team4,Org-Delta,2025-12-06,3,33,2025-10-11
USR0436,Org-Delta-Team4,Org-Delta,2025-12-08,7,20,2025-10-11
USR0436,Org-Delta-Team4,Org-Delta,2025-12-09,1,36,2025-10-11
USR0436,Org-Delta-Team4,Org-Delta,2025-12-12,2,31,2025-10-11
USR0436,Org-Delta-Team4,Org-Delta,2025-12-14,2,16,2025-10-11
USR0436,Org-Delta-Team4,Org-Delta,2025-12-16,7,39,2025-10-11
USR0436,Org-Delta-Team4,Org-Delta,2025-12-18,5,34,2025-10-11
USR0436,Org-Delta-Team4,Org-Delta,2025-12-19,4,32,2025-10-11
USR0436,Org-Delta-Team4,Org-Delta,2025-12-20,3,29,2025-10-11
USR0436,Org-Delta-Team4,Org-Delta,2025-12-23,3,11,2025-10-11
USR0436,Org-Delta-Team4,Org-Delta,2025-12-24,3,21,2025-10-11
USR0436,Org-Delta-Team4,Org-Delta,2025-12-27,4,34,2025-10-11
USR0436,Org-Delta-Team4,Org-Delta,2025-12-29,2,12,2025-10-11
USR0436,Org-Delta-Team4,Org-Delta,2025-12-30,3,12,2025-10-11
USR0436,Org-Delta-Team4,Org-Delta,2025-12-31,8,10,2025-10-11
USR0436,Org-Delta-Team4,Org-Delta,2026-01-01,5,5,2025-10-11
USR0436,Org-Delta-Team4,Org-Delta,2026-01-02,6,14,2025-10-11
USR0436,Org-Delta-Team4,Org-Delta,2026-01-04,1,28,2025-10-11
USR0436,Org-Delta-Team4,Org-Delta,2026-01-05,4,39,2025-10-11
USR0436,Org-Delta-Team4,Org-Delta,2026-01-09,8,30,2025-10-11
USR0436,Org-Delta-Team4,Org-Delta,2026-01-10,6,11,2025-10-11
USR0436,Org-Delta-Team4,Org-Delta,2026-01-11,1,34,2025-10-11
USR0436,Org-Delta-Team4,Org-Delta,2026-01-12,4,30,2025-10-11
USR0436,Org-Delta-Team4,Org-Delta,2026-01-13,3,27,2025-10-11
USR0436,Org-Delta-Team4,Org-Delta,2026-01-15,2,34,2025-10-11
USR0436,Org-Delta-Team4,Org-Delta,2026-01-19,2,4,2025-10-11
USR0436,Org-Delta-Team4,Org-Delta,2026-01-20,6,33,2025-10-11
USR0436,Org-Delta-Team4,Org-Delta,2026-01-21,2,34,2025-10-11
USR0436,Org-Delta-Team4,Org-Delta,2026-01-22,2,39,2025-10-11
USR0436,Org-Delta-Team4,Org-Delta,2026-01-24,2,32,2025-10-11
USR0436,Org-Delta-Team4,Org-Delta,2026-01-27,3,1,2025-10-11
USR0436,Org-Delta-Team4,Org-Delta,2026-01-28,4,13,2025-10-11
USR0436,Org-Delta-Team4,Org-Delta,2026-01-30,6,22,2025-10-11
USR0436,Org-Delta-Team4,Org-Delta,2026-01-31,5,13,2025-10-11
USR0436,Org-Delta-Team4,Org-Delta,2026-02-01,8,7,2025-10-11
USR0436,Org-Delta-Team4,Org-Delta,2026-02-03,1,18,2025-10-11
USR0436,Org-Delta-Team4,Org-Delta,2026-02-04,4,12,2025-10-11
USR0436,Org-Delta-Team4,Org-Delta,2026-02-05,5,13,2025-10-11
USR0436,Org-Delta-Team4,Org-Delta,2026-02-09,1,40,2025-10-11
USR0436,Org-Delta-Team4,Org-Delta,2026-02-13,2,25,2025-10-11
USR0436,Org-Delta-Team4,Org-Delta,2026-02-14,3,19,2025-10-11
USR0436,Org-Delta-Team4,Org-Delta,2026-02-16,8,11,2025-10-11
USR0436,Org-Delta-Team4,Org-Delta,2026-02-17,8,33,2025-10-11
USR0436,Org-Delta-Team4,Org-Delta,2026-02-18,1,32,2025-10-11
USR0436,Org-Delta-Team4,Org-Delta,2026-02-19,3,6,2025-10-11
USR0436,Org-Delta-Team4,Org-Delta,2026-02-21,8,40,2025-10-11
USR0436,Org-Delta-Team4,Org-Delta,2026-02-24,2,4,2025-10-11
USR0436,Org-Delta-Team4,Org-Delta,2026-02-25,2,37,2025-10-11
USR0436,Org-Delta-Team4,Org-Delta,2026-03-01,3,18,2025-10-11
USR0436,Org-Delta-Team4,Org-Delta,2026-03-02,6,12,2025-10-11
USR0436,Org-Delta-Team4,Org-Delta,2026-03-04,2,23,2025-10-11
USR0436,Org-Delta-Team4,Org-Delta,2026-03-05,4,6,2025-10-11
USR0436,Org-Delta-Team4,Org-Delta,2026-03-06,8,32,2025-10-11
USR0436,Org-Delta-Team4,Org-Delta,2026-03-07,6,7,2025-10-11
USR0436,Org-Delta-Team4,Org-Delta,2026-03-08,6,4,2025-10-11
USR0436,Org-Delta-Team4,Org-Delta,2026-03-11,6,18,2025-10-11
USR0436,Org-Delta-Team4,Org-Delta,2026-03-12,1,10,2025-10-11
USR0436,Org-Delta-Team4,Org-Delta,2026-03-13,7,4,2025-10-11
USR0436,Org-Delta-Team4,Org-Delta,2026-03-14,3,15,2025-10-11
USR0436,Org-Delta-Team4,Org-Delta,2026-03-15,3,22,2025-10-11
USR0436,Org-Delta-Team4,Org-Delta,2026-03-17,1,3,2025-10-11
USR0436,Org-Delta-Team4,Org-Delta,2026-03-18,7,27,2025-10-11
USR0436,Org-Delta-Team4,Org-Delta,2026-03-20,5,16,2025-10-11
USR0436,Org-Delta-Team4,Org-Delta,2026-03-21,8,16,2025-10-11
USR0436,Org-Delta-Team4,Org-Delta,2026-03-22,8,6,2025-10-11
USR0436,Org-Delta-Team4,Org-Delta,2026-03-24,6,33,2025-10-11
USR0436,Org-Delta-Team4,Org-Delta,2026-03-25,7,15,2025-10-11
USR0436,Org-Delta-Team4,Org-Delta,2026-03-28,2,35,2025-10-11
USR0436,Org-Delta-Team4,Org-Delta,2026-03-29,7,13,2025-10-11
USR0436,Org-Delta-Team4,Org-Delta,2026-03-31,3,22,2025-10-11
USR0437,Org-Delta-Team2,Org-Delta,2025-10-27,1,14,2025-10-27
USR0438,Org-Delta-Team4,Org-Delta,2025-10-02,1,24,2025-10-02
USR0438,Org-Delta-Team4,Org-Delta,2025-10-03,8,19,2025-10-02
USR0438,Org-Delta-Team4,Org-Delta,2025-10-04,3,23,2025-10-02
USR0439,Org-Delta-Team2,Org-Delta,2025-10-06,3,21,2025-10-06
USR0439,Org-Delta-Team2,Org-Delta,2025-10-07,7,22,2025-10-06
USR0439,Org-Delta-Team2,Org-Delta,2025-10-11,4,5,2025-10-06
USR0439,Org-Delta-Team2,Org-Delta,2025-10-12,2,20,2025-10-06
USR0439,Org-Delta-Team2,Org-Delta,2025-10-13,1,14,2025-10-06
USR0439,Org-Delta-Team2,Org-Delta,2025-10-14,4,23,2025-10-06
USR0439,Org-Delta-Team2,Org-Delta,2025-10-18,4,29,2025-10-06
USR0439,Org-Delta-Team2,Org-Delta,2025-10-19,5,28,2025-10-06
USR0439,Org-Delta-Team2,Org-Delta,2025-10-20,7,9,2025-10-06
USR0439,Org-Delta-Team2,Org-Delta,2025-10-21,8,25,2025-10-06
USR0439,Org-Delta-Team2,Org-Delta,2025-10-22,5,29,2025-10-06
USR0439,Org-Delta-Team2,Org-Delta,2025-10-23,5,23,2025-10-06
USR0439,Org-Delta-Team2,Org-Delta,2025-10-25,3,10,2025-10-06
USR0439,Org-Delta-Team2,Org-Delta,2025-10-26,3,3,2025-10-06
USR0439,Org-Delta-Team2,Org-Delta,2025-10-27,7,17,2025-10-06
USR0439,Org-Delta-Team2,Org-Delta,2025-10-29,5,39,2025-10-06
USR0439,Org-Delta-Team2,Org-Delta,2025-10-30,1,25,2025-10-06
USR0439,Org-Delta-Team2,Org-Delta,2025-10-31,8,6,2025-10-06
USR0439,Org-Delta-Team2,Org-Delta,2025-11-04,4,19,2025-10-06
USR0439,Org-Delta-Team2,Org-Delta,2025-11-09,2,28,2025-10-06
USR0439,Org-Delta-Team2,Org-Delta,2025-11-10,6,25,2025-10-06
USR0439,Org-Delta-Team2,Org-Delta,2025-11-12,6,12,2025-10-06
USR0439,Org-Delta-Team2,Org-Delta,2025-11-14,6,18,2025-10-06
USR0439,Org-Delta-Team2,Org-Delta,2025-11-16,2,23,2025-10-06
USR0439,Org-Delta-Team2,Org-Delta,2025-11-17,5,14,2025-10-06
USR0439,Org-Delta-Team2,Org-Delta,2025-11-19,1,34,2025-10-06
USR0439,Org-Delta-Team2,Org-Delta,2025-11-20,1,34,2025-10-06
USR0439,Org-Delta-Team2,Org-Delta,2025-11-22,6,23,2025-10-06
USR0439,Org-Delta-Team2,Org-Delta,2025-11-26,6,17,2025-10-06
USR0439,Org-Delta-Team2,Org-Delta,2025-11-28,8,37,2025-10-06
USR0439,Org-Delta-Team2,Org-Delta,2025-11-29,8,17,2025-10-06
USR0439,Org-Delta-Team2,Org-Delta,2025-11-30,5,11,2025-10-06
USR0439,Org-Delta-Team2,Org-Delta,2025-12-03,5,14,2025-10-06
USR0439,Org-Delta-Team2,Org-Delta,2025-12-04,3,31,2025-10-06
USR0439,Org-Delta-Team2,Org-Delta,2025-12-05,5,38,2025-10-06
USR0439,Org-Delta-Team2,Org-Delta,2025-12-08,1,29,2025-10-06
USR0439,Org-Delta-Team2,Org-Delta,2025-12-09,7,31,2025-10-06
USR0439,Org-Delta-Team2,Org-Delta,2025-12-12,2,22,2025-10-06
USR0439,Org-Delta-Team2,Org-Delta,2025-12-13,7,29,2025-10-06
USR0439,Org-Delta-Team2,Org-Delta,2025-12-14,5,24,2025-10-06
USR0439,Org-Delta-Team2,Org-Delta,2025-12-15,4,11,2025-10-06
USR0439,Org-Delta-Team2,Org-Delta,2025-12-17,2,37,2025-10-06
USR0439,Org-Delta-Team2,Org-Delta,2025-12-19,6,11,2025-10-06
USR0439,Org-Delta-Team2,Org-Delta,2025-12-20,2,2,2025-10-06
USR0439,Org-Delta-Team2,Org-Delta,2025-12-28,2,36,2025-10-06
USR0439,Org-Delta-Team2,Org-Delta,2025-12-30,1,24,2025-10-06
USR0439,Org-Delta-Team2,Org-Delta,2025-12-31,3,3,2025-10-06
USR0439,Org-Delta-Team2,Org-Delta,2026-01-01,4,25,2025-10-06
USR0439,Org-Delta-Team2,Org-Delta,2026-01-02,1,5,2025-10-06
USR0439,Org-Delta-Team2,Org-Delta,2026-01-03,7,18,2025-10-06
USR0439,Org-Delta-Team2,Org-Delta,2026-01-05,8,11,2025-10-06
USR0439,Org-Delta-Team2,Org-Delta,2026-01-09,1,14,2025-10-06
USR0439,Org-Delta-Team2,Org-Delta,2026-01-10,6,34,2025-10-06
USR0439,Org-Delta-Team2,Org-Delta,2026-01-12,4,10,2025-10-06
USR0439,Org-Delta-Team2,Org-Delta,2026-01-17,2,6,2025-10-06
USR0439,Org-Delta-Team2,Org-Delta,2026-01-18,4,3,2025-10-06
USR0439,Org-Delta-Team2,Org-Delta,2026-01-21,8,7,2025-10-06
USR0439,Org-Delta-Team2,Org-Delta,2026-01-22,7,30,2025-10-06
USR0439,Org-Delta-Team2,Org-Delta,2026-01-23,8,31,2025-10-06
USR0439,Org-Delta-Team2,Org-Delta,2026-01-25,4,7,2025-10-06
USR0439,Org-Delta-Team2,Org-Delta,2026-01-29,3,32,2025-10-06
USR0439,Org-Delta-Team2,Org-Delta,2026-01-30,1,6,2025-10-06
USR0439,Org-Delta-Team2,Org-Delta,2026-01-31,7,39,2025-10-06
USR0439,Org-Delta-Team2,Org-Delta,2026-02-03,1,1,2025-10-06
USR0439,Org-Delta-Team2,Org-Delta,2026-02-04,8,4,2025-10-06
USR0439,Org-Delta-Team2,Org-Delta,2026-02-05,4,9,2025-10-06
USR0439,Org-Delta-Team2,Org-Delta,2026-02-06,7,25,2025-10-06
USR0439,Org-Delta-Team2,Org-Delta,2026-02-08,1,25,2025-10-06
USR0439,Org-Delta-Team2,Org-Delta,2026-02-09,6,16,2025-10-06
USR0439,Org-Delta-Team2,Org-Delta,2026-02-11,8,4,2025-10-06
USR0439,Org-Delta-Team2,Org-Delta,2026-02-13,3,9,2025-10-06
USR0439,Org-Delta-Team2,Org-Delta,2026-02-14,2,11,2025-10-06
USR0439,Org-Delta-Team2,Org-Delta,2026-02-16,4,40,2025-10-06
USR0439,Org-Delta-Team2,Org-Delta,2026-02-17,2,3,2025-10-06
USR0439,Org-Delta-Team2,Org-Delta,2026-02-18,2,35,2025-10-06
USR0439,Org-Delta-Team2,Org-Delta,2026-02-21,5,38,2025-10-06
USR0439,Org-Delta-Team2,Org-Delta,2026-02-22,7,30,2025-10-06
USR0439,Org-Delta-Team2,Org-Delta,2026-02-23,8,5,2025-10-06
USR0439,Org-Delta-Team2,Org-Delta,2026-02-24,2,19,2025-10-06
USR0439,Org-Delta-Team2,Org-Delta,2026-02-26,7,15,2025-10-06
USR0439,Org-Delta-Team2,Org-Delta,2026-02-28,3,24,2025-10-06
USR0439,Org-Delta-Team2,Org-Delta,2026-03-01,7,17,2025-10-06
USR0439,Org-Delta-Team2,Org-Delta,2026-03-06,7,8,2025-10-06
USR0439,Org-Delta-Team2,Org-Delta,2026-03-07,3,7,2025-10-06
USR0439,Org-Delta-Team2,Org-Delta,2026-03-08,8,2,2025-10-06
USR0439,Org-Delta-Team2,Org-Delta,2026-03-10,6,17,2025-10-06
USR0439,Org-Delta-Team2,Org-Delta,2026-03-13,6,21,2025-10-06
USR0439,Org-Delta-Team2,Org-Delta,2026-03-14,3,18,2025-10-06
USR0439,Org-Delta-Team2,Org-Delta,2026-03-16,2,34,2025-10-06
USR0439,Org-Delta-Team2,Org-Delta,2026-03-21,1,22,2025-10-06
USR0439,Org-Delta-Team2,Org-Delta,2026-03-26,3,19,2025-10-06
USR0439,Org-Delta-Team2,Org-Delta,2026-03-27,5,9,2025-10-06
USR0439,Org-Delta-Team2,Org-Delta,2026-03-28,4,24,2025-10-06
USR0439,Org-Delta-Team2,Org-Delta,2026-03-29,2,30,2025-10-06
USR0439,Org-Delta-Team2,Org-Delta,2026-03-31,8,32,2025-10-06
USR0440,Org-Epsilon-Team4,Org-Epsilon,2025-11-01,3,2,2025-10-31
USR0440,Org-Epsilon-Team4,Org-Epsilon,2025-11-02,4,40,2025-10-31
USR0440,Org-Epsilon-Team4,Org-Epsilon,2025-11-04,4,7,2025-10-31
USR0440,Org-Epsilon-Team4,Org-Epsilon,2025-11-06,7,30,2025-10-31
USR0441,Org-Gamma-Team3,Org-Gamma,2025-10-09,8,36,2025-10-09
USR0441,Org-Gamma-Team3,Org-Gamma,2025-10-10,4,40,2025-10-09
USR0441,Org-Gamma-Team3,Org-Gamma,2025-10-11,5,40,2025-10-09
USR0442,Org-Beta-Team1,Org-Beta,2025-10-14,7,27,2025-10-14
USR0442,Org-Beta-Team1,Org-Beta,2025-10-15,8,28,2025-10-14
USR0442,Org-Beta-Team1,Org-Beta,2025-10-16,7,3,2025-10-14
USR0443,Org-Beta-Team4,Org-Beta,2025-11-01,1,17,2025-10-31
USR0443,Org-Beta-Team4,Org-Beta,2025-11-03,7,20,2025-10-31
USR0443,Org-Beta-Team4,Org-Beta,2025-11-05,5,21,2025-10-31
USR0444,Org-Delta-Team1,Org-Delta,2025-10-24,8,8,2025-10-24
USR0444,Org-Delta-Team1,Org-Delta,2025-10-25,8,8,2025-10-24
USR0444,Org-Delta-Team1,Org-Delta,2025-10-26,5,11,2025-10-24
USR0444,Org-Delta-Team1,Org-Delta,2025-10-27,4,12,2025-10-24
USR0444,Org-Delta-Team1,Org-Delta,2025-10-28,8,14,2025-10-24
USR0445,Org-Delta-Team2,Org-Delta,2025-10-08,6,17,2025-10-05
USR0445,Org-Delta-Team2,Org-Delta,2025-10-10,5,9,2025-10-05
USR0445,Org-Delta-Team2,Org-Delta,2025-10-11,5,39,2025-10-05
USR0445,Org-Delta-Team2,Org-Delta,2025-10-13,7,20,2025-10-05
USR0445,Org-Delta-Team2,Org-Delta,2025-10-14,5,4,2025-10-05
USR0445,Org-Delta-Team2,Org-Delta,2025-10-15,1,2,2025-10-05
USR0445,Org-Delta-Team2,Org-Delta,2025-10-16,2,20,2025-10-05
USR0445,Org-Delta-Team2,Org-Delta,2025-10-17,7,21,2025-10-05
USR0445,Org-Delta-Team2,Org-Delta,2025-10-20,6,13,2025-10-05
USR0445,Org-Delta-Team2,Org-Delta,2025-10-21,3,14,2025-10-05
USR0445,Org-Delta-Team2,Org-Delta,2025-10-22,4,20,2025-10-05
USR0445,Org-Delta-Team2,Org-Delta,2025-10-24,4,14,2025-10-05
USR0445,Org-Delta-Team2,Org-Delta,2025-10-25,7,33,2025-10-05
USR0445,Org-Delta-Team2,Org-Delta,2025-10-29,7,24,2025-10-05
USR0445,Org-Delta-Team2,Org-Delta,2025-11-01,3,1,2025-10-05
USR0445,Org-Delta-Team2,Org-Delta,2025-11-06,4,15,2025-10-05
USR0445,Org-Delta-Team2,Org-Delta,2025-11-08,7,5,2025-10-05
USR0445,Org-Delta-Team2,Org-Delta,2025-11-10,6,30,2025-10-05
USR0445,Org-Delta-Team2,Org-Delta,2025-11-11,1,7,2025-10-05
USR0445,Org-Delta-Team2,Org-Delta,2025-11-14,2,23,2025-10-05
USR0445,Org-Delta-Team2,Org-Delta,2025-11-16,7,10,2025-10-05
USR0445,Org-Delta-Team2,Org-Delta,2025-11-17,6,16,2025-10-05
USR0445,Org-Delta-Team2,Org-Delta,2025-11-19,2,8,2025-10-05
USR0445,Org-Delta-Team2,Org-Delta,2025-11-20,8,26,2025-10-05
USR0445,Org-Delta-Team2,Org-Delta,2025-11-21,2,25,2025-10-05
USR0445,Org-Delta-Team2,Org-Delta,2025-11-22,8,24,2025-10-05
USR0445,Org-Delta-Team2,Org-Delta,2025-11-23,8,39,2025-10-05
USR0445,Org-Delta-Team2,Org-Delta,2025-11-26,6,5,2025-10-05
USR0445,Org-Delta-Team2,Org-Delta,2025-11-27,2,4,2025-10-05
USR0445,Org-Delta-Team2,Org-Delta,2025-11-28,5,19,2025-10-05
USR0445,Org-Delta-Team2,Org-Delta,2025-11-29,1,9,2025-10-05
USR0445,Org-Delta-Team2,Org-Delta,2025-11-30,4,9,2025-10-05
USR0445,Org-Delta-Team2,Org-Delta,2025-12-03,5,10,2025-10-05
USR0445,Org-Delta-Team2,Org-Delta,2025-12-04,7,13,2025-10-05
USR0445,Org-Delta-Team2,Org-Delta,2025-12-05,3,25,2025-10-05
USR0445,Org-Delta-Team2,Org-Delta,2025-12-10,4,7,2025-10-05
USR0445,Org-Delta-Team2,Org-Delta,2025-12-11,4,6,2025-10-05
USR0445,Org-Delta-Team2,Org-Delta,2025-12-13,4,39,2025-10-05
USR0445,Org-Delta-Team2,Org-Delta,2025-12-14,8,6,2025-10-05
USR0445,Org-Delta-Team2,Org-Delta,2025-12-15,5,12,2025-10-05
USR0445,Org-Delta-Team2,Org-Delta,2025-12-16,5,9,2025-10-05
USR0445,Org-Delta-Team2,Org-Delta,2025-12-17,1,25,2025-10-05
USR0445,Org-Delta-Team2,Org-Delta,2025-12-22,4,33,2025-10-05
USR0445,Org-Delta-Team2,Org-Delta,2025-12-27,8,20,2025-10-05
USR0445,Org-Delta-Team2,Org-Delta,2025-12-29,6,20,2025-10-05
USR0445,Org-Delta-Team2,Org-Delta,2025-12-31,5,31,2025-10-05
USR0445,Org-Delta-Team2,Org-Delta,2026-01-01,5,32,2025-10-05
USR0445,Org-Delta-Team2,Org-Delta,2026-01-03,8,11,2025-10-05
USR0445,Org-Delta-Team2,Org-Delta,2026-01-05,8,37,2025-10-05
USR0445,Org-Delta-Team2,Org-Delta,2026-01-06,3,12,2025-10-05
USR0445,Org-Delta-Team2,Org-Delta,2026-01-08,6,19,2025-10-05
USR0445,Org-Delta-Team2,Org-Delta,2026-01-09,5,10,2025-10-05
USR0445,Org-Delta-Team2,Org-Delta,2026-01-10,1,8,2025-10-05
USR0445,Org-Delta-Team2,Org-Delta,2026-01-11,7,8,2025-10-05
USR0445,Org-Delta-Team2,Org-Delta,2026-01-12,8,29,2025-10-05
USR0445,Org-Delta-Team2,Org-Delta,2026-01-13,5,24,2025-10-05
USR0445,Org-Delta-Team2,Org-Delta,2026-01-14,1,23,2025-10-05
USR0445,Org-Delta-Team2,Org-Delta,2026-01-15,7,25,2025-10-05
USR0445,Org-Delta-Team2,Org-Delta,2026-01-18,3,14,2025-10-05
USR0445,Org-Delta-Team2,Org-Delta,2026-01-19,6,16,2025-10-05
USR0445,Org-Delta-Team2,Org-Delta,2026-01-22,3,23,2025-10-05
USR0445,Org-Delta-Team2,Org-Delta,2026-01-25,3,24,2025-10-05
USR0445,Org-Delta-Team2,Org-Delta,2026-01-26,4,30,2025-10-05
USR0445,Org-Delta-Team2,Org-Delta,2026-01-28,4,7,2025-10-05
USR0445,Org-Delta-Team2,Org-Delta,2026-01-29,6,11,2025-10-05
USR0445,Org-Delta-Team2,Org-Delta,2026-01-30,8,3,2025-10-05
USR0445,Org-Delta-Team2,Org-Delta,2026-01-31,2,8,2025-10-05
USR0445,Org-Delta-Team2,Org-Delta,2026-02-01,6,8,2025-10-05
USR0445,Org-Delta-Team2,Org-Delta,2026-02-02,4,24,2025-10-05
USR0445,Org-Delta-Team2,Org-Delta,2026-02-03,7,10,2025-10-05
USR0445,Org-Delta-Team2,Org-Delta,2026-02-07,2,22,2025-10-05
USR0445,Org-Delta-Team2,Org-Delta,2026-02-08,5,20,2025-10-05
USR0445,Org-Delta-Team2,Org-Delta,2026-02-09,8,36,2025-10-05
USR0445,Org-Delta-Team2,Org-Delta,2026-02-10,8,5,2025-10-05
USR0445,Org-Delta-Team2,Org-Delta,2026-02-11,4,23,2025-10-05
USR0445,Org-Delta-Team2,Org-Delta,2026-02-15,1,23,2025-10-05
USR0445,Org-Delta-Team2,Org-Delta,2026-02-17,3,22,2025-10-05
USR0445,Org-Delta-Team2,Org-Delta,2026-02-18,8,14,2025-10-05
USR0445,Org-Delta-Team2,Org-Delta,2026-02-21,4,8,2025-10-05
USR0445,Org-Delta-Team2,Org-Delta,2026-02-22,3,1,2025-10-05
USR0445,Org-Delta-Team2,Org-Delta,2026-02-26,8,36,2025-10-05
USR0445,Org-Delta-Team2,Org-Delta,2026-02-27,8,31,2025-10-05
USR0445,Org-Delta-Team2,Org-Delta,2026-02-28,6,15,2025-10-05
USR0445,Org-Delta-Team2,Org-Delta,2026-03-01,8,9,2025-10-05
USR0445,Org-Delta-Team2,Org-Delta,2026-03-02,8,23,2025-10-05
USR0445,Org-Delta-Team2,Org-Delta,2026-03-03,7,25,2025-10-05
USR0445,Org-Delta-Team2,Org-Delta,2026-03-05,3,35,2025-10-05
USR0445,Org-Delta-Team2,Org-Delta,2026-03-06,7,34,2025-10-05
USR0445,Org-Delta-Team2,Org-Delta,2026-03-07,5,19,2025-10-05
USR0445,Org-Delta-Team2,Org-Delta,2026-03-08,5,37,2025-10-05
USR0445,Org-Delta-Team2,Org-Delta,2026-03-09,2,6,2025-10-05
USR0445,Org-Delta-Team2,Org-Delta,2026-03-10,7,35,2025-10-05
USR0445,Org-Delta-Team2,Org-Delta,2026-03-11,1,11,2025-10-05
USR0445,Org-Delta-Team2,Org-Delta,2026-03-12,3,7,2025-10-05
USR0445,Org-Delta-Team2,Org-Delta,2026-03-13,7,1,2025-10-05
USR0445,Org-Delta-Team2,Org-Delta,2026-03-16,3,15,2025-10-05
USR0445,Org-Delta-Team2,Org-Delta,2026-03-19,3,10,2025-10-05
USR0445,Org-Delta-Team2,Org-Delta,2026-03-20,2,28,2025-10-05
USR0445,Org-Delta-Team2,Org-Delta,2026-03-22,4,4,2025-10-05
USR0445,Org-Delta-Team2,Org-Delta,2026-03-25,8,6,2025-10-05
USR0445,Org-Delta-Team2,Org-Delta,2026-03-27,5,21,2025-10-05
USR0445,Org-Delta-Team2,Org-Delta,2026-03-29,4,2,2025-10-05
USR0445,Org-Delta-Team2,Org-Delta,2026-03-30,5,22,2025-10-05
USR0446,Org-Epsilon-Team2,Org-Epsilon,2025-10-25,8,31,2025-10-25
USR0446,Org-Epsilon-Team2,Org-Epsilon,2025-10-27,5,27,2025-10-25
USR0446,Org-Epsilon-Team2,Org-Epsilon,2025-11-01,2,26,2025-10-25
USR0446,Org-Epsilon-Team2,Org-Epsilon,2025-11-02,3,24,2025-10-25
USR0446,Org-Epsilon-Team2,Org-Epsilon,2025-11-03,4,28,2025-10-25
USR0446,Org-Epsilon-Team2,Org-Epsilon,2025-11-04,6,30,2025-10-25
USR0446,Org-Epsilon-Team2,Org-Epsilon,2025-11-06,7,26,2025-10-25
USR0446,Org-Epsilon-Team2,Org-Epsilon,2025-11-08,1,12,2025-10-25
USR0446,Org-Epsilon-Team2,Org-Epsilon,2025-11-11,7,28,2025-10-25
USR0446,Org-Epsilon-Team2,Org-Epsilon,2025-11-12,7,37,2025-10-25
USR0446,Org-Epsilon-Team2,Org-Epsilon,2025-11-14,6,10,2025-10-25
USR0446,Org-Epsilon-Team2,Org-Epsilon,2025-11-15,1,27,2025-10-25
USR0446,Org-Epsilon-Team2,Org-Epsilon,2025-11-16,7,24,2025-10-25
USR0446,Org-Epsilon-Team2,Org-Epsilon,2025-11-17,4,9,2025-10-25
USR0446,Org-Epsilon-Team2,Org-Epsilon,2025-11-18,5,32,2025-10-25
USR0446,Org-Epsilon-Team2,Org-Epsilon,2025-11-19,2,17,2025-10-25
USR0446,Org-Epsilon-Team2,Org-Epsilon,2025-11-20,5,1,2025-10-25
USR0446,Org-Epsilon-Team2,Org-Epsilon,2025-11-23,7,34,2025-10-25
USR0446,Org-Epsilon-Team2,Org-Epsilon,2025-11-24,4,21,2025-10-25
USR0446,Org-Epsilon-Team2,Org-Epsilon,2025-11-25,7,4,2025-10-25
USR0446,Org-Epsilon-Team2,Org-Epsilon,2025-11-26,2,36,2025-10-25
USR0446,Org-Epsilon-Team2,Org-Epsilon,2025-11-28,8,7,2025-10-25
USR0446,Org-Epsilon-Team2,Org-Epsilon,2025-11-29,4,34,2025-10-25
USR0446,Org-Epsilon-Team2,Org-Epsilon,2025-12-01,4,38,2025-10-25
USR0446,Org-Epsilon-Team2,Org-Epsilon,2025-12-03,2,37,2025-10-25
USR0446,Org-Epsilon-Team2,Org-Epsilon,2025-12-04,4,36,2025-10-25
USR0446,Org-Epsilon-Team2,Org-Epsilon,2025-12-06,8,39,2025-10-25
USR0446,Org-Epsilon-Team2,Org-Epsilon,2025-12-07,7,22,2025-10-25
USR0446,Org-Epsilon-Team2,Org-Epsilon,2025-12-08,2,30,2025-10-25
USR0446,Org-Epsilon-Team2,Org-Epsilon,2025-12-10,1,7,2025-10-25
USR0446,Org-Epsilon-Team2,Org-Epsilon,2025-12-11,7,29,2025-10-25
USR0446,Org-Epsilon-Team2,Org-Epsilon,2025-12-13,3,9,2025-10-25
USR0446,Org-Epsilon-Team2,Org-Epsilon,2025-12-14,5,39,2025-10-25
USR0446,Org-Epsilon-Team2,Org-Epsilon,2025-12-16,4,11,2025-10-25
USR0446,Org-Epsilon-Team2,Org-Epsilon,2025-12-17,7,28,2025-10-25
USR0446,Org-Epsilon-Team2,Org-Epsilon,2025-12-18,2,32,2025-10-25
USR0446,Org-Epsilon-Team2,Org-Epsilon,2025-12-20,4,6,2025-10-25
USR0446,Org-Epsilon-Team2,Org-Epsilon,2025-12-23,5,37,2025-10-25
USR0446,Org-Epsilon-Team2,Org-Epsilon,2025-12-24,4,21,2025-10-25
USR0446,Org-Epsilon-Team2,Org-Epsilon,2025-12-25,8,28,2025-10-25
USR0446,Org-Epsilon-Team2,Org-Epsilon,2025-12-28,4,32,2025-10-25
USR0446,Org-Epsilon-Team2,Org-Epsilon,2025-12-29,6,5,2025-10-25
USR0446,Org-Epsilon-Team2,Org-Epsilon,2025-12-30,3,21,2025-10-25
USR0446,Org-Epsilon-Team2,Org-Epsilon,2025-12-31,7,22,2025-10-25
USR0446,Org-Epsilon-Team2,Org-Epsilon,2026-01-01,4,39,2025-10-25
USR0446,Org-Epsilon-Team2,Org-Epsilon,2026-01-02,3,31,2025-10-25
USR0446,Org-Epsilon-Team2,Org-Epsilon,2026-01-03,6,17,2025-10-25
USR0446,Org-Epsilon-Team2,Org-Epsilon,2026-01-04,4,27,2025-10-25
USR0446,Org-Epsilon-Team2,Org-Epsilon,2026-01-05,2,13,2025-10-25
USR0446,Org-Epsilon-Team2,Org-Epsilon,2026-01-06,4,22,2025-10-25
USR0446,Org-Epsilon-Team2,Org-Epsilon,2026-01-07,4,19,2025-10-25
USR0446,Org-Epsilon-Team2,Org-Epsilon,2026-01-08,8,20,2025-10-25
USR0446,Org-Epsilon-Team2,Org-Epsilon,2026-01-10,8,21,2025-10-25
USR0446,Org-Epsilon-Team2,Org-Epsilon,2026-01-11,5,28,2025-10-25
USR0446,Org-Epsilon-Team2,Org-Epsilon,2026-01-13,5,35,2025-10-25
USR0446,Org-Epsilon-Team2,Org-Epsilon,2026-01-14,8,14,2025-10-25
USR0446,Org-Epsilon-Team2,Org-Epsilon,2026-01-16,3,7,2025-10-25
USR0446,Org-Epsilon-Team2,Org-Epsilon,2026-01-20,8,31,2025-10-25
USR0446,Org-Epsilon-Team2,Org-Epsilon,2026-01-21,1,23,2025-10-25
USR0446,Org-Epsilon-Team2,Org-Epsilon,2026-01-22,2,22,2025-10-25
USR0446,Org-Epsilon-Team2,Org-Epsilon,2026-01-23,5,25,2025-10-25
USR0446,Org-Epsilon-Team2,Org-Epsilon,2026-01-24,7,21,2025-10-25
USR0446,Org-Epsilon-Team2,Org-Epsilon,2026-01-29,8,18,2025-10-25
USR0446,Org-Epsilon-Team2,Org-Epsilon,2026-01-30,8,6,2025-10-25
USR0446,Org-Epsilon-Team2,Org-Epsilon,2026-01-31,2,11,2025-10-25
USR0446,Org-Epsilon-Team2,Org-Epsilon,2026-02-01,4,34,2025-10-25
USR0446,Org-Epsilon-Team2,Org-Epsilon,2026-02-05,2,2,2025-10-25
USR0446,Org-Epsilon-Team2,Org-Epsilon,2026-02-06,8,9,2025-10-25
USR0446,Org-Epsilon-Team2,Org-Epsilon,2026-02-11,7,24,2025-10-25
USR0446,Org-Epsilon-Team2,Org-Epsilon,2026-02-12,3,3,2025-10-25
USR0446,Org-Epsilon-Team2,Org-Epsilon,2026-02-18,7,29,2025-10-25
USR0446,Org-Epsilon-Team2,Org-Epsilon,2026-02-20,5,20,2025-10-25
USR0446,Org-Epsilon-Team2,Org-Epsilon,2026-02-22,5,13,2025-10-25
USR0446,Org-Epsilon-Team2,Org-Epsilon,2026-02-23,2,8,2025-10-25
USR0446,Org-Epsilon-Team2,Org-Epsilon,2026-02-24,1,1,2025-10-25
USR0446,Org-Epsilon-Team2,Org-Epsilon,2026-02-25,5,3,2025-10-25
USR0446,Org-Epsilon-Team2,Org-Epsilon,2026-02-27,3,31,2025-10-25
USR0446,Org-Epsilon-Team2,Org-Epsilon,2026-03-01,8,13,2025-10-25
USR0446,Org-Epsilon-Team2,Org-Epsilon,2026-03-06,1,28,2025-10-25
USR0446,Org-Epsilon-Team2,Org-Epsilon,2026-03-07,5,28,2025-10-25
USR0446,Org-Epsilon-Team2,Org-Epsilon,2026-03-09,5,31,2025-10-25
USR0446,Org-Epsilon-Team2,Org-Epsilon,2026-03-10,8,40,2025-10-25
USR0446,Org-Epsilon-Team2,Org-Epsilon,2026-03-11,5,23,2025-10-25
USR0446,Org-Epsilon-Team2,Org-Epsilon,2026-03-17,8,6,2025-10-25
USR0446,Org-Epsilon-Team2,Org-Epsilon,2026-03-18,2,30,2025-10-25
USR0446,Org-Epsilon-Team2,Org-Epsilon,2026-03-21,2,40,2025-10-25
USR0446,Org-Epsilon-Team2,Org-Epsilon,2026-03-22,7,38,2025-10-25
USR0446,Org-Epsilon-Team2,Org-Epsilon,2026-03-27,6,7,2025-10-25
USR0446,Org-Epsilon-Team2,Org-Epsilon,2026-03-28,4,9,2025-10-25
USR0447,Org-Delta-Team4,Org-Delta,2025-10-13,5,10,2025-10-13
USR0447,Org-Delta-Team4,Org-Delta,2025-10-14,4,12,2025-10-13
USR0447,Org-Delta-Team4,Org-Delta,2025-10-17,4,4,2025-10-13
USR0448,Org-Epsilon-Team2,Org-Epsilon,2025-10-29,2,18,2025-10-29
USR0448,Org-Epsilon-Team2,Org-Epsilon,2025-10-31,8,27,2025-10-29
USR0449,Org-Epsilon-Team2,Org-Epsilon,2025-10-13,6,12,2025-10-12
USR0449,Org-Epsilon-Team2,Org-Epsilon,2025-10-15,6,31,2025-10-12
USR0449,Org-Epsilon-Team2,Org-Epsilon,2025-10-16,4,37,2025-10-12
USR0449,Org-Epsilon-Team2,Org-Epsilon,2025-10-17,2,2,2025-10-12
USR0449,Org-Epsilon-Team2,Org-Epsilon,2025-10-18,3,38,2025-10-12
USR0449,Org-Epsilon-Team2,Org-Epsilon,2025-10-19,5,21,2025-10-12
USR0449,Org-Epsilon-Team2,Org-Epsilon,2025-10-20,7,35,2025-10-12
USR0449,Org-Epsilon-Team2,Org-Epsilon,2025-10-21,2,10,2025-10-12
USR0449,Org-Epsilon-Team2,Org-Epsilon,2025-10-23,7,32,2025-10-12
USR0449,Org-Epsilon-Team2,Org-Epsilon,2025-10-24,2,13,2025-10-12
USR0449,Org-Epsilon-Team2,Org-Epsilon,2025-10-25,6,26,2025-10-12
USR0449,Org-Epsilon-Team2,Org-Epsilon,2025-10-30,4,33,2025-10-12
USR0449,Org-Epsilon-Team2,Org-Epsilon,2025-11-02,6,16,2025-10-12
USR0449,Org-Epsilon-Team2,Org-Epsilon,2025-11-04,1,3,2025-10-12
USR0449,Org-Epsilon-Team2,Org-Epsilon,2025-11-05,6,37,2025-10-12
USR0449,Org-Epsilon-Team2,Org-Epsilon,2025-11-07,1,12,2025-10-12
USR0449,Org-Epsilon-Team2,Org-Epsilon,2025-11-08,8,3,2025-10-12
USR0449,Org-Epsilon-Team2,Org-Epsilon,2025-11-09,5,12,2025-10-12
USR0449,Org-Epsilon-Team2,Org-Epsilon,2025-11-13,4,20,2025-10-12
USR0449,Org-Epsilon-Team2,Org-Epsilon,2025-11-15,2,19,2025-10-12
USR0449,Org-Epsilon-Team2,Org-Epsilon,2025-11-17,8,26,2025-10-12
USR0449,Org-Epsilon-Team2,Org-Epsilon,2025-11-18,2,31,2025-10-12
USR0449,Org-Epsilon-Team2,Org-Epsilon,2025-11-20,5,10,2025-10-12
USR0449,Org-Epsilon-Team2,Org-Epsilon,2025-11-23,1,7,2025-10-12
USR0449,Org-Epsilon-Team2,Org-Epsilon,2025-11-24,8,18,2025-10-12
USR0449,Org-Epsilon-Team2,Org-Epsilon,2025-11-25,3,6,2025-10-12
USR0449,Org-Epsilon-Team2,Org-Epsilon,2025-12-02,7,16,2025-10-12
USR0449,Org-Epsilon-Team2,Org-Epsilon,2025-12-03,3,18,2025-10-12
USR0449,Org-Epsilon-Team2,Org-Epsilon,2025-12-07,7,6,2025-10-12
USR0449,Org-Epsilon-Team2,Org-Epsilon,2025-12-09,6,6,2025-10-12
USR0449,Org-Epsilon-Team2,Org-Epsilon,2025-12-11,8,6,2025-10-12
USR0449,Org-Epsilon-Team2,Org-Epsilon,2025-12-12,8,4,2025-10-12
USR0449,Org-Epsilon-Team2,Org-Epsilon,2025-12-14,7,33,2025-10-12
USR0449,Org-Epsilon-Team2,Org-Epsilon,2025-12-15,4,29,2025-10-12
USR0449,Org-Epsilon-Team2,Org-Epsilon,2025-12-16,8,30,2025-10-12
USR0449,Org-Epsilon-Team2,Org-Epsilon,2025-12-17,8,8,2025-10-12
USR0449,Org-Epsilon-Team2,Org-Epsilon,2025-12-18,4,39,2025-10-12
USR0449,Org-Epsilon-Team2,Org-Epsilon,2025-12-20,8,1,2025-10-12
USR0449,Org-Epsilon-Team2,Org-Epsilon,2025-12-23,1,1,2025-10-12
USR0449,Org-Epsilon-Team2,Org-Epsilon,2025-12-24,8,37,2025-10-12
USR0449,Org-Epsilon-Team2,Org-Epsilon,2025-12-28,3,29,2025-10-12
USR0449,Org-Epsilon-Team2,Org-Epsilon,2025-12-29,5,13,2025-10-12
USR0449,Org-Epsilon-Team2,Org-Epsilon,2025-12-30,1,15,2025-10-12
USR0449,Org-Epsilon-Team2,Org-Epsilon,2026-01-01,1,27,2025-10-12
USR0449,Org-Epsilon-Team2,Org-Epsilon,2026-01-04,6,37,2025-10-12
USR0449,Org-Epsilon-Team2,Org-Epsilon,2026-01-05,2,35,2025-10-12
USR0449,Org-Epsilon-Team2,Org-Epsilon,2026-01-06,5,39,2025-10-12
USR0449,Org-Epsilon-Team2,Org-Epsilon,2026-01-08,5,39,2025-10-12
USR0449,Org-Epsilon-Team2,Org-Epsilon,2026-01-11,3,11,2025-10-12
USR0449,Org-Epsilon-Team2,Org-Epsilon,2026-01-12,7,33,2025-10-12
USR0449,Org-Epsilon-Team2,Org-Epsilon,2026-01-13,4,31,2025-10-12
USR0449,Org-Epsilon-Team2,Org-Epsilon,2026-01-14,8,35,2025-10-12
USR0449,Org-Epsilon-Team2,Org-Epsilon,2026-01-15,5,21,2025-10-12
USR0449,Org-Epsilon-Team2,Org-Epsilon,2026-01-16,7,21,2025-10-12
USR0449,Org-Epsilon-Team2,Org-Epsilon,2026-01-17,3,17,2025-10-12
USR0449,Org-Epsilon-Team2,Org-Epsilon,2026-01-19,4,2,2025-10-12
USR0449,Org-Epsilon-Team2,Org-Epsilon,2026-01-21,3,10,2025-10-12
USR0449,Org-Epsilon-Team2,Org-Epsilon,2026-01-22,8,24,2025-10-12
USR0449,Org-Epsilon-Team2,Org-Epsilon,2026-01-23,2,9,2025-10-12
USR0449,Org-Epsilon-Team2,Org-Epsilon,2026-01-24,7,20,2025-10-12
USR0449,Org-Epsilon-Team2,Org-Epsilon,2026-01-27,1,37,2025-10-12
USR0449,Org-Epsilon-Team2,Org-Epsilon,2026-01-28,6,24,2025-10-12
USR0449,Org-Epsilon-Team2,Org-Epsilon,2026-01-31,2,19,2025-10-12
USR0449,Org-Epsilon-Team2,Org-Epsilon,2026-02-02,7,28,2025-10-12
USR0449,Org-Epsilon-Team2,Org-Epsilon,2026-02-03,5,32,2025-10-12
USR0449,Org-Epsilon-Team2,Org-Epsilon,2026-02-04,1,13,2025-10-12
USR0449,Org-Epsilon-Team2,Org-Epsilon,2026-02-06,1,31,2025-10-12
USR0449,Org-Epsilon-Team2,Org-Epsilon,2026-02-08,3,17,2025-10-12
USR0449,Org-Epsilon-Team2,Org-Epsilon,2026-02-09,7,18,2025-10-12
USR0449,Org-Epsilon-Team2,Org-Epsilon,2026-02-10,8,38,2025-10-12
USR0449,Org-Epsilon-Team2,Org-Epsilon,2026-02-11,7,40,2025-10-12
USR0449,Org-Epsilon-Team2,Org-Epsilon,2026-02-12,4,15,2025-10-12
USR0449,Org-Epsilon-Team2,Org-Epsilon,2026-02-15,4,13,2025-10-12
USR0449,Org-Epsilon-Team2,Org-Epsilon,2026-02-16,7,36,2025-10-12
USR0449,Org-Epsilon-Team2,Org-Epsilon,2026-02-17,7,34,2025-10-12
USR0449,Org-Epsilon-Team2,Org-Epsilon,2026-02-18,3,23,2025-10-12
USR0449,Org-Epsilon-Team2,Org-Epsilon,2026-02-19,8,14,2025-10-12
USR0449,Org-Epsilon-Team2,Org-Epsilon,2026-02-20,7,35,2025-10-12
USR0449,Org-Epsilon-Team2,Org-Epsilon,2026-02-21,7,23,2025-10-12
USR0449,Org-Epsilon-Team2,Org-Epsilon,2026-02-22,3,16,2025-10-12
USR0449,Org-Epsilon-Team2,Org-Epsilon,2026-02-23,8,39,2025-10-12
USR0449,Org-Epsilon-Team2,Org-Epsilon,2026-02-26,8,15,2025-10-12
USR0449,Org-Epsilon-Team2,Org-Epsilon,2026-02-28,2,38,2025-10-12
USR0449,Org-Epsilon-Team2,Org-Epsilon,2026-03-02,5,39,2025-10-12
USR0449,Org-Epsilon-Team2,Org-Epsilon,2026-03-03,4,14,2025-10-12
USR0449,Org-Epsilon-Team2,Org-Epsilon,2026-03-05,6,4,2025-10-12
USR0449,Org-Epsilon-Team2,Org-Epsilon,2026-03-06,8,10,2025-10-12
USR0449,Org-Epsilon-Team2,Org-Epsilon,2026-03-08,7,12,2025-10-12
USR0449,Org-Epsilon-Team2,Org-Epsilon,2026-03-09,1,29,2025-10-12
USR0449,Org-Epsilon-Team2,Org-Epsilon,2026-03-10,8,29,2025-10-12
USR0449,Org-Epsilon-Team2,Org-Epsilon,2026-03-12,7,29,2025-10-12
USR0449,Org-Epsilon-Team2,Org-Epsilon,2026-03-14,8,5,2025-10-12
USR0449,Org-Epsilon-Team2,Org-Epsilon,2026-03-15,2,39,2025-10-12
USR0449,Org-Epsilon-Team2,Org-Epsilon,2026-03-16,8,17,2025-10-12
USR0449,Org-Epsilon-Team2,Org-Epsilon,2026-03-18,4,14,2025-10-12
USR0449,Org-Epsilon-Team2,Org-Epsilon,2026-03-19,4,32,2025-10-12
USR0449,Org-Epsilon-Team2,Org-Epsilon,2026-03-20,7,11,2025-10-12
USR0449,Org-Epsilon-Team2,Org-Epsilon,2026-03-22,2,4,2025-10-12
USR0449,Org-Epsilon-Team2,Org-Epsilon,2026-03-24,5,36,2025-10-12
USR0449,Org-Epsilon-Team2,Org-Epsilon,2026-03-26,7,23,2025-10-12
USR0449,Org-Epsilon-Team2,Org-Epsilon,2026-03-27,5,39,2025-10-12
USR0449,Org-Epsilon-Team2,Org-Epsilon,2026-03-28,7,26,2025-10-12
USR0449,Org-Epsilon-Team2,Org-Epsilon,2026-03-29,3,38,2025-10-12
USR0449,Org-Epsilon-Team2,Org-Epsilon,2026-03-30,7,16,2025-10-12
USR0450,Org-Delta-Team4,Org-Delta,2025-10-16,4,39,2025-10-16
USR0450,Org-Delta-Team4,Org-Delta,2025-10-17,8,10,2025-10-16
USR0450,Org-Delta-Team4,Org-Delta,2025-10-20,1,1,2025-10-16
USR0451,Org-Epsilon-Team2,Org-Epsilon,2025-10-17,6,34,2025-10-15
USR0451,Org-Epsilon-Team2,Org-Epsilon,2025-10-20,7,28,2025-10-15
USR0453,Org-Beta-Team4,Org-Beta,2025-10-31,5,40,2025-10-29
USR0453,Org-Beta-Team4,Org-Beta,2025-11-01,8,15,2025-10-29
USR0453,Org-Beta-Team4,Org-Beta,2025-11-02,8,24,2025-10-29
USR0453,Org-Beta-Team4,Org-Beta,2025-11-03,5,21,2025-10-29
USR0453,Org-Beta-Team4,Org-Beta,2025-11-04,7,19,2025-10-29
USR0453,Org-Beta-Team4,Org-Beta,2025-11-06,1,32,2025-10-29
USR0453,Org-Beta-Team4,Org-Beta,2025-11-07,8,30,2025-10-29
USR0453,Org-Beta-Team4,Org-Beta,2025-11-08,3,10,2025-10-29
USR0453,Org-Beta-Team4,Org-Beta,2025-11-10,7,6,2025-10-29
USR0453,Org-Beta-Team4,Org-Beta,2025-11-12,4,16,2025-10-29
USR0453,Org-Beta-Team4,Org-Beta,2025-11-14,8,1,2025-10-29
USR0453,Org-Beta-Team4,Org-Beta,2025-11-15,6,4,2025-10-29
USR0453,Org-Beta-Team4,Org-Beta,2025-11-17,7,40,2025-10-29
USR0453,Org-Beta-Team4,Org-Beta,2025-11-18,7,37,2025-10-29
USR0453,Org-Beta-Team4,Org-Beta,2025-11-19,1,21,2025-10-29
USR0453,Org-Beta-Team4,Org-Beta,2025-11-20,6,16,2025-10-29
USR0453,Org-Beta-Team4,Org-Beta,2025-11-22,1,8,2025-10-29
USR0453,Org-Beta-Team4,Org-Beta,2025-11-24,2,10,2025-10-29
USR0453,Org-Beta-Team4,Org-Beta,2025-11-27,1,4,2025-10-29
USR0453,Org-Beta-Team4,Org-Beta,2025-11-28,2,23,2025-10-29
USR0453,Org-Beta-Team4,Org-Beta,2025-11-29,6,37,2025-10-29
USR0453,Org-Beta-Team4,Org-Beta,2025-11-30,3,10,2025-10-29
USR0453,Org-Beta-Team4,Org-Beta,2025-12-02,6,28,2025-10-29
USR0453,Org-Beta-Team4,Org-Beta,2025-12-03,4,12,2025-10-29
USR0453,Org-Beta-Team4,Org-Beta,2025-12-04,5,35,2025-10-29
USR0453,Org-Beta-Team4,Org-Beta,2025-12-06,2,13,2025-10-29
USR0453,Org-Beta-Team4,Org-Beta,2025-12-09,2,29,2025-10-29
USR0453,Org-Beta-Team4,Org-Beta,2025-12-10,4,14,2025-10-29
USR0453,Org-Beta-Team4,Org-Beta,2025-12-12,2,21,2025-10-29
USR0453,Org-Beta-Team4,Org-Beta,2025-12-13,6,38,2025-10-29
USR0453,Org-Beta-Team4,Org-Beta,2025-12-15,6,28,2025-10-29
USR0453,Org-Beta-Team4,Org-Beta,2025-12-16,2,1,2025-10-29
USR0453,Org-Beta-Team4,Org-Beta,2025-12-19,2,5,2025-10-29
USR0453,Org-Beta-Team4,Org-Beta,2025-12-21,8,19,2025-10-29
USR0453,Org-Beta-Team4,Org-Beta,2025-12-22,2,5,2025-10-29
USR0453,Org-Beta-Team4,Org-Beta,2025-12-23,4,2,2025-10-29
USR0453,Org-Beta-Team4,Org-Beta,2025-12-25,4,34,2025-10-29
USR0453,Org-Beta-Team4,Org-Beta,2025-12-26,5,21,2025-10-29
USR0453,Org-Beta-Team4,Org-Beta,2025-12-27,8,34,2025-10-29
USR0453,Org-Beta-Team4,Org-Beta,2025-12-28,7,9,2025-10-29
USR0453,Org-Beta-Team4,Org-Beta,2025-12-29,4,1,2025-10-29
USR0453,Org-Beta-Team4,Org-Beta,2025-12-31,5,4,2025-10-29
USR0453,Org-Beta-Team4,Org-Beta,2026-01-01,2,33,2025-10-29
USR0453,Org-Beta-Team4,Org-Beta,2026-01-02,6,25,2025-10-29
USR0453,Org-Beta-Team4,Org-Beta,2026-01-04,4,7,2025-10-29
USR0453,Org-Beta-Team4,Org-Beta,2026-01-05,3,27,2025-10-29
USR0453,Org-Beta-Team4,Org-Beta,2026-01-06,6,34,2025-10-29
USR0453,Org-Beta-Team4,Org-Beta,2026-01-07,6,17,2025-10-29
USR0453,Org-Beta-Team4,Org-Beta,2026-01-09,5,18,2025-10-29
USR0453,Org-Beta-Team4,Org-Beta,2026-01-11,4,35,2025-10-29
USR0453,Org-Beta-Team4,Org-Beta,2026-01-14,5,30,2025-10-29
USR0453,Org-Beta-Team4,Org-Beta,2026-01-15,3,32,2025-10-29
USR0453,Org-Beta-Team4,Org-Beta,2026-01-19,8,20,2025-10-29
USR0453,Org-Beta-Team4,Org-Beta,2026-01-20,1,22,2025-10-29
USR0453,Org-Beta-Team4,Org-Beta,2026-01-21,3,15,2025-10-29
USR0453,Org-Beta-Team4,Org-Beta,2026-01-22,1,24,2025-10-29
USR0453,Org-Beta-Team4,Org-Beta,2026-01-23,1,38,2025-10-29
USR0453,Org-Beta-Team4,Org-Beta,2026-01-25,7,7,2025-10-29
USR0453,Org-Beta-Team4,Org-Beta,2026-01-26,2,9,2025-10-29
USR0453,Org-Beta-Team4,Org-Beta,2026-02-01,7,24,2025-10-29
USR0453,Org-Beta-Team4,Org-Beta,2026-02-03,1,24,2025-10-29
USR0453,Org-Beta-Team4,Org-Beta,2026-02-04,6,40,2025-10-29
USR0453,Org-Beta-Team4,Org-Beta,2026-02-05,6,24,2025-10-29
USR0453,Org-Beta-Team4,Org-Beta,2026-02-07,8,35,2025-10-29
USR0453,Org-Beta-Team4,Org-Beta,2026-02-09,8,37,2025-10-29
USR0453,Org-Beta-Team4,Org-Beta,2026-02-11,2,39,2025-10-29
USR0453,Org-Beta-Team4,Org-Beta,2026-02-12,5,15,2025-10-29
USR0453,Org-Beta-Team4,Org-Beta,2026-02-13,1,13,2025-10-29
USR0453,Org-Beta-Team4,Org-Beta,2026-02-14,3,6,2025-10-29
USR0453,Org-Beta-Team4,Org-Beta,2026-02-17,7,2,2025-10-29
USR0453,Org-Beta-Team4,Org-Beta,2026-02-18,1,9,2025-10-29
USR0453,Org-Beta-Team4,Org-Beta,2026-02-19,5,32,2025-10-29
USR0453,Org-Beta-Team4,Org-Beta,2026-02-20,5,12,2025-10-29
USR0453,Org-Beta-Team4,Org-Beta,2026-02-21,4,11,2025-10-29
USR0453,Org-Beta-Team4,Org-Beta,2026-02-22,2,38,2025-10-29
USR0453,Org-Beta-Team4,Org-Beta,2026-02-23,7,27,2025-10-29
USR0453,Org-Beta-Team4,Org-Beta,2026-02-25,8,29,2025-10-29
USR0453,Org-Beta-Team4,Org-Beta,2026-02-26,2,15,2025-10-29
USR0453,Org-Beta-Team4,Org-Beta,2026-03-01,4,7,2025-10-29
USR0453,Org-Beta-Team4,Org-Beta,2026-03-03,3,16,2025-10-29
USR0453,Org-Beta-Team4,Org-Beta,2026-03-04,1,14,2025-10-29
USR0453,Org-Beta-Team4,Org-Beta,2026-03-05,4,13,2025-10-29
USR0453,Org-Beta-Team4,Org-Beta,2026-03-07,8,17,2025-10-29
USR0453,Org-Beta-Team4,Org-Beta,2026-03-10,7,36,2025-10-29
USR0453,Org-Beta-Team4,Org-Beta,2026-03-11,1,22,2025-10-29
USR0453,Org-Beta-Team4,Org-Beta,2026-03-13,1,24,2025-10-29
USR0453,Org-Beta-Team4,Org-Beta,2026-03-15,6,14,2025-10-29
USR0453,Org-Beta-Team4,Org-Beta,2026-03-16,6,31,2025-10-29
USR0453,Org-Beta-Team4,Org-Beta,2026-03-19,2,21,2025-10-29
USR0453,Org-Beta-Team4,Org-Beta,2026-03-20,6,30,2025-10-29
USR0453,Org-Beta-Team4,Org-Beta,2026-03-21,1,31,2025-10-29
USR0453,Org-Beta-Team4,Org-Beta,2026-03-22,5,40,2025-10-29
USR0453,Org-Beta-Team4,Org-Beta,2026-03-29,2,19,2025-10-29
USR0453,Org-Beta-Team4,Org-Beta,2026-03-30,7,6,2025-10-29
USR0454,Org-Delta-Team1,Org-Delta,2025-10-22,2,3,2025-10-22
USR0454,Org-Delta-Team1,Org-Delta,2025-10-23,7,24,2025-10-22
USR0454,Org-Delta-Team1,Org-Delta,2025-10-24,3,26,2025-10-22
USR0454,Org-Delta-Team1,Org-Delta,2025-10-25,6,19,2025-10-22
USR0455,Org-Alpha-Team3,Org-Alpha,2025-10-28,7,15,2025-10-28
USR0455,Org-Alpha-Team3,Org-Alpha,2025-10-29,8,28,2025-10-28
USR0455,Org-Alpha-Team3,Org-Alpha,2025-10-30,6,40,2025-10-28
USR0455,Org-Alpha-Team3,Org-Alpha,2025-10-31,3,15,2025-10-28
USR0455,Org-Alpha-Team3,Org-Alpha,2025-11-01,3,15,2025-10-28
USR0455,Org-Alpha-Team3,Org-Alpha,2025-11-03,7,12,2025-10-28
USR0456,Org-Epsilon-Team3,Org-Epsilon,2025-10-06,5,40,2025-10-06
USR0456,Org-Epsilon-Team3,Org-Epsilon,2025-10-08,7,7,2025-10-06
USR0456,Org-Epsilon-Team3,Org-Epsilon,2025-10-09,3,36,2025-10-06
USR0457,Org-Delta-Team2,Org-Delta,2025-10-18,1,24,2025-10-17
USR0458,Org-Epsilon-Team1,Org-Epsilon,2025-10-07,4,5,2025-10-07
USR0458,Org-Epsilon-Team1,Org-Epsilon,2025-10-09,7,8,2025-10-07
USR0459,Org-Epsilon-Team3,Org-Epsilon,2025-10-31,5,31,2025-10-31
USR0459,Org-Epsilon-Team3,Org-Epsilon,2025-11-01,5,30,2025-10-31
USR0460,Org-Beta-Team4,Org-Beta,2025-10-27,3,15,2025-10-27
USR0461,Org-Alpha-Team3,Org-Alpha,2025-10-24,7,36,2025-10-24
USR0461,Org-Alpha-Team3,Org-Alpha,2025-10-25,3,23,2025-10-24
USR0461,Org-Alpha-Team3,Org-Alpha,2025-10-26,6,34,2025-10-24
USR0461,Org-Alpha-Team3,Org-Alpha,2025-10-29,4,8,2025-10-24
USR0461,Org-Alpha-Team3,Org-Alpha,2025-10-30,6,32,2025-10-24
USR0461,Org-Alpha-Team3,Org-Alpha,2025-10-31,8,20,2025-10-24
USR0462,Org-Beta-Team4,Org-Beta,2025-10-15,8,10,2025-10-15
USR0462,Org-Beta-Team4,Org-Beta,2025-10-16,7,7,2025-10-15
USR0462,Org-Beta-Team4,Org-Beta,2025-10-18,6,29,2025-10-15
USR0462,Org-Beta-Team4,Org-Beta,2025-10-19,1,25,2025-10-15
USR0462,Org-Beta-Team4,Org-Beta,2025-10-20,4,19,2025-10-15
USR0462,Org-Beta-Team4,Org-Beta,2025-10-21,6,8,2025-10-15
USR0462,Org-Beta-Team4,Org-Beta,2025-10-22,1,39,2025-10-15
USR0463,Org-Gamma-Team4,Org-Gamma,2025-10-11,3,19,2025-10-11
USR0463,Org-Gamma-Team4,Org-Gamma,2025-10-12,3,33,2025-10-11
USR0463,Org-Gamma-Team4,Org-Gamma,2025-10-14,5,1,2025-10-11
USR0464,Org-Alpha-Team1,Org-Alpha,2025-10-04,8,4,2025-10-03
USR0464,Org-Alpha-Team1,Org-Alpha,2025-10-07,2,20,2025-10-03
USR0464,Org-Alpha-Team1,Org-Alpha,2025-10-08,4,16,2025-10-03
USR0464,Org-Alpha-Team1,Org-Alpha,2025-10-09,6,12,2025-10-03
USR0464,Org-Alpha-Team1,Org-Alpha,2025-10-10,6,25,2025-10-03
USR0464,Org-Alpha-Team1,Org-Alpha,2025-10-12,2,25,2025-10-03
USR0464,Org-Alpha-Team1,Org-Alpha,2025-10-14,2,23,2025-10-03
USR0464,Org-Alpha-Team1,Org-Alpha,2025-10-16,8,28,2025-10-03
USR0464,Org-Alpha-Team1,Org-Alpha,2025-10-18,1,40,2025-10-03
USR0464,Org-Alpha-Team1,Org-Alpha,2025-10-19,5,5,2025-10-03
USR0464,Org-Alpha-Team1,Org-Alpha,2025-10-21,1,40,2025-10-03
USR0464,Org-Alpha-Team1,Org-Alpha,2025-10-22,2,37,2025-10-03
USR0464,Org-Alpha-Team1,Org-Alpha,2025-10-23,2,20,2025-10-03
USR0464,Org-Alpha-Team1,Org-Alpha,2025-10-25,6,7,2025-10-03
USR0464,Org-Alpha-Team1,Org-Alpha,2025-10-26,6,21,2025-10-03
USR0464,Org-Alpha-Team1,Org-Alpha,2025-10-27,4,35,2025-10-03
USR0464,Org-Alpha-Team1,Org-Alpha,2025-10-28,4,25,2025-10-03
USR0464,Org-Alpha-Team1,Org-Alpha,2025-10-29,8,12,2025-10-03
USR0464,Org-Alpha-Team1,Org-Alpha,2025-10-30,7,5,2025-10-03
USR0464,Org-Alpha-Team1,Org-Alpha,2025-11-01,5,16,2025-10-03
USR0464,Org-Alpha-Team1,Org-Alpha,2025-11-03,2,25,2025-10-03
USR0464,Org-Alpha-Team1,Org-Alpha,2025-11-05,3,30,2025-10-03
USR0464,Org-Alpha-Team1,Org-Alpha,2025-11-09,1,30,2025-10-03
USR0464,Org-Alpha-Team1,Org-Alpha,2025-11-13,5,22,2025-10-03
USR0464,Org-Alpha-Team1,Org-Alpha,2025-11-14,1,1,2025-10-03
USR0464,Org-Alpha-Team1,Org-Alpha,2025-11-15,1,17,2025-10-03
USR0464,Org-Alpha-Team1,Org-Alpha,2025-11-16,2,40,2025-10-03
USR0464,Org-Alpha-Team1,Org-Alpha,2025-11-18,8,15,2025-10-03
USR0464,Org-Alpha-Team1,Org-Alpha,2025-11-19,1,12,2025-10-03
USR0464,Org-Alpha-Team1,Org-Alpha,2025-11-20,7,16,2025-10-03
USR0464,Org-Alpha-Team1,Org-Alpha,2025-11-22,8,12,2025-10-03
USR0464,Org-Alpha-Team1,Org-Alpha,2025-11-23,8,15,2025-10-03
USR0464,Org-Alpha-Team1,Org-Alpha,2025-11-26,5,14,2025-10-03
USR0464,Org-Alpha-Team1,Org-Alpha,2025-11-27,7,3,2025-10-03
USR0464,Org-Alpha-Team1,Org-Alpha,2025-11-28,1,17,2025-10-03
USR0464,Org-Alpha-Team1,Org-Alpha,2025-11-29,6,14,2025-10-03
USR0464,Org-Alpha-Team1,Org-Alpha,2025-11-30,3,11,2025-10-03
USR0464,Org-Alpha-Team1,Org-Alpha,2025-12-01,6,17,2025-10-03
USR0464,Org-Alpha-Team1,Org-Alpha,2025-12-02,1,23,2025-10-03
USR0464,Org-Alpha-Team1,Org-Alpha,2025-12-05,4,20,2025-10-03
USR0464,Org-Alpha-Team1,Org-Alpha,2025-12-07,6,40,2025-10-03
USR0464,Org-Alpha-Team1,Org-Alpha,2025-12-08,5,10,2025-10-03
USR0464,Org-Alpha-Team1,Org-Alpha,2025-12-09,7,4,2025-10-03
USR0464,Org-Alpha-Team1,Org-Alpha,2025-12-13,8,17,2025-10-03
USR0464,Org-Alpha-Team1,Org-Alpha,2025-12-16,4,8,2025-10-03
USR0464,Org-Alpha-Team1,Org-Alpha,2025-12-18,2,5,2025-10-03
USR0464,Org-Alpha-Team1,Org-Alpha,2025-12-22,7,20,2025-10-03
USR0464,Org-Alpha-Team1,Org-Alpha,2025-12-26,6,19,2025-10-03
USR0464,Org-Alpha-Team1,Org-Alpha,2025-12-28,1,3,2025-10-03
USR0464,Org-Alpha-Team1,Org-Alpha,2025-12-29,3,11,2025-10-03
USR0464,Org-Alpha-Team1,Org-Alpha,2025-12-30,5,14,2025-10-03
USR0464,Org-Alpha-Team1,Org-Alpha,2025-12-31,8,39,2025-10-03
USR0464,Org-Alpha-Team1,Org-Alpha,2026-01-02,6,37,2025-10-03
USR0464,Org-Alpha-Team1,Org-Alpha,2026-01-03,3,10,2025-10-03
USR0464,Org-Alpha-Team1,Org-Alpha,2026-01-04,8,18,2025-10-03
USR0464,Org-Alpha-Team1,Org-Alpha,2026-01-06,5,40,2025-10-03
USR0464,Org-Alpha-Team1,Org-Alpha,2026-01-07,6,26,2025-10-03
USR0464,Org-Alpha-Team1,Org-Alpha,2026-01-08,2,11,2025-10-03
USR0464,Org-Alpha-Team1,Org-Alpha,2026-01-09,6,28,2025-10-03
USR0464,Org-Alpha-Team1,Org-Alpha,2026-01-10,4,28,2025-10-03
USR0464,Org-Alpha-Team1,Org-Alpha,2026-01-11,7,23,2025-10-03
USR0464,Org-Alpha-Team1,Org-Alpha,2026-01-13,2,1,2025-10-03
USR0464,Org-Alpha-Team1,Org-Alpha,2026-01-14,3,5,2025-10-03
USR0464,Org-Alpha-Team1,Org-Alpha,2026-01-15,8,23,2025-10-03
USR0464,Org-Alpha-Team1,Org-Alpha,2026-01-19,2,20,2025-10-03
USR0464,Org-Alpha-Team1,Org-Alpha,2026-01-20,4,22,2025-10-03
USR0464,Org-Alpha-Team1,Org-Alpha,2026-01-21,6,30,2025-10-03
USR0464,Org-Alpha-Team1,Org-Alpha,2026-01-22,4,40,2025-10-03
USR0464,Org-Alpha-Team1,Org-Alpha,2026-01-23,4,36,2025-10-03
USR0464,Org-Alpha-Team1,Org-Alpha,2026-01-25,6,19,2025-10-03
USR0464,Org-Alpha-Team1,Org-Alpha,2026-01-26,4,22,2025-10-03
USR0464,Org-Alpha-Team1,Org-Alpha,2026-01-29,2,23,2025-10-03
USR0464,Org-Alpha-Team1,Org-Alpha,2026-01-30,4,19,2025-10-03
USR0464,Org-Alpha-Team1,Org-Alpha,2026-02-01,1,28,2025-10-03
USR0464,Org-Alpha-Team1,Org-Alpha,2026-02-07,5,31,2025-10-03
USR0464,Org-Alpha-Team1,Org-Alpha,2026-02-08,6,31,2025-10-03
USR0464,Org-Alpha-Team1,Org-Alpha,2026-02-10,2,2,2025-10-03
USR0464,Org-Alpha-Team1,Org-Alpha,2026-02-11,2,3,2025-10-03
USR0464,Org-Alpha-Team1,Org-Alpha,2026-02-14,2,9,2025-10-03
USR0464,Org-Alpha-Team1,Org-Alpha,2026-02-15,6,24,2025-10-03
USR0464,Org-Alpha-Team1,Org-Alpha,2026-02-16,2,27,2025-10-03
USR0464,Org-Alpha-Team1,Org-Alpha,2026-02-17,4,9,2025-10-03
USR0464,Org-Alpha-Team1,Org-Alpha,2026-02-18,6,17,2025-10-03
USR0464,Org-Alpha-Team1,Org-Alpha,2026-02-19,3,11,2025-10-03
USR0464,Org-Alpha-Team1,Org-Alpha,2026-02-20,4,9,2025-10-03
USR0464,Org-Alpha-Team1,Org-Alpha,2026-02-21,3,8,2025-10-03
USR0464,Org-Alpha-Team1,Org-Alpha,2026-02-22,6,13,2025-10-03
USR0464,Org-Alpha-Team1,Org-Alpha,2026-02-24,1,18,2025-10-03
USR0464,Org-Alpha-Team1,Org-Alpha,2026-02-25,7,32,2025-10-03
USR0464,Org-Alpha-Team1,Org-Alpha,2026-02-26,8,32,2025-10-03
USR0464,Org-Alpha-Team1,Org-Alpha,2026-02-27,1,6,2025-10-03
USR0464,Org-Alpha-Team1,Org-Alpha,2026-03-03,3,28,2025-10-03
USR0464,Org-Alpha-Team1,Org-Alpha,2026-03-04,3,13,2025-10-03
USR0464,Org-Alpha-Team1,Org-Alpha,2026-03-07,6,23,2025-10-03
USR0464,Org-Alpha-Team1,Org-Alpha,2026-03-09,1,14,2025-10-03
USR0464,Org-Alpha-Team1,Org-Alpha,2026-03-10,7,37,2025-10-03
USR0464,Org-Alpha-Team1,Org-Alpha,2026-03-12,6,29,2025-10-03
USR0464,Org-Alpha-Team1,Org-Alpha,2026-03-13,8,16,2025-10-03
USR0464,Org-Alpha-Team1,Org-Alpha,2026-03-14,2,23,2025-10-03
USR0464,Org-Alpha-Team1,Org-Alpha,2026-03-15,6,9,2025-10-03
USR0464,Org-Alpha-Team1,Org-Alpha,2026-03-16,8,28,2025-10-03
USR0464,Org-Alpha-Team1,Org-Alpha,2026-03-18,7,1,2025-10-03
USR0464,Org-Alpha-Team1,Org-Alpha,2026-03-21,5,2,2025-10-03
USR0464,Org-Alpha-Team1,Org-Alpha,2026-03-23,1,40,2025-10-03
USR0464,Org-Alpha-Team1,Org-Alpha,2026-03-26,2,39,2025-10-03
USR0464,Org-Alpha-Team1,Org-Alpha,2026-03-28,7,32,2025-10-03
USR0464,Org-Alpha-Team1,Org-Alpha,2026-03-31,4,34,2025-10-03
USR0465,Org-Beta-Team3,Org-Beta,2025-11-01,5,36,2025-10-31
USR0465,Org-Beta-Team3,Org-Beta,2025-11-04,7,8,2025-10-31
USR0465,Org-Beta-Team3,Org-Beta,2025-11-05,2,39,2025-10-31
USR0466,Org-Alpha-Team1,Org-Alpha,2025-10-23,2,24,2025-10-23
USR0466,Org-Alpha-Team1,Org-Alpha,2025-10-24,8,21,2025-10-23
USR0467,Org-Gamma-Team4,Org-Gamma,2025-10-19,4,13,2025-10-17
USR0468,Org-Epsilon-Team2,Org-Epsilon,2025-10-06,7,27,2025-10-06
USR0468,Org-Epsilon-Team2,Org-Epsilon,2025-10-08,6,35,2025-10-06
USR0468,Org-Epsilon-Team2,Org-Epsilon,2025-10-10,2,6,2025-10-06
USR0468,Org-Epsilon-Team2,Org-Epsilon,2025-10-11,2,4,2025-10-06
USR0468,Org-Epsilon-Team2,Org-Epsilon,2025-10-14,2,20,2025-10-06
USR0468,Org-Epsilon-Team2,Org-Epsilon,2025-10-16,8,14,2025-10-06
USR0468,Org-Epsilon-Team2,Org-Epsilon,2025-10-21,4,6,2025-10-06
USR0468,Org-Epsilon-Team2,Org-Epsilon,2025-10-22,6,29,2025-10-06
USR0468,Org-Epsilon-Team2,Org-Epsilon,2025-10-23,1,14,2025-10-06
USR0468,Org-Epsilon-Team2,Org-Epsilon,2025-10-27,7,3,2025-10-06
USR0468,Org-Epsilon-Team2,Org-Epsilon,2025-10-28,6,36,2025-10-06
USR0468,Org-Epsilon-Team2,Org-Epsilon,2025-10-29,8,39,2025-10-06
USR0468,Org-Epsilon-Team2,Org-Epsilon,2025-10-30,6,34,2025-10-06
USR0468,Org-Epsilon-Team2,Org-Epsilon,2025-10-31,5,11,2025-10-06
USR0468,Org-Epsilon-Team2,Org-Epsilon,2025-11-01,5,37,2025-10-06
USR0468,Org-Epsilon-Team2,Org-Epsilon,2025-11-02,6,11,2025-10-06
USR0468,Org-Epsilon-Team2,Org-Epsilon,2025-11-04,7,3,2025-10-06
USR0468,Org-Epsilon-Team2,Org-Epsilon,2025-11-05,1,40,2025-10-06
USR0468,Org-Epsilon-Team2,Org-Epsilon,2025-11-07,1,18,2025-10-06
USR0468,Org-Epsilon-Team2,Org-Epsilon,2025-11-08,2,21,2025-10-06
USR0468,Org-Epsilon-Team2,Org-Epsilon,2025-11-09,5,7,2025-10-06
USR0468,Org-Epsilon-Team2,Org-Epsilon,2025-11-10,6,4,2025-10-06
USR0468,Org-Epsilon-Team2,Org-Epsilon,2025-11-11,1,6,2025-10-06
USR0468,Org-Epsilon-Team2,Org-Epsilon,2025-11-14,5,11,2025-10-06
USR0468,Org-Epsilon-Team2,Org-Epsilon,2025-11-19,3,11,2025-10-06
USR0468,Org-Epsilon-Team2,Org-Epsilon,2025-11-21,3,21,2025-10-06
USR0468,Org-Epsilon-Team2,Org-Epsilon,2025-11-26,6,14,2025-10-06
USR0468,Org-Epsilon-Team2,Org-Epsilon,2025-11-27,7,1,2025-10-06
USR0468,Org-Epsilon-Team2,Org-Epsilon,2025-11-29,1,35,2025-10-06
USR0468,Org-Epsilon-Team2,Org-Epsilon,2025-12-01,5,9,2025-10-06
USR0468,Org-Epsilon-Team2,Org-Epsilon,2025-12-02,4,37,2025-10-06
USR0468,Org-Epsilon-Team2,Org-Epsilon,2025-12-06,6,12,2025-10-06
USR0468,Org-Epsilon-Team2,Org-Epsilon,2025-12-07,7,33,2025-10-06
USR0468,Org-Epsilon-Team2,Org-Epsilon,2025-12-09,2,36,2025-10-06
USR0468,Org-Epsilon-Team2,Org-Epsilon,2025-12-11,3,20,2025-10-06
USR0468,Org-Epsilon-Team2,Org-Epsilon,2025-12-14,5,11,2025-10-06
USR0468,Org-Epsilon-Team2,Org-Epsilon,2025-12-16,8,1,2025-10-06
USR0468,Org-Epsilon-Team2,Org-Epsilon,2025-12-17,8,38,2025-10-06
USR0468,Org-Epsilon-Team2,Org-Epsilon,2025-12-21,2,21,2025-10-06
USR0468,Org-Epsilon-Team2,Org-Epsilon,2025-12-23,6,14,2025-10-06
USR0468,Org-Epsilon-Team2,Org-Epsilon,2025-12-24,8,4,2025-10-06
USR0468,Org-Epsilon-Team2,Org-Epsilon,2025-12-25,6,14,2025-10-06
USR0468,Org-Epsilon-Team2,Org-Epsilon,2025-12-26,8,1,2025-10-06
USR0468,Org-Epsilon-Team2,Org-Epsilon,2025-12-27,1,20,2025-10-06
USR0468,Org-Epsilon-Team2,Org-Epsilon,2025-12-29,8,23,2025-10-06
USR0468,Org-Epsilon-Team2,Org-Epsilon,2025-12-30,3,24,2025-10-06
USR0468,Org-Epsilon-Team2,Org-Epsilon,2025-12-31,2,32,2025-10-06
USR0468,Org-Epsilon-Team2,Org-Epsilon,2026-01-01,2,21,2025-10-06
USR0468,Org-Epsilon-Team2,Org-Epsilon,2026-01-02,4,2,2025-10-06
USR0468,Org-Epsilon-Team2,Org-Epsilon,2026-01-03,3,22,2025-10-06
USR0468,Org-Epsilon-Team2,Org-Epsilon,2026-01-05,7,18,2025-10-06
USR0468,Org-Epsilon-Team2,Org-Epsilon,2026-01-06,5,5,2025-10-06
USR0468,Org-Epsilon-Team2,Org-Epsilon,2026-01-07,4,5,2025-10-06
USR0468,Org-Epsilon-Team2,Org-Epsilon,2026-01-09,7,33,2025-10-06
USR0468,Org-Epsilon-Team2,Org-Epsilon,2026-01-10,5,35,2025-10-06
USR0468,Org-Epsilon-Team2,Org-Epsilon,2026-01-13,7,28,2025-10-06
USR0468,Org-Epsilon-Team2,Org-Epsilon,2026-01-14,6,20,2025-10-06
USR0468,Org-Epsilon-Team2,Org-Epsilon,2026-01-16,1,14,2025-10-06
USR0468,Org-Epsilon-Team2,Org-Epsilon,2026-01-19,2,16,2025-10-06
USR0468,Org-Epsilon-Team2,Org-Epsilon,2026-01-20,7,22,2025-10-06
USR0468,Org-Epsilon-Team2,Org-Epsilon,2026-01-21,7,28,2025-10-06
USR0468,Org-Epsilon-Team2,Org-Epsilon,2026-01-22,4,26,2025-10-06
USR0468,Org-Epsilon-Team2,Org-Epsilon,2026-01-23,4,22,2025-10-06
USR0468,Org-Epsilon-Team2,Org-Epsilon,2026-01-24,5,21,2025-10-06
USR0468,Org-Epsilon-Team2,Org-Epsilon,2026-01-25,3,14,2025-10-06
USR0468,Org-Epsilon-Team2,Org-Epsilon,2026-01-26,6,14,2025-10-06
USR0468,Org-Epsilon-Team2,Org-Epsilon,2026-01-28,6,12,2025-10-06
USR0468,Org-Epsilon-Team2,Org-Epsilon,2026-01-30,4,17,2025-10-06
USR0468,Org-Epsilon-Team2,Org-Epsilon,2026-01-31,7,23,2025-10-06
USR0468,Org-Epsilon-Team2,Org-Epsilon,2026-02-02,4,15,2025-10-06
USR0468,Org-Epsilon-Team2,Org-Epsilon,2026-02-03,2,39,2025-10-06
USR0468,Org-Epsilon-Team2,Org-Epsilon,2026-02-04,7,19,2025-10-06
USR0468,Org-Epsilon-Team2,Org-Epsilon,2026-02-05,7,19,2025-10-06
USR0468,Org-Epsilon-Team2,Org-Epsilon,2026-02-06,4,5,2025-10-06
USR0468,Org-Epsilon-Team2,Org-Epsilon,2026-02-07,1,10,2025-10-06
USR0468,Org-Epsilon-Team2,Org-Epsilon,2026-02-08,8,33,2025-10-06
USR0468,Org-Epsilon-Team2,Org-Epsilon,2026-02-09,8,22,2025-10-06
USR0468,Org-Epsilon-Team2,Org-Epsilon,2026-02-10,7,13,2025-10-06
USR0468,Org-Epsilon-Team2,Org-Epsilon,2026-02-11,1,13,2025-10-06
USR0468,Org-Epsilon-Team2,Org-Epsilon,2026-02-13,5,7,2025-10-06
USR0468,Org-Epsilon-Team2,Org-Epsilon,2026-02-16,7,13,2025-10-06
USR0468,Org-Epsilon-Team2,Org-Epsilon,2026-02-18,5,11,2025-10-06
USR0468,Org-Epsilon-Team2,Org-Epsilon,2026-02-19,3,5,2025-10-06
USR0468,Org-Epsilon-Team2,Org-Epsilon,2026-02-20,7,17,2025-10-06
USR0468,Org-Epsilon-Team2,Org-Epsilon,2026-02-23,8,27,2025-10-06
USR0468,Org-Epsilon-Team2,Org-Epsilon,2026-02-24,8,40,2025-10-06
USR0468,Org-Epsilon-Team2,Org-Epsilon,2026-02-26,5,25,2025-10-06
USR0468,Org-Epsilon-Team2,Org-Epsilon,2026-02-27,3,25,2025-10-06
USR0468,Org-Epsilon-Team2,Org-Epsilon,2026-02-28,7,13,2025-10-06
USR0468,Org-Epsilon-Team2,Org-Epsilon,2026-03-01,2,15,2025-10-06
USR0468,Org-Epsilon-Team2,Org-Epsilon,2026-03-02,3,32,2025-10-06
USR0468,Org-Epsilon-Team2,Org-Epsilon,2026-03-04,3,7,2025-10-06
USR0468,Org-Epsilon-Team2,Org-Epsilon,2026-03-06,7,31,2025-10-06
USR0468,Org-Epsilon-Team2,Org-Epsilon,2026-03-07,7,5,2025-10-06
USR0468,Org-Epsilon-Team2,Org-Epsilon,2026-03-08,5,40,2025-10-06
USR0468,Org-Epsilon-Team2,Org-Epsilon,2026-03-09,6,8,2025-10-06
USR0468,Org-Epsilon-Team2,Org-Epsilon,2026-03-10,8,23,2025-10-06
USR0468,Org-Epsilon-Team2,Org-Epsilon,2026-03-11,2,27,2025-10-06
USR0468,Org-Epsilon-Team2,Org-Epsilon,2026-03-14,6,10,2025-10-06
USR0468,Org-Epsilon-Team2,Org-Epsilon,2026-03-15,7,33,2025-10-06
USR0468,Org-Epsilon-Team2,Org-Epsilon,2026-03-19,6,26,2025-10-06
USR0468,Org-Epsilon-Team2,Org-Epsilon,2026-03-20,2,1,2025-10-06
USR0468,Org-Epsilon-Team2,Org-Epsilon,2026-03-21,7,25,2025-10-06
USR0468,Org-Epsilon-Team2,Org-Epsilon,2026-03-22,6,40,2025-10-06
USR0468,Org-Epsilon-Team2,Org-Epsilon,2026-03-23,4,11,2025-10-06
USR0468,Org-Epsilon-Team2,Org-Epsilon,2026-03-26,1,36,2025-10-06
USR0468,Org-Epsilon-Team2,Org-Epsilon,2026-03-27,1,28,2025-10-06
USR0468,Org-Epsilon-Team2,Org-Epsilon,2026-03-28,4,4,2025-10-06
USR0468,Org-Epsilon-Team2,Org-Epsilon,2026-03-31,8,5,2025-10-06
USR0469,Org-Delta-Team4,Org-Delta,2025-10-03,1,9,2025-10-03
USR0470,Org-Beta-Team1,Org-Beta,2025-10-21,6,7,2025-10-21
USR0470,Org-Beta-Team1,Org-Beta,2025-10-23,3,3,2025-10-21
USR0470,Org-Beta-Team1,Org-Beta,2025-10-24,3,13,2025-10-21
USR0470,Org-Beta-Team1,Org-Beta,2025-10-25,4,16,2025-10-21
USR0470,Org-Beta-Team1,Org-Beta,2025-10-26,3,15,2025-10-21
USR0470,Org-Beta-Team1,Org-Beta,2025-10-27,6,5,2025-10-21
USR0470,Org-Beta-Team1,Org-Beta,2025-10-28,2,16,2025-10-21
USR0470,Org-Beta-Team1,Org-Beta,2025-10-31,8,16,2025-10-21
USR0470,Org-Beta-Team1,Org-Beta,2025-11-01,8,39,2025-10-21
USR0470,Org-Beta-Team1,Org-Beta,2025-11-02,8,25,2025-10-21
USR0470,Org-Beta-Team1,Org-Beta,2025-11-06,1,36,2025-10-21
USR0470,Org-Beta-Team1,Org-Beta,2025-11-08,7,27,2025-10-21
USR0470,Org-Beta-Team1,Org-Beta,2025-11-09,5,17,2025-10-21
USR0470,Org-Beta-Team1,Org-Beta,2025-11-12,8,18,2025-10-21
USR0470,Org-Beta-Team1,Org-Beta,2025-11-13,7,10,2025-10-21
USR0470,Org-Beta-Team1,Org-Beta,2025-11-15,2,20,2025-10-21
USR0470,Org-Beta-Team1,Org-Beta,2025-11-18,5,37,2025-10-21
USR0470,Org-Beta-Team1,Org-Beta,2025-11-20,8,10,2025-10-21
USR0470,Org-Beta-Team1,Org-Beta,2025-11-21,2,5,2025-10-21
USR0470,Org-Beta-Team1,Org-Beta,2025-11-22,1,34,2025-10-21
USR0470,Org-Beta-Team1,Org-Beta,2025-11-23,4,38,2025-10-21
USR0470,Org-Beta-Team1,Org-Beta,2025-11-24,5,6,2025-10-21
USR0470,Org-Beta-Team1,Org-Beta,2025-11-25,2,5,2025-10-21
USR0470,Org-Beta-Team1,Org-Beta,2025-11-28,4,13,2025-10-21
USR0470,Org-Beta-Team1,Org-Beta,2025-11-29,6,1,2025-10-21
USR0470,Org-Beta-Team1,Org-Beta,2025-12-02,6,4,2025-10-21
USR0470,Org-Beta-Team1,Org-Beta,2025-12-04,3,29,2025-10-21
USR0470,Org-Beta-Team1,Org-Beta,2025-12-05,3,37,2025-10-21
USR0470,Org-Beta-Team1,Org-Beta,2025-12-06,1,10,2025-10-21
USR0470,Org-Beta-Team1,Org-Beta,2025-12-08,5,8,2025-10-21
USR0470,Org-Beta-Team1,Org-Beta,2025-12-10,7,38,2025-10-21
USR0470,Org-Beta-Team1,Org-Beta,2025-12-11,7,12,2025-10-21
USR0470,Org-Beta-Team1,Org-Beta,2025-12-12,1,34,2025-10-21
USR0470,Org-Beta-Team1,Org-Beta,2025-12-16,7,15,2025-10-21
USR0470,Org-Beta-Team1,Org-Beta,2025-12-17,2,13,2025-10-21
USR0470,Org-Beta-Team1,Org-Beta,2025-12-18,6,31,2025-10-21
USR0470,Org-Beta-Team1,Org-Beta,2025-12-20,1,16,2025-10-21
USR0470,Org-Beta-Team1,Org-Beta,2025-12-21,3,12,2025-10-21
USR0470,Org-Beta-Team1,Org-Beta,2025-12-22,6,39,2025-10-21
USR0470,Org-Beta-Team1,Org-Beta,2025-12-23,6,9,2025-10-21
USR0470,Org-Beta-Team1,Org-Beta,2025-12-24,4,34,2025-10-21
USR0470,Org-Beta-Team1,Org-Beta,2025-12-25,7,15,2025-10-21
USR0470,Org-Beta-Team1,Org-Beta,2025-12-26,2,8,2025-10-21
USR0470,Org-Beta-Team1,Org-Beta,2025-12-27,5,28,2025-10-21
USR0470,Org-Beta-Team1,Org-Beta,2025-12-28,5,31,2025-10-21
USR0470,Org-Beta-Team1,Org-Beta,2025-12-29,4,11,2025-10-21
USR0470,Org-Beta-Team1,Org-Beta,2026-01-02,1,12,2025-10-21
USR0470,Org-Beta-Team1,Org-Beta,2026-01-06,6,8,2025-10-21
USR0470,Org-Beta-Team1,Org-Beta,2026-01-08,2,8,2025-10-21
USR0470,Org-Beta-Team1,Org-Beta,2026-01-10,5,25,2025-10-21
USR0470,Org-Beta-Team1,Org-Beta,2026-01-11,4,24,2025-10-21
USR0470,Org-Beta-Team1,Org-Beta,2026-01-12,6,38,2025-10-21
USR0470,Org-Beta-Team1,Org-Beta,2026-01-14,1,7,2025-10-21
USR0470,Org-Beta-Team1,Org-Beta,2026-01-17,3,16,2025-10-21
USR0470,Org-Beta-Team1,Org-Beta,2026-01-18,4,6,2025-10-21
USR0470,Org-Beta-Team1,Org-Beta,2026-01-19,7,26,2025-10-21
USR0470,Org-Beta-Team1,Org-Beta,2026-01-20,8,7,2025-10-21
USR0470,Org-Beta-Team1,Org-Beta,2026-01-21,3,30,2025-10-21
USR0470,Org-Beta-Team1,Org-Beta,2026-01-22,5,30,2025-10-21
USR0470,Org-Beta-Team1,Org-Beta,2026-01-23,8,6,2025-10-21
USR0470,Org-Beta-Team1,Org-Beta,2026-01-24,4,35,2025-10-21
USR0470,Org-Beta-Team1,Org-Beta,2026-01-25,8,29,2025-10-21
USR0470,Org-Beta-Team1,Org-Beta,2026-01-27,2,1,2025-10-21
USR0470,Org-Beta-Team1,Org-Beta,2026-01-31,1,36,2025-10-21
USR0470,Org-Beta-Team1,Org-Beta,2026-02-01,3,7,2025-10-21
USR0470,Org-Beta-Team1,Org-Beta,2026-02-02,2,20,2025-10-21
USR0470,Org-Beta-Team1,Org-Beta,2026-02-04,2,20,2025-10-21
USR0470,Org-Beta-Team1,Org-Beta,2026-02-06,5,20,2025-10-21
USR0470,Org-Beta-Team1,Org-Beta,2026-02-07,8,35,2025-10-21
USR0470,Org-Beta-Team1,Org-Beta,2026-02-09,6,37,2025-10-21
USR0470,Org-Beta-Team1,Org-Beta,2026-02-10,5,38,2025-10-21
USR0470,Org-Beta-Team1,Org-Beta,2026-02-15,7,34,2025-10-21
USR0470,Org-Beta-Team1,Org-Beta,2026-02-18,6,1,2025-10-21
USR0470,Org-Beta-Team1,Org-Beta,2026-02-19,2,40,2025-10-21
USR0470,Org-Beta-Team1,Org-Beta,2026-02-20,2,13,2025-10-21
USR0470,Org-Beta-Team1,Org-Beta,2026-02-22,8,25,2025-10-21
USR0470,Org-Beta-Team1,Org-Beta,2026-02-24,1,25,2025-10-21
USR0470,Org-Beta-Team1,Org-Beta,2026-02-26,7,36,2025-10-21
USR0470,Org-Beta-Team1,Org-Beta,2026-03-01,3,2,2025-10-21
USR0470,Org-Beta-Team1,Org-Beta,2026-03-03,3,34,2025-10-21
USR0470,Org-Beta-Team1,Org-Beta,2026-03-04,2,33,2025-10-21
USR0470,Org-Beta-Team1,Org-Beta,2026-03-05,7,37,2025-10-21
USR0470,Org-Beta-Team1,Org-Beta,2026-03-06,3,15,2025-10-21
USR0470,Org-Beta-Team1,Org-Beta,2026-03-08,5,4,2025-10-21
USR0470,Org-Beta-Team1,Org-Beta,2026-03-09,8,10,2025-10-21
USR0470,Org-Beta-Team1,Org-Beta,2026-03-11,8,11,2025-10-21
USR0470,Org-Beta-Team1,Org-Beta,2026-03-12,4,37,2025-10-21
USR0470,Org-Beta-Team1,Org-Beta,2026-03-13,4,26,2025-10-21
USR0470,Org-Beta-Team1,Org-Beta,2026-03-14,2,27,2025-10-21
USR0470,Org-Beta-Team1,Org-Beta,2026-03-15,5,38,2025-10-21
USR0470,Org-Beta-Team1,Org-Beta,2026-03-17,2,31,2025-10-21
USR0470,Org-Beta-Team1,Org-Beta,2026-03-19,4,5,2025-10-21
USR0470,Org-Beta-Team1,Org-Beta,2026-03-21,8,4,2025-10-21
USR0470,Org-Beta-Team1,Org-Beta,2026-03-23,7,16,2025-10-21
USR0470,Org-Beta-Team1,Org-Beta,2026-03-25,6,36,2025-10-21
USR0470,Org-Beta-Team1,Org-Beta,2026-03-26,6,33,2025-10-21
USR0471,Org-Alpha-Team4,Org-Alpha,2025-10-11,8,6,2025-10-10
USR0471,Org-Alpha-Team4,Org-Alpha,2025-10-15,6,25,2025-10-10
USR0472,Org-Alpha-Team2,Org-Alpha,2025-10-04,7,30,2025-10-04
USR0472,Org-Alpha-Team2,Org-Alpha,2025-10-05,8,8,2025-10-04
USR0473,Org-Gamma-Team4,Org-Gamma,2025-10-05,1,22,2025-10-05
USR0473,Org-Gamma-Team4,Org-Gamma,2025-10-08,6,37,2025-10-05
USR0473,Org-Gamma-Team4,Org-Gamma,2025-10-09,3,27,2025-10-05
USR0474,Org-Gamma-Team4,Org-Gamma,2025-10-06,6,30,2025-10-06
USR0474,Org-Gamma-Team4,Org-Gamma,2025-10-07,6,2,2025-10-06
USR0474,Org-Gamma-Team4,Org-Gamma,2025-10-11,6,39,2025-10-06
USR0474,Org-Gamma-Team4,Org-Gamma,2025-10-13,5,35,2025-10-06
USR0475,Org-Beta-Team1,Org-Beta,2025-10-02,7,34,2025-10-02
USR0475,Org-Beta-Team1,Org-Beta,2025-10-04,1,17,2025-10-02
USR0475,Org-Beta-Team1,Org-Beta,2025-10-05,3,11,2025-10-02
USR0475,Org-Beta-Team1,Org-Beta,2025-10-06,8,35,2025-10-02
USR0475,Org-Beta-Team1,Org-Beta,2025-10-07,3,8,2025-10-02
USR0475,Org-Beta-Team1,Org-Beta,2025-10-09,4,15,2025-10-02
USR0475,Org-Beta-Team1,Org-Beta,2025-10-11,4,1,2025-10-02
USR0475,Org-Beta-Team1,Org-Beta,2025-10-12,5,1,2025-10-02
USR0475,Org-Beta-Team1,Org-Beta,2025-10-13,8,27,2025-10-02
USR0475,Org-Beta-Team1,Org-Beta,2025-10-14,5,37,2025-10-02
USR0475,Org-Beta-Team1,Org-Beta,2025-10-16,5,3,2025-10-02
USR0475,Org-Beta-Team1,Org-Beta,2025-10-18,1,10,2025-10-02
USR0475,Org-Beta-Team1,Org-Beta,2025-10-20,8,3,2025-10-02
USR0475,Org-Beta-Team1,Org-Beta,2025-10-23,6,40,2025-10-02
USR0475,Org-Beta-Team1,Org-Beta,2025-10-24,8,39,2025-10-02
USR0475,Org-Beta-Team1,Org-Beta,2025-10-25,5,26,2025-10-02
USR0475,Org-Beta-Team1,Org-Beta,2025-10-26,2,39,2025-10-02
USR0475,Org-Beta-Team1,Org-Beta,2025-10-29,4,34,2025-10-02
USR0475,Org-Beta-Team1,Org-Beta,2025-10-30,5,34,2025-10-02
USR0475,Org-Beta-Team1,Org-Beta,2025-11-01,3,27,2025-10-02
USR0475,Org-Beta-Team1,Org-Beta,2025-11-02,7,6,2025-10-02
USR0475,Org-Beta-Team1,Org-Beta,2025-11-03,4,25,2025-10-02
USR0475,Org-Beta-Team1,Org-Beta,2025-11-06,2,30,2025-10-02
USR0475,Org-Beta-Team1,Org-Beta,2025-11-08,3,39,2025-10-02
USR0475,Org-Beta-Team1,Org-Beta,2025-11-09,5,12,2025-10-02
USR0475,Org-Beta-Team1,Org-Beta,2025-11-12,5,35,2025-10-02
USR0475,Org-Beta-Team1,Org-Beta,2025-11-14,2,17,2025-10-02
USR0475,Org-Beta-Team1,Org-Beta,2025-11-15,3,17,2025-10-02
USR0475,Org-Beta-Team1,Org-Beta,2025-11-16,3,29,2025-10-02
USR0475,Org-Beta-Team1,Org-Beta,2025-11-18,6,3,2025-10-02
USR0475,Org-Beta-Team1,Org-Beta,2025-11-21,6,3,2025-10-02
USR0475,Org-Beta-Team1,Org-Beta,2025-11-22,3,17,2025-10-02
USR0475,Org-Beta-Team1,Org-Beta,2025-11-23,2,35,2025-10-02
USR0475,Org-Beta-Team1,Org-Beta,2025-11-28,7,29,2025-10-02
USR0475,Org-Beta-Team1,Org-Beta,2025-11-29,6,2,2025-10-02
USR0475,Org-Beta-Team1,Org-Beta,2025-11-30,2,37,2025-10-02
USR0475,Org-Beta-Team1,Org-Beta,2025-12-01,8,4,2025-10-02
USR0475,Org-Beta-Team1,Org-Beta,2025-12-02,5,6,2025-10-02
USR0475,Org-Beta-Team1,Org-Beta,2025-12-03,3,2,2025-10-02
USR0475,Org-Beta-Team1,Org-Beta,2025-12-04,5,40,2025-10-02
USR0475,Org-Beta-Team1,Org-Beta,2025-12-08,3,35,2025-10-02
USR0475,Org-Beta-Team1,Org-Beta,2025-12-12,5,25,2025-10-02
USR0475,Org-Beta-Team1,Org-Beta,2025-12-13,8,35,2025-10-02
USR0475,Org-Beta-Team1,Org-Beta,2025-12-14,4,23,2025-10-02
USR0475,Org-Beta-Team1,Org-Beta,2025-12-17,7,11,2025-10-02
USR0475,Org-Beta-Team1,Org-Beta,2025-12-18,4,15,2025-10-02
USR0475,Org-Beta-Team1,Org-Beta,2025-12-19,1,16,2025-10-02
USR0475,Org-Beta-Team1,Org-Beta,2025-12-20,5,20,2025-10-02
USR0475,Org-Beta-Team1,Org-Beta,2025-12-21,5,16,2025-10-02
USR0475,Org-Beta-Team1,Org-Beta,2025-12-23,2,3,2025-10-02
USR0475,Org-Beta-Team1,Org-Beta,2025-12-25,5,39,2025-10-02
USR0475,Org-Beta-Team1,Org-Beta,2025-12-26,7,7,2025-10-02
USR0475,Org-Beta-Team1,Org-Beta,2025-12-27,4,4,2025-10-02
USR0475,Org-Beta-Team1,Org-Beta,2025-12-29,1,37,2025-10-02
USR0475,Org-Beta-Team1,Org-Beta,2026-01-10,7,5,2025-10-02
USR0475,Org-Beta-Team1,Org-Beta,2026-01-11,6,8,2025-10-02
USR0475,Org-Beta-Team1,Org-Beta,2026-01-12,1,14,2025-10-02
USR0475,Org-Beta-Team1,Org-Beta,2026-01-14,3,21,2025-10-02
USR0475,Org-Beta-Team1,Org-Beta,2026-01-15,7,9,2025-10-02
USR0475,Org-Beta-Team1,Org-Beta,2026-01-16,1,10,2025-10-02
USR0475,Org-Beta-Team1,Org-Beta,2026-01-17,6,30,2025-10-02
USR0475,Org-Beta-Team1,Org-Beta,2026-01-21,1,2,2025-10-02
USR0475,Org-Beta-Team1,Org-Beta,2026-01-24,2,23,2025-10-02
USR0475,Org-Beta-Team1,Org-Beta,2026-01-25,7,16,2025-10-02
USR0475,Org-Beta-Team1,Org-Beta,2026-01-26,6,29,2025-10-02
USR0475,Org-Beta-Team1,Org-Beta,2026-01-28,7,10,2025-10-02
USR0475,Org-Beta-Team1,Org-Beta,2026-01-31,3,8,2025-10-02
USR0475,Org-Beta-Team1,Org-Beta,2026-02-01,3,36,2025-10-02
USR0475,Org-Beta-Team1,Org-Beta,2026-02-02,1,21,2025-10-02
USR0475,Org-Beta-Team1,Org-Beta,2026-02-03,1,8,2025-10-02
USR0475,Org-Beta-Team1,Org-Beta,2026-02-08,8,12,2025-10-02
USR0475,Org-Beta-Team1,Org-Beta,2026-02-09,4,10,2025-10-02
USR0475,Org-Beta-Team1,Org-Beta,2026-02-11,4,10,2025-10-02
USR0475,Org-Beta-Team1,Org-Beta,2026-02-12,8,31,2025-10-02
USR0475,Org-Beta-Team1,Org-Beta,2026-02-14,8,40,2025-10-02
USR0475,Org-Beta-Team1,Org-Beta,2026-02-17,6,14,2025-10-02
USR0475,Org-Beta-Team1,Org-Beta,2026-02-19,5,33,2025-10-02
USR0475,Org-Beta-Team1,Org-Beta,2026-02-20,7,36,2025-10-02
USR0475,Org-Beta-Team1,Org-Beta,2026-02-25,8,19,2025-10-02
USR0475,Org-Beta-Team1,Org-Beta,2026-02-26,6,34,2025-10-02
USR0475,Org-Beta-Team1,Org-Beta,2026-02-27,8,36,2025-10-02
USR0475,Org-Beta-Team1,Org-Beta,2026-02-28,5,24,2025-10-02
USR0475,Org-Beta-Team1,Org-Beta,2026-03-01,3,18,2025-10-02
USR0475,Org-Beta-Team1,Org-Beta,2026-03-02,4,17,2025-10-02
USR0475,Org-Beta-Team1,Org-Beta,2026-03-03,3,40,2025-10-02
USR0475,Org-Beta-Team1,Org-Beta,2026-03-06,6,10,2025-10-02
USR0475,Org-Beta-Team1,Org-Beta,2026-03-07,8,14,2025-10-02
USR0475,Org-Beta-Team1,Org-Beta,2026-03-08,2,36,2025-10-02
USR0475,Org-Beta-Team1,Org-Beta,2026-03-09,7,16,2025-10-02
USR0475,Org-Beta-Team1,Org-Beta,2026-03-10,2,18,2025-10-02
USR0475,Org-Beta-Team1,Org-Beta,2026-03-11,8,32,2025-10-02
USR0475,Org-Beta-Team1,Org-Beta,2026-03-12,8,27,2025-10-02
USR0475,Org-Beta-Team1,Org-Beta,2026-03-14,2,2,2025-10-02
USR0475,Org-Beta-Team1,Org-Beta,2026-03-15,8,12,2025-10-02
USR0475,Org-Beta-Team1,Org-Beta,2026-03-16,7,4,2025-10-02
USR0475,Org-Beta-Team1,Org-Beta,2026-03-19,7,29,2025-10-02
USR0475,Org-Beta-Team1,Org-Beta,2026-03-23,1,22,2025-10-02
USR0475,Org-Beta-Team1,Org-Beta,2026-03-25,6,31,2025-10-02
USR0475,Org-Beta-Team1,Org-Beta,2026-03-26,5,26,2025-10-02
USR0475,Org-Beta-Team1,Org-Beta,2026-03-27,2,26,2025-10-02
USR0475,Org-Beta-Team1,Org-Beta,2026-03-28,7,22,2025-10-02
USR0475,Org-Beta-Team1,Org-Beta,2026-03-29,7,21,2025-10-02
USR0475,Org-Beta-Team1,Org-Beta,2026-03-31,2,9,2025-10-02
USR0476,Org-Gamma-Team2,Org-Gamma,2025-10-04,3,40,2025-10-03
USR0477,Org-Delta-Team3,Org-Delta,2025-10-18,7,33,2025-10-17
USR0477,Org-Delta-Team3,Org-Delta,2025-10-19,2,17,2025-10-17
USR0477,Org-Delta-Team3,Org-Delta,2025-10-20,7,4,2025-10-17
USR0478,Org-Beta-Team1,Org-Beta,2025-10-05,4,40,2025-10-04
USR0478,Org-Beta-Team1,Org-Beta,2025-10-06,1,7,2025-10-04
USR0478,Org-Beta-Team1,Org-Beta,2025-10-09,3,12,2025-10-04
USR0478,Org-Beta-Team1,Org-Beta,2025-10-10,2,9,2025-10-04
USR0478,Org-Beta-Team1,Org-Beta,2025-10-11,7,24,2025-10-04
USR0479,Org-Epsilon-Team2,Org-Epsilon,2025-10-14,4,21,2025-10-11
USR0479,Org-Epsilon-Team2,Org-Epsilon,2025-10-15,4,9,2025-10-11
USR0479,Org-Epsilon-Team2,Org-Epsilon,2025-10-16,3,11,2025-10-11
USR0480,Org-Delta-Team2,Org-Delta,2025-10-15,2,33,2025-10-15
USR0480,Org-Delta-Team2,Org-Delta,2025-10-16,3,6,2025-10-15
USR0481,Org-Beta-Team4,Org-Beta,2025-10-24,5,29,2025-10-24
USR0481,Org-Beta-Team4,Org-Beta,2025-10-26,6,24,2025-10-24
USR0481,Org-Beta-Team4,Org-Beta,2025-10-27,8,16,2025-10-24
USR0481,Org-Beta-Team4,Org-Beta,2025-10-28,4,10,2025-10-24
USR0481,Org-Beta-Team4,Org-Beta,2025-10-29,4,39,2025-10-24
USR0482,Org-Beta-Team3,Org-Beta,2025-10-04,4,27,2025-10-03
USR0482,Org-Beta-Team3,Org-Beta,2025-10-05,5,40,2025-10-03
USR0482,Org-Beta-Team3,Org-Beta,2025-10-06,6,38,2025-10-03
USR0482,Org-Beta-Team3,Org-Beta,2025-10-07,1,34,2025-10-03
USR0482,Org-Beta-Team3,Org-Beta,2025-10-08,8,14,2025-10-03
USR0482,Org-Beta-Team3,Org-Beta,2025-10-09,8,21,2025-10-03
USR0483,Org-Beta-Team4,Org-Beta,2025-10-17,8,7,2025-10-17
USR0483,Org-Beta-Team4,Org-Beta,2025-10-19,1,10,2025-10-17
USR0483,Org-Beta-Team4,Org-Beta,2025-10-20,5,26,2025-10-17
USR0484,Org-Alpha-Team2,Org-Alpha,2025-10-28,1,39,2025-10-28
USR0484,Org-Alpha-Team2,Org-Alpha,2025-10-29,7,2,2025-10-28
USR0484,Org-Alpha-Team2,Org-Alpha,2025-10-30,8,34,2025-10-28
USR0484,Org-Alpha-Team2,Org-Alpha,2025-10-31,1,27,2025-10-28
USR0485,Org-Beta-Team1,Org-Beta,2025-10-05,7,22,2025-10-05
USR0485,Org-Beta-Team1,Org-Beta,2025-10-06,8,12,2025-10-05
USR0485,Org-Beta-Team1,Org-Beta,2025-10-08,5,25,2025-10-05
USR0485,Org-Beta-Team1,Org-Beta,2025-10-11,5,9,2025-10-05
USR0485,Org-Beta-Team1,Org-Beta,2025-10-13,3,30,2025-10-05
USR0485,Org-Beta-Team1,Org-Beta,2025-10-14,4,37,2025-10-05
USR0485,Org-Beta-Team1,Org-Beta,2025-10-16,2,6,2025-10-05
USR0485,Org-Beta-Team1,Org-Beta,2025-10-17,1,12,2025-10-05
USR0485,Org-Beta-Team1,Org-Beta,2025-10-19,2,9,2025-10-05
USR0485,Org-Beta-Team1,Org-Beta,2025-10-21,2,14,2025-10-05
USR0485,Org-Beta-Team1,Org-Beta,2025-10-22,5,3,2025-10-05
USR0485,Org-Beta-Team1,Org-Beta,2025-10-23,2,25,2025-10-05
USR0485,Org-Beta-Team1,Org-Beta,2025-10-25,4,32,2025-10-05
USR0485,Org-Beta-Team1,Org-Beta,2025-10-26,8,32,2025-10-05
USR0485,Org-Beta-Team1,Org-Beta,2025-10-27,2,40,2025-10-05
USR0485,Org-Beta-Team1,Org-Beta,2025-10-28,1,14,2025-10-05
USR0485,Org-Beta-Team1,Org-Beta,2025-10-29,7,2,2025-10-05
USR0485,Org-Beta-Team1,Org-Beta,2025-10-30,5,30,2025-10-05
USR0485,Org-Beta-Team1,Org-Beta,2025-10-31,5,16,2025-10-05
USR0485,Org-Beta-Team1,Org-Beta,2025-11-01,8,17,2025-10-05
USR0485,Org-Beta-Team1,Org-Beta,2025-11-03,5,15,2025-10-05
USR0485,Org-Beta-Team1,Org-Beta,2025-11-04,1,14,2025-10-05
USR0485,Org-Beta-Team1,Org-Beta,2025-11-05,4,35,2025-10-05
USR0485,Org-Beta-Team1,Org-Beta,2025-11-09,7,31,2025-10-05
USR0485,Org-Beta-Team1,Org-Beta,2025-11-10,6,36,2025-10-05
USR0485,Org-Beta-Team1,Org-Beta,2025-11-11,3,5,2025-10-05
USR0485,Org-Beta-Team1,Org-Beta,2025-11-14,6,39,2025-10-05
USR0485,Org-Beta-Team1,Org-Beta,2025-11-16,3,9,2025-10-05
USR0485,Org-Beta-Team1,Org-Beta,2025-11-17,2,9,2025-10-05
USR0485,Org-Beta-Team1,Org-Beta,2025-11-20,6,33,2025-10-05
USR0485,Org-Beta-Team1,Org-Beta,2025-11-21,4,40,2025-10-05
USR0485,Org-Beta-Team1,Org-Beta,2025-11-22,4,2,2025-10-05
USR0485,Org-Beta-Team1,Org-Beta,2025-11-23,2,18,2025-10-05
USR0485,Org-Beta-Team1,Org-Beta,2025-11-24,6,30,2025-10-05
USR0485,Org-Beta-Team1,Org-Beta,2025-11-25,7,29,2025-10-05
USR0485,Org-Beta-Team1,Org-Beta,2025-11-27,3,20,2025-10-05
USR0485,Org-Beta-Team1,Org-Beta,2025-11-28,6,20,2025-10-05
USR0485,Org-Beta-Team1,Org-Beta,2025-12-01,8,5,2025-10-05
USR0485,Org-Beta-Team1,Org-Beta,2025-12-02,2,24,2025-10-05
USR0485,Org-Beta-Team1,Org-Beta,2025-12-05,8,14,2025-10-05
USR0485,Org-Beta-Team1,Org-Beta,2025-12-06,1,9,2025-10-05
USR0485,Org-Beta-Team1,Org-Beta,2025-12-07,7,19,2025-10-05
USR0485,Org-Beta-Team1,Org-Beta,2025-12-08,7,15,2025-10-05
USR0485,Org-Beta-Team1,Org-Beta,2025-12-09,5,28,2025-10-05
USR0485,Org-Beta-Team1,Org-Beta,2025-12-10,6,33,2025-10-05
USR0485,Org-Beta-Team1,Org-Beta,2025-12-11,2,1,2025-10-05
USR0485,Org-Beta-Team1,Org-Beta,2025-12-13,6,36,2025-10-05
USR0485,Org-Beta-Team1,Org-Beta,2025-12-15,8,9,2025-10-05
USR0485,Org-Beta-Team1,Org-Beta,2025-12-16,3,31,2025-10-05
USR0485,Org-Beta-Team1,Org-Beta,2025-12-17,3,32,2025-10-05
USR0485,Org-Beta-Team1,Org-Beta,2025-12-20,3,8,2025-10-05
USR0485,Org-Beta-Team1,Org-Beta,2025-12-22,8,11,2025-10-05
USR0485,Org-Beta-Team1,Org-Beta,2025-12-24,1,32,2025-10-05
USR0485,Org-Beta-Team1,Org-Beta,2025-12-25,7,20,2025-10-05
USR0485,Org-Beta-Team1,Org-Beta,2025-12-26,8,3,2025-10-05
USR0485,Org-Beta-Team1,Org-Beta,2025-12-27,6,38,2025-10-05
USR0485,Org-Beta-Team1,Org-Beta,2025-12-29,2,37,2025-10-05
USR0485,Org-Beta-Team1,Org-Beta,2026-01-02,4,23,2025-10-05
USR0485,Org-Beta-Team1,Org-Beta,2026-01-03,4,38,2025-10-05
USR0485,Org-Beta-Team1,Org-Beta,2026-01-04,1,12,2025-10-05
USR0485,Org-Beta-Team1,Org-Beta,2026-01-05,2,8,2025-10-05
USR0485,Org-Beta-Team1,Org-Beta,2026-01-08,1,1,2025-10-05
USR0485,Org-Beta-Team1,Org-Beta,2026-01-09,3,12,2025-10-05
USR0485,Org-Beta-Team1,Org-Beta,2026-01-10,1,23,2025-10-05
USR0485,Org-Beta-Team1,Org-Beta,2026-01-11,3,3,2025-10-05
USR0485,Org-Beta-Team1,Org-Beta,2026-01-12,4,37,2025-10-05
USR0485,Org-Beta-Team1,Org-Beta,2026-01-14,1,34,2025-10-05
USR0485,Org-Beta-Team1,Org-Beta,2026-01-15,1,19,2025-10-05
USR0485,Org-Beta-Team1,Org-Beta,2026-01-16,2,29,2025-10-05
USR0485,Org-Beta-Team1,Org-Beta,2026-01-17,1,6,2025-10-05
USR0485,Org-Beta-Team1,Org-Beta,2026-01-18,3,17,2025-10-05
USR0485,Org-Beta-Team1,Org-Beta,2026-01-23,2,32,2025-10-05
USR0485,Org-Beta-Team1,Org-Beta,2026-01-24,1,26,2025-10-05
USR0485,Org-Beta-Team1,Org-Beta,2026-01-25,1,26,2025-10-05
USR0485,Org-Beta-Team1,Org-Beta,2026-01-26,6,30,2025-10-05
USR0485,Org-Beta-Team1,Org-Beta,2026-01-29,4,8,2025-10-05
USR0485,Org-Beta-Team1,Org-Beta,2026-01-30,4,23,2025-10-05
USR0485,Org-Beta-Team1,Org-Beta,2026-01-31,5,22,2025-10-05
USR0485,Org-Beta-Team1,Org-Beta,2026-02-01,4,9,2025-10-05
USR0485,Org-Beta-Team1,Org-Beta,2026-02-07,5,6,2025-10-05
USR0485,Org-Beta-Team1,Org-Beta,2026-02-11,6,28,2025-10-05
USR0485,Org-Beta-Team1,Org-Beta,2026-02-13,7,25,2025-10-05
USR0485,Org-Beta-Team1,Org-Beta,2026-02-14,5,27,2025-10-05
USR0485,Org-Beta-Team1,Org-Beta,2026-02-17,5,1,2025-10-05
USR0485,Org-Beta-Team1,Org-Beta,2026-02-18,1,8,2025-10-05
USR0485,Org-Beta-Team1,Org-Beta,2026-02-19,8,17,2025-10-05
USR0485,Org-Beta-Team1,Org-Beta,2026-02-20,5,32,2025-10-05
USR0485,Org-Beta-Team1,Org-Beta,2026-02-22,8,16,2025-10-05
USR0485,Org-Beta-Team1,Org-Beta,2026-02-23,3,13,2025-10-05
USR0485,Org-Beta-Team1,Org-Beta,2026-02-25,4,15,2025-10-05
USR0485,Org-Beta-Team1,Org-Beta,2026-02-26,3,10,2025-10-05
USR0485,Org-Beta-Team1,Org-Beta,2026-02-28,4,18,2025-10-05
USR0485,Org-Beta-Team1,Org-Beta,2026-03-01,2,22,2025-10-05
USR0485,Org-Beta-Team1,Org-Beta,2026-03-02,8,32,2025-10-05
USR0485,Org-Beta-Team1,Org-Beta,2026-03-03,8,35,2025-10-05
USR0485,Org-Beta-Team1,Org-Beta,2026-03-06,1,4,2025-10-05
USR0485,Org-Beta-Team1,Org-Beta,2026-03-07,6,39,2025-10-05
USR0485,Org-Beta-Team1,Org-Beta,2026-03-08,2,34,2025-10-05
USR0485,Org-Beta-Team1,Org-Beta,2026-03-10,5,32,2025-10-05
USR0485,Org-Beta-Team1,Org-Beta,2026-03-12,4,14,2025-10-05
USR0485,Org-Beta-Team1,Org-Beta,2026-03-14,2,19,2025-10-05
USR0485,Org-Beta-Team1,Org-Beta,2026-03-15,7,38,2025-10-05
USR0485,Org-Beta-Team1,Org-Beta,2026-03-17,4,6,2025-10-05
USR0485,Org-Beta-Team1,Org-Beta,2026-03-20,6,34,2025-10-05
USR0485,Org-Beta-Team1,Org-Beta,2026-03-21,1,33,2025-10-05
USR0485,Org-Beta-Team1,Org-Beta,2026-03-22,8,22,2025-10-05
USR0485,Org-Beta-Team1,Org-Beta,2026-03-23,2,14,2025-10-05
USR0485,Org-Beta-Team1,Org-Beta,2026-03-24,4,36,2025-10-05
USR0485,Org-Beta-Team1,Org-Beta,2026-03-25,4,32,2025-10-05
USR0485,Org-Beta-Team1,Org-Beta,2026-03-26,5,18,2025-10-05
USR0485,Org-Beta-Team1,Org-Beta,2026-03-27,6,2,2025-10-05
USR0485,Org-Beta-Team1,Org-Beta,2026-03-28,4,35,2025-10-05
USR0485,Org-Beta-Team1,Org-Beta,2026-03-29,6,20,2025-10-05
USR0485,Org-Beta-Team1,Org-Beta,2026-03-31,5,12,2025-10-05
USR0486,Org-Alpha-Team4,Org-Alpha,2025-10-22,2,31,2025-10-20
USR0487,Org-Beta-Team1,Org-Beta,2025-11-01,1,5,2025-10-31
USR0487,Org-Beta-Team1,Org-Beta,2025-11-02,6,13,2025-10-31
USR0488,Org-Delta-Team1,Org-Delta,2025-10-15,3,31,2025-10-13
USR0488,Org-Delta-Team1,Org-Delta,2025-10-16,2,3,2025-10-13
USR0489,Org-Alpha-Team1,Org-Alpha,2025-10-18,8,30,2025-10-18
USR0489,Org-Alpha-Team1,Org-Alpha,2025-10-19,1,28,2025-10-18
USR0489,Org-Alpha-Team1,Org-Alpha,2025-10-21,7,40,2025-10-18
USR0490,Org-Delta-Team2,Org-Delta,2025-10-01,2,6,2025-10-01
USR0490,Org-Delta-Team2,Org-Delta,2025-10-04,3,6,2025-10-01
USR0491,Org-Gamma-Team4,Org-Gamma,2025-10-23,7,20,2025-10-23
USR0491,Org-Gamma-Team4,Org-Gamma,2025-10-24,4,2,2025-10-23
USR0491,Org-Gamma-Team4,Org-Gamma,2025-10-25,6,15,2025-10-23
USR0492,Org-Alpha-Team2,Org-Alpha,2025-10-07,3,33,2025-10-07
USR0492,Org-Alpha-Team2,Org-Alpha,2025-10-09,2,34,2025-10-07
USR0493,Org-Alpha-Team4,Org-Alpha,2025-10-05,4,17,2025-10-04
USR0494,Org-Epsilon-Team3,Org-Epsilon,2025-10-28,1,27,2025-10-26
USR0495,Org-Alpha-Team3,Org-Alpha,2025-10-29,6,34,2025-10-29
USR0495,Org-Alpha-Team3,Org-Alpha,2025-10-31,4,23,2025-10-29
USR0495,Org-Alpha-Team3,Org-Alpha,2025-11-01,8,24,2025-10-29
USR0495,Org-Alpha-Team3,Org-Alpha,2025-11-02,4,17,2025-10-29
USR0496,Org-Delta-Team4,Org-Delta,2025-10-24,6,15,2025-10-24
USR0496,Org-Delta-Team4,Org-Delta,2025-10-25,4,6,2025-10-24
USR0496,Org-Delta-Team4,Org-Delta,2025-10-29,3,29,2025-10-24
USR0496,Org-Delta-Team4,Org-Delta,2025-11-01,4,19,2025-10-24
USR0496,Org-Delta-Team4,Org-Delta,2025-11-02,4,9,2025-10-24
USR0496,Org-Delta-Team4,Org-Delta,2025-11-04,2,25,2025-10-24
USR0496,Org-Delta-Team4,Org-Delta,2025-11-06,8,29,2025-10-24
USR0496,Org-Delta-Team4,Org-Delta,2025-11-08,4,19,2025-10-24
USR0496,Org-Delta-Team4,Org-Delta,2025-11-09,1,32,2025-10-24
USR0496,Org-Delta-Team4,Org-Delta,2025-11-11,8,20,2025-10-24
USR0496,Org-Delta-Team4,Org-Delta,2025-11-12,5,7,2025-10-24
USR0496,Org-Delta-Team4,Org-Delta,2025-11-13,2,33,2025-10-24
USR0496,Org-Delta-Team4,Org-Delta,2025-11-14,1,2,2025-10-24
USR0496,Org-Delta-Team4,Org-Delta,2025-11-16,1,6,2025-10-24
USR0496,Org-Delta-Team4,Org-Delta,2025-11-17,1,11,2025-10-24
USR0496,Org-Delta-Team4,Org-Delta,2025-11-19,1,17,2025-10-24
USR0496,Org-Delta-Team4,Org-Delta,2025-11-21,4,37,2025-10-24
USR0496,Org-Delta-Team4,Org-Delta,2025-11-22,6,36,2025-10-24
USR0496,Org-Delta-Team4,Org-Delta,2025-11-25,8,32,2025-10-24
USR0496,Org-Delta-Team4,Org-Delta,2025-11-27,4,29,2025-10-24
USR0496,Org-Delta-Team4,Org-Delta,2025-11-30,2,34,2025-10-24
USR0496,Org-Delta-Team4,Org-Delta,2025-12-04,2,24,2025-10-24
USR0496,Org-Delta-Team4,Org-Delta,2025-12-08,7,22,2025-10-24
USR0496,Org-Delta-Team4,Org-Delta,2025-12-10,8,3,2025-10-24
USR0496,Org-Delta-Team4,Org-Delta,2025-12-13,5,33,2025-10-24
USR0496,Org-Delta-Team4,Org-Delta,2025-12-14,2,39,2025-10-24
USR0496,Org-Delta-Team4,Org-Delta,2025-12-15,1,33,2025-10-24
USR0496,Org-Delta-Team4,Org-Delta,2025-12-17,3,25,2025-10-24
USR0496,Org-Delta-Team4,Org-Delta,2025-12-18,2,37,2025-10-24
USR0496,Org-Delta-Team4,Org-Delta,2025-12-19,7,35,2025-10-24
USR0496,Org-Delta-Team4,Org-Delta,2025-12-21,7,27,2025-10-24
USR0496,Org-Delta-Team4,Org-Delta,2025-12-23,7,37,2025-10-24
USR0496,Org-Delta-Team4,Org-Delta,2025-12-31,7,25,2025-10-24
USR0496,Org-Delta-Team4,Org-Delta,2026-01-01,5,35,2025-10-24
USR0496,Org-Delta-Team4,Org-Delta,2026-01-03,8,29,2025-10-24
USR0496,Org-Delta-Team4,Org-Delta,2026-01-05,8,32,2025-10-24
USR0496,Org-Delta-Team4,Org-Delta,2026-01-06,4,33,2025-10-24
USR0496,Org-Delta-Team4,Org-Delta,2026-01-07,8,21,2025-10-24
USR0496,Org-Delta-Team4,Org-Delta,2026-01-08,7,34,2025-10-24
USR0496,Org-Delta-Team4,Org-Delta,2026-01-09,4,31,2025-10-24
USR0496,Org-Delta-Team4,Org-Delta,2026-01-10,4,37,2025-10-24
USR0496,Org-Delta-Team4,Org-Delta,2026-01-11,8,19,2025-10-24
USR0496,Org-Delta-Team4,Org-Delta,2026-01-15,7,22,2025-10-24
USR0496,Org-Delta-Team4,Org-Delta,2026-01-16,8,16,2025-10-24
USR0496,Org-Delta-Team4,Org-Delta,2026-01-18,6,17,2025-10-24
USR0496,Org-Delta-Team4,Org-Delta,2026-01-20,6,10,2025-10-24
USR0496,Org-Delta-Team4,Org-Delta,2026-01-21,8,14,2025-10-24
USR0496,Org-Delta-Team4,Org-Delta,2026-01-22,4,14,2025-10-24
USR0496,Org-Delta-Team4,Org-Delta,2026-01-23,6,33,2025-10-24
USR0496,Org-Delta-Team4,Org-Delta,2026-01-26,1,11,2025-10-24
USR0496,Org-Delta-Team4,Org-Delta,2026-01-30,6,22,2025-10-24
USR0496,Org-Delta-Team4,Org-Delta,2026-02-02,4,4,2025-10-24
USR0496,Org-Delta-Team4,Org-Delta,2026-02-03,4,32,2025-10-24
USR0496,Org-Delta-Team4,Org-Delta,2026-02-05,2,39,2025-10-24
USR0496,Org-Delta-Team4,Org-Delta,2026-02-07,3,13,2025-10-24
USR0496,Org-Delta-Team4,Org-Delta,2026-02-10,5,15,2025-10-24
USR0496,Org-Delta-Team4,Org-Delta,2026-02-12,2,37,2025-10-24
USR0496,Org-Delta-Team4,Org-Delta,2026-02-14,8,1,2025-10-24
USR0496,Org-Delta-Team4,Org-Delta,2026-02-17,7,32,2025-10-24
USR0496,Org-Delta-Team4,Org-Delta,2026-02-18,8,11,2025-10-24
USR0496,Org-Delta-Team4,Org-Delta,2026-02-19,6,38,2025-10-24
USR0496,Org-Delta-Team4,Org-Delta,2026-02-20,5,13,2025-10-24
USR0496,Org-Delta-Team4,Org-Delta,2026-02-21,1,40,2025-10-24
USR0496,Org-Delta-Team4,Org-Delta,2026-02-22,7,10,2025-10-24
USR0496,Org-Delta-Team4,Org-Delta,2026-02-27,1,33,2025-10-24
USR0496,Org-Delta-Team4,Org-Delta,2026-03-01,8,4,2025-10-24
USR0496,Org-Delta-Team4,Org-Delta,2026-03-02,4,10,2025-10-24
USR0496,Org-Delta-Team4,Org-Delta,2026-03-04,7,28,2025-10-24
USR0496,Org-Delta-Team4,Org-Delta,2026-03-05,2,40,2025-10-24
USR0496,Org-Delta-Team4,Org-Delta,2026-03-06,8,8,2025-10-24
USR0496,Org-Delta-Team4,Org-Delta,2026-03-07,1,18,2025-10-24
USR0496,Org-Delta-Team4,Org-Delta,2026-03-10,3,3,2025-10-24
USR0496,Org-Delta-Team4,Org-Delta,2026-03-11,2,34,2025-10-24
USR0496,Org-Delta-Team4,Org-Delta,2026-03-13,1,10,2025-10-24
USR0496,Org-Delta-Team4,Org-Delta,2026-03-14,4,7,2025-10-24
USR0496,Org-Delta-Team4,Org-Delta,2026-03-16,7,3,2025-10-24
USR0496,Org-Delta-Team4,Org-Delta,2026-03-17,4,20,2025-10-24
USR0496,Org-Delta-Team4,Org-Delta,2026-03-18,2,31,2025-10-24
USR0496,Org-Delta-Team4,Org-Delta,2026-03-19,2,31,2025-10-24
USR0496,Org-Delta-Team4,Org-Delta,2026-03-21,2,18,2025-10-24
USR0496,Org-Delta-Team4,Org-Delta,2026-03-22,6,24,2025-10-24
USR0496,Org-Delta-Team4,Org-Delta,2026-03-23,2,12,2025-10-24
USR0496,Org-Delta-Team4,Org-Delta,2026-03-27,2,27,2025-10-24
USR0496,Org-Delta-Team4,Org-Delta,2026-03-31,7,26,2025-10-24
USR0497,Org-Epsilon-Team4,Org-Epsilon,2025-10-07,4,33,2025-10-07
USR0497,Org-Epsilon-Team4,Org-Epsilon,2025-10-08,5,33,2025-10-07
USR0497,Org-Epsilon-Team4,Org-Epsilon,2025-10-09,1,4,2025-10-07
USR0498,Org-Beta-Team2,Org-Beta,2025-10-15,6,12,2025-10-15
USR0498,Org-Beta-Team2,Org-Beta,2025-10-17,1,5,2025-10-15
USR0498,Org-Beta-Team2,Org-Beta,2025-10-19,6,15,2025-10-15
USR0498,Org-Beta-Team2,Org-Beta,2025-10-20,8,2,2025-10-15
USR0498,Org-Beta-Team2,Org-Beta,2025-10-27,2,14,2025-10-15
USR0498,Org-Beta-Team2,Org-Beta,2025-10-28,5,22,2025-10-15
USR0498,Org-Beta-Team2,Org-Beta,2025-10-29,5,36,2025-10-15
USR0498,Org-Beta-Team2,Org-Beta,2025-10-31,2,21,2025-10-15
USR0498,Org-Beta-Team2,Org-Beta,2025-11-01,1,37,2025-10-15
USR0498,Org-Beta-Team2,Org-Beta,2025-11-02,5,13,2025-10-15
USR0498,Org-Beta-Team2,Org-Beta,2025-11-05,5,3,2025-10-15
USR0498,Org-Beta-Team2,Org-Beta,2025-11-07,4,39,2025-10-15
USR0498,Org-Beta-Team2,Org-Beta,2025-11-08,5,26,2025-10-15
USR0498,Org-Beta-Team2,Org-Beta,2025-11-09,4,10,2025-10-15
USR0498,Org-Beta-Team2,Org-Beta,2025-11-11,1,20,2025-10-15
USR0498,Org-Beta-Team2,Org-Beta,2025-11-13,3,28,2025-10-15
USR0498,Org-Beta-Team2,Org-Beta,2025-11-18,5,31,2025-10-15
USR0498,Org-Beta-Team2,Org-Beta,2025-11-21,3,2,2025-10-15
USR0498,Org-Beta-Team2,Org-Beta,2025-11-22,2,25,2025-10-15
USR0498,Org-Beta-Team2,Org-Beta,2025-11-24,3,16,2025-10-15
USR0498,Org-Beta-Team2,Org-Beta,2025-11-27,4,9,2025-10-15
USR0498,Org-Beta-Team2,Org-Beta,2025-11-29,8,8,2025-10-15
USR0498,Org-Beta-Team2,Org-Beta,2025-11-30,3,19,2025-10-15
USR0498,Org-Beta-Team2,Org-Beta,2025-12-03,4,1,2025-10-15
USR0498,Org-Beta-Team2,Org-Beta,2025-12-05,4,35,2025-10-15
USR0498,Org-Beta-Team2,Org-Beta,2025-12-06,4,40,2025-10-15
USR0498,Org-Beta-Team2,Org-Beta,2025-12-07,6,8,2025-10-15
USR0498,Org-Beta-Team2,Org-Beta,2025-12-08,2,32,2025-10-15
USR0498,Org-Beta-Team2,Org-Beta,2025-12-09,2,37,2025-10-15
USR0498,Org-Beta-Team2,Org-Beta,2025-12-10,8,40,2025-10-15
USR0498,Org-Beta-Team2,Org-Beta,2025-12-12,3,40,2025-10-15
USR0498,Org-Beta-Team2,Org-Beta,2025-12-15,6,37,2025-10-15
USR0498,Org-Beta-Team2,Org-Beta,2025-12-16,4,24,2025-10-15
USR0498,Org-Beta-Team2,Org-Beta,2025-12-17,6,16,2025-10-15
USR0498,Org-Beta-Team2,Org-Beta,2025-12-18,3,35,2025-10-15
USR0498,Org-Beta-Team2,Org-Beta,2025-12-29,2,18,2025-10-15
USR0498,Org-Beta-Team2,Org-Beta,2026-01-01,7,36,2025-10-15
USR0498,Org-Beta-Team2,Org-Beta,2026-01-02,3,5,2025-10-15
USR0498,Org-Beta-Team2,Org-Beta,2026-01-03,3,19,2025-10-15
USR0498,Org-Beta-Team2,Org-Beta,2026-01-04,3,7,2025-10-15
USR0498,Org-Beta-Team2,Org-Beta,2026-01-05,7,9,2025-10-15
USR0498,Org-Beta-Team2,Org-Beta,2026-01-06,1,14,2025-10-15
USR0498,Org-Beta-Team2,Org-Beta,2026-01-07,5,29,2025-10-15
USR0498,Org-Beta-Team2,Org-Beta,2026-01-09,3,14,2025-10-15
USR0498,Org-Beta-Team2,Org-Beta,2026-01-12,7,13,2025-10-15
USR0498,Org-Beta-Team2,Org-Beta,2026-01-13,4,26,2025-10-15
USR0498,Org-Beta-Team2,Org-Beta,2026-01-14,2,11,2025-10-15
USR0498,Org-Beta-Team2,Org-Beta,2026-01-15,2,19,2025-10-15
USR0498,Org-Beta-Team2,Org-Beta,2026-01-16,3,34,2025-10-15
USR0498,Org-Beta-Team2,Org-Beta,2026-01-19,8,23,2025-10-15
USR0498,Org-Beta-Team2,Org-Beta,2026-01-21,8,19,2025-10-15
USR0498,Org-Beta-Team2,Org-Beta,2026-01-23,5,14,2025-10-15
USR0498,Org-Beta-Team2,Org-Beta,2026-01-24,2,1,2025-10-15
USR0498,Org-Beta-Team2,Org-Beta,2026-01-25,5,3,2025-10-15
USR0498,Org-Beta-Team2,Org-Beta,2026-01-26,6,12,2025-10-15
USR0498,Org-Beta-Team2,Org-Beta,2026-01-28,4,9,2025-10-15
USR0498,Org-Beta-Team2,Org-Beta,2026-01-29,5,35,2025-10-15
USR0498,Org-Beta-Team2,Org-Beta,2026-01-31,6,8,2025-10-15
USR0498,Org-Beta-Team2,Org-Beta,2026-02-01,6,21,2025-10-15
USR0498,Org-Beta-Team2,Org-Beta,2026-02-06,5,32,2025-10-15
USR0498,Org-Beta-Team2,Org-Beta,2026-02-07,2,21,2025-10-15
USR0498,Org-Beta-Team2,Org-Beta,2026-02-09,7,28,2025-10-15
USR0498,Org-Beta-Team2,Org-Beta,2026-02-10,1,7,2025-10-15
USR0498,Org-Beta-Team2,Org-Beta,2026-02-13,5,13,2025-10-15
USR0498,Org-Beta-Team2,Org-Beta,2026-02-15,2,17,2025-10-15
USR0498,Org-Beta-Team2,Org-Beta,2026-02-17,8,11,2025-10-15
USR0498,Org-Beta-Team2,Org-Beta,2026-02-18,5,38,2025-10-15
USR0498,Org-Beta-Team2,Org-Beta,2026-02-20,6,12,2025-10-15
USR0498,Org-Beta-Team2,Org-Beta,2026-02-25,7,36,2025-10-15
USR0498,Org-Beta-Team2,Org-Beta,2026-02-26,1,36,2025-10-15
USR0498,Org-Beta-Team2,Org-Beta,2026-02-28,1,31,2025-10-15
USR0498,Org-Beta-Team2,Org-Beta,2026-03-03,3,11,2025-10-15
USR0498,Org-Beta-Team2,Org-Beta,2026-03-05,3,23,2025-10-15
USR0498,Org-Beta-Team2,Org-Beta,2026-03-06,2,1,2025-10-15
USR0498,Org-Beta-Team2,Org-Beta,2026-03-09,3,13,2025-10-15
USR0498,Org-Beta-Team2,Org-Beta,2026-03-12,2,14,2025-10-15
USR0498,Org-Beta-Team2,Org-Beta,2026-03-13,3,32,2025-10-15
USR0498,Org-Beta-Team2,Org-Beta,2026-03-15,1,11,2025-10-15
USR0498,Org-Beta-Team2,Org-Beta,2026-03-16,1,1,2025-10-15
USR0498,Org-Beta-Team2,Org-Beta,2026-03-19,3,24,2025-10-15
USR0498,Org-Beta-Team2,Org-Beta,2026-03-21,4,22,2025-10-15
USR0498,Org-Beta-Team2,Org-Beta,2026-03-25,4,11,2025-10-15
USR0498,Org-Beta-Team2,Org-Beta,2026-03-26,1,15,2025-10-15
USR0498,Org-Beta-Team2,Org-Beta,2026-03-27,3,20,2025-10-15
USR0498,Org-Beta-Team2,Org-Beta,2026-03-28,1,30,2025-10-15
USR0498,Org-Beta-Team2,Org-Beta,2026-03-29,1,1,2025-10-15
USR0498,Org-Beta-Team2,Org-Beta,2026-03-30,2,32,2025-10-15
USR0498,Org-Beta-Team2,Org-Beta,2026-03-31,6,4,2025-10-15
USR0499,Org-Alpha-Team1,Org-Alpha,2025-10-29,7,1,2025-10-29
USR0499,Org-Alpha-Team1,Org-Alpha,2025-10-30,6,37,2025-10-29
USR0499,Org-Alpha-Team1,Org-Alpha,2025-10-31,1,35,2025-10-29
USR0499,Org-Alpha-Team1,Org-Alpha,2025-11-01,6,6,2025-10-29
USR0500,Org-Beta-Team1,Org-Beta,2025-10-26,7,3,2025-10-25
USR0500,Org-Beta-Team1,Org-Beta,2025-10-27,8,19,2025-10-25
USR0500,Org-Beta-Team1,Org-Beta,2025-10-28,2,7,2025-10-25
USR0500,Org-Beta-Team1,Org-Beta,2025-10-30,1,16,2025-10-25
USR0500,Org-Beta-Team1,Org-Beta,2025-10-31,8,16,2025-10-25
